player-vulkan-host	Set up job	﻿2026-10-01T11:12:48.0591332Z Current runner version: '2.337.0'
player-vulkan-host	Set up job	2026-10-01T11:12:48.0618116Z ##[group]Runner Image Provisioner
player-vulkan-host	Set up job	2026-10-01T11:12:48.0619002Z Hosted Compute Agent
player-vulkan-host	Set up job	2026-10-01T11:12:48.0619607Z Version: 20260828.587
player-vulkan-host	Set up job	2026-10-01T11:12:48.0620399Z Commit: abac92662cab4cc7352de4f9f9d2e2419aad9c29
player-vulkan-host	Set up job	2026-10-01T11:12:48.0621210Z Build Date: 2026-08-28T16:44:25Z
player-vulkan-host	Set up job	2026-10-01T11:12:48.0621955Z Worker ID: {a42b93a9-b3d1-4230-a865-f7d208e51b03}
player-vulkan-host	Set up job	2026-10-01T11:12:48.0622725Z Azure Region: northcentralus
player-vulkan-host	Set up job	2026-10-01T11:12:48.0623739Z ##[endgroup]
player-vulkan-host	Set up job	2026-10-01T11:12:48.0625286Z ##[group]Operating System
player-vulkan-host	Set up job	2026-10-01T11:12:48.0625987Z Ubuntu
player-vulkan-host	Set up job	2026-10-01T11:12:48.0626604Z 24.04.5
player-vulkan-host	Set up job	2026-10-01T11:12:48.0627170Z LTS
player-vulkan-host	Set up job	2026-10-01T11:12:48.0627715Z ##[endgroup]
player-vulkan-host	Set up job	2026-10-01T11:12:48.0628339Z ##[group]Runner Image
player-vulkan-host	Set up job	2026-10-01T11:12:48.0628994Z Image: ubuntu-24.04
player-vulkan-host	Set up job	2026-10-01T11:12:48.0629941Z Version: 20260920.314.1
player-vulkan-host	Set up job	2026-10-01T11:12:48.0631125Z Included Software: https://github.com/actions/runner-images/blob/ubuntu24/20260920.314/images/ubuntu/Ubuntu2404-Readme.md
player-vulkan-host	Set up job	2026-10-01T11:12:48.0633227Z Image Release: https://github.com/actions/runner-images/releases/tag/ubuntu24%2F20260920.314
player-vulkan-host	Set up job	2026-10-01T11:12:48.0634281Z ##[endgroup]
player-vulkan-host	Set up job	2026-10-01T11:12:48.0635506Z ##[group]GITHUB_TOKEN Permissions
player-vulkan-host	Set up job	2026-10-01T11:12:48.0637685Z Contents: read
player-vulkan-host	Set up job	2026-10-01T11:12:48.0638439Z Metadata: read
player-vulkan-host	Set up job	2026-10-01T11:12:48.0639086Z ##[endgroup]
player-vulkan-host	Set up job	2026-10-01T11:12:48.0641263Z Secret source: Actions
player-vulkan-host	Set up job	2026-10-01T11:12:48.0642308Z Cache mode: write
player-vulkan-host	Set up job	2026-10-01T11:12:48.0643645Z Prepare workflow directory
player-vulkan-host	Set up job	2026-10-01T11:12:48.0983983Z Prepare all required actions
player-vulkan-host	Set up job	2026-10-01T11:12:48.1033427Z Getting action download info
player-vulkan-host	Set up job	2026-10-01T11:12:48.3219545Z Download action repository 'actions/checkout@v6' (SHA:d23441a48e516b6c34aea4fa41551a30e30af803)
player-vulkan-host	Set up job	2026-10-01T11:12:48.6116537Z Complete job name: player-vulkan-host
player-vulkan-host	Check out source	﻿2026-10-01T11:12:48.6895662Z ##[group]Run actions/checkout@v6
player-vulkan-host	Check out source	2026-10-01T11:12:48.6896587Z with:
player-vulkan-host	Check out source	2026-10-01T11:12:48.6897075Z   repository: Samfa12-tech/The-Horde-RT-demo
player-vulkan-host	Check out source	2026-10-01T11:12:48.6900938Z   token: ***
player-vulkan-host	Check out source	2026-10-01T11:12:48.6901421Z   ssh-strict: true
player-vulkan-host	Check out source	2026-10-01T11:12:48.6901873Z   ssh-user: git
player-vulkan-host	Check out source	2026-10-01T11:12:48.6902334Z   persist-credentials: true
player-vulkan-host	Check out source	2026-10-01T11:12:48.6903091Z   clean: true
player-vulkan-host	Check out source	2026-10-01T11:12:48.6903547Z   sparse-checkout-cone-mode: true
player-vulkan-host	Check out source	2026-10-01T11:12:48.6904085Z   fetch-depth: 1
player-vulkan-host	Check out source	2026-10-01T11:12:48.6904528Z   fetch-tags: false
player-vulkan-host	Check out source	2026-10-01T11:12:48.6904980Z   show-progress: true
player-vulkan-host	Check out source	2026-10-01T11:12:48.6905429Z   lfs: false
player-vulkan-host	Check out source	2026-10-01T11:12:48.6905849Z   submodules: false
player-vulkan-host	Check out source	2026-10-01T11:12:48.6906298Z   set-safe-directory: true
player-vulkan-host	Check out source	2026-10-01T11:12:48.6906806Z   allow-unsafe-pr-checkout: false
player-vulkan-host	Check out source	2026-10-01T11:12:48.6907546Z ##[endgroup]
player-vulkan-host	Check out source	2026-10-01T11:12:48.8013431Z Syncing repository: Samfa12-tech/The-Horde-RT-demo
player-vulkan-host	Check out source	2026-10-01T11:12:48.8015534Z ##[group]Getting Git version info
player-vulkan-host	Check out source	2026-10-01T11:12:48.8016370Z Working directory is '/home/runner/work/The-Horde-RT-demo/The-Horde-RT-demo'
player-vulkan-host	Check out source	2026-10-01T11:12:48.8017602Z [command]/usr/bin/git version
player-vulkan-host	Check out source	2026-10-01T11:12:48.8077048Z git version 2.55.0
player-vulkan-host	Check out source	2026-10-01T11:12:48.8101657Z ##[endgroup]
player-vulkan-host	Check out source	2026-10-01T11:12:48.8127356Z Temporarily overriding HOME='/home/runner/work/_temp/fdba48a2-4827-4f97-aa78-809c7e4276d6' before making global git config changes
player-vulkan-host	Check out source	2026-10-01T11:12:48.8130095Z Adding repository directory to the temporary git global config as a safe directory
player-vulkan-host	Check out source	2026-10-01T11:12:48.8133208Z [command]/usr/bin/git config --global --add safe.directory /home/runner/work/The-Horde-RT-demo/The-Horde-RT-demo
player-vulkan-host	Check out source	2026-10-01T11:12:48.8187928Z Deleting the contents of '/home/runner/work/The-Horde-RT-demo/The-Horde-RT-demo'
player-vulkan-host	Check out source	2026-10-01T11:12:48.8192471Z ##[group]Determining repository object format
player-vulkan-host	Check out source	2026-10-01T11:12:48.8195711Z ##[endgroup]
player-vulkan-host	Check out source	2026-10-01T11:12:48.8196846Z ##[group]Initializing the repository
player-vulkan-host	Check out source	2026-10-01T11:12:48.8202103Z [command]/usr/bin/git init /home/runner/work/The-Horde-RT-demo/The-Horde-RT-demo
player-vulkan-host	Check out source	2026-10-01T11:12:48.8291094Z hint: Using 'master' as the name for the initial branch. This default branch name
player-vulkan-host	Check out source	2026-10-01T11:12:48.8293500Z hint: will change to "main" in Git 3.0. To configure the initial branch name
player-vulkan-host	Check out source	2026-10-01T11:12:48.8295987Z hint: to use in all of your new repositories, which will suppress this warning,
player-vulkan-host	Check out source	2026-10-01T11:12:48.8297555Z hint: call:
player-vulkan-host	Check out source	2026-10-01T11:12:48.8298596Z hint:
player-vulkan-host	Check out source	2026-10-01T11:12:48.8299642Z hint: 	git config --global init.defaultBranch <name>
player-vulkan-host	Check out source	2026-10-01T11:12:48.8300891Z hint:
player-vulkan-host	Check out source	2026-10-01T11:12:48.8301994Z hint: Names commonly chosen instead of 'master' are 'main', 'trunk' and
player-vulkan-host	Check out source	2026-10-01T11:12:48.8303823Z hint: 'development'. The just-created branch can be renamed via this command:
player-vulkan-host	Check out source	2026-10-01T11:12:48.8305201Z hint:
player-vulkan-host	Check out source	2026-10-01T11:12:48.8306400Z hint: 	git branch -m <name>
player-vulkan-host	Check out source	2026-10-01T11:12:48.8307208Z hint:
player-vulkan-host	Check out source	2026-10-01T11:12:48.8308164Z hint: Disable this message with "git config set advice.defaultBranchName false"
player-vulkan-host	Check out source	2026-10-01T11:12:48.8309878Z Initialized empty Git repository in /home/runner/work/The-Horde-RT-demo/The-Horde-RT-demo/.git/
player-vulkan-host	Check out source	2026-10-01T11:12:48.8312295Z [command]/usr/bin/git remote add origin https://github.com/Samfa12-tech/The-Horde-RT-demo
player-vulkan-host	Check out source	2026-10-01T11:12:48.8355797Z ##[endgroup]
player-vulkan-host	Check out source	2026-10-01T11:12:48.8361281Z ##[group]Disabling automatic garbage collection
player-vulkan-host	Check out source	2026-10-01T11:12:48.8361984Z [command]/usr/bin/git config --local gc.auto 0
player-vulkan-host	Check out source	2026-10-01T11:12:48.8395629Z ##[endgroup]
player-vulkan-host	Check out source	2026-10-01T11:12:48.8396927Z ##[group]Setting up auth
player-vulkan-host	Check out source	2026-10-01T11:12:48.8397728Z Removing SSH command configuration
player-vulkan-host	Check out source	2026-10-01T11:12:48.8404434Z [command]/usr/bin/git config --local --name-only --get-regexp core\.sshCommand
player-vulkan-host	Check out source	2026-10-01T11:12:48.8441289Z [command]/usr/bin/git submodule foreach --recursive sh -c "git config --local --name-only --get-regexp 'core\.sshCommand' && git config --local --unset-all 'core.sshCommand' || :"
player-vulkan-host	Check out source	2026-10-01T11:12:48.8796130Z Removing HTTP extra header
player-vulkan-host	Check out source	2026-10-01T11:12:48.8805559Z [command]/usr/bin/git config --local --name-only --get-regexp http\.https\:\/\/github\.com\/\.extraheader
player-vulkan-host	Check out source	2026-10-01T11:12:48.8852421Z [command]/usr/bin/git submodule foreach --recursive sh -c "git config --local --name-only --get-regexp 'http\.https\:\/\/github\.com\/\.extraheader' && git config --local --unset-all 'http.https://github.com/.extraheader' || :"
player-vulkan-host	Check out source	2026-10-01T11:12:48.9101183Z Removing includeIf entries pointing to credentials config files
player-vulkan-host	Check out source	2026-10-01T11:12:48.9108289Z [command]/usr/bin/git config --local --name-only --get-regexp ^includeIf\.gitdir:
player-vulkan-host	Check out source	2026-10-01T11:12:48.9149766Z [command]/usr/bin/git submodule foreach --recursive git config --local --show-origin --name-only --get-regexp remote.origin.url
player-vulkan-host	Check out source	2026-10-01T11:12:48.9399090Z [command]/usr/bin/git config --file /home/runner/work/_temp/git-credentials-9e8e8129-37cc-47e1-9357-4303901bd969.config http.https://github.com/.extraheader AUTHORIZATION: basic ***
player-vulkan-host	Check out source	2026-10-01T11:12:48.9444274Z [command]/usr/bin/git config --local includeIf.gitdir:/home/runner/work/The-Horde-RT-demo/The-Horde-RT-demo/.git.path /home/runner/work/_temp/git-credentials-9e8e8129-37cc-47e1-9357-4303901bd969.config
player-vulkan-host	Check out source	2026-10-01T11:12:48.9483618Z [command]/usr/bin/git config --local includeIf.gitdir:/home/runner/work/The-Horde-RT-demo/The-Horde-RT-demo/.git/worktrees/*.path /home/runner/work/_temp/git-credentials-9e8e8129-37cc-47e1-9357-4303901bd969.config
player-vulkan-host	Check out source	2026-10-01T11:12:48.9522209Z [command]/usr/bin/git config --local includeIf.gitdir:/github/workspace/.git.path /github/runner_temp/git-credentials-9e8e8129-37cc-47e1-9357-4303901bd969.config
player-vulkan-host	Check out source	2026-10-01T11:12:48.9560037Z [command]/usr/bin/git config --local includeIf.gitdir:/github/workspace/.git/worktrees/*.path /github/runner_temp/git-credentials-9e8e8129-37cc-47e1-9357-4303901bd969.config
player-vulkan-host	Check out source	2026-10-01T11:12:48.9630838Z ##[endgroup]
player-vulkan-host	Check out source	2026-10-01T11:12:48.9631642Z ##[group]Fetching the repository
player-vulkan-host	Check out source	2026-10-01T11:12:48.9639899Z [command]/usr/bin/git -c protocol.version=2 fetch --no-tags --prune --no-recurse-submodules --depth=1 origin +ca58f0956637f9063fe1cda42989ad5f74daa47d:refs/remotes/origin/codex/horde-1.6.1-engineering-pass
player-vulkan-host	Check out source	2026-10-01T11:12:50.7401808Z From https://github.com/Samfa12-tech/The-Horde-RT-demo
player-vulkan-host	Check out source	2026-10-01T11:12:50.7404320Z  * [new ref]         ca58f0956637f9063fe1cda42989ad5f74daa47d -> origin/codex/horde-1.6.1-engineering-pass
player-vulkan-host	Check out source	2026-10-01T11:12:50.7412159Z [command]/usr/bin/git branch --list --remote origin/codex/horde-1.6.1-engineering-pass
player-vulkan-host	Check out source	2026-10-01T11:12:50.7445352Z   origin/codex/horde-1.6.1-engineering-pass
player-vulkan-host	Check out source	2026-10-01T11:12:50.7453976Z [command]/usr/bin/git rev-parse refs/remotes/origin/codex/horde-1.6.1-engineering-pass
player-vulkan-host	Check out source	2026-10-01T11:12:50.7482720Z ca58f0956637f9063fe1cda42989ad5f74daa47d
player-vulkan-host	Check out source	2026-10-01T11:12:50.7487468Z ##[endgroup]
player-vulkan-host	Check out source	2026-10-01T11:12:50.7488773Z ##[group]Determining the checkout info
player-vulkan-host	Check out source	2026-10-01T11:12:50.7490277Z ##[endgroup]
player-vulkan-host	Check out source	2026-10-01T11:12:50.7493071Z [command]/usr/bin/git sparse-checkout disable
player-vulkan-host	Check out source	2026-10-01T11:12:50.7549497Z [command]/usr/bin/git config --local --unset-all extensions.worktreeConfig
player-vulkan-host	Check out source	2026-10-01T11:12:50.7588477Z ##[group]Checking out the ref
player-vulkan-host	Check out source	2026-10-01T11:12:50.7593213Z [command]/usr/bin/git checkout --progress --force -B codex/horde-1.6.1-engineering-pass refs/remotes/origin/codex/horde-1.6.1-engineering-pass
player-vulkan-host	Check out source	2026-10-01T11:12:51.4510627Z Switched to a new branch 'codex/horde-1.6.1-engineering-pass'
player-vulkan-host	Check out source	2026-10-01T11:12:51.4514164Z branch 'codex/horde-1.6.1-engineering-pass' set up to track 'origin/codex/horde-1.6.1-engineering-pass'.
player-vulkan-host	Check out source	2026-10-01T11:12:51.5079915Z ##[endgroup]
player-vulkan-host	Check out source	2026-10-01T11:12:51.5131357Z [command]/usr/bin/git log -1 --format=%H
player-vulkan-host	Check out source	2026-10-01T11:12:51.5162235Z ca58f0956637f9063fe1cda42989ad5f74daa47d
player-vulkan-host	Install Vulkan host development package	﻿2026-10-01T11:12:51.5436774Z ##[group]Run sudo apt-get update && sudo apt-get install --yes libvulkan-dev
player-vulkan-host	Install Vulkan host development package	2026-10-01T11:12:51.5439339Z ^[[36;1msudo apt-get update && sudo apt-get install --yes libvulkan-dev^[[0m
player-vulkan-host	Install Vulkan host development package	2026-10-01T11:12:51.5686706Z shell: /usr/bin/bash -e {0}
player-vulkan-host	Install Vulkan host development package	2026-10-01T11:12:51.5688148Z ##[endgroup]
player-vulkan-host	Install Vulkan host development package	2026-10-01T11:12:51.6568178Z Get:1 file:/etc/apt/apt-mirrors.txt Mirrorlist [144 B]
player-vulkan-host	Install Vulkan host development package	2026-10-01T11:12:51.6927524Z Get:6 https://packages.microsoft.com/ubuntu/24.04/prod noble InRelease [3600 B]
player-vulkan-host	Install Vulkan host development package	2026-10-01T11:12:51.7041166Z Hit:2 http://azure.archive.ubuntu.com/ubuntu noble InRelease
player-vulkan-host	Install Vulkan host development package	2026-10-01T11:12:51.7064817Z Get:3 http://azure.archive.ubuntu.com/ubuntu noble-updates InRelease [126 kB]
player-vulkan-host	Install Vulkan host development package	2026-10-01T11:12:51.7135545Z Get:4 http://azure.archive.ubuntu.com/ubuntu noble-backports InRelease [126 kB]
player-vulkan-host	Install Vulkan host development package	2026-10-01T11:12:51.7155305Z Get:5 http://azure.archive.ubuntu.com/ubuntu noble-security InRelease [126 kB]
player-vulkan-host	Install Vulkan host development package	2026-10-01T11:12:51.8389035Z Get:7 https://packages.microsoft.com/ubuntu/24.04/prod noble/main amd64 Packages [509 kB]
player-vulkan-host	Install Vulkan host development package	2026-10-01T11:12:51.8556384Z Get:8 https://packages.microsoft.com/ubuntu/24.04/prod noble/main arm64 Packages [456 kB]
player-vulkan-host	Install Vulkan host development package	2026-10-01T11:12:51.8955360Z Get:9 http://azure.archive.ubuntu.com/ubuntu noble-updates/main amd64 Packages [1343 kB]
player-vulkan-host	Install Vulkan host development package	2026-10-01T11:12:51.9056012Z Get:10 http://azure.archive.ubuntu.com/ubuntu noble-updates/main Translation-en [302 kB]
player-vulkan-host	Install Vulkan host development package	2026-10-01T11:12:51.9065043Z Get:11 http://azure.archive.ubuntu.com/ubuntu noble-updates/main amd64 Components [181 kB]
player-vulkan-host	Install Vulkan host development package	2026-10-01T11:12:51.9085977Z Get:12 http://azure.archive.ubuntu.com/ubuntu noble-updates/universe amd64 Packages [1699 kB]
player-vulkan-host	Install Vulkan host development package	2026-10-01T11:12:51.9214423Z Get:13 http://azure.archive.ubuntu.com/ubuntu noble-updates/universe Translation-en [341 kB]
player-vulkan-host	Install Vulkan host development package	2026-10-01T11:12:51.9251265Z Get:14 http://azure.archive.ubuntu.com/ubuntu noble-updates/universe amd64 Components [388 kB]
player-vulkan-host	Install Vulkan host development package	2026-10-01T11:12:51.9315858Z Get:15 http://azure.archive.ubuntu.com/ubuntu noble-updates/restricted amd64 Packages [1701 kB]
player-vulkan-host	Install Vulkan host development package	2026-10-01T11:12:51.9403897Z Get:16 http://azure.archive.ubuntu.com/ubuntu noble-updates/restricted Translation-en [389 kB]
player-vulkan-host	Install Vulkan host development package	2026-10-01T11:12:51.9414581Z Get:17 http://azure.archive.ubuntu.com/ubuntu noble-updates/multiverse amd64 Components [940 B]
player-vulkan-host	Install Vulkan host development package	2026-10-01T11:12:51.9646026Z Get:18 http://azure.archive.ubuntu.com/ubuntu noble-backports/main amd64 Packages [40.6 kB]
player-vulkan-host	Install Vulkan host development package	2026-10-01T11:12:52.0095555Z Get:19 http://azure.archive.ubuntu.com/ubuntu noble-backports/main amd64 Components [5760 B]
player-vulkan-host	Install Vulkan host development package	2026-10-01T11:12:52.0119651Z Get:20 http://azure.archive.ubuntu.com/ubuntu noble-backports/universe amd64 Packages [31.0 kB]
player-vulkan-host	Install Vulkan host development package	2026-10-01T11:12:52.0140006Z Get:21 http://azure.archive.ubuntu.com/ubuntu noble-backports/universe Translation-en [18.6 kB]
player-vulkan-host	Install Vulkan host development package	2026-10-01T11:12:52.0150843Z Get:22 http://azure.archive.ubuntu.com/ubuntu noble-backports/universe amd64 Components [12.6 kB]
player-vulkan-host	Install Vulkan host development package	2026-10-01T11:12:52.0243335Z Get:23 http://azure.archive.ubuntu.com/ubuntu noble-security/main amd64 Packages [1066 kB]
player-vulkan-host	Install Vulkan host development package	2026-10-01T11:12:52.0304706Z Get:24 http://azure.archive.ubuntu.com/ubuntu noble-security/main Translation-en [220 kB]
player-vulkan-host	Install Vulkan host development package	2026-10-01T11:12:52.0326547Z Get:25 http://azure.archive.ubuntu.com/ubuntu noble-security/main amd64 Components [46.4 kB]
player-vulkan-host	Install Vulkan host development package	2026-10-01T11:12:52.0341832Z Get:26 http://azure.archive.ubuntu.com/ubuntu noble-security/universe amd64 Packages [1216 kB]
player-vulkan-host	Install Vulkan host development package	2026-10-01T11:12:52.0427388Z Get:27 http://azure.archive.ubuntu.com/ubuntu noble-security/universe Translation-en [244 kB]
player-vulkan-host	Install Vulkan host development package	2026-10-01T11:12:52.0448038Z Get:28 http://azure.archive.ubuntu.com/ubuntu noble-security/universe amd64 Components [76.3 kB]
player-vulkan-host	Install Vulkan host development package	2026-10-01T11:12:52.0463646Z Get:29 http://azure.archive.ubuntu.com/ubuntu noble-security/restricted amd64 Packages [1566 kB]
player-vulkan-host	Install Vulkan host development package	2026-10-01T11:12:52.0545315Z Get:30 http://azure.archive.ubuntu.com/ubuntu noble-security/restricted Translation-en [361 kB]
player-vulkan-host	Install Vulkan host development package	2026-10-01T11:12:56.8872614Z Fetched 12.6 MB in 1s (8548 kB/s)
player-vulkan-host	Install Vulkan host development package	2026-10-01T11:12:57.8015555Z Reading package lists...
player-vulkan-host	Install Vulkan host development package	2026-10-01T11:12:57.8350746Z Reading package lists...
player-vulkan-host	Install Vulkan host development package	2026-10-01T11:12:58.0797416Z Building dependency tree...
player-vulkan-host	Install Vulkan host development package	2026-10-01T11:12:58.0804789Z Reading state information...
player-vulkan-host	Install Vulkan host development package	2026-10-01T11:12:58.2923349Z The following NEW packages will be installed:
player-vulkan-host	Install Vulkan host development package	2026-10-01T11:12:58.2954066Z   libvulkan-dev
player-vulkan-host	Install Vulkan host development package	2026-10-01T11:12:58.3181682Z 0 upgraded, 1 newly installed, 0 to remove and 47 not upgraded.
player-vulkan-host	Install Vulkan host development package	2026-10-01T11:12:58.3182224Z Need to get 1239 kB of archives.
player-vulkan-host	Install Vulkan host development package	2026-10-01T11:12:58.3182596Z After this operation, 26.5 MB of additional disk space will be used.
player-vulkan-host	Install Vulkan host development package	2026-10-01T11:12:58.3183654Z Get:1 file:/etc/apt/apt-mirrors.txt Mirrorlist [144 B]
player-vulkan-host	Install Vulkan host development package	2026-10-01T11:12:58.3662760Z Get:2 http://azure.archive.ubuntu.com/ubuntu noble/main amd64 libvulkan-dev amd64 1.3.275.0-1build1 [1239 kB]
player-vulkan-host	Install Vulkan host development package	2026-10-01T11:12:58.7574664Z Fetched 1239 kB in 0s (6806 kB/s)
player-vulkan-host	Install Vulkan host development package	2026-10-01T11:12:58.7825863Z Selecting previously unselected package libvulkan-dev:amd64.
player-vulkan-host	Install Vulkan host development package	2026-10-01T11:12:58.8055336Z (Reading database ... 
player-vulkan-host	Install Vulkan host development package	2026-10-01T11:12:58.8056155Z (Reading database ... 5%
player-vulkan-host	Install Vulkan host development package	2026-10-01T11:12:58.8056731Z (Reading database ... 10%
player-vulkan-host	Install Vulkan host development package	2026-10-01T11:12:58.8057136Z (Reading database ... 15%
player-vulkan-host	Install Vulkan host development package	2026-10-01T11:12:58.8057569Z (Reading database ... 20%
player-vulkan-host	Install Vulkan host development package	2026-10-01T11:12:58.8058002Z (Reading database ... 25%
player-vulkan-host	Install Vulkan host development package	2026-10-01T11:12:58.8058380Z (Reading database ... 30%
player-vulkan-host	Install Vulkan host development package	2026-10-01T11:12:58.8058776Z (Reading database ... 35%
player-vulkan-host	Install Vulkan host development package	2026-10-01T11:12:58.8059118Z (Reading database ... 40%
player-vulkan-host	Install Vulkan host development package	2026-10-01T11:12:58.8059490Z (Reading database ... 45%
player-vulkan-host	Install Vulkan host development package	2026-10-01T11:12:58.8059835Z (Reading database ... 50%
player-vulkan-host	Install Vulkan host development package	2026-10-01T11:12:58.8101467Z (Reading database ... 55%
player-vulkan-host	Install Vulkan host development package	2026-10-01T11:12:58.9023887Z (Reading database ... 60%
player-vulkan-host	Install Vulkan host development package	2026-10-01T11:12:59.1054897Z (Reading database ... 65%
player-vulkan-host	Install Vulkan host development package	2026-10-01T11:12:59.2964224Z (Reading database ... 70%
player-vulkan-host	Install Vulkan host development package	2026-10-01T11:12:59.4994239Z (Reading database ... 75%
player-vulkan-host	Install Vulkan host development package	2026-10-01T11:12:59.6422785Z (Reading database ... 80%
player-vulkan-host	Install Vulkan host development package	2026-10-01T11:12:59.8936583Z (Reading database ... 85%
player-vulkan-host	Install Vulkan host development package	2026-10-01T11:13:00.1079867Z (Reading database ... 90%
player-vulkan-host	Install Vulkan host development package	2026-10-01T11:13:00.3020043Z (Reading database ... 95%
player-vulkan-host	Install Vulkan host development package	2026-10-01T11:13:00.3020488Z (Reading database ... 100%
player-vulkan-host	Install Vulkan host development package	2026-10-01T11:13:00.3021022Z (Reading database ... 202190 files and directories currently installed.)
player-vulkan-host	Install Vulkan host development package	2026-10-01T11:13:00.3070723Z Preparing to unpack .../libvulkan-dev_1.3.275.0-1build1_amd64.deb ...
player-vulkan-host	Install Vulkan host development package	2026-10-01T11:13:00.3094319Z Unpacking libvulkan-dev:amd64 (1.3.275.0-1build1) ...
player-vulkan-host	Install Vulkan host development package	2026-10-01T11:13:00.4406037Z Setting up libvulkan-dev:amd64 (1.3.275.0-1build1) ...
player-vulkan-host	Install Vulkan host development package	2026-10-01T11:13:01.0496174Z 
player-vulkan-host	Install Vulkan host development package	2026-10-01T11:13:01.0496822Z Running kernel seems to be up-to-date.
player-vulkan-host	Install Vulkan host development package	2026-10-01T11:13:01.0497092Z 
player-vulkan-host	Install Vulkan host development package	2026-10-01T11:13:01.0497442Z No services need to be restarted.
player-vulkan-host	Install Vulkan host development package	2026-10-01T11:13:01.0497725Z 
player-vulkan-host	Install Vulkan host development package	2026-10-01T11:13:01.0498013Z No containers need to be restarted.
player-vulkan-host	Install Vulkan host development package	2026-10-01T11:13:01.0498429Z 
player-vulkan-host	Install Vulkan host development package	2026-10-01T11:13:01.0498650Z No user sessions are running outdated binaries.
player-vulkan-host	Install Vulkan host development package	2026-10-01T11:13:01.0499225Z 
player-vulkan-host	Install Vulkan host development package	2026-10-01T11:13:01.0499440Z No VM guests are running outdated hypervisor (qemu) binaries on this host.
player-vulkan-host	Fetch player smoke GLB and texture assets	﻿2026-10-01T11:13:02.2071577Z ##[group]Run git -c lfs.fetchexclude= lfs fetch --include="assets/models/enemies/meshy/*.glb,assets/models/player/runtime/*.glb,assets/models/player/viewmodel/runtime/*.glb,assets/models/props/runtime/*.glb,assets/models/props/runtime/*/*.glb,assets/models/weapons/runtime/*.glb,assets/textures/meshy/lich_placeholder_v01/*.ktx2,tests/fixtures/*/*.glb" && git lfs checkout "assets/models/enemies/meshy/*.glb" "assets/models/player/runtime/*.glb" "assets/models/player/viewmodel/runtime/*.glb" "assets/models/props/runtime/*.glb" "assets/models/props/runtime/*/*.glb" "assets/models/weapons/runtime/*.glb" "assets/textures/meshy/lich_placeholder_v01/*.ktx2" "tests/fixtures/*/*.glb"
player-vulkan-host	Fetch player smoke GLB and texture assets	2026-10-01T11:13:02.2076448Z ^[[36;1mgit -c lfs.fetchexclude= lfs fetch --include="assets/models/enemies/meshy/*.glb,assets/models/player/runtime/*.glb,assets/models/player/viewmodel/runtime/*.glb,assets/models/props/runtime/*.glb,assets/models/props/runtime/*/*.glb,assets/models/weapons/runtime/*.glb,assets/textures/meshy/lich_placeholder_v01/*.ktx2,tests/fixtures/*/*.glb" && git lfs checkout "assets/models/enemies/meshy/*.glb" "assets/models/player/runtime/*.glb" "assets/models/player/viewmodel/runtime/*.glb" "assets/models/props/runtime/*.glb" "assets/models/props/runtime/*/*.glb" "assets/models/weapons/runtime/*.glb" "assets/textures/meshy/lich_placeholder_v01/*.ktx2" "tests/fixtures/*/*.glb"^[[0m
player-vulkan-host	Fetch player smoke GLB and texture assets	2026-10-01T11:13:02.2150701Z shell: /usr/bin/bash -e {0}
player-vulkan-host	Fetch player smoke GLB and texture assets	2026-10-01T11:13:02.2150997Z ##[endgroup]
player-vulkan-host	Fetch player smoke GLB and texture assets	2026-10-01T11:13:02.2574886Z Fetching reference refs/heads/codex/horde-1.6.1-engineering-pass
player-vulkan-host	Fetch player smoke GLB and texture assets	2026-10-01T11:13:04.9291612Z Checking out LFS objects: 100% (52/52), 91 MB | 0 B/s, done.
player-vulkan-host	Configure Vulkan CPU-host player and resource lane	﻿2026-10-01T11:13:06.0278572Z ##[group]Run cmake -S . -B build/player-vulkan-host -DCMAKE_BUILD_TYPE=Release -DBUILD_TESTING=ON -DHORDE_RT_BUILD_VULKAN_TARGETS=ON -DHORDE_RT_BUILD_CAPABILITY_PROBE_EXECUTABLE=OFF -DHORDE_RT_BUILD_WINDOWS_DIAGNOSTIC_WINDOW=OFF -DHORDE_RT_INSTRUMENTATION_OVERRIDE=Shipping -DHORDE_RT_DIELECTRIC_QUALITY_OVERRIDE=Mobile
player-vulkan-host	Configure Vulkan CPU-host player and resource lane	2026-10-01T11:13:06.0280649Z ^[[36;1mcmake -S . -B build/player-vulkan-host -DCMAKE_BUILD_TYPE=Release -DBUILD_TESTING=ON -DHORDE_RT_BUILD_VULKAN_TARGETS=ON -DHORDE_RT_BUILD_CAPABILITY_PROBE_EXECUTABLE=OFF -DHORDE_RT_BUILD_WINDOWS_DIAGNOSTIC_WINDOW=OFF -DHORDE_RT_INSTRUMENTATION_OVERRIDE=Shipping -DHORDE_RT_DIELECTRIC_QUALITY_OVERRIDE=Mobile^[[0m
player-vulkan-host	Configure Vulkan CPU-host player and resource lane	2026-10-01T11:13:06.0350097Z shell: /usr/bin/bash -e {0}
player-vulkan-host	Configure Vulkan CPU-host player and resource lane	2026-10-01T11:13:06.0350397Z ##[endgroup]
player-vulkan-host	Configure Vulkan CPU-host player and resource lane	2026-10-01T11:13:07.3362297Z -- The CXX compiler identification is GNU 13.3.0
player-vulkan-host	Configure Vulkan CPU-host player and resource lane	2026-10-01T11:13:07.3679506Z -- Detecting CXX compiler ABI info
player-vulkan-host	Configure Vulkan CPU-host player and resource lane	2026-10-01T11:13:07.5907724Z -- Detecting CXX compiler ABI info - done
player-vulkan-host	Configure Vulkan CPU-host player and resource lane	2026-10-01T11:13:07.6087757Z -- Check for working CXX compiler: /usr/bin/c++ - skipped
player-vulkan-host	Configure Vulkan CPU-host player and resource lane	2026-10-01T11:13:07.6093930Z -- Detecting CXX compile features
player-vulkan-host	Configure Vulkan CPU-host player and resource lane	2026-10-01T11:13:07.6102424Z -- Detecting CXX compile features - done
player-vulkan-host	Configure Vulkan CPU-host player and resource lane	2026-10-01T11:13:15.8527832Z Generated RT catalog adapter is current.
player-vulkan-host	Configure Vulkan CPU-host player and resource lane	2026-10-01T11:13:16.0781057Z -- Strict non-contracted asset-transform arithmetic enabled for GltfDocument.cpp and StaticMeshAsset.cpp: -fno-fast-math;-ffp-contract=off
player-vulkan-host	Configure Vulkan CPU-host player and resource lane	2026-10-01T11:13:16.1620642Z -- Found Vulkan: /usr/lib/x86_64-linux-gnu/libvulkan.so (found version "1.3.275")  missing components: glslc glslangValidator
player-vulkan-host	Configure Vulkan CPU-host player and resource lane	2026-10-01T11:13:16.1622188Z -- Vulkan SDK found: 1.3.275
player-vulkan-host	Configure Vulkan CPU-host player and resource lane	2026-10-01T11:13:16.1937451Z -- Performing Test CMAKE_HAVE_LIBC_PTHREAD
player-vulkan-host	Configure Vulkan CPU-host player and resource lane	2026-10-01T11:13:16.7712278Z -- Performing Test CMAKE_HAVE_LIBC_PTHREAD - Success
player-vulkan-host	Configure Vulkan CPU-host player and resource lane	2026-10-01T11:13:16.7723873Z -- Found Threads: TRUE
player-vulkan-host	Configure Vulkan CPU-host player and resource lane	2026-10-01T11:13:18.4249692Z -- Legacy torch-failure identifiers were rejected by the configured GNU compiler.
player-vulkan-host	Configure Vulkan CPU-host player and resource lane	2026-10-01T11:13:18.4267201Z -- Horde Lantern RT: Vulkan capability probe and Windows diagnostic targets are available; Android builds from android/.
player-vulkan-host	Configure Vulkan CPU-host player and resource lane	2026-10-01T11:13:18.4268953Z -- Configuring done (12.4s)
player-vulkan-host	Configure Vulkan CPU-host player and resource lane	2026-10-01T11:13:18.5854588Z -- Generating done (0.2s)
player-vulkan-host	Configure Vulkan CPU-host player and resource lane	2026-10-01T11:13:18.5859084Z -- Build files have been written to: /home/runner/work/The-Horde-RT-demo/The-Horde-RT-demo/build/player-vulkan-host
player-vulkan-host	Build focused player and resource Vulkan-host targets	﻿2026-10-01T11:13:18.5949552Z ##[group]Run cmake --build build/player-vulkan-host --config Release --parallel 2 --target horde_rt_player_primitive_contract_tests horde_rt_player_animation_tests horde_rt_held_item_socket_tests horde_rt_scene_abi_tests horde_rt_static_gltf_asset_tests horde_rt_skinned_character_smoke horde_rt_skinned_arm_reference_tests horde_rt_scene_initialise_preflight_tests horde_rt_scene_resource_inventory_tests horde_rt_staged_primary_resource_tests horde_rt_staged_primary_timing_tests
player-vulkan-host	Build focused player and resource Vulkan-host targets	2026-10-01T11:13:18.5952694Z ^[[36;1mcmake --build build/player-vulkan-host --config Release --parallel 2 --target horde_rt_player_primitive_contract_tests horde_rt_player_animation_tests horde_rt_held_item_socket_tests horde_rt_scene_abi_tests horde_rt_static_gltf_asset_tests horde_rt_skinned_character_smoke horde_rt_skinned_arm_reference_tests horde_rt_scene_initialise_preflight_tests horde_rt_scene_resource_inventory_tests horde_rt_staged_primary_resource_tests horde_rt_staged_primary_timing_tests^[[0m
player-vulkan-host	Build focused player and resource Vulkan-host targets	2026-10-01T11:13:18.6023111Z shell: /usr/bin/bash -e {0}
player-vulkan-host	Build focused player and resource Vulkan-host targets	2026-10-01T11:13:18.6023489Z ##[endgroup]
player-vulkan-host	Build focused player and resource Vulkan-host targets	2026-10-01T11:13:18.6426171Z [100%] Building CXX object CMakeFiles/horde_rt_player_primitive_contract_tests.dir/tests/PlayerPrimitiveContractTests.cpp.o
player-vulkan-host	Build focused player and resource Vulkan-host targets	2026-10-01T11:13:20.1483621Z [100%] Linking CXX executable horde_rt_player_primitive_contract_tests
player-vulkan-host	Build focused player and resource Vulkan-host targets	2026-10-01T11:13:20.2053136Z [100%] Built target horde_rt_player_primitive_contract_tests
player-vulkan-host	Build focused player and resource Vulkan-host targets	2026-10-01T11:13:20.2276542Z [  9%] Building CXX object pocket-audio-core-native/CMakeFiles/pocket_audio_native_pcm.dir/src/PcmLoopStream.cpp.o
player-vulkan-host	Build focused player and resource Vulkan-host targets	2026-10-01T11:13:20.2278029Z [  9%] Building CXX object pocket-audio-core-native/CMakeFiles/pocket_audio_native_pcm.dir/src/PcmWave.cpp.o
player-vulkan-host	Build focused player and resource Vulkan-host targets	2026-10-01T11:13:20.7063490Z [ 18%] Linking CXX static library libpocket_audio_native_pcm.a
player-vulkan-host	Build focused player and resource Vulkan-host targets	2026-10-01T11:13:21.3136047Z [ 18%] Built target pocket_audio_native_pcm
player-vulkan-host	Build focused player and resource Vulkan-host targets	2026-10-01T11:13:21.3218738Z [ 18%] Building CXX object CMakeFiles/horde_gameplay_simulation.dir/src/audio/MusicDirector.cpp.o
player-vulkan-host	Build focused player and resource Vulkan-host targets	2026-10-01T11:13:21.3220658Z [ 18%] Building CXX object CMakeFiles/horde_gameplay_simulation.dir/src/audio/MusicPcmStream.cpp.o
player-vulkan-host	Build focused player and resource Vulkan-host targets	2026-10-01T11:13:22.0134387Z [ 27%] Building CXX object CMakeFiles/horde_gameplay_simulation.dir/src/audio/MusicPcmWave.cpp.o
player-vulkan-host	Build focused player and resource Vulkan-host targets	2026-10-01T11:13:22.1110913Z [ 27%] Building CXX object CMakeFiles/horde_gameplay_simulation.dir/src/audio/MusicPcmAssetBank.cpp.o
player-vulkan-host	Build focused player and resource Vulkan-host targets	2026-10-01T11:13:22.1650111Z [ 36%] Building CXX object CMakeFiles/horde_gameplay_simulation.dir/src/audio/MusicPlaybackSession.cpp.o
player-vulkan-host	Build focused player and resource Vulkan-host targets	2026-10-01T11:13:22.9034451Z [ 36%] Building CXX object CMakeFiles/horde_gameplay_simulation.dir/src/reporting/PlaytestReport.cpp.o
player-vulkan-host	Build focused player and resource Vulkan-host targets	2026-10-01T11:13:22.9577787Z [ 36%] Building CXX object CMakeFiles/horde_gameplay_simulation.dir/src/gameplay/simulation/GameSimulation.cpp.o
player-vulkan-host	Build focused player and resource Vulkan-host targets	2026-10-01T11:13:23.9597007Z [ 45%] Building CXX object CMakeFiles/horde_gameplay_simulation.dir/src/gameplay/animation/PlayerAnimationState.cpp.o
player-vulkan-host	Build focused player and resource Vulkan-host targets	2026-10-01T11:13:24.6524370Z [ 45%] Building CXX object CMakeFiles/horde_gameplay_simulation.dir/src/gameplay/animation/PlayerIkTargets.cpp.o
player-vulkan-host	Build focused player and resource Vulkan-host targets	2026-10-01T11:13:24.9016393Z [ 54%] Building CXX object CMakeFiles/horde_gameplay_simulation.dir/src/gameplay/effects/FireEmitterState.cpp.o
player-vulkan-host	Build focused player and resource Vulkan-host targets	2026-10-01T11:13:25.1990605Z [ 54%] Building CXX object CMakeFiles/horde_gameplay_simulation.dir/src/gameplay/interactions/InteractionState.cpp.o
player-vulkan-host	Build focused player and resource Vulkan-host targets	2026-10-01T11:13:25.4444519Z [ 54%] Building CXX object CMakeFiles/horde_gameplay_simulation.dir/src/gameplay/interactions/ChestRewardSequence.cpp.o
player-vulkan-host	Build focused player and resource Vulkan-host targets	2026-10-01T11:13:25.4569131Z [ 63%] Building CXX object CMakeFiles/horde_gameplay_simulation.dir/src/gameplay/interactions/FinaleSequence.cpp.o
player-vulkan-host	Build focused player and resource Vulkan-host targets	2026-10-01T11:13:25.6805105Z [ 63%] Building CXX object CMakeFiles/horde_gameplay_simulation.dir/src/gameplay/items/LanternPendulum.cpp.o
player-vulkan-host	Build focused player and resource Vulkan-host targets	2026-10-01T11:13:25.7636518Z [ 72%] Building CXX object CMakeFiles/horde_gameplay_simulation.dir/src/gameplay/items/HeldItemState.cpp.o
player-vulkan-host	Build focused player and resource Vulkan-host targets	2026-10-01T11:13:25.9034357Z [ 72%] Building CXX object CMakeFiles/horde_gameplay_simulation.dir/src/gameplay/items/HeldItemKinematics.cpp.o
player-vulkan-host	Build focused player and resource Vulkan-host targets	2026-10-01T11:13:26.0694239Z [ 81%] Building CXX object CMakeFiles/horde_gameplay_simulation.dir/src/gameplay/items/HeldLightState.cpp.o
player-vulkan-host	Build focused player and resource Vulkan-host targets	2026-10-01T11:13:27.2188102Z [ 81%] Linking CXX static library libhorde_gameplay_simulation.a
player-vulkan-host	Build focused player and resource Vulkan-host targets	2026-10-01T11:13:27.3229447Z [ 81%] Built target horde_gameplay_simulation
player-vulkan-host	Build focused player and resource Vulkan-host targets	2026-10-01T11:13:27.3310001Z [ 90%] Building CXX object CMakeFiles/horde_rt_player_animation_tests.dir/tests/PlayerAnimationTests.cpp.o
player-vulkan-host	Build focused player and resource Vulkan-host targets	2026-10-01T11:13:27.3311360Z [ 90%] Building CXX object CMakeFiles/horde_rt_player_animation_tests.dir/src/telemetry/RtPerformanceEvidence.cpp.o
player-vulkan-host	Build focused player and resource Vulkan-host targets	2026-10-01T11:13:28.6019767Z [100%] Building CXX object CMakeFiles/horde_rt_player_animation_tests.dir/src/scene/assets/SkinnedMeshAsset.cpp.o
player-vulkan-host	Build focused player and resource Vulkan-host targets	2026-10-01T11:13:28.6895105Z [100%] Building CXX object CMakeFiles/horde_rt_player_animation_tests.dir/src/vulkan/raytracing/PlayerRenderSlot.cpp.o
player-vulkan-host	Build focused player and resource Vulkan-host targets	2026-10-01T11:13:32.0343855Z [100%] Linking CXX executable horde_rt_player_animation_tests
player-vulkan-host	Build focused player and resource Vulkan-host targets	2026-10-01T11:13:32.0989635Z [100%] Built target horde_rt_player_animation_tests
player-vulkan-host	Build focused player and resource Vulkan-host targets	2026-10-01T11:13:32.1257165Z [ 16%] Built target pocket_audio_native_pcm
player-vulkan-host	Build focused player and resource Vulkan-host targets	2026-10-01T11:13:32.1513321Z [ 75%] Built target horde_gameplay_simulation
player-vulkan-host	Build focused player and resource Vulkan-host targets	2026-10-01T11:13:32.1590434Z [ 83%] Building CXX object CMakeFiles/horde_rt_held_item_socket_tests.dir/tests/HeldItemSocketTests.cpp.o
player-vulkan-host	Build focused player and resource Vulkan-host targets	2026-10-01T11:13:32.1592243Z [ 83%] Building CXX object CMakeFiles/horde_rt_held_item_socket_tests.dir/src/scene/assets/AssetManifest.cpp.o
player-vulkan-host	Build focused player and resource Vulkan-host targets	2026-10-01T11:13:33.7263711Z [ 83%] Building CXX object CMakeFiles/horde_rt_held_item_socket_tests.dir/src/scene/assets/AssetValidation.cpp.o
player-vulkan-host	Build focused player and resource Vulkan-host targets	2026-10-01T11:13:34.2415430Z [ 91%] Building CXX object CMakeFiles/horde_rt_held_item_socket_tests.dir/src/scene/assets/GltfDocument.cpp.o
player-vulkan-host	Build focused player and resource Vulkan-host targets	2026-10-01T11:13:34.7678289Z [ 91%] Building CXX object CMakeFiles/horde_rt_held_item_socket_tests.dir/src/scene/assets/StaticMeshAsset.cpp.o
player-vulkan-host	Build focused player and resource Vulkan-host targets	2026-10-01T11:13:36.8762551Z [100%] Building CXX object CMakeFiles/horde_rt_held_item_socket_tests.dir/src/vulkan/raytracing/HeldItemRenderSlot.cpp.o
player-vulkan-host	Build focused player and resource Vulkan-host targets	2026-10-01T11:13:36.9494534Z [100%] Building CXX object CMakeFiles/horde_rt_held_item_socket_tests.dir/src/vulkan/raytracing/RtStaticMeshSlot.cpp.o
player-vulkan-host	Build focused player and resource Vulkan-host targets	2026-10-01T11:13:38.8690692Z [100%] Linking CXX executable horde_rt_held_item_socket_tests
player-vulkan-host	Build focused player and resource Vulkan-host targets	2026-10-01T11:13:38.9358704Z [100%] Built target horde_rt_held_item_socket_tests
player-vulkan-host	Build focused player and resource Vulkan-host targets	2026-10-01T11:13:38.9594335Z [  0%] Building CXX object CMakeFiles/horde_rt_scene_abi_tests.dir/tests/RtSceneAbiTests.cpp.o
player-vulkan-host	Build focused player and resource Vulkan-host targets	2026-10-01T11:13:38.9597023Z [ 50%] Building CXX object CMakeFiles/horde_rt_scene_abi_tests.dir/src/vulkan/raytracing/RtStaticMeshSlot.cpp.o
player-vulkan-host	Build focused player and resource Vulkan-host targets	2026-10-01T11:13:40.1786404Z [ 50%] Building CXX object CMakeFiles/horde_rt_scene_abi_tests.dir/src/vulkan/raytracing/RtTextureArrays.cpp.o
player-vulkan-host	Build focused player and resource Vulkan-host targets	2026-10-01T11:13:40.9335144Z [100%] Linking CXX executable horde_rt_scene_abi_tests
player-vulkan-host	Build focused player and resource Vulkan-host targets	2026-10-01T11:13:40.9875096Z [100%] Built target horde_rt_scene_abi_tests
player-vulkan-host	Build focused player and resource Vulkan-host targets	2026-10-01T11:13:41.0105954Z [ 33%] Building CXX object CMakeFiles/horde_rt_static_gltf_asset_tests.dir/tests/StaticGltfAssetTests.cpp.o
player-vulkan-host	Build focused player and resource Vulkan-host targets	2026-10-01T11:13:41.0107485Z [ 33%] Building CXX object CMakeFiles/horde_rt_static_gltf_asset_tests.dir/src/scene/assets/AssetManifest.cpp.o
player-vulkan-host	Build focused player and resource Vulkan-host targets	2026-10-01T11:13:43.6198981Z [ 66%] Building CXX object CMakeFiles/horde_rt_static_gltf_asset_tests.dir/src/scene/assets/AssetValidation.cpp.o
player-vulkan-host	Build focused player and resource Vulkan-host targets	2026-10-01T11:13:44.1369901Z [ 66%] Building CXX object CMakeFiles/horde_rt_static_gltf_asset_tests.dir/src/scene/assets/GltfDocument.cpp.o
player-vulkan-host	Build focused player and resource Vulkan-host targets	2026-10-01T11:13:46.4667496Z [ 66%] Building CXX object CMakeFiles/horde_rt_static_gltf_asset_tests.dir/src/scene/assets/StaticMeshAsset.cpp.o
player-vulkan-host	Build focused player and resource Vulkan-host targets	2026-10-01T11:13:46.7943354Z [100%] Building CXX object CMakeFiles/horde_rt_static_gltf_asset_tests.dir/src/vulkan/raytracing/RtStaticMeshSlot.cpp.o
player-vulkan-host	Build focused player and resource Vulkan-host targets	2026-10-01T11:13:50.3770353Z [100%] Linking CXX executable horde_rt_static_gltf_asset_tests
player-vulkan-host	Build focused player and resource Vulkan-host targets	2026-10-01T11:13:50.4403705Z [100%] Built target horde_rt_static_gltf_asset_tests
player-vulkan-host	Build focused player and resource Vulkan-host targets	2026-10-01T11:13:50.4648466Z [  8%] Built target pocket_audio_native_pcm
player-vulkan-host	Build focused player and resource Vulkan-host targets	2026-10-01T11:13:50.4807817Z [ 39%] Built target horde_gameplay_simulation
player-vulkan-host	Build focused player and resource Vulkan-host targets	2026-10-01T11:13:50.4896471Z [ 39%] Building CXX object CMakeFiles/horde_rt_probe_core.dir/src/telemetry/RtPerformanceEvidence.cpp.o
player-vulkan-host	Build focused player and resource Vulkan-host targets	2026-10-01T11:13:50.4898882Z [ 43%] Building CXX object CMakeFiles/horde_rt_probe_core.dir/src/telemetry/RtEvidencePublication.cpp.o
player-vulkan-host	Build focused player and resource Vulkan-host targets	2026-10-01T11:13:51.0062222Z [ 43%] Building CXX object CMakeFiles/horde_rt_probe_core.dir/src/telemetry/RtBenchmarkEvidenceRun.cpp.o
player-vulkan-host	Build focused player and resource Vulkan-host targets	2026-10-01T11:13:51.7041150Z [ 43%] Building CXX object CMakeFiles/horde_rt_probe_core.dir/src/telemetry/RtBenchmarkEvidenceReport.cpp.o
player-vulkan-host	Build focused player and resource Vulkan-host targets	2026-10-01T11:13:51.7590260Z [ 47%] Building CXX object CMakeFiles/horde_rt_probe_core.dir/src/gameplay/ShowcaseBenchmark.cpp.o
player-vulkan-host	Build focused player and resource Vulkan-host targets	2026-10-01T11:13:52.8214176Z [ 47%] Building CXX object CMakeFiles/horde_rt_probe_core.dir/src/scene/assets/AssetManifest.cpp.o
player-vulkan-host	Build focused player and resource Vulkan-host targets	2026-10-01T11:13:53.3327229Z [ 52%] Building CXX object CMakeFiles/horde_rt_probe_core.dir/src/scene/assets/AssetValidation.cpp.o
player-vulkan-host	Build focused player and resource Vulkan-host targets	2026-10-01T11:13:53.8519209Z [ 52%] Building CXX object CMakeFiles/horde_rt_probe_core.dir/src/scene/assets/GltfDocument.cpp.o
player-vulkan-host	Build focused player and resource Vulkan-host targets	2026-10-01T11:13:55.4288876Z [ 56%] Building CXX object CMakeFiles/horde_rt_probe_core.dir/src/scene/assets/StaticMeshAsset.cpp.o
player-vulkan-host	Build focused player and resource Vulkan-host targets	2026-10-01T11:13:56.4783782Z [ 56%] Building CXX object CMakeFiles/horde_rt_probe_core.dir/src/update/GitHubReleaseUpdater.cpp.o
player-vulkan-host	Build focused player and resource Vulkan-host targets	2026-10-01T11:13:58.3378444Z [ 56%] Building CXX object CMakeFiles/horde_rt_probe_core.dir/src/vulkan/DeviceCapabilities.cpp.o
player-vulkan-host	Build focused player and resource Vulkan-host targets	2026-10-01T11:13:58.6473171Z [ 60%] Building CXX object CMakeFiles/horde_rt_probe_core.dir/src/vulkan/RtCapabilityReport.cpp.o
player-vulkan-host	Build focused player and resource Vulkan-host targets	2026-10-01T11:13:59.4412313Z [ 60%] Building CXX object CMakeFiles/horde_rt_probe_core.dir/src/vulkan/GpuFrameTimer.cpp.o
player-vulkan-host	Build focused player and resource Vulkan-host targets	2026-10-01T11:13:59.5536029Z [ 65%] Building CXX object CMakeFiles/horde_rt_probe_core.dir/src/vulkan/VulkanContext.cpp.o
player-vulkan-host	Build focused player and resource Vulkan-host targets	2026-10-01T11:14:00.2946684Z [ 65%] Building CXX object CMakeFiles/horde_rt_probe_core.dir/src/vulkan/raytracing/RayTracingRequirements.cpp.o
player-vulkan-host	Build focused player and resource Vulkan-host targets	2026-10-01T11:14:00.5463433Z [ 65%] Building CXX object CMakeFiles/horde_rt_probe_core.dir/src/vulkan/raytracing/RtGpuResources.cpp.o
player-vulkan-host	Build focused player and resource Vulkan-host targets	2026-10-01T11:14:01.5324749Z [ 69%] Building CXX object CMakeFiles/horde_rt_probe_core.dir/src/vulkan/raytracing/HeldItemRenderSlot.cpp.o
player-vulkan-host	Build focused player and resource Vulkan-host targets	2026-10-01T11:14:01.5456067Z [ 69%] Building CXX object CMakeFiles/horde_rt_probe_core.dir/src/vulkan/raytracing/FireEmitterBuffer.cpp.o
player-vulkan-host	Build focused player and resource Vulkan-host targets	2026-10-01T11:14:01.6056609Z [ 73%] Building CXX object CMakeFiles/horde_rt_probe_core.dir/src/vulkan/raytracing/RtStaticMeshSlot.cpp.o
player-vulkan-host	Build focused player and resource Vulkan-host targets	2026-10-01T11:14:02.4099260Z [ 73%] Building CXX object CMakeFiles/horde_rt_probe_core.dir/src/vulkan/raytracing/RtTextureArrays.cpp.o
player-vulkan-host	Build focused player and resource Vulkan-host targets	2026-10-01T11:14:02.6706775Z [ 73%] Building CXX object CMakeFiles/horde_rt_probe_core.dir/src/vulkan/raytracing/CharacterRenderSlot.cpp.o
player-vulkan-host	Build focused player and resource Vulkan-host targets	2026-10-01T11:14:03.5329271Z [ 78%] Building CXX object CMakeFiles/horde_rt_probe_core.dir/src/vulkan/raytracing/PlayerRenderSlot.cpp.o
player-vulkan-host	Build focused player and resource Vulkan-host targets	2026-10-01T11:14:04.0733752Z [ 78%] Building CXX object CMakeFiles/horde_rt_probe_core.dir/src/vulkan/raytracing/RtPipelineVariants.cpp.o
player-vulkan-host	Build focused player and resource Vulkan-host targets	2026-10-01T11:14:04.4211922Z [ 82%] Building CXX object CMakeFiles/horde_rt_probe_core.dir/src/vulkan/raytracing/RtPipelineVariantProvider.cpp.o
player-vulkan-host	Build focused player and resource Vulkan-host targets	2026-10-01T11:14:05.1585986Z [ 82%] Building CXX object CMakeFiles/horde_rt_probe_core.dir/src/vulkan/raytracing/RtPipelineBundleContracts.cpp.o
player-vulkan-host	Build focused player and resource Vulkan-host targets	2026-10-01T11:14:05.4954687Z [ 86%] Building CXX object CMakeFiles/horde_rt_probe_core.dir/src/vulkan/raytracing/RtPipelineBundle.cpp.o
player-vulkan-host	Build focused player and resource Vulkan-host targets	2026-10-01T11:14:06.1149037Z [ 86%] Building CXX object CMakeFiles/horde_rt_probe_core.dir/src/vulkan/raytracing/RtFrameEvidenceCoordinator.cpp.o
player-vulkan-host	Build focused player and resource Vulkan-host targets	2026-10-01T11:14:06.1694968Z [ 86%] Building CXX object CMakeFiles/horde_rt_probe_core.dir/src/vulkan/raytracing/PresentableTinyRtScene.cpp.o
player-vulkan-host	Build focused player and resource Vulkan-host targets	2026-10-01T11:14:07.3411958Z [ 91%] Building CXX object CMakeFiles/horde_rt_probe_core.dir/src/vulkan/raytracing/SimulationFrameAdapter.cpp.o
player-vulkan-host	Build focused player and resource Vulkan-host targets	2026-10-01T11:14:08.2571658Z [ 91%] Building CXX object CMakeFiles/horde_rt_probe_core.dir/src/scene/assets/SkinnedMeshAsset.cpp.o
player-vulkan-host	Build focused player and resource Vulkan-host targets	2026-10-01T11:14:12.5446714Z [ 95%] Linking CXX static library libhorde_rt_probe_core.a
player-vulkan-host	Build focused player and resource Vulkan-host targets	2026-10-01T11:14:12.6709050Z [ 95%] Built target horde_rt_probe_core
player-vulkan-host	Build focused player and resource Vulkan-host targets	2026-10-01T11:14:12.6786335Z [100%] Building CXX object CMakeFiles/horde_rt_skinned_character_smoke.dir/tests/SkinnedCharacterModelSmoke.cpp.o
player-vulkan-host	Build focused player and resource Vulkan-host targets	2026-10-01T11:14:17.0658880Z [100%] Linking CXX executable horde_rt_skinned_character_smoke
player-vulkan-host	Build focused player and resource Vulkan-host targets	2026-10-01T11:14:17.1323073Z [100%] Built target horde_rt_skinned_character_smoke
player-vulkan-host	Build focused player and resource Vulkan-host targets	2026-10-01T11:14:17.1578601Z [  9%] Built target pocket_audio_native_pcm
player-vulkan-host	Build focused player and resource Vulkan-host targets	2026-10-01T11:14:17.1733579Z [ 40%] Built target horde_gameplay_simulation
player-vulkan-host	Build focused player and resource Vulkan-host targets	2026-10-01T11:14:17.2174678Z [100%] Built target horde_rt_probe_core
player-vulkan-host	Build focused player and resource Vulkan-host targets	2026-10-01T11:14:17.2249460Z [100%] Building CXX object CMakeFiles/horde_rt_skinned_arm_reference_tests.dir/tests/SkinnedArmReferenceTests.cpp.o
player-vulkan-host	Build focused player and resource Vulkan-host targets	2026-10-01T11:14:19.3823740Z [100%] Linking CXX executable horde_rt_skinned_arm_reference_tests
player-vulkan-host	Build focused player and resource Vulkan-host targets	2026-10-01T11:14:19.4413544Z [100%] Built target horde_rt_skinned_arm_reference_tests
player-vulkan-host	Build focused player and resource Vulkan-host targets	2026-10-01T11:14:19.4656923Z [  9%] Built target pocket_audio_native_pcm
player-vulkan-host	Build focused player and resource Vulkan-host targets	2026-10-01T11:14:19.4811231Z [ 40%] Built target horde_gameplay_simulation
player-vulkan-host	Build focused player and resource Vulkan-host targets	2026-10-01T11:14:19.5032056Z [100%] Built target horde_rt_probe_core
player-vulkan-host	Build focused player and resource Vulkan-host targets	2026-10-01T11:14:19.5106020Z [100%] Building CXX object CMakeFiles/horde_rt_scene_initialise_preflight_tests.dir/tests/RtSceneInitialisePreflightTests.cpp.o
player-vulkan-host	Build focused player and resource Vulkan-host targets	2026-10-01T11:14:20.7150837Z [100%] Linking CXX executable horde_rt_scene_initialise_preflight_tests
player-vulkan-host	Build focused player and resource Vulkan-host targets	2026-10-01T11:14:20.7874797Z [100%] Built target horde_rt_scene_initialise_preflight_tests
player-vulkan-host	Build focused player and resource Vulkan-host targets	2026-10-01T11:14:20.8119190Z [  9%] Built target pocket_audio_native_pcm
player-vulkan-host	Build focused player and resource Vulkan-host targets	2026-10-01T11:14:20.8276404Z [ 40%] Built target horde_gameplay_simulation
player-vulkan-host	Build focused player and resource Vulkan-host targets	2026-10-01T11:14:20.8504545Z [100%] Built target horde_rt_probe_core
player-vulkan-host	Build focused player and resource Vulkan-host targets	2026-10-01T11:14:20.8579669Z [100%] Building CXX object CMakeFiles/horde_rt_scene_resource_inventory_tests.dir/tests/RtSceneResourceInventoryTests.cpp.o
player-vulkan-host	Build focused player and resource Vulkan-host targets	2026-10-01T11:14:23.6561229Z [100%] Linking CXX executable horde_rt_scene_resource_inventory_tests
player-vulkan-host	Build focused player and resource Vulkan-host targets	2026-10-01T11:14:23.7307835Z [100%] Built target horde_rt_scene_resource_inventory_tests
player-vulkan-host	Build focused player and resource Vulkan-host targets	2026-10-01T11:14:23.7539608Z [  0%] Building CXX object CMakeFiles/horde_rt_staged_primary_resource_tests.dir/tests/StagedPrimaryResourceTests.cpp.o
player-vulkan-host	Build focused player and resource Vulkan-host targets	2026-10-01T11:14:23.7541610Z [100%] Building CXX object CMakeFiles/horde_rt_staged_primary_resource_tests.dir/src/vulkan/raytracing/experimental/StagedPrimaryPass.cpp.o
player-vulkan-host	Build focused player and resource Vulkan-host targets	2026-10-01T11:14:24.5574539Z [100%] Linking CXX executable horde_rt_staged_primary_resource_tests
player-vulkan-host	Build focused player and resource Vulkan-host targets	2026-10-01T11:14:24.6149793Z [100%] Built target horde_rt_staged_primary_resource_tests
player-vulkan-host	Build focused player and resource Vulkan-host targets	2026-10-01T11:14:24.6377174Z [100%] Building CXX object CMakeFiles/horde_rt_staged_primary_timing_tests.dir/tests/StagedPrimaryTimingTests.cpp.o
player-vulkan-host	Build focused player and resource Vulkan-host targets	2026-10-01T11:14:24.6378742Z [100%] Building CXX object CMakeFiles/horde_rt_staged_primary_timing_tests.dir/src/vulkan/raytracing/experimental/StagedPrimaryTiming.cpp.o
player-vulkan-host	Build focused player and resource Vulkan-host targets	2026-10-01T11:14:25.6291953Z [100%] Linking CXX executable horde_rt_staged_primary_timing_tests
player-vulkan-host	Build focused player and resource Vulkan-host targets	2026-10-01T11:14:25.6879002Z [100%] Built target horde_rt_staged_primary_timing_tests
player-vulkan-host	Run focused player, semantic and output-ownership fixtures	﻿2026-10-01T11:14:25.6950990Z ##[group]Run ctest --test-dir build/player-vulkan-host --build-config Release --output-on-failure --no-tests=error -R "^(horde_rt_player_primitive_contract_tests|horde_rt_player_manifest_agreement_tests|horde_rt_player_animation_tests|horde_rt_held_item_socket_tests|horde_rt_scene_abi_tests|horde_rt_static_gltf_asset_tests|horde_rt_skinned_character_smoke|horde_rt_skinned_arm_reference_tests|horde_rt_player_skinned_semantic_fixtures|horde_rt_player_viewmodel_admission|horde_rt_player_viewmodel_pose_fixtures|horde_rt_scene_initialise_preflight_tests|horde_rt_scene_resource_inventory_tests|horde_rt_staged_primary_resource_tests|horde_rt_staged_primary_timing_tests)$"
player-vulkan-host	Run focused player, semantic and output-ownership fixtures	2026-10-01T11:14:25.6955685Z ^[[36;1mctest --test-dir build/player-vulkan-host --build-config Release --output-on-failure --no-tests=error -R "^(horde_rt_player_primitive_contract_tests|horde_rt_player_manifest_agreement_tests|horde_rt_player_animation_tests|horde_rt_held_item_socket_tests|horde_rt_scene_abi_tests|horde_rt_static_gltf_asset_tests|horde_rt_skinned_character_smoke|horde_rt_skinned_arm_reference_tests|horde_rt_player_skinned_semantic_fixtures|horde_rt_player_viewmodel_admission|horde_rt_player_viewmodel_pose_fixtures|horde_rt_scene_initialise_preflight_tests|horde_rt_scene_resource_inventory_tests|horde_rt_staged_primary_resource_tests|horde_rt_staged_primary_timing_tests)$"^[[0m
player-vulkan-host	Run focused player, semantic and output-ownership fixtures	2026-10-01T11:14:25.7024601Z shell: /usr/bin/bash -e {0}
player-vulkan-host	Run focused player, semantic and output-ownership fixtures	2026-10-01T11:14:25.7024906Z ##[endgroup]
player-vulkan-host	Run focused player, semantic and output-ownership fixtures	2026-10-01T11:14:26.1727397Z Internal ctest changing into directory: /home/runner/work/The-Horde-RT-demo/The-Horde-RT-demo/build/player-vulkan-host
player-vulkan-host	Run focused player, semantic and output-ownership fixtures	2026-10-01T11:14:26.2593799Z Test project /home/runner/work/The-Horde-RT-demo/The-Horde-RT-demo/build/player-vulkan-host
player-vulkan-host	Run focused player, semantic and output-ownership fixtures	2026-10-01T11:14:26.3141518Z       Start  1: horde_rt_player_primitive_contract_tests
player-vulkan-host	Run focused player, semantic and output-ownership fixtures	2026-10-01T11:14:26.3223957Z  1/15 Test  #1: horde_rt_player_primitive_contract_tests ....   Passed    0.00 sec
player-vulkan-host	Run focused player, semantic and output-ownership fixtures	2026-10-01T11:14:26.3287758Z       Start  3: horde_rt_player_manifest_agreement_tests
player-vulkan-host	Run focused player, semantic and output-ownership fixtures	2026-10-01T11:14:27.3158684Z  2/15 Test  #3: horde_rt_player_manifest_agreement_tests ....   Passed    0.99 sec
player-vulkan-host	Run focused player, semantic and output-ownership fixtures	2026-10-01T11:14:27.3162533Z       Start 29: horde_rt_player_animation_tests
player-vulkan-host	Run focused player, semantic and output-ownership fixtures	2026-10-01T11:14:27.3194267Z  3/15 Test #29: horde_rt_player_animation_tests .............   Passed    0.00 sec
player-vulkan-host	Run focused player, semantic and output-ownership fixtures	2026-10-01T11:14:27.3195854Z       Start 31: horde_rt_held_item_socket_tests
player-vulkan-host	Run focused player, semantic and output-ownership fixtures	2026-10-01T11:14:27.3654844Z  4/15 Test #31: horde_rt_held_item_socket_tests .............   Passed    0.05 sec
player-vulkan-host	Run focused player, semantic and output-ownership fixtures	2026-10-01T11:14:27.3656644Z       Start 33: horde_rt_scene_abi_tests
player-vulkan-host	Run focused player, semantic and output-ownership fixtures	2026-10-01T11:14:27.3677224Z  5/15 Test #33: horde_rt_scene_abi_tests ....................   Passed    0.00 sec
player-vulkan-host	Run focused player, semantic and output-ownership fixtures	2026-10-01T11:14:27.3678655Z       Start 34: horde_rt_static_gltf_asset_tests
player-vulkan-host	Run focused player, semantic and output-ownership fixtures	2026-10-01T11:14:27.4009840Z  6/15 Test #34: horde_rt_static_gltf_asset_tests ............   Passed    0.03 sec
player-vulkan-host	Run focused player, semantic and output-ownership fixtures	2026-10-01T11:14:27.4011077Z       Start 55: horde_rt_staged_primary_timing_tests
player-vulkan-host	Run focused player, semantic and output-ownership fixtures	2026-10-01T11:14:27.4031384Z  7/15 Test #55: horde_rt_staged_primary_timing_tests ........   Passed    0.00 sec
player-vulkan-host	Run focused player, semantic and output-ownership fixtures	2026-10-01T11:14:27.4033154Z       Start 56: horde_rt_staged_primary_resource_tests
player-vulkan-host	Run focused player, semantic and output-ownership fixtures	2026-10-01T11:14:27.4049751Z  8/15 Test #56: horde_rt_staged_primary_resource_tests ......   Passed    0.00 sec
player-vulkan-host	Run focused player, semantic and output-ownership fixtures	2026-10-01T11:14:27.4051478Z       Start 61: horde_rt_scene_initialise_preflight_tests
player-vulkan-host	Run focused player, semantic and output-ownership fixtures	2026-10-01T11:14:27.4269505Z  9/15 Test #61: horde_rt_scene_initialise_preflight_tests ...   Passed    0.02 sec
player-vulkan-host	Run focused player, semantic and output-ownership fixtures	2026-10-01T11:14:27.4270911Z       Start 62: horde_rt_scene_resource_inventory_tests
player-vulkan-host	Run focused player, semantic and output-ownership fixtures	2026-10-01T11:14:27.4393711Z 10/15 Test #62: horde_rt_scene_resource_inventory_tests .....   Passed    0.01 sec
player-vulkan-host	Run focused player, semantic and output-ownership fixtures	2026-10-01T11:14:27.4395111Z       Start 63: horde_rt_skinned_arm_reference_tests
player-vulkan-host	Run focused player, semantic and output-ownership fixtures	2026-10-01T11:14:27.4419081Z 11/15 Test #63: horde_rt_skinned_arm_reference_tests ........   Passed    0.00 sec
player-vulkan-host	Run focused player, semantic and output-ownership fixtures	2026-10-01T11:14:27.4420883Z       Start 64: horde_rt_skinned_character_smoke
player-vulkan-host	Run focused player, semantic and output-ownership fixtures	2026-10-01T11:14:29.6731918Z 12/15 Test #64: horde_rt_skinned_character_smoke ............   Passed    2.23 sec
player-vulkan-host	Run focused player, semantic and output-ownership fixtures	2026-10-01T11:14:29.6801437Z       Start 65: horde_rt_player_skinned_semantic_fixtures
player-vulkan-host	Run focused player, semantic and output-ownership fixtures	2026-10-01T11:14:33.2649635Z 13/15 Test #65: horde_rt_player_skinned_semantic_fixtures ...   Passed    3.58 sec
player-vulkan-host	Run focused player, semantic and output-ownership fixtures	2026-10-01T11:14:33.2651243Z       Start 66: horde_rt_player_viewmodel_admission
player-vulkan-host	Run focused player, semantic and output-ownership fixtures	2026-10-01T11:14:33.3170599Z 14/15 Test #66: horde_rt_player_viewmodel_admission .........   Passed    0.05 sec
player-vulkan-host	Run focused player, semantic and output-ownership fixtures	2026-10-01T11:14:33.3171968Z       Start 67: horde_rt_player_viewmodel_pose_fixtures
player-vulkan-host	Run focused player, semantic and output-ownership fixtures	2026-10-01T11:14:34.8959984Z 15/15 Test #67: horde_rt_player_viewmodel_pose_fixtures .....   Passed    1.58 sec
player-vulkan-host	Run focused player, semantic and output-ownership fixtures	2026-10-01T11:14:34.8963465Z 
player-vulkan-host	Run focused player, semantic and output-ownership fixtures	2026-10-01T11:14:34.8963673Z 100% tests passed, 0 tests failed out of 15
player-vulkan-host	Run focused player, semantic and output-ownership fixtures	2026-10-01T11:14:34.8964338Z 
player-vulkan-host	Run focused player, semantic and output-ownership fixtures	2026-10-01T11:14:34.8964483Z Total Test time (real) =   8.64 sec
player-vulkan-host	Post Check out source	﻿2026-10-01T11:14:34.9517956Z Post job cleanup.
player-vulkan-host	Post Check out source	2026-10-01T11:14:35.0429024Z [command]/usr/bin/git version
player-vulkan-host	Post Check out source	2026-10-01T11:14:35.0480028Z git version 2.55.0
player-vulkan-host	Post Check out source	2026-10-01T11:14:35.0544405Z Temporarily overriding HOME='/home/runner/work/_temp/4b0b90c2-fb2b-4c2e-8c90-9a37a02c6dbb' before making global git config changes
player-vulkan-host	Post Check out source	2026-10-01T11:14:35.0545848Z Adding repository directory to the temporary git global config as a safe directory
player-vulkan-host	Post Check out source	2026-10-01T11:14:35.0547315Z [command]/usr/bin/git config --global --add safe.directory /home/runner/work/The-Horde-RT-demo/The-Horde-RT-demo
player-vulkan-host	Post Check out source	2026-10-01T11:14:35.0592776Z Removing SSH command configuration
player-vulkan-host	Post Check out source	2026-10-01T11:14:35.0601394Z [command]/usr/bin/git config --local --name-only --get-regexp core\.sshCommand
player-vulkan-host	Post Check out source	2026-10-01T11:14:35.0647163Z [command]/usr/bin/git submodule foreach --recursive sh -c "git config --local --name-only --get-regexp 'core\.sshCommand' && git config --local --unset-all 'core.sshCommand' || :"
player-vulkan-host	Post Check out source	2026-10-01T11:14:35.0947158Z Removing HTTP extra header
player-vulkan-host	Post Check out source	2026-10-01T11:14:35.0954501Z [command]/usr/bin/git config --local --name-only --get-regexp http\.https\:\/\/github\.com\/\.extraheader
player-vulkan-host	Post Check out source	2026-10-01T11:14:35.1000142Z [command]/usr/bin/git submodule foreach --recursive sh -c "git config --local --name-only --get-regexp 'http\.https\:\/\/github\.com\/\.extraheader' && git config --local --unset-all 'http.https://github.com/.extraheader' || :"
player-vulkan-host	Post Check out source	2026-10-01T11:14:35.1324289Z Removing includeIf entries pointing to credentials config files
player-vulkan-host	Post Check out source	2026-10-01T11:14:35.1333744Z [command]/usr/bin/git config --local --name-only --get-regexp ^includeIf\.gitdir:
player-vulkan-host	Post Check out source	2026-10-01T11:14:35.1370501Z includeif.gitdir:/home/runner/work/The-Horde-RT-demo/The-Horde-RT-demo/.git.path
player-vulkan-host	Post Check out source	2026-10-01T11:14:35.1371801Z includeif.gitdir:/home/runner/work/The-Horde-RT-demo/The-Horde-RT-demo/.git/worktrees/*.path
player-vulkan-host	Post Check out source	2026-10-01T11:14:35.1373019Z includeif.gitdir:/github/workspace/.git.path
player-vulkan-host	Post Check out source	2026-10-01T11:14:35.1373861Z includeif.gitdir:/github/workspace/.git/worktrees/*.path
player-vulkan-host	Post Check out source	2026-10-01T11:14:35.1382273Z [command]/usr/bin/git config --local --get-all includeif.gitdir:/home/runner/work/The-Horde-RT-demo/The-Horde-RT-demo/.git.path
player-vulkan-host	Post Check out source	2026-10-01T11:14:35.1420131Z /home/runner/work/_temp/git-credentials-9e8e8129-37cc-47e1-9357-4303901bd969.config
player-vulkan-host	Post Check out source	2026-10-01T11:14:35.1435743Z [command]/usr/bin/git config --local --unset includeif.gitdir:/home/runner/work/The-Horde-RT-demo/The-Horde-RT-demo/.git.path /home/runner/work/_temp/git-credentials-9e8e8129-37cc-47e1-9357-4303901bd969.config
player-vulkan-host	Post Check out source	2026-10-01T11:14:35.1487731Z [command]/usr/bin/git config --local --get-all includeif.gitdir:/home/runner/work/The-Horde-RT-demo/The-Horde-RT-demo/.git/worktrees/*.path
player-vulkan-host	Post Check out source	2026-10-01T11:14:35.1523341Z /home/runner/work/_temp/git-credentials-9e8e8129-37cc-47e1-9357-4303901bd969.config
player-vulkan-host	Post Check out source	2026-10-01T11:14:35.1535822Z [command]/usr/bin/git config --local --unset includeif.gitdir:/home/runner/work/The-Horde-RT-demo/The-Horde-RT-demo/.git/worktrees/*.path /home/runner/work/_temp/git-credentials-9e8e8129-37cc-47e1-9357-4303901bd969.config
player-vulkan-host	Post Check out source	2026-10-01T11:14:35.1582057Z [command]/usr/bin/git config --local --get-all includeif.gitdir:/github/workspace/.git.path
player-vulkan-host	Post Check out source	2026-10-01T11:14:35.1613229Z /github/runner_temp/git-credentials-9e8e8129-37cc-47e1-9357-4303901bd969.config
player-vulkan-host	Post Check out source	2026-10-01T11:14:35.1627267Z [command]/usr/bin/git config --local --unset includeif.gitdir:/github/workspace/.git.path /github/runner_temp/git-credentials-9e8e8129-37cc-47e1-9357-4303901bd969.config
player-vulkan-host	Post Check out source	2026-10-01T11:14:35.1671275Z [command]/usr/bin/git config --local --get-all includeif.gitdir:/github/workspace/.git/worktrees/*.path
player-vulkan-host	Post Check out source	2026-10-01T11:14:35.1701445Z /github/runner_temp/git-credentials-9e8e8129-37cc-47e1-9357-4303901bd969.config
player-vulkan-host	Post Check out source	2026-10-01T11:14:35.1713057Z [command]/usr/bin/git config --local --unset includeif.gitdir:/github/workspace/.git/worktrees/*.path /github/runner_temp/git-credentials-9e8e8129-37cc-47e1-9357-4303901bd969.config
player-vulkan-host	Post Check out source	2026-10-01T11:14:35.1759748Z [command]/usr/bin/git submodule foreach --recursive git config --local --show-origin --name-only --get-regexp remote.origin.url
player-vulkan-host	Post Check out source	2026-10-01T11:14:35.2031434Z Removing credentials config '/home/runner/work/_temp/git-credentials-9e8e8129-37cc-47e1-9357-4303901bd969.config'
player-vulkan-host	Complete job	﻿2026-10-01T11:14:35.2210105Z Cleaning up orphan processes
Shared simulation host (GCC)	Set up job	﻿2026-10-01T11:12:47.7180115Z Current runner version: '2.337.0'
Shared simulation host (GCC)	Set up job	2026-10-01T11:12:47.7217043Z ##[group]Runner Image Provisioner
Shared simulation host (GCC)	Set up job	2026-10-01T11:12:47.7218598Z Hosted Compute Agent
Shared simulation host (GCC)	Set up job	2026-10-01T11:12:47.7219600Z Version: 20260828.587
Shared simulation host (GCC)	Set up job	2026-10-01T11:12:47.7220814Z Commit: abac92662cab4cc7352de4f9f9d2e2419aad9c29
Shared simulation host (GCC)	Set up job	2026-10-01T11:12:47.7222130Z Build Date: 2026-08-28T16:44:25Z
Shared simulation host (GCC)	Set up job	2026-10-01T11:12:47.7223351Z Worker ID: {4037e7ef-fe6f-45ce-9194-902607858fcc}
Shared simulation host (GCC)	Set up job	2026-10-01T11:12:47.7224930Z Azure Region: eastus
Shared simulation host (GCC)	Set up job	2026-10-01T11:12:47.7225862Z ##[endgroup]
Shared simulation host (GCC)	Set up job	2026-10-01T11:12:47.7228337Z ##[group]Operating System
Shared simulation host (GCC)	Set up job	2026-10-01T11:12:47.7229388Z Ubuntu
Shared simulation host (GCC)	Set up job	2026-10-01T11:12:47.7230259Z 24.04.5
Shared simulation host (GCC)	Set up job	2026-10-01T11:12:47.7231276Z LTS
Shared simulation host (GCC)	Set up job	2026-10-01T11:12:47.7232141Z ##[endgroup]
Shared simulation host (GCC)	Set up job	2026-10-01T11:12:47.7233105Z ##[group]Runner Image
Shared simulation host (GCC)	Set up job	2026-10-01T11:12:47.7234470Z Image: ubuntu-24.04
Shared simulation host (GCC)	Set up job	2026-10-01T11:12:47.7235516Z Version: 20260920.314.1
Shared simulation host (GCC)	Set up job	2026-10-01T11:12:47.7237421Z Included Software: https://github.com/actions/runner-images/blob/ubuntu24/20260920.314/images/ubuntu/Ubuntu2404-Readme.md
Shared simulation host (GCC)	Set up job	2026-10-01T11:12:47.7240481Z Image Release: https://github.com/actions/runner-images/releases/tag/ubuntu24%2F20260920.314
Shared simulation host (GCC)	Set up job	2026-10-01T11:12:47.7242171Z ##[endgroup]
Shared simulation host (GCC)	Set up job	2026-10-01T11:12:47.7244500Z ##[group]GITHUB_TOKEN Permissions
Shared simulation host (GCC)	Set up job	2026-10-01T11:12:47.7247625Z Contents: read
Shared simulation host (GCC)	Set up job	2026-10-01T11:12:47.7248769Z Metadata: read
Shared simulation host (GCC)	Set up job	2026-10-01T11:12:47.7249756Z ##[endgroup]
Shared simulation host (GCC)	Set up job	2026-10-01T11:12:47.7252929Z Secret source: Actions
Shared simulation host (GCC)	Set up job	2026-10-01T11:12:47.7254817Z Cache mode: write
Shared simulation host (GCC)	Set up job	2026-10-01T11:12:47.7256101Z Prepare workflow directory
Shared simulation host (GCC)	Set up job	2026-10-01T11:12:47.7750180Z Prepare all required actions
Shared simulation host (GCC)	Set up job	2026-10-01T11:12:47.7823025Z Getting action download info
Shared simulation host (GCC)	Set up job	2026-10-01T11:12:47.9979764Z Download action repository 'actions/checkout@v6' (SHA:d23441a48e516b6c34aea4fa41551a30e30af803)
Shared simulation host (GCC)	Set up job	2026-10-01T11:12:48.1960255Z Complete job name: Shared simulation host (GCC)
Shared simulation host (GCC)	Check out source	﻿2026-10-01T11:12:48.2929655Z ##[group]Run actions/checkout@v6
Shared simulation host (GCC)	Check out source	2026-10-01T11:12:48.2930568Z with:
Shared simulation host (GCC)	Check out source	2026-10-01T11:12:48.2931058Z   repository: Samfa12-tech/The-Horde-RT-demo
Shared simulation host (GCC)	Check out source	2026-10-01T11:12:48.2935299Z   token: ***
Shared simulation host (GCC)	Check out source	2026-10-01T11:12:48.2935775Z   ssh-strict: true
Shared simulation host (GCC)	Check out source	2026-10-01T11:12:48.2936220Z   ssh-user: git
Shared simulation host (GCC)	Check out source	2026-10-01T11:12:48.2936676Z   persist-credentials: true
Shared simulation host (GCC)	Check out source	2026-10-01T11:12:48.2937168Z   clean: true
Shared simulation host (GCC)	Check out source	2026-10-01T11:12:48.2937618Z   sparse-checkout-cone-mode: true
Shared simulation host (GCC)	Check out source	2026-10-01T11:12:48.2938142Z   fetch-depth: 1
Shared simulation host (GCC)	Check out source	2026-10-01T11:12:48.2938574Z   fetch-tags: false
Shared simulation host (GCC)	Check out source	2026-10-01T11:12:48.2939021Z   show-progress: true
Shared simulation host (GCC)	Check out source	2026-10-01T11:12:48.2939479Z   lfs: false
Shared simulation host (GCC)	Check out source	2026-10-01T11:12:48.2939893Z   submodules: false
Shared simulation host (GCC)	Check out source	2026-10-01T11:12:48.2940336Z   set-safe-directory: true
Shared simulation host (GCC)	Check out source	2026-10-01T11:12:48.2940847Z   allow-unsafe-pr-checkout: false
Shared simulation host (GCC)	Check out source	2026-10-01T11:12:48.2941646Z ##[endgroup]
Shared simulation host (GCC)	Check out source	2026-10-01T11:12:48.3979888Z Syncing repository: Samfa12-tech/The-Horde-RT-demo
Shared simulation host (GCC)	Check out source	2026-10-01T11:12:48.3982741Z ##[group]Getting Git version info
Shared simulation host (GCC)	Check out source	2026-10-01T11:12:48.3984314Z Working directory is '/home/runner/work/The-Horde-RT-demo/The-Horde-RT-demo'
Shared simulation host (GCC)	Check out source	2026-10-01T11:12:48.3986317Z [command]/usr/bin/git version
Shared simulation host (GCC)	Check out source	2026-10-01T11:12:48.4056885Z git version 2.55.0
Shared simulation host (GCC)	Check out source	2026-10-01T11:12:48.4083519Z ##[endgroup]
Shared simulation host (GCC)	Check out source	2026-10-01T11:12:48.4100102Z Temporarily overriding HOME='/home/runner/work/_temp/9310fe0c-f00d-48ab-97b0-6ff4ebc21dbf' before making global git config changes
Shared simulation host (GCC)	Check out source	2026-10-01T11:12:48.4106904Z Adding repository directory to the temporary git global config as a safe directory
Shared simulation host (GCC)	Check out source	2026-10-01T11:12:48.4108519Z [command]/usr/bin/git config --global --add safe.directory /home/runner/work/The-Horde-RT-demo/The-Horde-RT-demo
Shared simulation host (GCC)	Check out source	2026-10-01T11:12:48.4166476Z Deleting the contents of '/home/runner/work/The-Horde-RT-demo/The-Horde-RT-demo'
Shared simulation host (GCC)	Check out source	2026-10-01T11:12:48.4170408Z ##[group]Determining repository object format
Shared simulation host (GCC)	Check out source	2026-10-01T11:12:48.4172966Z ##[endgroup]
Shared simulation host (GCC)	Check out source	2026-10-01T11:12:48.4174025Z ##[group]Initializing the repository
Shared simulation host (GCC)	Check out source	2026-10-01T11:12:48.4179120Z [command]/usr/bin/git init /home/runner/work/The-Horde-RT-demo/The-Horde-RT-demo
Shared simulation host (GCC)	Check out source	2026-10-01T11:12:48.4297430Z hint: Using 'master' as the name for the initial branch. This default branch name
Shared simulation host (GCC)	Check out source	2026-10-01T11:12:48.4299564Z hint: will change to "main" in Git 3.0. To configure the initial branch name
Shared simulation host (GCC)	Check out source	2026-10-01T11:12:48.4301758Z hint: to use in all of your new repositories, which will suppress this warning,
Shared simulation host (GCC)	Check out source	2026-10-01T11:12:48.4303478Z hint: call:
Shared simulation host (GCC)	Check out source	2026-10-01T11:12:48.4304831Z hint:
Shared simulation host (GCC)	Check out source	2026-10-01T11:12:48.4306139Z hint: 	git config --global init.defaultBranch <name>
Shared simulation host (GCC)	Check out source	2026-10-01T11:12:48.4307577Z hint:
Shared simulation host (GCC)	Check out source	2026-10-01T11:12:48.4308916Z hint: Names commonly chosen instead of 'master' are 'main', 'trunk' and
Shared simulation host (GCC)	Check out source	2026-10-01T11:12:48.4311065Z hint: 'development'. The just-created branch can be renamed via this command:
Shared simulation host (GCC)	Check out source	2026-10-01T11:12:48.4312733Z hint:
Shared simulation host (GCC)	Check out source	2026-10-01T11:12:48.4313602Z hint: 	git branch -m <name>
Shared simulation host (GCC)	Check out source	2026-10-01T11:12:48.4316356Z hint:
Shared simulation host (GCC)	Check out source	2026-10-01T11:12:48.4317580Z hint: Disable this message with "git config set advice.defaultBranchName false"
Shared simulation host (GCC)	Check out source	2026-10-01T11:12:48.4319573Z Initialized empty Git repository in /home/runner/work/The-Horde-RT-demo/The-Horde-RT-demo/.git/
Shared simulation host (GCC)	Check out source	2026-10-01T11:12:48.4322682Z [command]/usr/bin/git remote add origin https://github.com/Samfa12-tech/The-Horde-RT-demo
Shared simulation host (GCC)	Check out source	2026-10-01T11:12:48.4371039Z ##[endgroup]
Shared simulation host (GCC)	Check out source	2026-10-01T11:12:48.4372149Z ##[group]Disabling automatic garbage collection
Shared simulation host (GCC)	Check out source	2026-10-01T11:12:48.4375295Z [command]/usr/bin/git config --local gc.auto 0
Shared simulation host (GCC)	Check out source	2026-10-01T11:12:48.4413230Z ##[endgroup]
Shared simulation host (GCC)	Check out source	2026-10-01T11:12:48.4415232Z ##[group]Setting up auth
Shared simulation host (GCC)	Check out source	2026-10-01T11:12:48.4416145Z Removing SSH command configuration
Shared simulation host (GCC)	Check out source	2026-10-01T11:12:48.4421917Z [command]/usr/bin/git config --local --name-only --get-regexp core\.sshCommand
Shared simulation host (GCC)	Check out source	2026-10-01T11:12:48.4456568Z [command]/usr/bin/git submodule foreach --recursive sh -c "git config --local --name-only --get-regexp 'core\.sshCommand' && git config --local --unset-all 'core.sshCommand' || :"
Shared simulation host (GCC)	Check out source	2026-10-01T11:12:48.4847564Z Removing HTTP extra header
Shared simulation host (GCC)	Check out source	2026-10-01T11:12:48.4854764Z [command]/usr/bin/git config --local --name-only --get-regexp http\.https\:\/\/github\.com\/\.extraheader
Shared simulation host (GCC)	Check out source	2026-10-01T11:12:48.4907637Z [command]/usr/bin/git submodule foreach --recursive sh -c "git config --local --name-only --get-regexp 'http\.https\:\/\/github\.com\/\.extraheader' && git config --local --unset-all 'http.https://github.com/.extraheader' || :"
Shared simulation host (GCC)	Check out source	2026-10-01T11:12:48.5130610Z Removing includeIf entries pointing to credentials config files
Shared simulation host (GCC)	Check out source	2026-10-01T11:12:48.5137202Z [command]/usr/bin/git config --local --name-only --get-regexp ^includeIf\.gitdir:
Shared simulation host (GCC)	Check out source	2026-10-01T11:12:48.5174808Z [command]/usr/bin/git submodule foreach --recursive git config --local --show-origin --name-only --get-regexp remote.origin.url
Shared simulation host (GCC)	Check out source	2026-10-01T11:12:48.5406590Z [command]/usr/bin/git config --file /home/runner/work/_temp/git-credentials-c11380b6-3d39-413e-8af1-2387f6bd3daa.config http.https://github.com/.extraheader AUTHORIZATION: basic ***
Shared simulation host (GCC)	Check out source	2026-10-01T11:12:48.5451099Z [command]/usr/bin/git config --local includeIf.gitdir:/home/runner/work/The-Horde-RT-demo/The-Horde-RT-demo/.git.path /home/runner/work/_temp/git-credentials-c11380b6-3d39-413e-8af1-2387f6bd3daa.config
Shared simulation host (GCC)	Check out source	2026-10-01T11:12:48.5490622Z [command]/usr/bin/git config --local includeIf.gitdir:/home/runner/work/The-Horde-RT-demo/The-Horde-RT-demo/.git/worktrees/*.path /home/runner/work/_temp/git-credentials-c11380b6-3d39-413e-8af1-2387f6bd3daa.config
Shared simulation host (GCC)	Check out source	2026-10-01T11:12:48.5580442Z [command]/usr/bin/git config --local includeIf.gitdir:/github/workspace/.git.path /github/runner_temp/git-credentials-c11380b6-3d39-413e-8af1-2387f6bd3daa.config
Shared simulation host (GCC)	Check out source	2026-10-01T11:12:48.5590497Z [command]/usr/bin/git config --local includeIf.gitdir:/github/workspace/.git/worktrees/*.path /github/runner_temp/git-credentials-c11380b6-3d39-413e-8af1-2387f6bd3daa.config
Shared simulation host (GCC)	Check out source	2026-10-01T11:12:48.5623210Z ##[endgroup]
Shared simulation host (GCC)	Check out source	2026-10-01T11:12:48.5624365Z ##[group]Fetching the repository
Shared simulation host (GCC)	Check out source	2026-10-01T11:12:48.5632848Z [command]/usr/bin/git -c protocol.version=2 fetch --no-tags --prune --no-recurse-submodules --depth=1 origin +ca58f0956637f9063fe1cda42989ad5f74daa47d:refs/remotes/origin/codex/horde-1.6.1-engineering-pass
Shared simulation host (GCC)	Check out source	2026-10-01T11:12:50.2209538Z From https://github.com/Samfa12-tech/The-Horde-RT-demo
Shared simulation host (GCC)	Check out source	2026-10-01T11:12:50.2212812Z  * [new ref]         ca58f0956637f9063fe1cda42989ad5f74daa47d -> origin/codex/horde-1.6.1-engineering-pass
Shared simulation host (GCC)	Check out source	2026-10-01T11:12:50.2220498Z [command]/usr/bin/git branch --list --remote origin/codex/horde-1.6.1-engineering-pass
Shared simulation host (GCC)	Check out source	2026-10-01T11:12:50.2250066Z   origin/codex/horde-1.6.1-engineering-pass
Shared simulation host (GCC)	Check out source	2026-10-01T11:12:50.2259578Z [command]/usr/bin/git rev-parse refs/remotes/origin/codex/horde-1.6.1-engineering-pass
Shared simulation host (GCC)	Check out source	2026-10-01T11:12:50.2285849Z ca58f0956637f9063fe1cda42989ad5f74daa47d
Shared simulation host (GCC)	Check out source	2026-10-01T11:12:50.2291117Z ##[endgroup]
Shared simulation host (GCC)	Check out source	2026-10-01T11:12:50.2292507Z ##[group]Determining the checkout info
Shared simulation host (GCC)	Check out source	2026-10-01T11:12:50.2295418Z ##[endgroup]
Shared simulation host (GCC)	Check out source	2026-10-01T11:12:50.2297074Z [command]/usr/bin/git sparse-checkout disable
Shared simulation host (GCC)	Check out source	2026-10-01T11:12:50.2353577Z [command]/usr/bin/git config --local --unset-all extensions.worktreeConfig
Shared simulation host (GCC)	Check out source	2026-10-01T11:12:50.2388862Z ##[group]Checking out the ref
Shared simulation host (GCC)	Check out source	2026-10-01T11:12:50.2393386Z [command]/usr/bin/git checkout --progress --force -B codex/horde-1.6.1-engineering-pass refs/remotes/origin/codex/horde-1.6.1-engineering-pass
Shared simulation host (GCC)	Check out source	2026-10-01T11:12:50.9600322Z Switched to a new branch 'codex/horde-1.6.1-engineering-pass'
Shared simulation host (GCC)	Check out source	2026-10-01T11:12:50.9607248Z branch 'codex/horde-1.6.1-engineering-pass' set up to track 'origin/codex/horde-1.6.1-engineering-pass'.
Shared simulation host (GCC)	Check out source	2026-10-01T11:12:51.0147926Z ##[endgroup]
Shared simulation host (GCC)	Check out source	2026-10-01T11:12:51.0199832Z [command]/usr/bin/git log -1 --format=%H
Shared simulation host (GCC)	Check out source	2026-10-01T11:12:51.0230348Z ca58f0956637f9063fe1cda42989ad5f74daa47d
Shared simulation host (GCC)	Fetch portable-test GLB and music PCM assets	﻿2026-10-01T11:12:51.0454542Z ##[group]Run git -c lfs.fetchexclude= lfs fetch --include="assets/models/player/runtime/*.glb,assets/models/player/viewmodel/runtime/*.glb,assets/models/props/runtime/*.glb,assets/models/props/runtime/*/*.glb,assets/models/weapons/runtime/*.glb,tests/fixtures/*/*.glb,assets/audio/music/what-the-dark-keeps/runtime/*.wav" && git lfs checkout "assets/models/player/runtime/*.glb" "assets/models/player/viewmodel/runtime/*.glb" "assets/models/props/runtime/*.glb" "assets/models/props/runtime/*/*.glb" "assets/models/weapons/runtime/*.glb" "tests/fixtures/*/*.glb" "assets/audio/music/what-the-dark-keeps/runtime/*.wav"
Shared simulation host (GCC)	Fetch portable-test GLB and music PCM assets	2026-10-01T11:12:51.0458810Z ^[[36;1mgit -c lfs.fetchexclude= lfs fetch --include="assets/models/player/runtime/*.glb,assets/models/player/viewmodel/runtime/*.glb,assets/models/props/runtime/*.glb,assets/models/props/runtime/*/*.glb,assets/models/weapons/runtime/*.glb,tests/fixtures/*/*.glb,assets/audio/music/what-the-dark-keeps/runtime/*.wav" && git lfs checkout "assets/models/player/runtime/*.glb" "assets/models/player/viewmodel/runtime/*.glb" "assets/models/props/runtime/*.glb" "assets/models/props/runtime/*/*.glb" "assets/models/weapons/runtime/*.glb" "tests/fixtures/*/*.glb" "assets/audio/music/what-the-dark-keeps/runtime/*.wav"^[[0m
Shared simulation host (GCC)	Fetch portable-test GLB and music PCM assets	2026-10-01T11:12:51.0740829Z shell: /usr/bin/bash -e {0}
Shared simulation host (GCC)	Fetch portable-test GLB and music PCM assets	2026-10-01T11:12:51.0741283Z ##[endgroup]
Shared simulation host (GCC)	Fetch portable-test GLB and music PCM assets	2026-10-01T11:12:51.1085504Z Fetching reference refs/heads/codex/horde-1.6.1-engineering-pass
Shared simulation host (GCC)	Fetch portable-test GLB and music PCM assets	2026-10-01T11:12:52.1875686Z Checking out LFS objects: 100% (62/62), 27 MB | 0 B/s, done.
Shared simulation host (GCC)	Configure non-hardware host tests	﻿2026-10-01T11:12:52.8300591Z ##[group]Run cmake -S . -B build/host-ci -DCMAKE_CXX_COMPILER=g++ -DCMAKE_BUILD_TYPE=Release -DBUILD_TESTING=ON -DHORDE_RT_BUILD_VULKAN_TARGETS=OFF
Shared simulation host (GCC)	Configure non-hardware host tests	2026-10-01T11:12:52.8301645Z ^[[36;1mcmake -S . -B build/host-ci -DCMAKE_CXX_COMPILER=g++ -DCMAKE_BUILD_TYPE=Release -DBUILD_TESTING=ON -DHORDE_RT_BUILD_VULKAN_TARGETS=OFF^[[0m
Shared simulation host (GCC)	Configure non-hardware host tests	2026-10-01T11:12:52.8368165Z shell: /usr/bin/bash -e {0}
Shared simulation host (GCC)	Configure non-hardware host tests	2026-10-01T11:12:52.8368446Z ##[endgroup]
Shared simulation host (GCC)	Configure non-hardware host tests	2026-10-01T11:12:53.0883491Z -- The CXX compiler identification is GNU 13.3.0
Shared simulation host (GCC)	Configure non-hardware host tests	2026-10-01T11:12:53.1072539Z -- Detecting CXX compiler ABI info
Shared simulation host (GCC)	Configure non-hardware host tests	2026-10-01T11:12:53.2160136Z -- Detecting CXX compiler ABI info - done
Shared simulation host (GCC)	Configure non-hardware host tests	2026-10-01T11:12:53.2406788Z -- Check for working CXX compiler: /usr/bin/g++ - skipped
Shared simulation host (GCC)	Configure non-hardware host tests	2026-10-01T11:12:53.2414485Z -- Detecting CXX compile features
Shared simulation host (GCC)	Configure non-hardware host tests	2026-10-01T11:12:53.2424284Z -- Detecting CXX compile features - done
Shared simulation host (GCC)	Configure non-hardware host tests	2026-10-01T11:12:56.2618997Z Generated RT catalog adapter is current.
Shared simulation host (GCC)	Configure non-hardware host tests	2026-10-01T11:12:56.3465671Z -- Strict non-contracted asset-transform arithmetic enabled for GltfDocument.cpp and StaticMeshAsset.cpp: -fno-fast-math;-ffp-contract=off
Shared simulation host (GCC)	Configure non-hardware host tests	2026-10-01T11:12:56.3491116Z -- Performing Test CMAKE_HAVE_LIBC_PTHREAD
Shared simulation host (GCC)	Configure non-hardware host tests	2026-10-01T11:12:56.4507260Z -- Performing Test CMAKE_HAVE_LIBC_PTHREAD - Success
Shared simulation host (GCC)	Configure non-hardware host tests	2026-10-01T11:12:56.4523335Z -- Found Threads: TRUE
Shared simulation host (GCC)	Configure non-hardware host tests	2026-10-01T11:12:57.3378794Z -- Legacy torch-failure identifiers were rejected by the configured GNU compiler.
Shared simulation host (GCC)	Configure non-hardware host tests	2026-10-01T11:12:57.3380400Z -- Horde Lantern RT: configuring shared host gameplay tests without Vulkan targets.
Shared simulation host (GCC)	Configure non-hardware host tests	2026-10-01T11:12:57.3382959Z -- Configuring done (4.4s)
Shared simulation host (GCC)	Configure non-hardware host tests	2026-10-01T11:12:57.4457376Z -- Generating done (0.1s)
Shared simulation host (GCC)	Configure non-hardware host tests	2026-10-01T11:12:57.4461050Z -- Build files have been written to: /home/runner/work/The-Horde-RT-demo/The-Horde-RT-demo/build/host-ci
Shared simulation host (GCC)	Build shared gameplay tests	﻿2026-10-01T11:12:57.4538364Z ##[group]Run cmake --build build/host-ci --config Release --parallel 2
Shared simulation host (GCC)	Build shared gameplay tests	2026-10-01T11:12:57.4538932Z ^[[36;1mcmake --build build/host-ci --config Release --parallel 2^[[0m
Shared simulation host (GCC)	Build shared gameplay tests	2026-10-01T11:12:57.4602572Z shell: /usr/bin/bash -e {0}
Shared simulation host (GCC)	Build shared gameplay tests	2026-10-01T11:12:57.4602903Z ##[endgroup]
Shared simulation host (GCC)	Build shared gameplay tests	2026-10-01T11:12:57.4905651Z [  1%] Building CXX object CMakeFiles/horde_rt_player_primitive_contract_tests.dir/tests/PlayerPrimitiveContractTests.cpp.o
Shared simulation host (GCC)	Build shared gameplay tests	2026-10-01T11:12:57.4907431Z [  1%] Building CXX object pocket-audio-core-native/CMakeFiles/pocket_audio_native_pcm.dir/src/PcmLoopStream.cpp.o
Shared simulation host (GCC)	Build shared gameplay tests	2026-10-01T11:12:57.8381869Z [  2%] Building CXX object pocket-audio-core-native/CMakeFiles/pocket_audio_native_pcm.dir/src/PcmWave.cpp.o
Shared simulation host (GCC)	Build shared gameplay tests	2026-10-01T11:12:58.2309074Z [  2%] Linking CXX static library libpocket_audio_native_pcm.a
Shared simulation host (GCC)	Build shared gameplay tests	2026-10-01T11:12:58.8095957Z [  3%] Linking CXX executable horde_rt_player_primitive_contract_tests
Shared simulation host (GCC)	Build shared gameplay tests	2026-10-01T11:12:58.8587216Z [  3%] Built target horde_rt_player_primitive_contract_tests
Shared simulation host (GCC)	Build shared gameplay tests	2026-10-01T11:12:58.8659678Z [  4%] Building CXX object CMakeFiles/horde_rt_staged_primary_contract_tests.dir/tests/StagedPrimaryContractTests.cpp.o
Shared simulation host (GCC)	Build shared gameplay tests	2026-10-01T11:12:59.1043525Z [  4%] Built target pocket_audio_native_pcm
Shared simulation host (GCC)	Build shared gameplay tests	2026-10-01T11:12:59.1122225Z [  5%] Building CXX object CMakeFiles/horde_rt_windows_benchmark_launch_tests.dir/tests/WindowsBenchmarkLaunchTests.cpp.o
Shared simulation host (GCC)	Build shared gameplay tests	2026-10-01T11:12:59.2241541Z [  6%] Linking CXX executable horde_rt_staged_primary_contract_tests
Shared simulation host (GCC)	Build shared gameplay tests	2026-10-01T11:12:59.2759357Z [  6%] Built target horde_rt_staged_primary_contract_tests
Shared simulation host (GCC)	Build shared gameplay tests	2026-10-01T11:12:59.2838456Z [  6%] Building CXX object CMakeFiles/horde_rt_evidence_publication_tests.dir/tests/RtEvidencePublicationTests.cpp.o
Shared simulation host (GCC)	Build shared gameplay tests	2026-10-01T11:12:59.6732868Z [  6%] Linking CXX executable horde_rt_windows_benchmark_launch_tests
Shared simulation host (GCC)	Build shared gameplay tests	2026-10-01T11:12:59.7252748Z [  6%] Built target horde_rt_windows_benchmark_launch_tests
Shared simulation host (GCC)	Build shared gameplay tests	2026-10-01T11:12:59.7323908Z [  6%] Building CXX object CMakeFiles/horde_rt_ray_tracing_requirements_tests.dir/tests/RayTracingRequirementsTests.cpp.o
Shared simulation host (GCC)	Build shared gameplay tests	2026-10-01T11:13:00.0056335Z [  7%] Building CXX object CMakeFiles/horde_rt_evidence_publication_tests.dir/src/telemetry/RtEvidencePublication.cpp.o
Shared simulation host (GCC)	Build shared gameplay tests	2026-10-01T11:13:00.2927664Z [  8%] Building CXX object CMakeFiles/horde_rt_ray_tracing_requirements_tests.dir/src/vulkan/raytracing/RayTracingRequirements.cpp.o
Shared simulation host (GCC)	Build shared gameplay tests	2026-10-01T11:13:00.5505045Z [  9%] Building CXX object CMakeFiles/horde_rt_evidence_publication_tests.dir/src/telemetry/RtPerformanceEvidence.cpp.o
Shared simulation host (GCC)	Build shared gameplay tests	2026-10-01T11:13:00.5566422Z [  9%] Linking CXX executable horde_rt_ray_tracing_requirements_tests
Shared simulation host (GCC)	Build shared gameplay tests	2026-10-01T11:13:00.6067681Z [  9%] Built target horde_rt_ray_tracing_requirements_tests
Shared simulation host (GCC)	Build shared gameplay tests	2026-10-01T11:13:00.6139345Z [  9%] Building CXX object CMakeFiles/horde_rt_performance_evidence_tests.dir/tests/RtPerformanceEvidenceTests.cpp.o
Shared simulation host (GCC)	Build shared gameplay tests	2026-10-01T11:13:01.8780878Z [  9%] Linking CXX executable horde_rt_evidence_publication_tests
Shared simulation host (GCC)	Build shared gameplay tests	2026-10-01T11:13:01.9370502Z [  9%] Built target horde_rt_evidence_publication_tests
Shared simulation host (GCC)	Build shared gameplay tests	2026-10-01T11:13:01.9449223Z [  9%] Building CXX object CMakeFiles/horde_rt_scene_record_observation_tests.dir/tests/RtSceneRecordObservationTests.cpp.o
Shared simulation host (GCC)	Build shared gameplay tests	2026-10-01T11:13:02.6410726Z [ 10%] Building CXX object CMakeFiles/horde_rt_performance_evidence_tests.dir/src/telemetry/RtPerformanceEvidence.cpp.o
Shared simulation host (GCC)	Build shared gameplay tests	2026-10-01T11:13:02.8779094Z [ 11%] Building CXX object CMakeFiles/horde_rt_scene_record_observation_tests.dir/src/telemetry/RtPerformanceEvidence.cpp.o
Shared simulation host (GCC)	Build shared gameplay tests	2026-10-01T11:13:04.1359903Z [ 11%] Linking CXX executable horde_rt_performance_evidence_tests
Shared simulation host (GCC)	Build shared gameplay tests	2026-10-01T11:13:04.2895509Z [ 11%] Built target horde_rt_performance_evidence_tests
Shared simulation host (GCC)	Build shared gameplay tests	2026-10-01T11:13:04.2978310Z [ 11%] Building CXX object CMakeFiles/horde_rt_pipeline_variants_tests.dir/tests/RtPipelineVariantsTests.cpp.o
Shared simulation host (GCC)	Build shared gameplay tests	2026-10-01T11:13:04.5281424Z [ 12%] Linking CXX executable horde_rt_scene_record_observation_tests
Shared simulation host (GCC)	Build shared gameplay tests	2026-10-01T11:13:04.6375697Z [ 12%] Built target horde_rt_scene_record_observation_tests
Shared simulation host (GCC)	Build shared gameplay tests	2026-10-01T11:13:04.6398448Z [ 13%] Building CXX object CMakeFiles/horde_rt_pipeline_variants_tests.dir/src/vulkan/raytracing/RtPipelineVariants.cpp.o
Shared simulation host (GCC)	Build shared gameplay tests	2026-10-01T11:13:04.7447268Z [ 14%] Building CXX object CMakeFiles/horde_rt_pipeline_variant_provider_tests.dir/tests/RtPipelineVariantProviderTests.cpp.o
Shared simulation host (GCC)	Build shared gameplay tests	2026-10-01T11:13:05.0076197Z [ 14%] Linking CXX executable horde_rt_pipeline_variants_tests
Shared simulation host (GCC)	Build shared gameplay tests	2026-10-01T11:13:05.0575903Z [ 14%] Built target horde_rt_pipeline_variants_tests
Shared simulation host (GCC)	Build shared gameplay tests	2026-10-01T11:13:05.0648878Z [ 15%] Building CXX object CMakeFiles/horde_rt_pipeline_bundle_contracts_tests.dir/tests/RtPipelineBundleContractsTests.cpp.o
Shared simulation host (GCC)	Build shared gameplay tests	2026-10-01T11:13:05.1375235Z [ 15%] Building CXX object CMakeFiles/horde_rt_pipeline_variant_provider_tests.dir/src/vulkan/raytracing/RtPipelineVariants.cpp.o
Shared simulation host (GCC)	Build shared gameplay tests	2026-10-01T11:13:05.4967664Z [ 16%] Building CXX object CMakeFiles/horde_rt_pipeline_variant_provider_tests.dir/src/vulkan/raytracing/RtPipelineVariantProvider.cpp.o
Shared simulation host (GCC)	Build shared gameplay tests	2026-10-01T11:13:05.5945102Z [ 17%] Building CXX object CMakeFiles/horde_rt_pipeline_bundle_contracts_tests.dir/src/vulkan/raytracing/RtPipelineBundleContracts.cpp.o
Shared simulation host (GCC)	Build shared gameplay tests	2026-10-01T11:13:06.2450606Z [ 18%] Linking CXX executable horde_rt_pipeline_variant_provider_tests
Shared simulation host (GCC)	Build shared gameplay tests	2026-10-01T11:13:06.2971372Z [ 18%] Built target horde_rt_pipeline_variant_provider_tests
Shared simulation host (GCC)	Build shared gameplay tests	2026-10-01T11:13:06.3041673Z [ 19%] Building CXX object CMakeFiles/horde_rtpv_0_0_obj.dir/src/vulkan/raytracing/RtPipelineVariantProvider.cpp.o
Shared simulation host (GCC)	Build shared gameplay tests	2026-10-01T11:13:06.5552234Z [ 19%] Building CXX object CMakeFiles/horde_rt_pipeline_bundle_contracts_tests.dir/src/vulkan/raytracing/RtPipelineVariants.cpp.o
Shared simulation host (GCC)	Build shared gameplay tests	2026-10-01T11:13:06.9165179Z [ 20%] Building CXX object CMakeFiles/horde_rt_pipeline_bundle_contracts_tests.dir/src/vulkan/raytracing/RtPipelineVariantProvider.cpp.o
Shared simulation host (GCC)	Build shared gameplay tests	2026-10-01T11:13:07.0677380Z [ 20%] Built target horde_rtpv_0_0_obj
Shared simulation host (GCC)	Build shared gameplay tests	2026-10-01T11:13:07.0755952Z [ 20%] Building CXX object CMakeFiles/horde_rtpv_0_1_obj.dir/src/vulkan/raytracing/RtPipelineVariantProvider.cpp.o
Shared simulation host (GCC)	Build shared gameplay tests	2026-10-01T11:13:07.6680811Z [ 20%] Linking CXX executable horde_rt_pipeline_bundle_contracts_tests
Shared simulation host (GCC)	Build shared gameplay tests	2026-10-01T11:13:07.7205376Z [ 20%] Built target horde_rt_pipeline_bundle_contracts_tests
Shared simulation host (GCC)	Build shared gameplay tests	2026-10-01T11:13:07.7275558Z [ 21%] Building CXX object CMakeFiles/horde_rtpv_1_0_obj.dir/src/vulkan/raytracing/RtPipelineVariantProvider.cpp.o
Shared simulation host (GCC)	Build shared gameplay tests	2026-10-01T11:13:07.8309945Z [ 21%] Built target horde_rtpv_0_1_obj
Shared simulation host (GCC)	Build shared gameplay tests	2026-10-01T11:13:07.8383715Z [ 22%] Building CXX object CMakeFiles/horde_rtpv_1_1_obj.dir/src/vulkan/raytracing/RtPipelineVariantProvider.cpp.o
Shared simulation host (GCC)	Build shared gameplay tests	2026-10-01T11:13:08.4868632Z [ 22%] Built target horde_rtpv_1_0_obj
Shared simulation host (GCC)	Build shared gameplay tests	2026-10-01T11:13:08.4949252Z [ 23%] Building CXX object CMakeFiles/horde_rt_github_release_updater_tests.dir/tests/GitHubReleaseUpdaterTests.cpp.o
Shared simulation host (GCC)	Build shared gameplay tests	2026-10-01T11:13:08.5898881Z [ 23%] Built target horde_rtpv_1_1_obj
Shared simulation host (GCC)	Build shared gameplay tests	2026-10-01T11:13:08.5975311Z [ 23%] Building CXX object CMakeFiles/horde_rt_version_contract_tests.dir/tests/VersionContractTests.cpp.o
Shared simulation host (GCC)	Build shared gameplay tests	2026-10-01T11:13:09.2469351Z [ 23%] Building CXX object CMakeFiles/horde_rt_github_release_updater_tests.dir/src/update/GitHubReleaseUpdater.cpp.o
Shared simulation host (GCC)	Build shared gameplay tests	2026-10-01T11:13:11.0539896Z [ 24%] Linking CXX executable horde_rt_github_release_updater_tests
Shared simulation host (GCC)	Build shared gameplay tests	2026-10-01T11:13:11.1056966Z [ 24%] Built target horde_rt_github_release_updater_tests
Shared simulation host (GCC)	Build shared gameplay tests	2026-10-01T11:13:11.1127115Z [ 24%] Building CXX object CMakeFiles/horde_rt_version_contract_incremental_configure_tests.dir/tests/VersionContractIncrementalConfigureTests.cpp.o
Shared simulation host (GCC)	Build shared gameplay tests	2026-10-01T11:13:12.7599837Z [ 25%] Linking CXX executable horde_rt_version_contract_incremental_configure_tests
Shared simulation host (GCC)	Build shared gameplay tests	2026-10-01T11:13:12.8080515Z [ 25%] Built target horde_rt_version_contract_incremental_configure_tests
Shared simulation host (GCC)	Build shared gameplay tests	2026-10-01T11:13:12.8152975Z [ 25%] Building CXX object CMakeFiles/horde_rt_dielectric_math_tests.dir/tests/DielectricMathTests.cpp.o
Shared simulation host (GCC)	Build shared gameplay tests	2026-10-01T11:13:13.0404436Z [ 26%] Linking CXX executable horde_rt_version_contract_tests
Shared simulation host (GCC)	Build shared gameplay tests	2026-10-01T11:13:13.0927329Z [ 26%] Built target horde_rt_version_contract_tests
Shared simulation host (GCC)	Build shared gameplay tests	2026-10-01T11:13:13.1001041Z [ 27%] Building CXX object CMakeFiles/horde_rt_scene_abi_tests.dir/tests/RtSceneAbiTests.cpp.o
Shared simulation host (GCC)	Build shared gameplay tests	2026-10-01T11:13:14.2649549Z [ 28%] Linking CXX executable horde_rt_dielectric_math_tests
Shared simulation host (GCC)	Build shared gameplay tests	2026-10-01T11:13:14.2856880Z [ 29%] Building CXX object CMakeFiles/horde_rt_scene_abi_tests.dir/src/vulkan/raytracing/RtStaticMeshSlot.cpp.o
Shared simulation host (GCC)	Build shared gameplay tests	2026-10-01T11:13:14.3153006Z [ 29%] Built target horde_rt_dielectric_math_tests
Shared simulation host (GCC)	Build shared gameplay tests	2026-10-01T11:13:14.3225504Z [ 29%] Building CXX object CMakeFiles/horde_rt_static_gltf_asset_tests.dir/tests/StaticGltfAssetTests.cpp.o
Shared simulation host (GCC)	Build shared gameplay tests	2026-10-01T11:13:16.1635363Z [ 29%] Building CXX object CMakeFiles/horde_rt_scene_abi_tests.dir/src/vulkan/raytracing/RtTextureArrays.cpp.o
Shared simulation host (GCC)	Build shared gameplay tests	2026-10-01T11:13:16.4226806Z [ 30%] Linking CXX executable horde_rt_scene_abi_tests
Shared simulation host (GCC)	Build shared gameplay tests	2026-10-01T11:13:16.4735586Z [ 30%] Built target horde_rt_scene_abi_tests
Shared simulation host (GCC)	Build shared gameplay tests	2026-10-01T11:13:16.4805810Z [ 30%] Building CXX object CMakeFiles/horde_rt_input_mailbox_stress.dir/tests/InputMailboxStress.cpp.o
Shared simulation host (GCC)	Build shared gameplay tests	2026-10-01T11:13:17.5156481Z [ 31%] Linking CXX executable horde_rt_input_mailbox_stress
Shared simulation host (GCC)	Build shared gameplay tests	2026-10-01T11:13:17.5640947Z [ 31%] Built target horde_rt_input_mailbox_stress
Shared simulation host (GCC)	Build shared gameplay tests	2026-10-01T11:13:17.5711223Z [ 32%] Building CXX object CMakeFiles/horde_rt_desktop_controller_input_tests.dir/tests/DesktopControllerInputTests.cpp.o
Shared simulation host (GCC)	Build shared gameplay tests	2026-10-01T11:13:18.4095819Z [ 33%] Linking CXX executable horde_rt_desktop_controller_input_tests
Shared simulation host (GCC)	Build shared gameplay tests	2026-10-01T11:13:18.4568215Z [ 33%] Built target horde_rt_desktop_controller_input_tests
Shared simulation host (GCC)	Build shared gameplay tests	2026-10-01T11:13:18.4637759Z [ 33%] Building CXX object CMakeFiles/horde_rt_gpu_timestamp_math_tests.dir/tests/GpuTimestampMathTests.cpp.o
Shared simulation host (GCC)	Build shared gameplay tests	2026-10-01T11:13:18.8815028Z [ 34%] Linking CXX executable horde_rt_gpu_timestamp_math_tests
Shared simulation host (GCC)	Build shared gameplay tests	2026-10-01T11:13:18.9323037Z [ 34%] Built target horde_rt_gpu_timestamp_math_tests
Shared simulation host (GCC)	Build shared gameplay tests	2026-10-01T11:13:18.9393504Z [ 35%] Building CXX object CMakeFiles/horde_rt_combat_smoke.dir/tests/SwordCombatSmoke.cpp.o
Shared simulation host (GCC)	Build shared gameplay tests	2026-10-01T11:13:19.6191720Z [ 36%] Building CXX object CMakeFiles/horde_rt_static_gltf_asset_tests.dir/src/scene/assets/AssetManifest.cpp.o
Shared simulation host (GCC)	Build shared gameplay tests	2026-10-01T11:13:20.3324818Z [ 36%] Linking CXX executable horde_rt_combat_smoke
Shared simulation host (GCC)	Build shared gameplay tests	2026-10-01T11:13:20.3874715Z [ 36%] Built target horde_rt_combat_smoke
Shared simulation host (GCC)	Build shared gameplay tests	2026-10-01T11:13:20.3944556Z [ 36%] Building CXX object CMakeFiles/horde_rt_showcase_route_smoke.dir/tests/ShowcaseRouteSmoke.cpp.o
Shared simulation host (GCC)	Build shared gameplay tests	2026-10-01T11:13:21.5853425Z [ 37%] Linking CXX executable horde_rt_showcase_route_smoke
Shared simulation host (GCC)	Build shared gameplay tests	2026-10-01T11:13:21.6382053Z [ 37%] Built target horde_rt_showcase_route_smoke
Shared simulation host (GCC)	Build shared gameplay tests	2026-10-01T11:13:21.6452024Z [ 38%] Building CXX object CMakeFiles/horde_rt_spatial_audio_smoke.dir/tests/SpatialAudioSmoke.cpp.o
Shared simulation host (GCC)	Build shared gameplay tests	2026-10-01T11:13:22.2384466Z [ 38%] Building CXX object CMakeFiles/horde_rt_static_gltf_asset_tests.dir/src/scene/assets/AssetValidation.cpp.o
Shared simulation host (GCC)	Build shared gameplay tests	2026-10-01T11:13:22.7594707Z [ 39%] Building CXX object CMakeFiles/horde_rt_static_gltf_asset_tests.dir/src/scene/assets/GltfDocument.cpp.o
Shared simulation host (GCC)	Build shared gameplay tests	2026-10-01T11:13:22.8771619Z [ 39%] Linking CXX executable horde_rt_spatial_audio_smoke
Shared simulation host (GCC)	Build shared gameplay tests	2026-10-01T11:13:22.9295591Z [ 39%] Built target horde_rt_spatial_audio_smoke
Shared simulation host (GCC)	Build shared gameplay tests	2026-10-01T11:13:22.9366269Z [ 40%] Building CXX object pocket-audio-core-native/CMakeFiles/pocket_audio_native_pcm_tests.dir/tests/PcmNativeTests.cpp.o
Shared simulation host (GCC)	Build shared gameplay tests	2026-10-01T11:13:24.2307268Z [ 41%] Linking CXX executable pocket_audio_native_pcm_tests
Shared simulation host (GCC)	Build shared gameplay tests	2026-10-01T11:13:24.2831889Z [ 41%] Built target pocket_audio_native_pcm_tests
Shared simulation host (GCC)	Build shared gameplay tests	2026-10-01T11:13:24.2910211Z [ 41%] Building CXX object CMakeFiles/horde_gameplay_simulation.dir/src/audio/MusicDirector.cpp.o
Shared simulation host (GCC)	Build shared gameplay tests	2026-10-01T11:13:25.3358909Z [ 42%] Building CXX object CMakeFiles/horde_gameplay_simulation.dir/src/audio/MusicPcmStream.cpp.o
Shared simulation host (GCC)	Build shared gameplay tests	2026-10-01T11:13:25.5253145Z [ 43%] Building CXX object CMakeFiles/horde_rt_static_gltf_asset_tests.dir/src/scene/assets/StaticMeshAsset.cpp.o
Shared simulation host (GCC)	Build shared gameplay tests	2026-10-01T11:13:26.1196943Z [ 43%] Building CXX object CMakeFiles/horde_gameplay_simulation.dir/src/audio/MusicPcmWave.cpp.o
Shared simulation host (GCC)	Build shared gameplay tests	2026-10-01T11:13:26.2820959Z [ 44%] Building CXX object CMakeFiles/horde_gameplay_simulation.dir/src/audio/MusicPcmAssetBank.cpp.o
Shared simulation host (GCC)	Build shared gameplay tests	2026-10-01T11:13:27.0780376Z [ 44%] Building CXX object CMakeFiles/horde_gameplay_simulation.dir/src/audio/MusicPlaybackSession.cpp.o
Shared simulation host (GCC)	Build shared gameplay tests	2026-10-01T11:13:27.8464489Z [ 45%] Building CXX object CMakeFiles/horde_gameplay_simulation.dir/src/reporting/PlaytestReport.cpp.o
Shared simulation host (GCC)	Build shared gameplay tests	2026-10-01T11:13:28.8983452Z [ 46%] Building CXX object CMakeFiles/horde_gameplay_simulation.dir/src/gameplay/simulation/GameSimulation.cpp.o
Shared simulation host (GCC)	Build shared gameplay tests	2026-10-01T11:13:29.4176134Z [ 46%] Building CXX object CMakeFiles/horde_rt_static_gltf_asset_tests.dir/src/vulkan/raytracing/RtStaticMeshSlot.cpp.o
Shared simulation host (GCC)	Build shared gameplay tests	2026-10-01T11:13:31.2632508Z [ 47%] Linking CXX executable horde_rt_static_gltf_asset_tests
Shared simulation host (GCC)	Build shared gameplay tests	2026-10-01T11:13:31.2677634Z [ 47%] Building CXX object CMakeFiles/horde_gameplay_simulation.dir/src/gameplay/animation/PlayerAnimationState.cpp.o
Shared simulation host (GCC)	Build shared gameplay tests	2026-10-01T11:13:31.3188667Z [ 47%] Built target horde_rt_static_gltf_asset_tests
Shared simulation host (GCC)	Build shared gameplay tests	2026-10-01T11:13:31.3261212Z [ 48%] Building CXX object CMakeFiles/horde_rt_provider_shipping_mobile_fixture.dir/tests/RtPipelineVariantFixture.cpp.o
Shared simulation host (GCC)	Build shared gameplay tests	2026-10-01T11:13:31.9098745Z [ 48%] Building CXX object CMakeFiles/horde_rt_provider_shipping_mobile_fixture.dir/src/vulkan/raytracing/RtPipelineBundleContracts.cpp.o
Shared simulation host (GCC)	Build shared gameplay tests	2026-10-01T11:13:32.0094893Z [ 49%] Building CXX object CMakeFiles/horde_gameplay_simulation.dir/src/gameplay/animation/PlayerIkTargets.cpp.o
Shared simulation host (GCC)	Build shared gameplay tests	2026-10-01T11:13:32.2760077Z [ 49%] Building CXX object CMakeFiles/horde_gameplay_simulation.dir/src/gameplay/effects/FireEmitterState.cpp.o
Shared simulation host (GCC)	Build shared gameplay tests	2026-10-01T11:13:32.5725775Z [ 50%] Building CXX object CMakeFiles/horde_gameplay_simulation.dir/src/gameplay/interactions/InteractionState.cpp.o
Shared simulation host (GCC)	Build shared gameplay tests	2026-10-01T11:13:32.8158597Z [ 51%] Building CXX object CMakeFiles/horde_gameplay_simulation.dir/src/gameplay/interactions/ChestRewardSequence.cpp.o
Shared simulation host (GCC)	Build shared gameplay tests	2026-10-01T11:13:32.8584624Z [ 52%] Building CXX object CMakeFiles/horde_rt_provider_shipping_mobile_fixture.dir/src/vulkan/raytracing/RtPipelineVariants.cpp.o
Shared simulation host (GCC)	Build shared gameplay tests	2026-10-01T11:13:33.0631266Z [ 52%] Building CXX object CMakeFiles/horde_gameplay_simulation.dir/src/gameplay/interactions/FinaleSequence.cpp.o
Shared simulation host (GCC)	Build shared gameplay tests	2026-10-01T11:13:33.2122588Z [ 53%] Linking CXX executable horde_rt_provider_shipping_mobile_fixture
Shared simulation host (GCC)	Build shared gameplay tests	2026-10-01T11:13:33.2625016Z [ 53%] Built target horde_rt_provider_shipping_mobile_fixture
Shared simulation host (GCC)	Build shared gameplay tests	2026-10-01T11:13:33.2697190Z [ 54%] Building CXX object CMakeFiles/horde_rt_provider_shipping_high_fixture.dir/tests/RtPipelineVariantFixture.cpp.o
Shared simulation host (GCC)	Build shared gameplay tests	2026-10-01T11:13:33.2994005Z [ 55%] Building CXX object CMakeFiles/horde_gameplay_simulation.dir/src/gameplay/items/LanternPendulum.cpp.o
Shared simulation host (GCC)	Build shared gameplay tests	2026-10-01T11:13:33.6372071Z [ 55%] Building CXX object CMakeFiles/horde_gameplay_simulation.dir/src/gameplay/items/HeldItemState.cpp.o
Shared simulation host (GCC)	Build shared gameplay tests	2026-10-01T11:13:33.7322758Z [ 56%] Building CXX object CMakeFiles/horde_gameplay_simulation.dir/src/gameplay/items/HeldItemKinematics.cpp.o
Shared simulation host (GCC)	Build shared gameplay tests	2026-10-01T11:13:33.8374913Z [ 56%] Building CXX object CMakeFiles/horde_rt_provider_shipping_high_fixture.dir/src/vulkan/raytracing/RtPipelineBundleContracts.cpp.o
Shared simulation host (GCC)	Build shared gameplay tests	2026-10-01T11:13:34.7603943Z [ 57%] Building CXX object CMakeFiles/horde_rt_provider_shipping_high_fixture.dir/src/vulkan/raytracing/RtPipelineVariants.cpp.o
Shared simulation host (GCC)	Build shared gameplay tests	2026-10-01T11:13:34.8708456Z [ 58%] Building CXX object CMakeFiles/horde_gameplay_simulation.dir/src/gameplay/items/HeldLightState.cpp.o
Shared simulation host (GCC)	Build shared gameplay tests	2026-10-01T11:13:35.1072279Z [ 58%] Linking CXX executable horde_rt_provider_shipping_high_fixture
Shared simulation host (GCC)	Build shared gameplay tests	2026-10-01T11:13:35.1608981Z [ 58%] Built target horde_rt_provider_shipping_high_fixture
Shared simulation host (GCC)	Build shared gameplay tests	2026-10-01T11:13:35.1680852Z [ 58%] Building CXX object CMakeFiles/horde_rt_provider_diagnostic_mobile_fixture.dir/tests/RtPipelineVariantFixture.cpp.o
Shared simulation host (GCC)	Build shared gameplay tests	2026-10-01T11:13:35.5530862Z [ 58%] Linking CXX static library libhorde_gameplay_simulation.a
Shared simulation host (GCC)	Build shared gameplay tests	2026-10-01T11:13:35.6525904Z [ 58%] Built target horde_gameplay_simulation
Shared simulation host (GCC)	Build shared gameplay tests	2026-10-01T11:13:35.6600329Z [ 59%] Building CXX object CMakeFiles/horde_rt_provider_diagnostic_high_fixture.dir/tests/RtPipelineVariantFixture.cpp.o
Shared simulation host (GCC)	Build shared gameplay tests	2026-10-01T11:13:35.7507518Z [ 60%] Building CXX object CMakeFiles/horde_rt_provider_diagnostic_mobile_fixture.dir/src/vulkan/raytracing/RtPipelineBundleContracts.cpp.o
Shared simulation host (GCC)	Build shared gameplay tests	2026-10-01T11:13:36.2469555Z [ 60%] Building CXX object CMakeFiles/horde_rt_provider_diagnostic_high_fixture.dir/src/vulkan/raytracing/RtPipelineBundleContracts.cpp.o
Shared simulation host (GCC)	Build shared gameplay tests	2026-10-01T11:13:36.6743583Z [ 60%] Building CXX object CMakeFiles/horde_rt_provider_diagnostic_mobile_fixture.dir/src/vulkan/raytracing/RtPipelineVariants.cpp.o
Shared simulation host (GCC)	Build shared gameplay tests	2026-10-01T11:13:37.0232679Z [ 61%] Linking CXX executable horde_rt_provider_diagnostic_mobile_fixture
Shared simulation host (GCC)	Build shared gameplay tests	2026-10-01T11:13:37.0739290Z [ 61%] Built target horde_rt_provider_diagnostic_mobile_fixture
Shared simulation host (GCC)	Build shared gameplay tests	2026-10-01T11:13:37.0811985Z [ 62%] Building CXX object CMakeFiles/horde_rt_player_animation_tests.dir/tests/PlayerAnimationTests.cpp.o
Shared simulation host (GCC)	Build shared gameplay tests	2026-10-01T11:13:37.1642087Z [ 63%] Building CXX object CMakeFiles/horde_rt_provider_diagnostic_high_fixture.dir/src/vulkan/raytracing/RtPipelineVariants.cpp.o
Shared simulation host (GCC)	Build shared gameplay tests	2026-10-01T11:13:37.5140717Z [ 64%] Linking CXX executable horde_rt_provider_diagnostic_high_fixture
Shared simulation host (GCC)	Build shared gameplay tests	2026-10-01T11:13:37.5662163Z [ 64%] Built target horde_rt_provider_diagnostic_high_fixture
Shared simulation host (GCC)	Build shared gameplay tests	2026-10-01T11:13:37.5733181Z [ 65%] Building CXX object CMakeFiles/horde_rt_fire_emitter_tests.dir/tests/FireEmitterTests.cpp.o
Shared simulation host (GCC)	Build shared gameplay tests	2026-10-01T11:13:38.3301554Z [ 66%] Building CXX object CMakeFiles/horde_rt_player_animation_tests.dir/src/telemetry/RtPerformanceEvidence.cpp.o
Shared simulation host (GCC)	Build shared gameplay tests	2026-10-01T11:13:38.4499751Z [ 66%] Building CXX object CMakeFiles/horde_rt_fire_emitter_tests.dir/src/vulkan/raytracing/FireEmitterBuffer.cpp.o
Shared simulation host (GCC)	Build shared gameplay tests	2026-10-01T11:13:39.3070547Z [ 67%] Linking CXX executable horde_rt_fire_emitter_tests
Shared simulation host (GCC)	Build shared gameplay tests	2026-10-01T11:13:39.3644264Z [ 67%] Built target horde_rt_fire_emitter_tests
Shared simulation host (GCC)	Build shared gameplay tests	2026-10-01T11:13:39.3717368Z [ 68%] Building CXX object CMakeFiles/horde_rt_held_item_socket_tests.dir/tests/HeldItemSocketTests.cpp.o
Shared simulation host (GCC)	Build shared gameplay tests	2026-10-01T11:13:39.5905954Z [ 68%] Building CXX object CMakeFiles/horde_rt_player_animation_tests.dir/src/scene/assets/SkinnedMeshAsset.cpp.o
Shared simulation host (GCC)	Build shared gameplay tests	2026-10-01T11:13:40.9522230Z [ 68%] Building CXX object CMakeFiles/horde_rt_held_item_socket_tests.dir/src/scene/assets/AssetManifest.cpp.o
Shared simulation host (GCC)	Build shared gameplay tests	2026-10-01T11:13:42.9666609Z [ 69%] Building CXX object CMakeFiles/horde_rt_player_animation_tests.dir/src/vulkan/raytracing/PlayerRenderSlot.cpp.o
Shared simulation host (GCC)	Build shared gameplay tests	2026-10-01T11:13:43.5459161Z [ 70%] Building CXX object CMakeFiles/horde_rt_held_item_socket_tests.dir/src/scene/assets/AssetValidation.cpp.o
Shared simulation host (GCC)	Build shared gameplay tests	2026-10-01T11:13:44.0819047Z [ 70%] Building CXX object CMakeFiles/horde_rt_held_item_socket_tests.dir/src/scene/assets/GltfDocument.cpp.o
Shared simulation host (GCC)	Build shared gameplay tests	2026-10-01T11:13:44.9185784Z [ 70%] Linking CXX executable horde_rt_player_animation_tests
Shared simulation host (GCC)	Build shared gameplay tests	2026-10-01T11:13:44.9778725Z [ 70%] Built target horde_rt_player_animation_tests
Shared simulation host (GCC)	Build shared gameplay tests	2026-10-01T11:13:44.9849379Z [ 70%] Building CXX object CMakeFiles/horde_rt_development_static_asset_tests.dir/tests/DevelopmentStaticAssetTests.cpp.o
Shared simulation host (GCC)	Build shared gameplay tests	2026-10-01T11:13:45.9863104Z [ 71%] Linking CXX executable horde_rt_development_static_asset_tests
Shared simulation host (GCC)	Build shared gameplay tests	2026-10-01T11:13:46.0393543Z [ 71%] Built target horde_rt_development_static_asset_tests
Shared simulation host (GCC)	Build shared gameplay tests	2026-10-01T11:13:46.0467198Z [ 71%] Building CXX object CMakeFiles/horde_rt_production_prop_asset_tests.dir/tests/ProductionPropAssetTests.cpp.o
Shared simulation host (GCC)	Build shared gameplay tests	2026-10-01T11:13:46.7362899Z [ 72%] Building CXX object CMakeFiles/horde_rt_held_item_socket_tests.dir/src/scene/assets/StaticMeshAsset.cpp.o
Shared simulation host (GCC)	Build shared gameplay tests	2026-10-01T11:13:49.4135485Z [ 73%] Building CXX object CMakeFiles/horde_rt_production_prop_asset_tests.dir/src/scene/assets/AssetManifest.cpp.o
Shared simulation host (GCC)	Build shared gameplay tests	2026-10-01T11:13:50.6517356Z [ 73%] Building CXX object CMakeFiles/horde_rt_held_item_socket_tests.dir/src/vulkan/raytracing/HeldItemRenderSlot.cpp.o
Shared simulation host (GCC)	Build shared gameplay tests	2026-10-01T11:13:50.7255350Z [ 74%] Building CXX object CMakeFiles/horde_rt_held_item_socket_tests.dir/src/vulkan/raytracing/RtStaticMeshSlot.cpp.o
Shared simulation host (GCC)	Build shared gameplay tests	2026-10-01T11:13:52.0283443Z [ 74%] Building CXX object CMakeFiles/horde_rt_production_prop_asset_tests.dir/src/scene/assets/AssetValidation.cpp.o
Shared simulation host (GCC)	Build shared gameplay tests	2026-10-01T11:13:52.5545333Z [ 75%] Building CXX object CMakeFiles/horde_rt_production_prop_asset_tests.dir/src/scene/assets/GltfDocument.cpp.o
Shared simulation host (GCC)	Build shared gameplay tests	2026-10-01T11:13:52.6201866Z [ 76%] Linking CXX executable horde_rt_held_item_socket_tests
Shared simulation host (GCC)	Build shared gameplay tests	2026-10-01T11:13:52.6806925Z [ 76%] Built target horde_rt_held_item_socket_tests
Shared simulation host (GCC)	Build shared gameplay tests	2026-10-01T11:13:52.6879215Z [ 77%] Building CXX object CMakeFiles/horde_rt_simulation_timing_tests.dir/tests/SimulationTimingTests.cpp.o
Shared simulation host (GCC)	Build shared gameplay tests	2026-10-01T11:13:53.5634360Z [ 77%] Linking CXX executable horde_rt_simulation_timing_tests
Shared simulation host (GCC)	Build shared gameplay tests	2026-10-01T11:13:53.6179689Z [ 77%] Built target horde_rt_simulation_timing_tests
Shared simulation host (GCC)	Build shared gameplay tests	2026-10-01T11:13:53.6255552Z [ 77%] Building CXX object CMakeFiles/horde_rt_simulation_gameplay_tests.dir/tests/SimulationGameplayTests.cpp.o
Shared simulation host (GCC)	Build shared gameplay tests	2026-10-01T11:13:55.1554599Z [ 78%] Linking CXX executable horde_rt_simulation_gameplay_tests
Shared simulation host (GCC)	Build shared gameplay tests	2026-10-01T11:13:55.1732507Z [ 79%] Building CXX object CMakeFiles/horde_rt_production_prop_asset_tests.dir/src/scene/assets/StaticMeshAsset.cpp.o
Shared simulation host (GCC)	Build shared gameplay tests	2026-10-01T11:13:55.2091787Z [ 79%] Built target horde_rt_simulation_gameplay_tests
Shared simulation host (GCC)	Build shared gameplay tests	2026-10-01T11:13:55.2162117Z [ 79%] Building CXX object CMakeFiles/horde_rt_music_director_tests.dir/tests/MusicDirectorTests.cpp.o
Shared simulation host (GCC)	Build shared gameplay tests	2026-10-01T11:13:56.2125116Z [ 80%] Linking CXX executable horde_rt_music_director_tests
Shared simulation host (GCC)	Build shared gameplay tests	2026-10-01T11:13:56.2681623Z [ 80%] Built target horde_rt_music_director_tests
Shared simulation host (GCC)	Build shared gameplay tests	2026-10-01T11:13:56.2756972Z [ 81%] Building CXX object CMakeFiles/horde_rt_music_pcm_stream_tests.dir/tests/MusicPcmStreamTests.cpp.o
Shared simulation host (GCC)	Build shared gameplay tests	2026-10-01T11:13:57.2993575Z [ 81%] Linking CXX executable horde_rt_music_pcm_stream_tests
Shared simulation host (GCC)	Build shared gameplay tests	2026-10-01T11:13:57.3501170Z [ 81%] Built target horde_rt_music_pcm_stream_tests
Shared simulation host (GCC)	Build shared gameplay tests	2026-10-01T11:13:57.3572466Z [ 82%] Building CXX object CMakeFiles/horde_rt_music_pcm_wave_tests.dir/tests/MusicPcmWaveTests.cpp.o
Shared simulation host (GCC)	Build shared gameplay tests	2026-10-01T11:13:58.9536501Z [ 82%] Linking CXX executable horde_rt_music_pcm_wave_tests
Shared simulation host (GCC)	Build shared gameplay tests	2026-10-01T11:13:58.9539141Z [ 82%] Linking CXX executable horde_rt_production_prop_asset_tests
Shared simulation host (GCC)	Build shared gameplay tests	2026-10-01T11:13:59.0033407Z [ 82%] Built target horde_rt_music_pcm_wave_tests
Shared simulation host (GCC)	Build shared gameplay tests	2026-10-01T11:13:59.0089312Z [ 82%] Built target horde_rt_production_prop_asset_tests
Shared simulation host (GCC)	Build shared gameplay tests	2026-10-01T11:13:59.0105168Z [ 82%] Building CXX object CMakeFiles/horde_rt_music_pcm_asset_bank_tests.dir/tests/MusicPcmAssetBankTests.cpp.o
Shared simulation host (GCC)	Build shared gameplay tests	2026-10-01T11:13:59.0161690Z [ 83%] Building CXX object CMakeFiles/horde_rt_music_playback_session_tests.dir/tests/MusicPlaybackSessionTests.cpp.o
Shared simulation host (GCC)	Build shared gameplay tests	2026-10-01T11:13:59.9916803Z [ 84%] Linking CXX executable horde_rt_music_pcm_asset_bank_tests
Shared simulation host (GCC)	Build shared gameplay tests	2026-10-01T11:14:00.0463216Z [ 84%] Built target horde_rt_music_pcm_asset_bank_tests
Shared simulation host (GCC)	Build shared gameplay tests	2026-10-01T11:14:00.0534911Z [ 84%] Building CXX object CMakeFiles/horde_rt_playtest_report_tests.dir/tests/PlaytestReportTests.cpp.o
Shared simulation host (GCC)	Build shared gameplay tests	2026-10-01T11:14:00.2150879Z [ 85%] Linking CXX executable horde_rt_music_playback_session_tests
Shared simulation host (GCC)	Build shared gameplay tests	2026-10-01T11:14:00.2717373Z [ 85%] Built target horde_rt_music_playback_session_tests
Shared simulation host (GCC)	Build shared gameplay tests	2026-10-01T11:14:00.2787699Z [ 85%] Building CXX object CMakeFiles/horde_rt_lantern_reward_tests.dir/tests/LanternRewardTests.cpp.o
Shared simulation host (GCC)	Build shared gameplay tests	2026-10-01T11:14:00.6778256Z [ 86%] Linking CXX executable horde_rt_playtest_report_tests
Shared simulation host (GCC)	Build shared gameplay tests	2026-10-01T11:14:00.7296572Z [ 86%] Built target horde_rt_playtest_report_tests
Shared simulation host (GCC)	Build shared gameplay tests	2026-10-01T11:14:00.7367657Z [ 87%] Building CXX object CMakeFiles/horde_rt_lantern_pendulum_tests.dir/tests/LanternPendulumTests.cpp.o
Shared simulation host (GCC)	Build shared gameplay tests	2026-10-01T11:14:01.2880385Z [ 88%] Linking CXX executable horde_rt_lantern_reward_tests
Shared simulation host (GCC)	Build shared gameplay tests	2026-10-01T11:14:01.3449372Z [ 88%] Built target horde_rt_lantern_reward_tests
Shared simulation host (GCC)	Build shared gameplay tests	2026-10-01T11:14:01.3519322Z [ 88%] Building CXX object CMakeFiles/horde_rt_showcase_gameplay_smoke.dir/tests/ShowcaseGameplaySmoke.cpp.o
Shared simulation host (GCC)	Build shared gameplay tests	2026-10-01T11:14:01.5703921Z [ 89%] Linking CXX executable horde_rt_lantern_pendulum_tests
Shared simulation host (GCC)	Build shared gameplay tests	2026-10-01T11:14:01.6275064Z [ 89%] Built target horde_rt_lantern_pendulum_tests
Shared simulation host (GCC)	Build shared gameplay tests	2026-10-01T11:14:01.6348395Z [ 89%] Building CXX object CMakeFiles/horde_rt_lantern_benchmark_tests.dir/tests/LanternBenchmarkTests.cpp.o
Shared simulation host (GCC)	Build shared gameplay tests	2026-10-01T11:14:02.5966706Z [ 90%] Building CXX object CMakeFiles/horde_rt_lantern_benchmark_tests.dir/src/gameplay/ShowcaseBenchmark.cpp.o
Shared simulation host (GCC)	Build shared gameplay tests	2026-10-01T11:14:02.7925997Z [ 91%] Linking CXX executable horde_rt_showcase_gameplay_smoke
Shared simulation host (GCC)	Build shared gameplay tests	2026-10-01T11:14:02.8456820Z [ 91%] Built target horde_rt_showcase_gameplay_smoke
Shared simulation host (GCC)	Build shared gameplay tests	2026-10-01T11:14:02.8532128Z [ 92%] Building CXX object CMakeFiles/horde_rt_benchmark_evidence_report_tests.dir/tests/RtBenchmarkEvidenceReportTests.cpp.o
Shared simulation host (GCC)	Build shared gameplay tests	2026-10-01T11:14:03.8929038Z [ 92%] Building CXX object CMakeFiles/horde_rt_benchmark_evidence_report_tests.dir/src/gameplay/ShowcaseBenchmark.cpp.o
Shared simulation host (GCC)	Build shared gameplay tests	2026-10-01T11:14:04.1672894Z [ 93%] Building CXX object CMakeFiles/horde_rt_lantern_benchmark_tests.dir/src/telemetry/RtBenchmarkEvidenceReport.cpp.o
Shared simulation host (GCC)	Build shared gameplay tests	2026-10-01T11:14:05.2854937Z [ 93%] Building CXX object CMakeFiles/horde_rt_lantern_benchmark_tests.dir/src/telemetry/RtBenchmarkEvidenceRun.cpp.o
Shared simulation host (GCC)	Build shared gameplay tests	2026-10-01T11:14:05.4486831Z [ 94%] Building CXX object CMakeFiles/horde_rt_benchmark_evidence_report_tests.dir/src/telemetry/RtBenchmarkEvidenceReport.cpp.o
Shared simulation host (GCC)	Build shared gameplay tests	2026-10-01T11:14:05.9795485Z [ 95%] Building CXX object CMakeFiles/horde_rt_lantern_benchmark_tests.dir/src/telemetry/RtPerformanceEvidence.cpp.o
Shared simulation host (GCC)	Build shared gameplay tests	2026-10-01T11:14:06.5736794Z [ 95%] Building CXX object CMakeFiles/horde_rt_benchmark_evidence_report_tests.dir/src/telemetry/RtBenchmarkEvidenceRun.cpp.o
Shared simulation host (GCC)	Build shared gameplay tests	2026-10-01T11:14:07.2300734Z [ 95%] Linking CXX executable horde_rt_lantern_benchmark_tests
Shared simulation host (GCC)	Build shared gameplay tests	2026-10-01T11:14:07.2559033Z [ 96%] Building CXX object CMakeFiles/horde_rt_benchmark_evidence_report_tests.dir/src/telemetry/RtPerformanceEvidence.cpp.o
Shared simulation host (GCC)	Build shared gameplay tests	2026-10-01T11:14:07.2898623Z [ 96%] Built target horde_rt_lantern_benchmark_tests
Shared simulation host (GCC)	Build shared gameplay tests	2026-10-01T11:14:07.2971369Z [ 96%] Building CXX object CMakeFiles/horde_rt_benchmark_evidence_run_tests.dir/tests/RtBenchmarkEvidenceRunTests.cpp.o
Shared simulation host (GCC)	Build shared gameplay tests	2026-10-01T11:14:08.4353636Z [ 97%] Building CXX object CMakeFiles/horde_rt_benchmark_evidence_run_tests.dir/src/telemetry/RtBenchmarkEvidenceRun.cpp.o
Shared simulation host (GCC)	Build shared gameplay tests	2026-10-01T11:14:08.5109920Z [ 98%] Linking CXX executable horde_rt_benchmark_evidence_report_tests
Shared simulation host (GCC)	Build shared gameplay tests	2026-10-01T11:14:08.5639698Z [ 98%] Built target horde_rt_benchmark_evidence_report_tests
Shared simulation host (GCC)	Build shared gameplay tests	2026-10-01T11:14:08.5662840Z [ 98%] Building CXX object CMakeFiles/horde_rt_benchmark_evidence_run_tests.dir/src/telemetry/RtBenchmarkEvidenceReport.cpp.o
Shared simulation host (GCC)	Build shared gameplay tests	2026-10-01T11:14:09.1360390Z [ 99%] Building CXX object CMakeFiles/horde_rt_benchmark_evidence_run_tests.dir/src/telemetry/RtPerformanceEvidence.cpp.o
Shared simulation host (GCC)	Build shared gameplay tests	2026-10-01T11:14:09.6940640Z [100%] Building CXX object CMakeFiles/horde_rt_benchmark_evidence_run_tests.dir/src/gameplay/ShowcaseBenchmark.cpp.o
Shared simulation host (GCC)	Build shared gameplay tests	2026-10-01T11:14:11.2390657Z [100%] Linking CXX executable horde_rt_benchmark_evidence_run_tests
Shared simulation host (GCC)	Build shared gameplay tests	2026-10-01T11:14:11.2908703Z [100%] Built target horde_rt_benchmark_evidence_run_tests
Shared simulation host (GCC)	Run shared gameplay tests	﻿2026-10-01T11:14:11.3066110Z ##[group]Run ctest --test-dir build/host-ci --build-config Release --output-on-failure --no-tests=error 
Shared simulation host (GCC)	Run shared gameplay tests	2026-10-01T11:14:11.3066967Z ^[[36;1mctest --test-dir build/host-ci --build-config Release --output-on-failure --no-tests=error ^[[0m
Shared simulation host (GCC)	Run shared gameplay tests	2026-10-01T11:14:11.3131167Z shell: /usr/bin/bash -e {0}
Shared simulation host (GCC)	Run shared gameplay tests	2026-10-01T11:14:11.3131487Z ##[endgroup]
Shared simulation host (GCC)	Run shared gameplay tests	2026-10-01T11:14:11.7015741Z Internal ctest changing into directory: /home/runner/work/The-Horde-RT-demo/The-Horde-RT-demo/build/host-ci
Shared simulation host (GCC)	Run shared gameplay tests	2026-10-01T11:14:11.7771300Z Test project /home/runner/work/The-Horde-RT-demo/The-Horde-RT-demo/build/host-ci
Shared simulation host (GCC)	Run shared gameplay tests	2026-10-01T11:14:11.8365330Z       Start  1: horde_rt_player_primitive_contract_tests
Shared simulation host (GCC)	Run shared gameplay tests	2026-10-01T11:14:11.8448034Z  1/55 Test  #1: horde_rt_player_primitive_contract_tests ................   Passed    0.00 sec
Shared simulation host (GCC)	Run shared gameplay tests	2026-10-01T11:14:11.8507945Z       Start  2: horde_rt_raygen_artifact_ownership_tests
Shared simulation host (GCC)	Run shared gameplay tests	2026-10-01T11:14:12.8767683Z  2/55 Test  #2: horde_rt_raygen_artifact_ownership_tests ................   Passed    1.03 sec
Shared simulation host (GCC)	Run shared gameplay tests	2026-10-01T11:14:12.8770961Z       Start  3: horde_rt_player_manifest_agreement_tests
Shared simulation host (GCC)	Run shared gameplay tests	2026-10-01T11:14:13.7686287Z  3/55 Test  #3: horde_rt_player_manifest_agreement_tests ................   Passed    0.89 sec
Shared simulation host (GCC)	Run shared gameplay tests	2026-10-01T11:14:13.7687853Z       Start  4: horde_rt_player_package_inventory_tests
Shared simulation host (GCC)	Run shared gameplay tests	2026-10-01T11:14:14.7356693Z  4/55 Test  #4: horde_rt_player_package_inventory_tests .................   Passed    0.97 sec
Shared simulation host (GCC)	Run shared gameplay tests	2026-10-01T11:14:14.7358168Z       Start  5: horde_rt_staged_primary_contract_tests
Shared simulation host (GCC)	Run shared gameplay tests	2026-10-01T11:14:14.7376235Z  5/55 Test  #5: horde_rt_staged_primary_contract_tests ..................   Passed    0.00 sec
Shared simulation host (GCC)	Run shared gameplay tests	2026-10-01T11:14:14.7377650Z       Start  6: horde_rt_lantern_benchmark_tests
Shared simulation host (GCC)	Run shared gameplay tests	2026-10-01T11:14:14.7532457Z  6/55 Test  #6: horde_rt_lantern_benchmark_tests ........................   Passed    0.02 sec
Shared simulation host (GCC)	Run shared gameplay tests	2026-10-01T11:14:14.7533821Z       Start  7: horde_rt_benchmark_evidence_report_tests
Shared simulation host (GCC)	Run shared gameplay tests	2026-10-01T11:14:14.7560471Z  7/55 Test  #7: horde_rt_benchmark_evidence_report_tests ................   Passed    0.00 sec
Shared simulation host (GCC)	Run shared gameplay tests	2026-10-01T11:14:14.7561767Z       Start  8: horde_rt_windows_benchmark_launch_tests
Shared simulation host (GCC)	Run shared gameplay tests	2026-10-01T11:14:14.7576665Z  8/55 Test  #8: horde_rt_windows_benchmark_launch_tests .................   Passed    0.00 sec
Shared simulation host (GCC)	Run shared gameplay tests	2026-10-01T11:14:14.7578027Z       Start  9: horde_rt_benchmark_evidence_run_tests
Shared simulation host (GCC)	Run shared gameplay tests	2026-10-01T11:14:14.7657603Z  9/55 Test  #9: horde_rt_benchmark_evidence_run_tests ...................   Passed    0.01 sec
Shared simulation host (GCC)	Run shared gameplay tests	2026-10-01T11:14:14.7659030Z       Start 10: horde_rt_evidence_publication_tests
Shared simulation host (GCC)	Run shared gameplay tests	2026-10-01T11:14:14.7677451Z 10/55 Test #10: horde_rt_evidence_publication_tests .....................   Passed    0.00 sec
Shared simulation host (GCC)	Run shared gameplay tests	2026-10-01T11:14:14.7678841Z       Start 11: horde_rt_ray_tracing_requirements_tests
Shared simulation host (GCC)	Run shared gameplay tests	2026-10-01T11:14:14.7694203Z 11/55 Test #11: horde_rt_ray_tracing_requirements_tests .................   Passed    0.00 sec
Shared simulation host (GCC)	Run shared gameplay tests	2026-10-01T11:14:14.7695848Z       Start 12: horde_rt_performance_evidence_tests
Shared simulation host (GCC)	Run shared gameplay tests	2026-10-01T11:14:15.0571822Z 12/55 Test #12: horde_rt_performance_evidence_tests .....................   Passed    0.29 sec
Shared simulation host (GCC)	Run shared gameplay tests	2026-10-01T11:14:15.0573579Z       Start 13: horde_rt_scene_record_observation_tests
Shared simulation host (GCC)	Run shared gameplay tests	2026-10-01T11:14:15.0592836Z 13/55 Test #13: horde_rt_scene_record_observation_tests .................   Passed    0.00 sec
Shared simulation host (GCC)	Run shared gameplay tests	2026-10-01T11:14:15.0594256Z       Start 14: horde_rt_pipeline_variants_tests
Shared simulation host (GCC)	Run shared gameplay tests	2026-10-01T11:14:15.0611323Z 14/55 Test #14: horde_rt_pipeline_variants_tests ........................   Passed    0.00 sec
Shared simulation host (GCC)	Run shared gameplay tests	2026-10-01T11:14:15.0612683Z       Start 15: horde_rt_pipeline_variant_provider_tests
Shared simulation host (GCC)	Run shared gameplay tests	2026-10-01T11:14:15.0629674Z 15/55 Test #15: horde_rt_pipeline_variant_provider_tests ................   Passed    0.00 sec
Shared simulation host (GCC)	Run shared gameplay tests	2026-10-01T11:14:15.0630993Z       Start 16: horde_rt_pipeline_bundle_contracts_tests
Shared simulation host (GCC)	Run shared gameplay tests	2026-10-01T11:14:15.0805451Z 16/55 Test #16: horde_rt_pipeline_bundle_contracts_tests ................   Passed    0.02 sec
Shared simulation host (GCC)	Run shared gameplay tests	2026-10-01T11:14:15.0806771Z       Start 17: horde_rt_provider_shipping_mobile_fixture
Shared simulation host (GCC)	Run shared gameplay tests	2026-10-01T11:14:15.0863433Z 17/55 Test #17: horde_rt_provider_shipping_mobile_fixture ...............   Passed    0.01 sec
Shared simulation host (GCC)	Run shared gameplay tests	2026-10-01T11:14:15.0865172Z       Start 18: horde_rt_provider_shipping_mobile_fixture_evidence
Shared simulation host (GCC)	Run shared gameplay tests	2026-10-01T11:14:32.0343811Z 18/55 Test #18: horde_rt_provider_shipping_mobile_fixture_evidence ......   Passed   16.95 sec
Shared simulation host (GCC)	Run shared gameplay tests	2026-10-01T11:14:32.0345220Z       Start 19: horde_rt_provider_shipping_high_fixture
Shared simulation host (GCC)	Run shared gameplay tests	2026-10-01T11:14:32.0401601Z 19/55 Test #19: horde_rt_provider_shipping_high_fixture .................   Passed    0.01 sec
Shared simulation host (GCC)	Run shared gameplay tests	2026-10-01T11:14:32.0402990Z       Start 20: horde_rt_provider_shipping_high_fixture_evidence
Shared simulation host (GCC)	Run shared gameplay tests	2026-10-01T11:14:47.5585976Z 20/55 Test #20: horde_rt_provider_shipping_high_fixture_evidence ........   Passed   15.52 sec
Shared simulation host (GCC)	Run shared gameplay tests	2026-10-01T11:14:47.5587196Z       Start 21: horde_rt_provider_diagnostic_mobile_fixture
Shared simulation host (GCC)	Run shared gameplay tests	2026-10-01T11:14:47.5645262Z 21/55 Test #21: horde_rt_provider_diagnostic_mobile_fixture .............   Passed    0.01 sec
Shared simulation host (GCC)	Run shared gameplay tests	2026-10-01T11:14:47.5646980Z       Start 22: horde_rt_provider_diagnostic_mobile_fixture_evidence
Shared simulation host (GCC)	Run shared gameplay tests	2026-10-01T11:15:02.7187666Z 22/55 Test #22: horde_rt_provider_diagnostic_mobile_fixture_evidence ....   Passed   15.15 sec
Shared simulation host (GCC)	Run shared gameplay tests	2026-10-01T11:15:02.7194458Z       Start 23: horde_rt_provider_diagnostic_high_fixture
Shared simulation host (GCC)	Run shared gameplay tests	2026-10-01T11:15:02.7247867Z 23/55 Test #23: horde_rt_provider_diagnostic_high_fixture ...............   Passed    0.01 sec
Shared simulation host (GCC)	Run shared gameplay tests	2026-10-01T11:15:02.7249529Z       Start 24: horde_rt_provider_diagnostic_high_fixture_evidence
Shared simulation host (GCC)	Run shared gameplay tests	2026-10-01T11:15:18.0047633Z 24/55 Test #24: horde_rt_provider_diagnostic_high_fixture_evidence ......   Passed   15.28 sec
Shared simulation host (GCC)	Run shared gameplay tests	2026-10-01T11:15:18.0048722Z       Start 25: horde_rt_github_release_updater_tests
Shared simulation host (GCC)	Run shared gameplay tests	2026-10-01T11:15:18.0070549Z 25/55 Test #25: horde_rt_github_release_updater_tests ...................   Passed    0.00 sec
Shared simulation host (GCC)	Run shared gameplay tests	2026-10-01T11:15:18.0071990Z       Start 26: horde_rt_version_contract_tests
Shared simulation host (GCC)	Run shared gameplay tests	2026-10-01T11:15:18.0179966Z 26/55 Test #26: horde_rt_version_contract_tests .........................   Passed    0.01 sec
Shared simulation host (GCC)	Run shared gameplay tests	2026-10-01T11:15:18.0181552Z       Start 27: horde_rt_version_contract_incremental_configure_tests
Shared simulation host (GCC)	Run shared gameplay tests	2026-10-01T11:15:20.3281357Z 27/55 Test #27: horde_rt_version_contract_incremental_configure_tests ...   Passed    2.31 sec
Shared simulation host (GCC)	Run shared gameplay tests	2026-10-01T11:15:20.3366683Z       Start 28: horde_rt_dielectric_math_tests
Shared simulation host (GCC)	Run shared gameplay tests	2026-10-01T11:15:20.3439108Z 28/55 Test #28: horde_rt_dielectric_math_tests ..........................   Passed    0.01 sec
Shared simulation host (GCC)	Run shared gameplay tests	2026-10-01T11:15:20.3440496Z       Start 29: horde_rt_player_animation_tests
Shared simulation host (GCC)	Run shared gameplay tests	2026-10-01T11:15:20.3465994Z 29/55 Test #29: horde_rt_player_animation_tests .........................   Passed    0.00 sec
Shared simulation host (GCC)	Run shared gameplay tests	2026-10-01T11:15:20.3467695Z       Start 30: horde_rt_fire_emitter_tests
Shared simulation host (GCC)	Run shared gameplay tests	2026-10-01T11:15:20.3489447Z 30/55 Test #30: horde_rt_fire_emitter_tests .............................   Passed    0.00 sec
Shared simulation host (GCC)	Run shared gameplay tests	2026-10-01T11:15:20.3490892Z       Start 31: horde_rt_held_item_socket_tests
Shared simulation host (GCC)	Run shared gameplay tests	2026-10-01T11:15:20.4010285Z 31/55 Test #31: horde_rt_held_item_socket_tests .........................   Passed    0.05 sec
Shared simulation host (GCC)	Run shared gameplay tests	2026-10-01T11:15:20.4012168Z       Start 32: horde_rt_development_static_asset_tests
Shared simulation host (GCC)	Run shared gameplay tests	2026-10-01T11:15:20.4034407Z 32/55 Test #32: horde_rt_development_static_asset_tests .................   Passed    0.00 sec
Shared simulation host (GCC)	Run shared gameplay tests	2026-10-01T11:15:20.4035601Z       Start 33: horde_rt_scene_abi_tests
Shared simulation host (GCC)	Run shared gameplay tests	2026-10-01T11:15:20.4051606Z 33/55 Test #33: horde_rt_scene_abi_tests ................................   Passed    0.00 sec
Shared simulation host (GCC)	Run shared gameplay tests	2026-10-01T11:15:20.4052910Z       Start 34: horde_rt_static_gltf_asset_tests
Shared simulation host (GCC)	Run shared gameplay tests	2026-10-01T11:15:20.4419359Z 34/55 Test #34: horde_rt_static_gltf_asset_tests ........................   Passed    0.04 sec
Shared simulation host (GCC)	Run shared gameplay tests	2026-10-01T11:15:20.4420758Z       Start 35: horde_rt_production_prop_asset_tests
Shared simulation host (GCC)	Run shared gameplay tests	2026-10-01T11:15:20.4741129Z 35/55 Test #35: horde_rt_production_prop_asset_tests ....................   Passed    0.03 sec
Shared simulation host (GCC)	Run shared gameplay tests	2026-10-01T11:15:20.4743392Z       Start 36: horde_rt_simulation_timing_tests
Shared simulation host (GCC)	Run shared gameplay tests	2026-10-01T11:15:20.4776174Z 36/55 Test #36: horde_rt_simulation_timing_tests ........................   Passed    0.00 sec
Shared simulation host (GCC)	Run shared gameplay tests	2026-10-01T11:15:20.4778091Z       Start 37: horde_rt_simulation_gameplay_tests
Shared simulation host (GCC)	Run shared gameplay tests	2026-10-01T11:15:20.4839853Z 37/55 Test #37: horde_rt_simulation_gameplay_tests ......................   Passed    0.01 sec
Shared simulation host (GCC)	Run shared gameplay tests	2026-10-01T11:15:20.4841687Z       Start 38: horde_rt_music_director_tests
Shared simulation host (GCC)	Run shared gameplay tests	2026-10-01T11:15:20.4862842Z 38/55 Test #38: horde_rt_music_director_tests ...........................   Passed    0.00 sec
Shared simulation host (GCC)	Run shared gameplay tests	2026-10-01T11:15:20.4864737Z       Start 39: horde_rt_music_pcm_stream_tests
Shared simulation host (GCC)	Run shared gameplay tests	2026-10-01T11:15:20.6960322Z 39/55 Test #39: horde_rt_music_pcm_stream_tests .........................   Passed    0.21 sec
Shared simulation host (GCC)	Run shared gameplay tests	2026-10-01T11:15:20.6962312Z       Start 40: horde_rt_music_pcm_wave_tests
Shared simulation host (GCC)	Run shared gameplay tests	2026-10-01T11:15:20.7086665Z 40/55 Test #40: horde_rt_music_pcm_wave_tests ...........................   Passed    0.01 sec
Shared simulation host (GCC)	Run shared gameplay tests	2026-10-01T11:15:20.7088099Z       Start 41: horde_rt_music_pcm_asset_bank_tests
Shared simulation host (GCC)	Run shared gameplay tests	2026-10-01T11:15:20.8539931Z 41/55 Test #41: horde_rt_music_pcm_asset_bank_tests .....................   Passed    0.14 sec
Shared simulation host (GCC)	Run shared gameplay tests	2026-10-01T11:15:20.8541113Z       Start 42: horde_rt_music_playback_session_tests
Shared simulation host (GCC)	Run shared gameplay tests	2026-10-01T11:15:21.1322383Z 42/55 Test #42: horde_rt_music_playback_session_tests ...................   Passed    0.28 sec
Shared simulation host (GCC)	Run shared gameplay tests	2026-10-01T11:15:21.1323928Z       Start 43: horde_rt_playtest_report_tests
Shared simulation host (GCC)	Run shared gameplay tests	2026-10-01T11:15:21.1344601Z 43/55 Test #43: horde_rt_playtest_report_tests ..........................   Passed    0.00 sec
Shared simulation host (GCC)	Run shared gameplay tests	2026-10-01T11:15:21.1346355Z       Start 44: horde_rt_music_asset_admission_tests
Shared simulation host (GCC)	Run shared gameplay tests	2026-10-01T11:15:27.1181311Z 44/55 Test #44: horde_rt_music_asset_admission_tests ....................   Passed    5.98 sec
Shared simulation host (GCC)	Run shared gameplay tests	2026-10-01T11:15:27.1183189Z       Start 45: horde_rt_pocket_audio_core_pin_tests
Shared simulation host (GCC)	Run shared gameplay tests	2026-10-01T11:15:27.7822296Z 45/55 Test #45: horde_rt_pocket_audio_core_pin_tests ....................   Passed    0.66 sec
Shared simulation host (GCC)	Run shared gameplay tests	2026-10-01T11:15:27.7823502Z       Start 46: horde_rt_lantern_reward_tests
Shared simulation host (GCC)	Run shared gameplay tests	2026-10-01T11:15:27.7844952Z 46/55 Test #46: horde_rt_lantern_reward_tests ...........................   Passed    0.00 sec
Shared simulation host (GCC)	Run shared gameplay tests	2026-10-01T11:15:27.7847319Z       Start 47: horde_rt_lantern_pendulum_tests
Shared simulation host (GCC)	Run shared gameplay tests	2026-10-01T11:15:27.7872099Z 47/55 Test #47: horde_rt_lantern_pendulum_tests .........................   Passed    0.00 sec
Shared simulation host (GCC)	Run shared gameplay tests	2026-10-01T11:15:27.7873471Z       Start 48: horde_rt_input_mailbox_stress
Shared simulation host (GCC)	Run shared gameplay tests	2026-10-01T11:15:27.8413965Z 48/55 Test #48: horde_rt_input_mailbox_stress ...........................   Passed    0.05 sec
Shared simulation host (GCC)	Run shared gameplay tests	2026-10-01T11:15:27.8415788Z       Start 49: horde_rt_desktop_controller_input_tests
Shared simulation host (GCC)	Run shared gameplay tests	2026-10-01T11:15:27.8445495Z 49/55 Test #49: horde_rt_desktop_controller_input_tests .................   Passed    0.00 sec
Shared simulation host (GCC)	Run shared gameplay tests	2026-10-01T11:15:27.8446955Z       Start 50: horde_rt_gpu_timestamp_math_tests
Shared simulation host (GCC)	Run shared gameplay tests	2026-10-01T11:15:27.8462472Z 50/55 Test #50: horde_rt_gpu_timestamp_math_tests .......................   Passed    0.00 sec
Shared simulation host (GCC)	Run shared gameplay tests	2026-10-01T11:15:27.8463804Z       Start 51: horde_rt_combat_smoke
Shared simulation host (GCC)	Run shared gameplay tests	2026-10-01T11:15:27.8485178Z 51/55 Test #51: horde_rt_combat_smoke ...................................   Passed    0.00 sec
Shared simulation host (GCC)	Run shared gameplay tests	2026-10-01T11:15:27.8486612Z       Start 52: horde_rt_showcase_route_smoke
Shared simulation host (GCC)	Run shared gameplay tests	2026-10-01T11:15:27.8502039Z 52/55 Test #52: horde_rt_showcase_route_smoke ...........................   Passed    0.00 sec
Shared simulation host (GCC)	Run shared gameplay tests	2026-10-01T11:15:27.8503434Z       Start 53: horde_rt_showcase_gameplay_smoke
Shared simulation host (GCC)	Run shared gameplay tests	2026-10-01T11:15:27.8520497Z 53/55 Test #53: horde_rt_showcase_gameplay_smoke ........................   Passed    0.00 sec
Shared simulation host (GCC)	Run shared gameplay tests	2026-10-01T11:15:27.8521675Z       Start 54: horde_rt_spatial_audio_smoke
Shared simulation host (GCC)	Run shared gameplay tests	2026-10-01T11:15:27.8555490Z 54/55 Test #54: horde_rt_spatial_audio_smoke ............................   Passed    0.00 sec
Shared simulation host (GCC)	Run shared gameplay tests	2026-10-01T11:15:27.8578596Z       Start 55: pocket_audio_native_pcm_tests
Shared simulation host (GCC)	Run shared gameplay tests	2026-10-01T11:15:27.8579463Z 55/55 Test #55: pocket_audio_native_pcm_tests ...........................   Passed    0.00 sec
Shared simulation host (GCC)	Run shared gameplay tests	2026-10-01T11:15:27.8579898Z 
Shared simulation host (GCC)	Run shared gameplay tests	2026-10-01T11:15:27.8580090Z 100% tests passed, 0 tests failed out of 55
Shared simulation host (GCC)	Run shared gameplay tests	2026-10-01T11:15:27.8580578Z 
Shared simulation host (GCC)	Run shared gameplay tests	2026-10-01T11:15:27.8580727Z Total Test time (real) =  76.08 sec
Shared simulation host (GCC)	Check offline gauntlet chirality and UV winding	﻿2026-10-01T11:15:27.9046396Z ##[group]Run python -m unittest discover -s tests -p test_player_gauntlet_geometry.py -v
Shared simulation host (GCC)	Check offline gauntlet chirality and UV winding	2026-10-01T11:15:27.9047032Z ^[[36;1mpython -m unittest discover -s tests -p test_player_gauntlet_geometry.py -v^[[0m
Shared simulation host (GCC)	Check offline gauntlet chirality and UV winding	2026-10-01T11:15:27.9109197Z shell: /usr/bin/bash -e {0}
Shared simulation host (GCC)	Check offline gauntlet chirality and UV winding	2026-10-01T11:15:27.9109457Z ##[endgroup]
Shared simulation host (GCC)	Check offline gauntlet chirality and UV winding	2026-10-01T11:15:28.0039577Z test_invalid_chirality_is_rejected (test_player_gauntlet_geometry.GauntletGeometryTests.test_invalid_chirality_is_rejected) ... ok
Shared simulation host (GCC)	Check offline gauntlet chirality and UV winding	2026-10-01T11:15:28.0041478Z test_legacy_uv_mode_is_explicit_not_default (test_player_gauntlet_geometry.GauntletGeometryTests.test_legacy_uv_mode_is_explicit_not_default) ... ok
Shared simulation host (GCC)	Check offline gauntlet chirality and UV winding	2026-10-01T11:15:28.0043259Z test_mirror_preserves_vertex_to_uv_correspondence (test_player_gauntlet_geometry.GauntletGeometryTests.test_mirror_preserves_vertex_to_uv_correspondence) ... ok
Shared simulation host (GCC)	Check offline gauntlet chirality and UV winding	2026-10-01T11:15:28.0045268Z test_mismatched_corner_roster_is_rejected (test_player_gauntlet_geometry.GauntletGeometryTests.test_mismatched_corner_roster_is_rejected) ... ok
Shared simulation host (GCC)	Check offline gauntlet chirality and UV winding	2026-10-01T11:15:28.0047099Z test_right_source_is_mirrored_only_for_left_hand (test_player_gauntlet_geometry.GauntletGeometryTests.test_right_source_is_mirrored_only_for_left_hand) ... ok
Shared simulation host (GCC)	Check offline gauntlet chirality and UV winding	2026-10-01T11:15:28.0048999Z test_unmirrored_source_preserves_all_corners (test_player_gauntlet_geometry.GauntletGeometryTests.test_unmirrored_source_preserves_all_corners) ... ok
Shared simulation host (GCC)	Check offline gauntlet chirality and UV winding	2026-10-01T11:15:28.0054710Z 
Shared simulation host (GCC)	Check offline gauntlet chirality and UV winding	2026-10-01T11:15:28.0055062Z ----------------------------------------------------------------------
Shared simulation host (GCC)	Check offline gauntlet chirality and UV winding	2026-10-01T11:15:28.0055750Z Ran 6 tests in 0.000s
Shared simulation host (GCC)	Check offline gauntlet chirality and UV winding	2026-10-01T11:15:28.0055972Z 
Shared simulation host (GCC)	Check offline gauntlet chirality and UV winding	2026-10-01T11:15:28.0056070Z OK
Shared simulation host (GCC)	Check exact player cloth seam weight transfers	﻿2026-10-01T11:15:28.0144872Z ##[group]Run python -m unittest discover -s tests -p test_player_sleeve_seams.py -v
Shared simulation host (GCC)	Check exact player cloth seam weight transfers	2026-10-01T11:15:28.0145493Z ^[[36;1mpython -m unittest discover -s tests -p test_player_sleeve_seams.py -v^[[0m
Shared simulation host (GCC)	Check exact player cloth seam weight transfers	2026-10-01T11:15:28.0207038Z shell: /usr/bin/bash -e {0}
Shared simulation host (GCC)	Check exact player cloth seam weight transfers	2026-10-01T11:15:28.0207289Z ##[endgroup]
Shared simulation host (GCC)	Check exact player cloth seam weight transfers	2026-10-01T11:15:28.0804250Z test_conflicting_coincident_view_endpoint_records_fail (test_player_sleeve_seams.PlayerSleeveSeamTests.test_conflicting_coincident_view_endpoint_records_fail) ... ok
Shared simulation host (GCC)	Check exact player cloth seam weight transfers	2026-10-01T11:15:28.0808698Z test_explicit_body_remainder_preserves_the_same_cloth_seam (test_player_sleeve_seams.PlayerSleeveSeamTests.test_explicit_body_remainder_preserves_the_same_cloth_seam) ... ok
Shared simulation host (GCC)	Check exact player cloth seam weight transfers	2026-10-01T11:15:28.0811238Z test_invalid_face_index_fails (test_player_sleeve_seams.PlayerSleeveSeamTests.test_invalid_face_index_fails) ... ok
Shared simulation host (GCC)	Check exact player cloth seam weight transfers	2026-10-01T11:15:28.0813406Z test_negative_or_unnormalized_weight_fails (test_player_sleeve_seams.PlayerSleeveSeamTests.test_negative_or_unnormalized_weight_fails) ... ok
Shared simulation host (GCC)	Check exact player cloth seam weight transfers	2026-10-01T11:15:28.0815866Z test_nonfinite_position_fails (test_player_sleeve_seams.PlayerSleeveSeamTests.test_nonfinite_position_fails) ... ok
Shared simulation host (GCC)	Check exact player cloth seam weight transfers	2026-10-01T11:15:28.0818152Z test_nonmanifold_and_degenerate_sleeve_edges_fail (test_player_sleeve_seams.PlayerSleeveSeamTests.test_nonmanifold_and_degenerate_sleeve_edges_fail) ... ok
Shared simulation host (GCC)	Check exact player cloth seam weight transfers	2026-10-01T11:15:28.0823881Z test_retained_world_authoring_roundoff_does_not_relax_canonical_weights (test_player_sleeve_seams.PlayerSleeveSeamTests.test_retained_world_authoring_roundoff_does_not_relax_canonical_weights) ... ok
Shared simulation host (GCC)	Check exact player cloth seam weight transfers	2026-10-01T11:15:28.0827252Z test_transfers_canonical_shared_boundary_weights_without_mutating_inputs (test_player_sleeve_seams.PlayerSleeveSeamTests.test_transfers_canonical_shared_boundary_weights_without_mutating_inputs) ... ok
Shared simulation host (GCC)	Check exact player cloth seam weight transfers	2026-10-01T11:15:28.0828882Z test_unknown_view_bone_name_fails (test_player_sleeve_seams.PlayerSleeveSeamTests.test_unknown_view_bone_name_fails) ... ok
Shared simulation host (GCC)	Check exact player cloth seam weight transfers	2026-10-01T11:15:28.0832668Z test_unshared_and_no_nearface_edges_do_not_transfer (test_player_sleeve_seams.PlayerSleeveSeamTests.test_unshared_and_no_nearface_edges_do_not_transfer) ... ok
Shared simulation host (GCC)	Check exact player cloth seam weight transfers	2026-10-01T11:15:28.0834616Z test_unused_vertices_may_have_no_deform_weights (test_player_sleeve_seams.PlayerSleeveSeamTests.test_unused_vertices_may_have_no_deform_weights) ... ok
Shared simulation host (GCC)	Check exact player cloth seam weight transfers	2026-10-01T11:15:28.0836636Z test_vertices_shared_with_head_or_gauntlet_are_excluded (test_player_sleeve_seams.PlayerSleeveSeamTests.test_vertices_shared_with_head_or_gauntlet_are_excluded) ... ok
Shared simulation host (GCC)	Check exact player cloth seam weight transfers	2026-10-01T11:15:28.0837723Z 
Shared simulation host (GCC)	Check exact player cloth seam weight transfers	2026-10-01T11:15:28.0837968Z ----------------------------------------------------------------------
Shared simulation host (GCC)	Check exact player cloth seam weight transfers	2026-10-01T11:15:28.0838530Z Ran 12 tests in 0.004s
Shared simulation host (GCC)	Check exact player cloth seam weight transfers	2026-10-01T11:15:28.0838758Z 
Shared simulation host (GCC)	Check exact player cloth seam weight transfers	2026-10-01T11:15:28.0838886Z OK
Shared simulation host (GCC)	Check upper torso partition preserves the head mask	﻿2026-10-01T11:15:28.0941916Z ##[group]Run python -m unittest discover -s tests -p test_player_body_partition.py -v
Shared simulation host (GCC)	Check upper torso partition preserves the head mask	2026-10-01T11:15:28.0942569Z ^[[36;1mpython -m unittest discover -s tests -p test_player_body_partition.py -v^[[0m
Shared simulation host (GCC)	Check upper torso partition preserves the head mask	2026-10-01T11:15:28.1005305Z shell: /usr/bin/bash -e {0}
Shared simulation host (GCC)	Check upper torso partition preserves the head mask	2026-10-01T11:15:28.1005602Z ##[endgroup]
Shared simulation host (GCC)	Check upper torso partition preserves the head mask	2026-10-01T11:15:28.1533258Z test_invalid_or_incompatible_landmarks_reject (test_player_body_partition.BodyPartitionTests.test_invalid_or_incompatible_landmarks_reject) ... ok
Shared simulation host (GCC)	Check upper torso partition preserves the head mask	2026-10-01T11:15:28.1535146Z test_origin_and_scale_are_explicit (test_player_body_partition.BodyPartitionTests.test_origin_and_scale_are_explicit) ... ok
Shared simulation host (GCC)	Check upper torso partition preserves the head mask	2026-10-01T11:15:28.1536538Z test_retains_the_original_head_mask (test_player_body_partition.BodyPartitionTests.test_retains_the_original_head_mask) ... ok
Shared simulation host (GCC)	Check upper torso partition preserves the head mask	2026-10-01T11:15:28.1537300Z 
Shared simulation host (GCC)	Check upper torso partition preserves the head mask	2026-10-01T11:15:28.1537636Z ----------------------------------------------------------------------
Shared simulation host (GCC)	Check upper torso partition preserves the head mask	2026-10-01T11:15:28.1538403Z Ran 3 tests in 0.000s
Shared simulation host (GCC)	Check upper torso partition preserves the head mask	2026-10-01T11:15:28.1538592Z 
Shared simulation host (GCC)	Check upper torso partition preserves the head mask	2026-10-01T11:15:28.1538701Z OK
Shared simulation host (GCC)	Check bounded segmented cloth seam plans	﻿2026-10-01T11:15:28.1649393Z ##[group]Run python -m unittest discover -s tests -p test_player_segmented_seams.py -v
Shared simulation host (GCC)	Check bounded segmented cloth seam plans	2026-10-01T11:15:28.1650486Z ^[[36;1mpython -m unittest discover -s tests -p test_player_segmented_seams.py -v^[[0m
Shared simulation host (GCC)	Check bounded segmented cloth seam plans	2026-10-01T11:15:28.1739377Z shell: /usr/bin/bash -e {0}
Shared simulation host (GCC)	Check bounded segmented cloth seam plans	2026-10-01T11:15:28.1739792Z ##[endgroup]
Shared simulation host (GCC)	Check bounded segmented cloth seam plans	2026-10-01T11:15:28.2291492Z test_already_matching_segments_need_no_split (test_player_segmented_seams.SegmentedSeamTests.test_already_matching_segments_need_no_split) ... ok
Shared simulation host (GCC)	Check bounded segmented cloth seam plans	2026-10-01T11:15:28.2293515Z test_nearby_but_not_coincident_edge_is_not_welded (test_player_segmented_seams.SegmentedSeamTests.test_nearby_but_not_coincident_edge_is_not_welded) ... ok
Shared simulation host (GCC)	Check bounded segmented cloth seam plans	2026-10-01T11:15:28.2296057Z test_no_body_primary_backing_does_not_authorize_a_split (test_player_segmented_seams.SegmentedSeamTests.test_no_body_primary_backing_does_not_authorize_a_split) ... ok
Shared simulation host (GCC)	Check bounded segmented cloth seam plans	2026-10-01T11:15:28.2298207Z test_partial_cloth_coverage_rejects (test_player_segmented_seams.SegmentedSeamTests.test_partial_cloth_coverage_rejects) ... ok
Shared simulation host (GCC)	Check bounded segmented cloth seam plans	2026-10-01T11:15:28.2300574Z test_plans_only_canonical_midpoint_without_mutating_inputs (test_player_segmented_seams.SegmentedSeamTests.test_plans_only_canonical_midpoint_without_mutating_inputs) ... ok
Shared simulation host (GCC)	Check bounded segmented cloth seam plans	2026-10-01T11:15:28.2303116Z test_protected_vertex_rejects (test_player_segmented_seams.SegmentedSeamTests.test_protected_vertex_rejects) ... ok
Shared simulation host (GCC)	Check bounded segmented cloth seam plans	2026-10-01T11:15:28.2305860Z test_same_winding_rejects (test_player_segmented_seams.SegmentedSeamTests.test_same_winding_rejects) ... ok
Shared simulation host (GCC)	Check bounded segmented cloth seam plans	2026-10-01T11:15:28.2306756Z 
Shared simulation host (GCC)	Check bounded segmented cloth seam plans	2026-10-01T11:15:28.2307156Z ----------------------------------------------------------------------
Shared simulation host (GCC)	Check bounded segmented cloth seam plans	2026-10-01T11:15:28.2307757Z Ran 7 tests in 0.002s
Shared simulation host (GCC)	Check bounded segmented cloth seam plans	2026-10-01T11:15:28.2308039Z 
Shared simulation host (GCC)	Check bounded segmented cloth seam plans	2026-10-01T11:15:28.2308168Z OK
Shared simulation host (GCC)	Check Gradle APK artifact resolution	﻿2026-10-01T11:15:28.2407028Z ##[group]Run ./tools/test-resolve-android-apk.ps1
Shared simulation host (GCC)	Check Gradle APK artifact resolution	2026-10-01T11:15:28.2407444Z ^[[36;1m./tools/test-resolve-android-apk.ps1^[[0m
Shared simulation host (GCC)	Check Gradle APK artifact resolution	2026-10-01T11:15:28.2432500Z shell: /usr/bin/pwsh -command ". '{0}'"
Shared simulation host (GCC)	Check Gradle APK artifact resolution	2026-10-01T11:15:28.2432795Z ##[endgroup]
Shared simulation host (GCC)	Check Gradle APK artifact resolution	2026-10-01T11:15:28.6557738Z PASS normal Gradle output
Shared simulation host (GCC)	Check Gradle APK artifact resolution	2026-10-01T11:15:28.6766086Z PASS redirected intermediates output
Shared simulation host (GCC)	Check Gradle APK artifact resolution	2026-10-01T11:15:28.6917988Z PASS wrong variant (rejected)
Shared simulation host (GCC)	Check Gradle APK artifact resolution	2026-10-01T11:15:28.6972889Z PASS wrong artifact type (rejected)
Shared simulation host (GCC)	Check Gradle APK artifact resolution	2026-10-01T11:15:28.7022166Z PASS missing output element (rejected)
Shared simulation host (GCC)	Check Gradle APK artifact resolution	2026-10-01T11:15:28.7077684Z PASS multiple output elements (rejected)
Shared simulation host (GCC)	Check Gradle APK artifact resolution	2026-10-01T11:15:28.7130296Z PASS missing APK file (rejected)
Shared simulation host (GCC)	Check Gradle APK artifact resolution	2026-10-01T11:15:28.7179058Z PASS filename path traversal (rejected)
Shared simulation host (GCC)	Check Gradle APK artifact resolution	2026-10-01T11:15:28.7225729Z PASS escaped listing path (rejected)
Shared simulation host (GCC)	Check Gradle APK artifact resolution	2026-10-01T11:15:28.7274388Z PASS duplicate redirect entries (rejected)
Shared simulation host (GCC)	Check Gradle APK artifact resolution	2026-10-01T11:15:28.7282046Z All 10 resolver cases passed.
Shared simulation host (GCC)	Check Android combat capture expectations	﻿2026-10-01T11:15:28.7820008Z ##[group]Run ./tests/AndroidCombatCaptureExpectations.ps1
Shared simulation host (GCC)	Check Android combat capture expectations	2026-10-01T11:15:28.7820501Z ^[[36;1m./tests/AndroidCombatCaptureExpectations.ps1^[[0m
Shared simulation host (GCC)	Check Android combat capture expectations	2026-10-01T11:15:28.7844853Z shell: /usr/bin/pwsh -command ". '{0}'"
Shared simulation host (GCC)	Check Android combat capture expectations	2026-10-01T11:15:28.7845159Z ##[endgroup]
Shared simulation host (GCC)	Check Android combat capture expectations	2026-10-01T11:15:29.2932435Z Android combat capture expectations: 34 cases passed.
Shared simulation host (GCC)	Check Android combat capture expectations	2026-10-01T11:15:29.3221878Z Android gameplay versus isolated-glass ownership: 16 cases passed.
Shared simulation host (GCC)	Post Check out source	﻿2026-10-01T11:15:29.3760198Z Post job cleanup.
Shared simulation host (GCC)	Post Check out source	2026-10-01T11:15:29.4635950Z [command]/usr/bin/git version
Shared simulation host (GCC)	Post Check out source	2026-10-01T11:15:29.4680379Z git version 2.55.0
Shared simulation host (GCC)	Post Check out source	2026-10-01T11:15:29.4721300Z Temporarily overriding HOME='/home/runner/work/_temp/fc3be769-a1d8-4f1b-a1d3-389a9f5ead13' before making global git config changes
Shared simulation host (GCC)	Post Check out source	2026-10-01T11:15:29.4722584Z Adding repository directory to the temporary git global config as a safe directory
Shared simulation host (GCC)	Post Check out source	2026-10-01T11:15:29.4727538Z [command]/usr/bin/git config --global --add safe.directory /home/runner/work/The-Horde-RT-demo/The-Horde-RT-demo
Shared simulation host (GCC)	Post Check out source	2026-10-01T11:15:29.4761964Z Removing SSH command configuration
Shared simulation host (GCC)	Post Check out source	2026-10-01T11:15:29.4769090Z [command]/usr/bin/git config --local --name-only --get-regexp core\.sshCommand
Shared simulation host (GCC)	Post Check out source	2026-10-01T11:15:29.4805534Z [command]/usr/bin/git submodule foreach --recursive sh -c "git config --local --name-only --get-regexp 'core\.sshCommand' && git config --local --unset-all 'core.sshCommand' || :"
Shared simulation host (GCC)	Post Check out source	2026-10-01T11:15:29.5064763Z Removing HTTP extra header
Shared simulation host (GCC)	Post Check out source	2026-10-01T11:15:29.5081550Z [command]/usr/bin/git config --local --name-only --get-regexp http\.https\:\/\/github\.com\/\.extraheader
Shared simulation host (GCC)	Post Check out source	2026-10-01T11:15:29.5108888Z [command]/usr/bin/git submodule foreach --recursive sh -c "git config --local --name-only --get-regexp 'http\.https\:\/\/github\.com\/\.extraheader' && git config --local --unset-all 'http.https://github.com/.extraheader' || :"
Shared simulation host (GCC)	Post Check out source	2026-10-01T11:15:29.5373323Z Removing includeIf entries pointing to credentials config files
Shared simulation host (GCC)	Post Check out source	2026-10-01T11:15:29.5382840Z [command]/usr/bin/git config --local --name-only --get-regexp ^includeIf\.gitdir:
Shared simulation host (GCC)	Post Check out source	2026-10-01T11:15:29.5418774Z includeif.gitdir:/home/runner/work/The-Horde-RT-demo/The-Horde-RT-demo/.git.path
Shared simulation host (GCC)	Post Check out source	2026-10-01T11:15:29.5419973Z includeif.gitdir:/home/runner/work/The-Horde-RT-demo/The-Horde-RT-demo/.git/worktrees/*.path
Shared simulation host (GCC)	Post Check out source	2026-10-01T11:15:29.5420952Z includeif.gitdir:/github/workspace/.git.path
Shared simulation host (GCC)	Post Check out source	2026-10-01T11:15:29.5421669Z includeif.gitdir:/github/workspace/.git/worktrees/*.path
Shared simulation host (GCC)	Post Check out source	2026-10-01T11:15:29.5430165Z [command]/usr/bin/git config --local --get-all includeif.gitdir:/home/runner/work/The-Horde-RT-demo/The-Horde-RT-demo/.git.path
Shared simulation host (GCC)	Post Check out source	2026-10-01T11:15:29.5456769Z /home/runner/work/_temp/git-credentials-c11380b6-3d39-413e-8af1-2387f6bd3daa.config
Shared simulation host (GCC)	Post Check out source	2026-10-01T11:15:29.5472068Z [command]/usr/bin/git config --local --unset includeif.gitdir:/home/runner/work/The-Horde-RT-demo/The-Horde-RT-demo/.git.path /home/runner/work/_temp/git-credentials-c11380b6-3d39-413e-8af1-2387f6bd3daa.config
Shared simulation host (GCC)	Post Check out source	2026-10-01T11:15:29.5516813Z [command]/usr/bin/git config --local --get-all includeif.gitdir:/home/runner/work/The-Horde-RT-demo/The-Horde-RT-demo/.git/worktrees/*.path
Shared simulation host (GCC)	Post Check out source	2026-10-01T11:15:29.5544844Z /home/runner/work/_temp/git-credentials-c11380b6-3d39-413e-8af1-2387f6bd3daa.config
Shared simulation host (GCC)	Post Check out source	2026-10-01T11:15:29.5554794Z [command]/usr/bin/git config --local --unset includeif.gitdir:/home/runner/work/The-Horde-RT-demo/The-Horde-RT-demo/.git/worktrees/*.path /home/runner/work/_temp/git-credentials-c11380b6-3d39-413e-8af1-2387f6bd3daa.config
Shared simulation host (GCC)	Post Check out source	2026-10-01T11:15:29.5595940Z [command]/usr/bin/git config --local --get-all includeif.gitdir:/github/workspace/.git.path
Shared simulation host (GCC)	Post Check out source	2026-10-01T11:15:29.5623687Z /github/runner_temp/git-credentials-c11380b6-3d39-413e-8af1-2387f6bd3daa.config
Shared simulation host (GCC)	Post Check out source	2026-10-01T11:15:29.5633583Z [command]/usr/bin/git config --local --unset includeif.gitdir:/github/workspace/.git.path /github/runner_temp/git-credentials-c11380b6-3d39-413e-8af1-2387f6bd3daa.config
Shared simulation host (GCC)	Post Check out source	2026-10-01T11:15:29.5675268Z [command]/usr/bin/git config --local --get-all includeif.gitdir:/github/workspace/.git/worktrees/*.path
Shared simulation host (GCC)	Post Check out source	2026-10-01T11:15:29.5700572Z /github/runner_temp/git-credentials-c11380b6-3d39-413e-8af1-2387f6bd3daa.config
Shared simulation host (GCC)	Post Check out source	2026-10-01T11:15:29.5709783Z [command]/usr/bin/git config --local --unset includeif.gitdir:/github/workspace/.git/worktrees/*.path /github/runner_temp/git-credentials-c11380b6-3d39-413e-8af1-2387f6bd3daa.config
Shared simulation host (GCC)	Post Check out source	2026-10-01T11:15:29.5751474Z [command]/usr/bin/git submodule foreach --recursive git config --local --show-origin --name-only --get-regexp remote.origin.url
Shared simulation host (GCC)	Post Check out source	2026-10-01T11:15:29.6015935Z Removing credentials config '/home/runner/work/_temp/git-credentials-c11380b6-3d39-413e-8af1-2387f6bd3daa.config'
Shared simulation host (GCC)	Complete job	﻿2026-10-01T11:15:29.6180229Z Cleaning up orphan processes
Shared simulation host (Clang)	Set up job	﻿2026-10-01T11:12:48.6968338Z Current runner version: '2.337.0'
Shared simulation host (Clang)	Set up job	2026-10-01T11:12:48.6994715Z ##[group]Runner Image Provisioner
Shared simulation host (Clang)	Set up job	2026-10-01T11:12:48.6995728Z Hosted Compute Agent
Shared simulation host (Clang)	Set up job	2026-10-01T11:12:48.6996326Z Version: 20260901.588
Shared simulation host (Clang)	Set up job	2026-10-01T11:12:48.6996995Z Commit: f88ec8081b781fac6c440065ac7ff9e710ce3d0b
Shared simulation host (Clang)	Set up job	2026-10-01T11:12:48.6997804Z Build Date: 2026-09-01T19:56:44Z
Shared simulation host (Clang)	Set up job	2026-10-01T11:12:48.6998499Z Worker ID: {c5a6843b-ab86-44d0-bf21-e74656a0fd44}
Shared simulation host (Clang)	Set up job	2026-10-01T11:12:48.6999560Z Azure Region: westus2
Shared simulation host (Clang)	Set up job	2026-10-01T11:12:48.7000187Z ##[endgroup]
Shared simulation host (Clang)	Set up job	2026-10-01T11:12:48.7001822Z ##[group]Operating System
Shared simulation host (Clang)	Set up job	2026-10-01T11:12:48.7002797Z Ubuntu
Shared simulation host (Clang)	Set up job	2026-10-01T11:12:48.7003326Z 24.04.5
Shared simulation host (Clang)	Set up job	2026-10-01T11:12:48.7003910Z LTS
Shared simulation host (Clang)	Set up job	2026-10-01T11:12:48.7004440Z ##[endgroup]
Shared simulation host (Clang)	Set up job	2026-10-01T11:12:48.7005026Z ##[group]Runner Image
Shared simulation host (Clang)	Set up job	2026-10-01T11:12:48.7005667Z Image: ubuntu-24.04
Shared simulation host (Clang)	Set up job	2026-10-01T11:12:48.7006234Z Version: 20260927.320.1
Shared simulation host (Clang)	Set up job	2026-10-01T11:12:48.7007300Z Included Software: https://github.com/actions/runner-images/blob/ubuntu24/20260927.320/images/ubuntu/Ubuntu2404-Readme.md
Shared simulation host (Clang)	Set up job	2026-10-01T11:12:48.7009163Z Image Release: https://github.com/actions/runner-images/releases/tag/ubuntu24%2F20260927.320
Shared simulation host (Clang)	Set up job	2026-10-01T11:12:48.7010189Z ##[endgroup]
Shared simulation host (Clang)	Set up job	2026-10-01T11:12:48.7011300Z ##[group]GITHUB_TOKEN Permissions
Shared simulation host (Clang)	Set up job	2026-10-01T11:12:48.7013666Z Contents: read
Shared simulation host (Clang)	Set up job	2026-10-01T11:12:48.7014320Z Metadata: read
Shared simulation host (Clang)	Set up job	2026-10-01T11:12:48.7014861Z ##[endgroup]
Shared simulation host (Clang)	Set up job	2026-10-01T11:12:48.7017046Z Secret source: Actions
Shared simulation host (Clang)	Set up job	2026-10-01T11:12:48.7018018Z Cache mode: write
Shared simulation host (Clang)	Set up job	2026-10-01T11:12:48.7018822Z Prepare workflow directory
Shared simulation host (Clang)	Set up job	2026-10-01T11:12:48.7373787Z Prepare all required actions
Shared simulation host (Clang)	Set up job	2026-10-01T11:12:48.7421692Z Getting action download info
Shared simulation host (Clang)	Set up job	2026-10-01T11:12:49.0990257Z Download action repository 'actions/checkout@v6' (SHA:d23441a48e516b6c34aea4fa41551a30e30af803)
Shared simulation host (Clang)	Set up job	2026-10-01T11:12:49.3077659Z Complete job name: Shared simulation host (Clang)
Shared simulation host (Clang)	Check out source	﻿2026-10-01T11:12:49.3881384Z ##[group]Run actions/checkout@v6
Shared simulation host (Clang)	Check out source	2026-10-01T11:12:49.3882481Z with:
Shared simulation host (Clang)	Check out source	2026-10-01T11:12:49.3882991Z   repository: Samfa12-tech/The-Horde-RT-demo
Shared simulation host (Clang)	Check out source	2026-10-01T11:12:49.3887049Z   token: ***
Shared simulation host (Clang)	Check out source	2026-10-01T11:12:49.3887487Z   ssh-strict: true
Shared simulation host (Clang)	Check out source	2026-10-01T11:12:49.3887920Z   ssh-user: git
Shared simulation host (Clang)	Check out source	2026-10-01T11:12:49.3888363Z   persist-credentials: true
Shared simulation host (Clang)	Check out source	2026-10-01T11:12:49.3888841Z   clean: true
Shared simulation host (Clang)	Check out source	2026-10-01T11:12:49.3889286Z   sparse-checkout-cone-mode: true
Shared simulation host (Clang)	Check out source	2026-10-01T11:12:49.3889797Z   fetch-depth: 1
Shared simulation host (Clang)	Check out source	2026-10-01T11:12:49.3890224Z   fetch-tags: false
Shared simulation host (Clang)	Check out source	2026-10-01T11:12:49.3890660Z   show-progress: true
Shared simulation host (Clang)	Check out source	2026-10-01T11:12:49.3891105Z   lfs: false
Shared simulation host (Clang)	Check out source	2026-10-01T11:12:49.3891519Z   submodules: false
Shared simulation host (Clang)	Check out source	2026-10-01T11:12:49.3891968Z   set-safe-directory: true
Shared simulation host (Clang)	Check out source	2026-10-01T11:12:49.3892674Z   allow-unsafe-pr-checkout: false
Shared simulation host (Clang)	Check out source	2026-10-01T11:12:49.3893472Z ##[endgroup]
Shared simulation host (Clang)	Check out source	2026-10-01T11:12:49.4908969Z Syncing repository: Samfa12-tech/The-Horde-RT-demo
Shared simulation host (Clang)	Check out source	2026-10-01T11:12:49.4912467Z ##[group]Getting Git version info
Shared simulation host (Clang)	Check out source	2026-10-01T11:12:49.4914034Z Working directory is '/home/runner/work/The-Horde-RT-demo/The-Horde-RT-demo'
Shared simulation host (Clang)	Check out source	2026-10-01T11:12:49.4916203Z [command]/usr/bin/git version
Shared simulation host (Clang)	Check out source	2026-10-01T11:12:49.5049719Z git version 2.55.0
Shared simulation host (Clang)	Check out source	2026-10-01T11:12:49.5073467Z ##[endgroup]
Shared simulation host (Clang)	Check out source	2026-10-01T11:12:49.5089396Z Temporarily overriding HOME='/home/runner/work/_temp/fd4c2e9d-1f59-4743-b062-c2086689b0b1' before making global git config changes
Shared simulation host (Clang)	Check out source	2026-10-01T11:12:49.5091897Z Adding repository directory to the temporary git global config as a safe directory
Shared simulation host (Clang)	Check out source	2026-10-01T11:12:49.5095791Z [command]/usr/bin/git config --global --add safe.directory /home/runner/work/The-Horde-RT-demo/The-Horde-RT-demo
Shared simulation host (Clang)	Check out source	2026-10-01T11:12:49.5151151Z Deleting the contents of '/home/runner/work/The-Horde-RT-demo/The-Horde-RT-demo'
Shared simulation host (Clang)	Check out source	2026-10-01T11:12:49.5156504Z ##[group]Determining repository object format
Shared simulation host (Clang)	Check out source	2026-10-01T11:12:49.5159420Z ##[endgroup]
Shared simulation host (Clang)	Check out source	2026-10-01T11:12:49.5160611Z ##[group]Initializing the repository
Shared simulation host (Clang)	Check out source	2026-10-01T11:12:49.5165375Z [command]/usr/bin/git init /home/runner/work/The-Horde-RT-demo/The-Horde-RT-demo
Shared simulation host (Clang)	Check out source	2026-10-01T11:12:49.5280482Z hint: Using 'master' as the name for the initial branch. This default branch name
Shared simulation host (Clang)	Check out source	2026-10-01T11:12:49.5282554Z hint: will change to "main" in Git 3.0. To configure the initial branch name
Shared simulation host (Clang)	Check out source	2026-10-01T11:12:49.5284668Z hint: to use in all of your new repositories, which will suppress this warning,
Shared simulation host (Clang)	Check out source	2026-10-01T11:12:49.5285974Z hint: call:
Shared simulation host (Clang)	Check out source	2026-10-01T11:12:49.5286681Z hint:
Shared simulation host (Clang)	Check out source	2026-10-01T11:12:49.5287577Z hint: 	git config --global init.defaultBranch <name>
Shared simulation host (Clang)	Check out source	2026-10-01T11:12:49.5288647Z hint:
Shared simulation host (Clang)	Check out source	2026-10-01T11:12:49.5289630Z hint: Names commonly chosen instead of 'master' are 'main', 'trunk' and
Shared simulation host (Clang)	Check out source	2026-10-01T11:12:49.5291230Z hint: 'development'. The just-created branch can be renamed via this command:
Shared simulation host (Clang)	Check out source	2026-10-01T11:12:49.5292832Z hint:
Shared simulation host (Clang)	Check out source	2026-10-01T11:12:49.5293572Z hint: 	git branch -m <name>
Shared simulation host (Clang)	Check out source	2026-10-01T11:12:49.5294383Z hint:
Shared simulation host (Clang)	Check out source	2026-10-01T11:12:49.5295464Z hint: Disable this message with "git config set advice.defaultBranchName false"
Shared simulation host (Clang)	Check out source	2026-10-01T11:12:49.5297474Z Initialized empty Git repository in /home/runner/work/The-Horde-RT-demo/The-Horde-RT-demo/.git/
Shared simulation host (Clang)	Check out source	2026-10-01T11:12:49.5305072Z [command]/usr/bin/git remote add origin https://github.com/Samfa12-tech/The-Horde-RT-demo
Shared simulation host (Clang)	Check out source	2026-10-01T11:12:49.5359131Z ##[endgroup]
Shared simulation host (Clang)	Check out source	2026-10-01T11:12:49.5360456Z ##[group]Disabling automatic garbage collection
Shared simulation host (Clang)	Check out source	2026-10-01T11:12:49.5362711Z [command]/usr/bin/git config --local gc.auto 0
Shared simulation host (Clang)	Check out source	2026-10-01T11:12:49.5396236Z ##[endgroup]
Shared simulation host (Clang)	Check out source	2026-10-01T11:12:49.5397560Z ##[group]Setting up auth
Shared simulation host (Clang)	Check out source	2026-10-01T11:12:49.5398506Z Removing SSH command configuration
Shared simulation host (Clang)	Check out source	2026-10-01T11:12:49.5409944Z [command]/usr/bin/git config --local --name-only --get-regexp core\.sshCommand
Shared simulation host (Clang)	Check out source	2026-10-01T11:12:49.5443085Z [command]/usr/bin/git submodule foreach --recursive sh -c "git config --local --name-only --get-regexp 'core\.sshCommand' && git config --local --unset-all 'core.sshCommand' || :"
Shared simulation host (Clang)	Check out source	2026-10-01T11:12:49.5883730Z Removing HTTP extra header
Shared simulation host (Clang)	Check out source	2026-10-01T11:12:49.5885641Z [command]/usr/bin/git config --local --name-only --get-regexp http\.https\:\/\/github\.com\/\.extraheader
Shared simulation host (Clang)	Check out source	2026-10-01T11:12:49.5926955Z [command]/usr/bin/git submodule foreach --recursive sh -c "git config --local --name-only --get-regexp 'http\.https\:\/\/github\.com\/\.extraheader' && git config --local --unset-all 'http.https://github.com/.extraheader' || :"
Shared simulation host (Clang)	Check out source	2026-10-01T11:12:49.6151543Z Removing includeIf entries pointing to credentials config files
Shared simulation host (Clang)	Check out source	2026-10-01T11:12:49.6158180Z [command]/usr/bin/git config --local --name-only --get-regexp ^includeIf\.gitdir:
Shared simulation host (Clang)	Check out source	2026-10-01T11:12:49.6196788Z [command]/usr/bin/git submodule foreach --recursive git config --local --show-origin --name-only --get-regexp remote.origin.url
Shared simulation host (Clang)	Check out source	2026-10-01T11:12:49.6436010Z [command]/usr/bin/git config --file /home/runner/work/_temp/git-credentials-3d8ee079-de56-4716-a934-6b0c53a9ead4.config http.https://github.com/.extraheader AUTHORIZATION: basic ***
Shared simulation host (Clang)	Check out source	2026-10-01T11:12:49.6479825Z [command]/usr/bin/git config --local includeIf.gitdir:/home/runner/work/The-Horde-RT-demo/The-Horde-RT-demo/.git.path /home/runner/work/_temp/git-credentials-3d8ee079-de56-4716-a934-6b0c53a9ead4.config
Shared simulation host (Clang)	Check out source	2026-10-01T11:12:49.6517002Z [command]/usr/bin/git config --local includeIf.gitdir:/home/runner/work/The-Horde-RT-demo/The-Horde-RT-demo/.git/worktrees/*.path /home/runner/work/_temp/git-credentials-3d8ee079-de56-4716-a934-6b0c53a9ead4.config
Shared simulation host (Clang)	Check out source	2026-10-01T11:12:49.6556865Z [command]/usr/bin/git config --local includeIf.gitdir:/github/workspace/.git.path /github/runner_temp/git-credentials-3d8ee079-de56-4716-a934-6b0c53a9ead4.config
Shared simulation host (Clang)	Check out source	2026-10-01T11:12:49.6597842Z [command]/usr/bin/git config --local includeIf.gitdir:/github/workspace/.git/worktrees/*.path /github/runner_temp/git-credentials-3d8ee079-de56-4716-a934-6b0c53a9ead4.config
Shared simulation host (Clang)	Check out source	2026-10-01T11:12:49.6649096Z ##[endgroup]
Shared simulation host (Clang)	Check out source	2026-10-01T11:12:49.6650740Z ##[group]Fetching the repository
Shared simulation host (Clang)	Check out source	2026-10-01T11:12:49.6659091Z [command]/usr/bin/git -c protocol.version=2 fetch --no-tags --prune --no-recurse-submodules --depth=1 origin +ca58f0956637f9063fe1cda42989ad5f74daa47d:refs/remotes/origin/codex/horde-1.6.1-engineering-pass
Shared simulation host (Clang)	Check out source	2026-10-01T11:12:51.2955655Z From https://github.com/Samfa12-tech/The-Horde-RT-demo
Shared simulation host (Clang)	Check out source	2026-10-01T11:12:51.2960132Z  * [new ref]         ca58f0956637f9063fe1cda42989ad5f74daa47d -> origin/codex/horde-1.6.1-engineering-pass
Shared simulation host (Clang)	Check out source	2026-10-01T11:12:51.2967988Z [command]/usr/bin/git branch --list --remote origin/codex/horde-1.6.1-engineering-pass
Shared simulation host (Clang)	Check out source	2026-10-01T11:12:51.2998395Z   origin/codex/horde-1.6.1-engineering-pass
Shared simulation host (Clang)	Check out source	2026-10-01T11:12:51.3008806Z [command]/usr/bin/git rev-parse refs/remotes/origin/codex/horde-1.6.1-engineering-pass
Shared simulation host (Clang)	Check out source	2026-10-01T11:12:51.3034242Z ca58f0956637f9063fe1cda42989ad5f74daa47d
Shared simulation host (Clang)	Check out source	2026-10-01T11:12:51.3040589Z ##[endgroup]
Shared simulation host (Clang)	Check out source	2026-10-01T11:12:51.3043145Z ##[group]Determining the checkout info
Shared simulation host (Clang)	Check out source	2026-10-01T11:12:51.3045834Z ##[endgroup]
Shared simulation host (Clang)	Check out source	2026-10-01T11:12:51.3047535Z [command]/usr/bin/git sparse-checkout disable
Shared simulation host (Clang)	Check out source	2026-10-01T11:12:51.3108966Z [command]/usr/bin/git config --local --unset-all extensions.worktreeConfig
Shared simulation host (Clang)	Check out source	2026-10-01T11:12:51.3143592Z ##[group]Checking out the ref
Shared simulation host (Clang)	Check out source	2026-10-01T11:12:51.3148283Z [command]/usr/bin/git checkout --progress --force -B codex/horde-1.6.1-engineering-pass refs/remotes/origin/codex/horde-1.6.1-engineering-pass
Shared simulation host (Clang)	Check out source	2026-10-01T11:12:53.9713790Z Updating files:   0% (30/4665)
Shared simulation host (Clang)	Check out source	2026-10-01T11:12:53.9865003Z Updating files:   1% (47/4665)
Shared simulation host (Clang)	Check out source	2026-10-01T11:12:54.0060448Z Updating files:   2% (94/4665)
Shared simulation host (Clang)	Check out source	2026-10-01T11:12:54.0140807Z Updating files:   3% (140/4665)
Shared simulation host (Clang)	Check out source	2026-10-01T11:12:54.0216611Z Updating files:   4% (187/4665)
Shared simulation host (Clang)	Check out source	2026-10-01T11:12:54.0499389Z Updating files:   5% (234/4665)
Shared simulation host (Clang)	Check out source	2026-10-01T11:12:54.0983116Z Updating files:   6% (280/4665)
Shared simulation host (Clang)	Check out source	2026-10-01T11:12:54.1038116Z Updating files:   7% (327/4665)
Shared simulation host (Clang)	Check out source	2026-10-01T11:12:54.1081161Z Updating files:   8% (374/4665)
Shared simulation host (Clang)	Check out source	2026-10-01T11:12:54.1185094Z Updating files:   9% (420/4665)
Shared simulation host (Clang)	Check out source	2026-10-01T11:12:54.1291965Z Updating files:  10% (467/4665)
Shared simulation host (Clang)	Check out source	2026-10-01T11:12:54.1336154Z Updating files:  11% (514/4665)
Shared simulation host (Clang)	Check out source	2026-10-01T11:12:54.1396769Z Updating files:  12% (560/4665)
Shared simulation host (Clang)	Check out source	2026-10-01T11:12:54.1462155Z Updating files:  13% (607/4665)
Shared simulation host (Clang)	Check out source	2026-10-01T11:12:54.1703801Z Updating files:  14% (654/4665)
Shared simulation host (Clang)	Check out source	2026-10-01T11:12:54.1737158Z Updating files:  15% (700/4665)
Shared simulation host (Clang)	Check out source	2026-10-01T11:12:54.1773266Z Updating files:  16% (747/4665)
Shared simulation host (Clang)	Check out source	2026-10-01T11:12:54.1818845Z Updating files:  17% (794/4665)
Shared simulation host (Clang)	Check out source	2026-10-01T11:12:54.1870755Z Updating files:  18% (840/4665)
Shared simulation host (Clang)	Check out source	2026-10-01T11:12:54.1919168Z Updating files:  19% (887/4665)
Shared simulation host (Clang)	Check out source	2026-10-01T11:12:54.1961030Z Updating files:  20% (933/4665)
Shared simulation host (Clang)	Check out source	2026-10-01T11:12:54.2006172Z Updating files:  21% (980/4665)
Shared simulation host (Clang)	Check out source	2026-10-01T11:12:54.2039797Z Updating files:  22% (1027/4665)
Shared simulation host (Clang)	Check out source	2026-10-01T11:12:54.2084497Z Updating files:  23% (1073/4665)
Shared simulation host (Clang)	Check out source	2026-10-01T11:12:54.2121435Z Updating files:  24% (1120/4665)
Shared simulation host (Clang)	Check out source	2026-10-01T11:12:54.2168807Z Updating files:  25% (1167/4665)
Shared simulation host (Clang)	Check out source	2026-10-01T11:12:54.2210670Z Updating files:  26% (1213/4665)
Shared simulation host (Clang)	Check out source	2026-10-01T11:12:54.2268405Z Updating files:  27% (1260/4665)
Shared simulation host (Clang)	Check out source	2026-10-01T11:12:54.2331269Z Updating files:  28% (1307/4665)
Shared simulation host (Clang)	Check out source	2026-10-01T11:12:54.2394379Z Updating files:  29% (1353/4665)
Shared simulation host (Clang)	Check out source	2026-10-01T11:12:54.2487131Z Updating files:  30% (1400/4665)
Shared simulation host (Clang)	Check out source	2026-10-01T11:12:54.2523135Z Updating files:  31% (1447/4665)
Shared simulation host (Clang)	Check out source	2026-10-01T11:12:54.2567536Z Updating files:  32% (1493/4665)
Shared simulation host (Clang)	Check out source	2026-10-01T11:12:54.2628832Z Updating files:  33% (1540/4665)
Shared simulation host (Clang)	Check out source	2026-10-01T11:12:54.2695980Z Updating files:  34% (1587/4665)
Shared simulation host (Clang)	Check out source	2026-10-01T11:12:54.2773670Z Updating files:  35% (1633/4665)
Shared simulation host (Clang)	Check out source	2026-10-01T11:12:54.2819947Z Updating files:  36% (1680/4665)
Shared simulation host (Clang)	Check out source	2026-10-01T11:12:54.2899416Z Updating files:  37% (1727/4665)
Shared simulation host (Clang)	Check out source	2026-10-01T11:12:54.2949531Z Updating files:  38% (1773/4665)
Shared simulation host (Clang)	Check out source	2026-10-01T11:12:54.2999954Z Updating files:  39% (1820/4665)
Shared simulation host (Clang)	Check out source	2026-10-01T11:12:54.3059930Z Updating files:  40% (1866/4665)
Shared simulation host (Clang)	Check out source	2026-10-01T11:12:54.3110477Z Updating files:  41% (1913/4665)
Shared simulation host (Clang)	Check out source	2026-10-01T11:12:54.3182737Z Updating files:  42% (1960/4665)
Shared simulation host (Clang)	Check out source	2026-10-01T11:12:54.3231816Z Updating files:  43% (2006/4665)
Shared simulation host (Clang)	Check out source	2026-10-01T11:12:54.3239019Z Updating files:  43% (2045/4665)
Shared simulation host (Clang)	Check out source	2026-10-01T11:12:54.3294008Z Updating files:  44% (2053/4665)
Shared simulation host (Clang)	Check out source	2026-10-01T11:12:54.3358736Z Updating files:  45% (2100/4665)
Shared simulation host (Clang)	Check out source	2026-10-01T11:12:54.3393712Z Updating files:  46% (2146/4665)
Shared simulation host (Clang)	Check out source	2026-10-01T11:12:54.3465727Z Updating files:  47% (2193/4665)
Shared simulation host (Clang)	Check out source	2026-10-01T11:12:54.3503016Z Updating files:  48% (2240/4665)
Shared simulation host (Clang)	Check out source	2026-10-01T11:12:54.3541528Z Updating files:  49% (2286/4665)
Shared simulation host (Clang)	Check out source	2026-10-01T11:12:54.3588939Z Updating files:  50% (2333/4665)
Shared simulation host (Clang)	Check out source	2026-10-01T11:12:54.3628741Z Updating files:  51% (2380/4665)
Shared simulation host (Clang)	Check out source	2026-10-01T11:12:54.3730964Z Updating files:  52% (2426/4665)
Shared simulation host (Clang)	Check out source	2026-10-01T11:12:54.3785733Z Updating files:  53% (2473/4665)
Shared simulation host (Clang)	Check out source	2026-10-01T11:12:54.3821311Z Updating files:  54% (2520/4665)
Shared simulation host (Clang)	Check out source	2026-10-01T11:12:54.3851509Z Updating files:  55% (2566/4665)
Shared simulation host (Clang)	Check out source	2026-10-01T11:12:54.3878594Z Updating files:  56% (2613/4665)
Shared simulation host (Clang)	Check out source	2026-10-01T11:12:54.3902338Z Updating files:  57% (2660/4665)
Shared simulation host (Clang)	Check out source	2026-10-01T11:12:54.3922236Z Updating files:  58% (2706/4665)
Shared simulation host (Clang)	Check out source	2026-10-01T11:12:54.3943084Z Updating files:  59% (2753/4665)
Shared simulation host (Clang)	Check out source	2026-10-01T11:12:54.3962146Z Updating files:  60% (2799/4665)
Shared simulation host (Clang)	Check out source	2026-10-01T11:12:54.4024641Z Updating files:  61% (2846/4665)
Shared simulation host (Clang)	Check out source	2026-10-01T11:12:54.4093348Z Updating files:  62% (2893/4665)
Shared simulation host (Clang)	Check out source	2026-10-01T11:12:54.4131554Z Updating files:  63% (2939/4665)
Shared simulation host (Clang)	Check out source	2026-10-01T11:12:54.4211155Z Updating files:  64% (2986/4665)
Shared simulation host (Clang)	Check out source	2026-10-01T11:12:54.4270198Z Updating files:  65% (3033/4665)
Shared simulation host (Clang)	Check out source	2026-10-01T11:12:54.4340884Z Updating files:  66% (3079/4665)
Shared simulation host (Clang)	Check out source	2026-10-01T11:12:54.4396023Z Updating files:  67% (3126/4665)
Shared simulation host (Clang)	Check out source	2026-10-01T11:12:54.4444374Z Updating files:  68% (3173/4665)
Shared simulation host (Clang)	Check out source	2026-10-01T11:12:54.4508238Z Updating files:  69% (3219/4665)
Shared simulation host (Clang)	Check out source	2026-10-01T11:12:54.4551754Z Updating files:  70% (3266/4665)
Shared simulation host (Clang)	Check out source	2026-10-01T11:12:54.4609520Z Updating files:  71% (3313/4665)
Shared simulation host (Clang)	Check out source	2026-10-01T11:12:54.4663579Z Updating files:  72% (3359/4665)
Shared simulation host (Clang)	Check out source	2026-10-01T11:12:54.4712654Z Updating files:  73% (3406/4665)
Shared simulation host (Clang)	Check out source	2026-10-01T11:12:54.4758231Z Updating files:  74% (3453/4665)
Shared simulation host (Clang)	Check out source	2026-10-01T11:12:54.4818194Z Updating files:  75% (3499/4665)
Shared simulation host (Clang)	Check out source	2026-10-01T11:12:54.4851328Z Updating files:  76% (3546/4665)
Shared simulation host (Clang)	Check out source	2026-10-01T11:12:54.4897261Z Updating files:  77% (3593/4665)
Shared simulation host (Clang)	Check out source	2026-10-01T11:12:54.4948901Z Updating files:  78% (3639/4665)
Shared simulation host (Clang)	Check out source	2026-10-01T11:12:54.5010373Z Updating files:  79% (3686/4665)
Shared simulation host (Clang)	Check out source	2026-10-01T11:12:54.5144871Z Updating files:  80% (3732/4665)
Shared simulation host (Clang)	Check out source	2026-10-01T11:12:54.5185835Z Updating files:  81% (3779/4665)
Shared simulation host (Clang)	Check out source	2026-10-01T11:12:54.5223290Z Updating files:  82% (3826/4665)
Shared simulation host (Clang)	Check out source	2026-10-01T11:12:54.5283890Z Updating files:  83% (3872/4665)
Shared simulation host (Clang)	Check out source	2026-10-01T11:12:54.5391936Z Updating files:  84% (3919/4665)
Shared simulation host (Clang)	Check out source	2026-10-01T11:12:54.5429062Z Updating files:  85% (3966/4665)
Shared simulation host (Clang)	Check out source	2026-10-01T11:12:54.5465445Z Updating files:  86% (4012/4665)
Shared simulation host (Clang)	Check out source	2026-10-01T11:12:54.5502298Z Updating files:  87% (4059/4665)
Shared simulation host (Clang)	Check out source	2026-10-01T11:12:54.5542118Z Updating files:  88% (4106/4665)
Shared simulation host (Clang)	Check out source	2026-10-01T11:12:54.5618272Z Updating files:  89% (4152/4665)
Shared simulation host (Clang)	Check out source	2026-10-01T11:12:54.5676905Z Updating files:  90% (4199/4665)
Shared simulation host (Clang)	Check out source	2026-10-01T11:12:54.5706491Z Updating files:  91% (4246/4665)
Shared simulation host (Clang)	Check out source	2026-10-01T11:12:54.5747746Z Updating files:  92% (4292/4665)
Shared simulation host (Clang)	Check out source	2026-10-01T11:12:54.5891108Z Updating files:  93% (4339/4665)
Shared simulation host (Clang)	Check out source	2026-10-01T11:12:54.6238794Z Updating files:  94% (4386/4665)
Shared simulation host (Clang)	Check out source	2026-10-01T11:12:54.6287532Z Updating files:  95% (4432/4665)
Shared simulation host (Clang)	Check out source	2026-10-01T11:12:54.6342075Z Updating files:  96% (4479/4665)
Shared simulation host (Clang)	Check out source	2026-10-01T11:12:54.6408445Z Updating files:  97% (4526/4665)
Shared simulation host (Clang)	Check out source	2026-10-01T11:12:54.6448626Z Updating files:  98% (4572/4665)
Shared simulation host (Clang)	Check out source	2026-10-01T11:12:54.6486126Z Updating files:  99% (4619/4665)
Shared simulation host (Clang)	Check out source	2026-10-01T11:12:54.6486516Z Updating files: 100% (4665/4665)
Shared simulation host (Clang)	Check out source	2026-10-01T11:12:54.6486854Z Updating files: 100% (4665/4665), done.
Shared simulation host (Clang)	Check out source	2026-10-01T11:12:54.6561268Z Switched to a new branch 'codex/horde-1.6.1-engineering-pass'
Shared simulation host (Clang)	Check out source	2026-10-01T11:12:54.6567904Z branch 'codex/horde-1.6.1-engineering-pass' set up to track 'origin/codex/horde-1.6.1-engineering-pass'.
Shared simulation host (Clang)	Check out source	2026-10-01T11:12:54.7310409Z ##[endgroup]
Shared simulation host (Clang)	Check out source	2026-10-01T11:12:54.7363210Z [command]/usr/bin/git log -1 --format=%H
Shared simulation host (Clang)	Check out source	2026-10-01T11:12:54.7394648Z ca58f0956637f9063fe1cda42989ad5f74daa47d
Shared simulation host (Clang)	Fetch portable-test GLB and music PCM assets	﻿2026-10-01T11:12:54.7619694Z ##[group]Run git -c lfs.fetchexclude= lfs fetch --include="assets/models/player/runtime/*.glb,assets/models/player/viewmodel/runtime/*.glb,assets/models/props/runtime/*.glb,assets/models/props/runtime/*/*.glb,assets/models/weapons/runtime/*.glb,tests/fixtures/*/*.glb,assets/audio/music/what-the-dark-keeps/runtime/*.wav" && git lfs checkout "assets/models/player/runtime/*.glb" "assets/models/player/viewmodel/runtime/*.glb" "assets/models/props/runtime/*.glb" "assets/models/props/runtime/*/*.glb" "assets/models/weapons/runtime/*.glb" "tests/fixtures/*/*.glb" "assets/audio/music/what-the-dark-keeps/runtime/*.wav"
Shared simulation host (Clang)	Fetch portable-test GLB and music PCM assets	2026-10-01T11:12:54.7624520Z ^[[36;1mgit -c lfs.fetchexclude= lfs fetch --include="assets/models/player/runtime/*.glb,assets/models/player/viewmodel/runtime/*.glb,assets/models/props/runtime/*.glb,assets/models/props/runtime/*/*.glb,assets/models/weapons/runtime/*.glb,tests/fixtures/*/*.glb,assets/audio/music/what-the-dark-keeps/runtime/*.wav" && git lfs checkout "assets/models/player/runtime/*.glb" "assets/models/player/viewmodel/runtime/*.glb" "assets/models/props/runtime/*.glb" "assets/models/props/runtime/*/*.glb" "assets/models/weapons/runtime/*.glb" "tests/fixtures/*/*.glb" "assets/audio/music/what-the-dark-keeps/runtime/*.wav"^[[0m
Shared simulation host (Clang)	Fetch portable-test GLB and music PCM assets	2026-10-01T11:12:54.7917487Z shell: /usr/bin/bash -e {0}
Shared simulation host (Clang)	Fetch portable-test GLB and music PCM assets	2026-10-01T11:12:54.7917812Z ##[endgroup]
Shared simulation host (Clang)	Fetch portable-test GLB and music PCM assets	2026-10-01T11:12:54.8263053Z Fetching reference refs/heads/codex/horde-1.6.1-engineering-pass
Shared simulation host (Clang)	Fetch portable-test GLB and music PCM assets	2026-10-01T11:12:56.4714687Z Checking out LFS objects: 100% (62/62), 27 MB | 0 B/s, done.
Shared simulation host (Clang)	Configure non-hardware host tests	﻿2026-10-01T11:12:57.1027139Z ##[group]Run cmake -S . -B build/host-ci -DCMAKE_CXX_COMPILER=clang++ -DCMAKE_BUILD_TYPE=Release -DBUILD_TESTING=ON -DHORDE_RT_BUILD_VULKAN_TARGETS=OFF
Shared simulation host (Clang)	Configure non-hardware host tests	2026-10-01T11:12:57.1028236Z ^[[36;1mcmake -S . -B build/host-ci -DCMAKE_CXX_COMPILER=clang++ -DCMAKE_BUILD_TYPE=Release -DBUILD_TESTING=ON -DHORDE_RT_BUILD_VULKAN_TARGETS=OFF^[[0m
Shared simulation host (Clang)	Configure non-hardware host tests	2026-10-01T11:12:57.1093677Z shell: /usr/bin/bash -e {0}
Shared simulation host (Clang)	Configure non-hardware host tests	2026-10-01T11:12:57.1093955Z ##[endgroup]
Shared simulation host (Clang)	Configure non-hardware host tests	2026-10-01T11:13:06.7813284Z -- The CXX compiler identification is Clang 18.1.3
Shared simulation host (Clang)	Configure non-hardware host tests	2026-10-01T11:13:06.8576825Z -- Detecting CXX compiler ABI info
Shared simulation host (Clang)	Configure non-hardware host tests	2026-10-01T11:13:07.1425063Z -- Detecting CXX compiler ABI info - done
Shared simulation host (Clang)	Configure non-hardware host tests	2026-10-01T11:13:07.1570436Z -- Check for working CXX compiler: /usr/bin/clang++ - skipped
Shared simulation host (Clang)	Configure non-hardware host tests	2026-10-01T11:13:07.1577222Z -- Detecting CXX compile features
Shared simulation host (Clang)	Configure non-hardware host tests	2026-10-01T11:13:07.1588255Z -- Detecting CXX compile features - done
Shared simulation host (Clang)	Configure non-hardware host tests	2026-10-01T11:13:25.1507291Z Generated RT catalog adapter is current.
Shared simulation host (Clang)	Configure non-hardware host tests	2026-10-01T11:13:25.7468000Z -- Strict non-contracted asset-transform arithmetic enabled for GltfDocument.cpp and StaticMeshAsset.cpp: -fno-fast-math;-ffp-contract=off
Shared simulation host (Clang)	Configure non-hardware host tests	2026-10-01T11:13:25.8449391Z -- Performing Test CMAKE_HAVE_LIBC_PTHREAD
Shared simulation host (Clang)	Configure non-hardware host tests	2026-10-01T11:13:26.6464517Z -- Performing Test CMAKE_HAVE_LIBC_PTHREAD - Success
Shared simulation host (Clang)	Configure non-hardware host tests	2026-10-01T11:13:26.6848743Z -- Found Threads: TRUE
Shared simulation host (Clang)	Configure non-hardware host tests	2026-10-01T11:13:30.9595933Z -- Legacy torch-failure identifiers were rejected by the configured Clang compiler.
Shared simulation host (Clang)	Configure non-hardware host tests	2026-10-01T11:13:30.9597884Z -- Horde Lantern RT: configuring shared host gameplay tests without Vulkan targets.
Shared simulation host (Clang)	Configure non-hardware host tests	2026-10-01T11:13:30.9600947Z -- Configuring done (33.8s)
Shared simulation host (Clang)	Configure non-hardware host tests	2026-10-01T11:13:31.0859306Z -- Generating done (0.1s)
Shared simulation host (Clang)	Configure non-hardware host tests	2026-10-01T11:13:31.0863440Z -- Build files have been written to: /home/runner/work/The-Horde-RT-demo/The-Horde-RT-demo/build/host-ci
Shared simulation host (Clang)	Build shared gameplay tests	﻿2026-10-01T11:13:31.0929696Z ##[group]Run cmake --build build/host-ci --config Release --parallel 2
Shared simulation host (Clang)	Build shared gameplay tests	2026-10-01T11:13:31.0930239Z ^[[36;1mcmake --build build/host-ci --config Release --parallel 2^[[0m
Shared simulation host (Clang)	Build shared gameplay tests	2026-10-01T11:13:31.0994796Z shell: /usr/bin/bash -e {0}
Shared simulation host (Clang)	Build shared gameplay tests	2026-10-01T11:13:31.0995058Z ##[endgroup]
Shared simulation host (Clang)	Build shared gameplay tests	2026-10-01T11:13:31.1273846Z [  1%] Building CXX object CMakeFiles/horde_rt_player_primitive_contract_tests.dir/tests/PlayerPrimitiveContractTests.cpp.o
Shared simulation host (Clang)	Build shared gameplay tests	2026-10-01T11:13:31.1275834Z [  1%] Building CXX object pocket-audio-core-native/CMakeFiles/pocket_audio_native_pcm.dir/src/PcmLoopStream.cpp.o
Shared simulation host (Clang)	Build shared gameplay tests	2026-10-01T11:13:33.1730600Z [  2%] Linking CXX executable horde_rt_player_primitive_contract_tests
Shared simulation host (Clang)	Build shared gameplay tests	2026-10-01T11:13:33.2273859Z [  3%] Building CXX object pocket-audio-core-native/CMakeFiles/pocket_audio_native_pcm.dir/src/PcmWave.cpp.o
Shared simulation host (Clang)	Build shared gameplay tests	2026-10-01T11:13:33.2367226Z [  3%] Built target horde_rt_player_primitive_contract_tests
Shared simulation host (Clang)	Build shared gameplay tests	2026-10-01T11:13:33.2440210Z [  4%] Building CXX object CMakeFiles/horde_rt_staged_primary_contract_tests.dir/tests/StagedPrimaryContractTests.cpp.o
Shared simulation host (Clang)	Build shared gameplay tests	2026-10-01T11:13:33.7993458Z [  5%] Linking CXX executable horde_rt_staged_primary_contract_tests
Shared simulation host (Clang)	Build shared gameplay tests	2026-10-01T11:13:33.8093595Z [  5%] Linking CXX static library libpocket_audio_native_pcm.a
Shared simulation host (Clang)	Build shared gameplay tests	2026-10-01T11:13:33.8637601Z [  5%] Built target horde_rt_staged_primary_contract_tests
Shared simulation host (Clang)	Build shared gameplay tests	2026-10-01T11:13:33.8715025Z [  6%] Building CXX object CMakeFiles/horde_rt_windows_benchmark_launch_tests.dir/tests/WindowsBenchmarkLaunchTests.cpp.o
Shared simulation host (Clang)	Build shared gameplay tests	2026-10-01T11:13:34.4402834Z [  6%] Built target pocket_audio_native_pcm
Shared simulation host (Clang)	Build shared gameplay tests	2026-10-01T11:13:34.4474911Z [  6%] Building CXX object CMakeFiles/horde_rt_evidence_publication_tests.dir/tests/RtEvidencePublicationTests.cpp.o
Shared simulation host (Clang)	Build shared gameplay tests	2026-10-01T11:13:34.5573205Z [  6%] Linking CXX executable horde_rt_windows_benchmark_launch_tests
Shared simulation host (Clang)	Build shared gameplay tests	2026-10-01T11:13:34.6174124Z [  6%] Built target horde_rt_windows_benchmark_launch_tests
Shared simulation host (Clang)	Build shared gameplay tests	2026-10-01T11:13:34.6244340Z [  6%] Building CXX object CMakeFiles/horde_rt_ray_tracing_requirements_tests.dir/tests/RayTracingRequirementsTests.cpp.o
Shared simulation host (Clang)	Build shared gameplay tests	2026-10-01T11:13:35.3782926Z [  7%] Building CXX object CMakeFiles/horde_rt_ray_tracing_requirements_tests.dir/src/vulkan/raytracing/RayTracingRequirements.cpp.o
Shared simulation host (Clang)	Build shared gameplay tests	2026-10-01T11:13:35.8170482Z [  8%] Building CXX object CMakeFiles/horde_rt_evidence_publication_tests.dir/src/telemetry/RtEvidencePublication.cpp.o
Shared simulation host (Clang)	Build shared gameplay tests	2026-10-01T11:13:35.8234956Z [  8%] Linking CXX executable horde_rt_ray_tracing_requirements_tests
Shared simulation host (Clang)	Build shared gameplay tests	2026-10-01T11:13:35.8818304Z [  8%] Built target horde_rt_ray_tracing_requirements_tests
Shared simulation host (Clang)	Build shared gameplay tests	2026-10-01T11:13:35.8887865Z [  8%] Building CXX object CMakeFiles/horde_rt_performance_evidence_tests.dir/tests/RtPerformanceEvidenceTests.cpp.o
Shared simulation host (Clang)	Build shared gameplay tests	2026-10-01T11:13:36.4854414Z [  9%] Building CXX object CMakeFiles/horde_rt_evidence_publication_tests.dir/src/telemetry/RtPerformanceEvidence.cpp.o
Shared simulation host (Clang)	Build shared gameplay tests	2026-10-01T11:13:37.9357508Z [  9%] Linking CXX executable horde_rt_evidence_publication_tests
Shared simulation host (Clang)	Build shared gameplay tests	2026-10-01T11:13:37.9950687Z [  9%] Built target horde_rt_evidence_publication_tests
Shared simulation host (Clang)	Build shared gameplay tests	2026-10-01T11:13:38.0023255Z [  9%] Building CXX object CMakeFiles/horde_rt_scene_record_observation_tests.dir/tests/RtSceneRecordObservationTests.cpp.o
Shared simulation host (Clang)	Build shared gameplay tests	2026-10-01T11:13:39.0123913Z [ 10%] Building CXX object CMakeFiles/horde_rt_performance_evidence_tests.dir/src/telemetry/RtPerformanceEvidence.cpp.o
Shared simulation host (Clang)	Build shared gameplay tests	2026-10-01T11:13:39.5671767Z [ 11%] Building CXX object CMakeFiles/horde_rt_scene_record_observation_tests.dir/src/telemetry/RtPerformanceEvidence.cpp.o
Shared simulation host (Clang)	Build shared gameplay tests	2026-10-01T11:13:40.4890462Z [ 11%] Linking CXX executable horde_rt_performance_evidence_tests
Shared simulation host (Clang)	Build shared gameplay tests	2026-10-01T11:13:40.5504717Z [ 11%] Built target horde_rt_performance_evidence_tests
Shared simulation host (Clang)	Build shared gameplay tests	2026-10-01T11:13:40.5574488Z [ 11%] Building CXX object CMakeFiles/horde_rt_pipeline_variants_tests.dir/tests/RtPipelineVariantsTests.cpp.o
Shared simulation host (Clang)	Build shared gameplay tests	2026-10-01T11:13:41.0224594Z [ 12%] Linking CXX executable horde_rt_scene_record_observation_tests
Shared simulation host (Clang)	Build shared gameplay tests	2026-10-01T11:13:41.0817208Z [ 12%] Built target horde_rt_scene_record_observation_tests
Shared simulation host (Clang)	Build shared gameplay tests	2026-10-01T11:13:41.0887680Z [ 13%] Building CXX object CMakeFiles/horde_rt_pipeline_variant_provider_tests.dir/tests/RtPipelineVariantProviderTests.cpp.o
Shared simulation host (Clang)	Build shared gameplay tests	2026-10-01T11:13:41.1055357Z [ 14%] Building CXX object CMakeFiles/horde_rt_pipeline_variants_tests.dir/src/vulkan/raytracing/RtPipelineVariants.cpp.o
Shared simulation host (Clang)	Build shared gameplay tests	2026-10-01T11:13:41.5802864Z [ 14%] Linking CXX executable horde_rt_pipeline_variants_tests
Shared simulation host (Clang)	Build shared gameplay tests	2026-10-01T11:13:41.6432780Z [ 14%] Built target horde_rt_pipeline_variants_tests
Shared simulation host (Clang)	Build shared gameplay tests	2026-10-01T11:13:41.6507488Z [ 15%] Building CXX object CMakeFiles/horde_rt_pipeline_bundle_contracts_tests.dir/tests/RtPipelineBundleContractsTests.cpp.o
Shared simulation host (Clang)	Build shared gameplay tests	2026-10-01T11:13:41.6515853Z [ 15%] Building CXX object CMakeFiles/horde_rt_pipeline_variant_provider_tests.dir/src/vulkan/raytracing/RtPipelineVariants.cpp.o
Shared simulation host (Clang)	Build shared gameplay tests	2026-10-01T11:13:42.1019028Z [ 16%] Building CXX object CMakeFiles/horde_rt_pipeline_variant_provider_tests.dir/src/vulkan/raytracing/RtPipelineVariantProvider.cpp.o
Shared simulation host (Clang)	Build shared gameplay tests	2026-10-01T11:13:42.3906080Z [ 17%] Building CXX object CMakeFiles/horde_rt_pipeline_bundle_contracts_tests.dir/src/vulkan/raytracing/RtPipelineBundleContracts.cpp.o
Shared simulation host (Clang)	Build shared gameplay tests	2026-10-01T11:13:42.9556134Z [ 18%] Linking CXX executable horde_rt_pipeline_variant_provider_tests
Shared simulation host (Clang)	Build shared gameplay tests	2026-10-01T11:13:43.0156303Z [ 18%] Built target horde_rt_pipeline_variant_provider_tests
Shared simulation host (Clang)	Build shared gameplay tests	2026-10-01T11:13:43.0227469Z [ 19%] Building CXX object CMakeFiles/horde_rtpv_0_0_obj.dir/src/vulkan/raytracing/RtPipelineVariantProvider.cpp.o
Shared simulation host (Clang)	Build shared gameplay tests	2026-10-01T11:13:43.4478431Z [ 19%] Building CXX object CMakeFiles/horde_rt_pipeline_bundle_contracts_tests.dir/src/vulkan/raytracing/RtPipelineVariants.cpp.o
Shared simulation host (Clang)	Build shared gameplay tests	2026-10-01T11:13:43.8538789Z [ 19%] Built target horde_rtpv_0_0_obj
Shared simulation host (Clang)	Build shared gameplay tests	2026-10-01T11:13:43.8608065Z [ 19%] Building CXX object CMakeFiles/horde_rtpv_0_1_obj.dir/src/vulkan/raytracing/RtPipelineVariantProvider.cpp.o
Shared simulation host (Clang)	Build shared gameplay tests	2026-10-01T11:13:43.9104994Z [ 20%] Building CXX object CMakeFiles/horde_rt_pipeline_bundle_contracts_tests.dir/src/vulkan/raytracing/RtPipelineVariantProvider.cpp.o
Shared simulation host (Clang)	Build shared gameplay tests	2026-10-01T11:13:44.6897868Z [ 20%] Built target horde_rtpv_0_1_obj
Shared simulation host (Clang)	Build shared gameplay tests	2026-10-01T11:13:44.6968559Z [ 21%] Building CXX object CMakeFiles/horde_rtpv_1_0_obj.dir/src/vulkan/raytracing/RtPipelineVariantProvider.cpp.o
Shared simulation host (Clang)	Build shared gameplay tests	2026-10-01T11:13:44.7491704Z [ 21%] Linking CXX executable horde_rt_pipeline_bundle_contracts_tests
Shared simulation host (Clang)	Build shared gameplay tests	2026-10-01T11:13:44.8123420Z [ 21%] Built target horde_rt_pipeline_bundle_contracts_tests
Shared simulation host (Clang)	Build shared gameplay tests	2026-10-01T11:13:44.8192089Z [ 22%] Building CXX object CMakeFiles/horde_rtpv_1_1_obj.dir/src/vulkan/raytracing/RtPipelineVariantProvider.cpp.o
Shared simulation host (Clang)	Build shared gameplay tests	2026-10-01T11:13:45.5443760Z [ 22%] Built target horde_rtpv_1_0_obj
Shared simulation host (Clang)	Build shared gameplay tests	2026-10-01T11:13:45.5514270Z [ 23%] Building CXX object CMakeFiles/horde_rt_github_release_updater_tests.dir/tests/GitHubReleaseUpdaterTests.cpp.o
Shared simulation host (Clang)	Build shared gameplay tests	2026-10-01T11:13:45.6523109Z [ 23%] Built target horde_rtpv_1_1_obj
Shared simulation host (Clang)	Build shared gameplay tests	2026-10-01T11:13:45.6591327Z [ 23%] Building CXX object CMakeFiles/horde_rt_version_contract_tests.dir/tests/VersionContractTests.cpp.o
Shared simulation host (Clang)	Build shared gameplay tests	2026-10-01T11:13:46.7153179Z [ 23%] Building CXX object CMakeFiles/horde_rt_github_release_updater_tests.dir/src/update/GitHubReleaseUpdater.cpp.o
Shared simulation host (Clang)	Build shared gameplay tests	2026-10-01T11:13:48.2979094Z [ 24%] Linking CXX executable horde_rt_github_release_updater_tests
Shared simulation host (Clang)	Build shared gameplay tests	2026-10-01T11:13:48.3596913Z [ 24%] Built target horde_rt_github_release_updater_tests
Shared simulation host (Clang)	Build shared gameplay tests	2026-10-01T11:13:48.3668865Z [ 24%] Building CXX object CMakeFiles/horde_rt_version_contract_incremental_configure_tests.dir/tests/VersionContractIncrementalConfigureTests.cpp.o
Shared simulation host (Clang)	Build shared gameplay tests	2026-10-01T11:13:50.3232858Z [ 25%] Linking CXX executable horde_rt_version_contract_tests
Shared simulation host (Clang)	Build shared gameplay tests	2026-10-01T11:13:50.3877874Z [ 25%] Built target horde_rt_version_contract_tests
Shared simulation host (Clang)	Build shared gameplay tests	2026-10-01T11:13:50.3947344Z [ 25%] Building CXX object CMakeFiles/horde_rt_dielectric_math_tests.dir/tests/DielectricMathTests.cpp.o
Shared simulation host (Clang)	Build shared gameplay tests	2026-10-01T11:13:50.6225251Z [ 26%] Linking CXX executable horde_rt_version_contract_incremental_configure_tests
Shared simulation host (Clang)	Build shared gameplay tests	2026-10-01T11:13:50.6829476Z [ 26%] Built target horde_rt_version_contract_incremental_configure_tests
Shared simulation host (Clang)	Build shared gameplay tests	2026-10-01T11:13:50.6899876Z [ 27%] Building CXX object CMakeFiles/horde_rt_scene_abi_tests.dir/tests/RtSceneAbiTests.cpp.o
Shared simulation host (Clang)	Build shared gameplay tests	2026-10-01T11:13:51.5737033Z [ 28%] Linking CXX executable horde_rt_dielectric_math_tests
Shared simulation host (Clang)	Build shared gameplay tests	2026-10-01T11:13:51.6342130Z [ 28%] Built target horde_rt_dielectric_math_tests
Shared simulation host (Clang)	Build shared gameplay tests	2026-10-01T11:13:51.6415043Z [ 28%] Building CXX object CMakeFiles/horde_rt_static_gltf_asset_tests.dir/tests/StaticGltfAssetTests.cpp.o
Shared simulation host (Clang)	Build shared gameplay tests	2026-10-01T11:13:52.0885046Z [ 29%] Building CXX object CMakeFiles/horde_rt_scene_abi_tests.dir/src/vulkan/raytracing/RtStaticMeshSlot.cpp.o
Shared simulation host (Clang)	Build shared gameplay tests	2026-10-01T11:13:54.2544697Z [ 29%] Building CXX object CMakeFiles/horde_rt_scene_abi_tests.dir/src/vulkan/raytracing/RtTextureArrays.cpp.o
Shared simulation host (Clang)	Build shared gameplay tests	2026-10-01T11:13:54.6410692Z [ 30%] Linking CXX executable horde_rt_scene_abi_tests
Shared simulation host (Clang)	Build shared gameplay tests	2026-10-01T11:13:54.7034328Z [ 30%] Built target horde_rt_scene_abi_tests
Shared simulation host (Clang)	Build shared gameplay tests	2026-10-01T11:13:54.7103256Z [ 30%] Building CXX object CMakeFiles/horde_rt_input_mailbox_stress.dir/tests/InputMailboxStress.cpp.o
Shared simulation host (Clang)	Build shared gameplay tests	2026-10-01T11:13:56.5300980Z [ 31%] Linking CXX executable horde_rt_input_mailbox_stress
Shared simulation host (Clang)	Build shared gameplay tests	2026-10-01T11:13:56.5904435Z [ 31%] Built target horde_rt_input_mailbox_stress
Shared simulation host (Clang)	Build shared gameplay tests	2026-10-01T11:13:56.5975331Z [ 32%] Building CXX object CMakeFiles/horde_rt_desktop_controller_input_tests.dir/tests/DesktopControllerInputTests.cpp.o
Shared simulation host (Clang)	Build shared gameplay tests	2026-10-01T11:13:57.7858419Z [ 33%] Building CXX object CMakeFiles/horde_rt_static_gltf_asset_tests.dir/src/scene/assets/AssetManifest.cpp.o
Shared simulation host (Clang)	Build shared gameplay tests	2026-10-01T11:13:57.7989983Z [ 34%] Linking CXX executable horde_rt_desktop_controller_input_tests
Shared simulation host (Clang)	Build shared gameplay tests	2026-10-01T11:13:57.8601990Z [ 34%] Built target horde_rt_desktop_controller_input_tests
Shared simulation host (Clang)	Build shared gameplay tests	2026-10-01T11:13:57.8672117Z [ 34%] Building CXX object CMakeFiles/horde_rt_gpu_timestamp_math_tests.dir/tests/GpuTimestampMathTests.cpp.o
Shared simulation host (Clang)	Build shared gameplay tests	2026-10-01T11:13:58.4907559Z [ 35%] Linking CXX executable horde_rt_gpu_timestamp_math_tests
Shared simulation host (Clang)	Build shared gameplay tests	2026-10-01T11:13:58.5516223Z [ 35%] Built target horde_rt_gpu_timestamp_math_tests
Shared simulation host (Clang)	Build shared gameplay tests	2026-10-01T11:13:58.5585491Z [ 36%] Building CXX object CMakeFiles/horde_rt_combat_smoke.dir/tests/SwordCombatSmoke.cpp.o
Shared simulation host (Clang)	Build shared gameplay tests	2026-10-01T11:13:59.5829451Z [ 36%] Linking CXX executable horde_rt_combat_smoke
Shared simulation host (Clang)	Build shared gameplay tests	2026-10-01T11:13:59.6432795Z [ 36%] Built target horde_rt_combat_smoke
Shared simulation host (Clang)	Build shared gameplay tests	2026-10-01T11:13:59.6503637Z [ 36%] Building CXX object CMakeFiles/horde_rt_showcase_route_smoke.dir/tests/ShowcaseRouteSmoke.cpp.o
Shared simulation host (Clang)	Build shared gameplay tests	2026-10-01T11:14:00.4385321Z [ 37%] Linking CXX executable horde_rt_showcase_route_smoke
Shared simulation host (Clang)	Build shared gameplay tests	2026-10-01T11:14:00.4997459Z [ 37%] Built target horde_rt_showcase_route_smoke
Shared simulation host (Clang)	Build shared gameplay tests	2026-10-01T11:14:00.5067349Z [ 38%] Building CXX object CMakeFiles/horde_rt_spatial_audio_smoke.dir/tests/SpatialAudioSmoke.cpp.o
Shared simulation host (Clang)	Build shared gameplay tests	2026-10-01T11:14:00.5090132Z [ 38%] Building CXX object CMakeFiles/horde_rt_static_gltf_asset_tests.dir/src/scene/assets/AssetValidation.cpp.o
Shared simulation host (Clang)	Build shared gameplay tests	2026-10-01T11:14:01.1092452Z [ 39%] Building CXX object CMakeFiles/horde_rt_static_gltf_asset_tests.dir/src/scene/assets/GltfDocument.cpp.o
Shared simulation host (Clang)	Build shared gameplay tests	2026-10-01T11:14:02.0420893Z [ 39%] Linking CXX executable horde_rt_spatial_audio_smoke
Shared simulation host (Clang)	Build shared gameplay tests	2026-10-01T11:14:02.1039911Z [ 39%] Built target horde_rt_spatial_audio_smoke
Shared simulation host (Clang)	Build shared gameplay tests	2026-10-01T11:14:02.1113694Z [ 40%] Building CXX object pocket-audio-core-native/CMakeFiles/pocket_audio_native_pcm_tests.dir/tests/PcmNativeTests.cpp.o
Shared simulation host (Clang)	Build shared gameplay tests	2026-10-01T11:14:03.5298387Z [ 41%] Linking CXX executable pocket_audio_native_pcm_tests
Shared simulation host (Clang)	Build shared gameplay tests	2026-10-01T11:14:03.5923023Z [ 41%] Built target pocket_audio_native_pcm_tests
Shared simulation host (Clang)	Build shared gameplay tests	2026-10-01T11:14:03.5945886Z [ 42%] Building CXX object CMakeFiles/horde_rt_static_gltf_asset_tests.dir/src/scene/assets/StaticMeshAsset.cpp.o
Shared simulation host (Clang)	Build shared gameplay tests	2026-10-01T11:14:04.6431777Z [ 42%] Building CXX object CMakeFiles/horde_rt_static_gltf_asset_tests.dir/src/vulkan/raytracing/RtStaticMeshSlot.cpp.o
Shared simulation host (Clang)	Build shared gameplay tests	2026-10-01T11:14:06.8159981Z [ 42%] Building CXX object CMakeFiles/horde_gameplay_simulation.dir/src/audio/MusicDirector.cpp.o
Shared simulation host (Clang)	Build shared gameplay tests	2026-10-01T11:14:07.9297533Z [ 43%] Building CXX object CMakeFiles/horde_gameplay_simulation.dir/src/audio/MusicPcmStream.cpp.o
Shared simulation host (Clang)	Build shared gameplay tests	2026-10-01T11:14:08.3034793Z [ 44%] Linking CXX executable horde_rt_static_gltf_asset_tests
Shared simulation host (Clang)	Build shared gameplay tests	2026-10-01T11:14:08.3718652Z [ 44%] Built target horde_rt_static_gltf_asset_tests
Shared simulation host (Clang)	Build shared gameplay tests	2026-10-01T11:14:08.3790263Z [ 45%] Building CXX object CMakeFiles/horde_rt_provider_shipping_mobile_fixture.dir/tests/RtPipelineVariantFixture.cpp.o
Shared simulation host (Clang)	Build shared gameplay tests	2026-10-01T11:14:09.0549056Z [ 45%] Building CXX object CMakeFiles/horde_gameplay_simulation.dir/src/audio/MusicPcmWave.cpp.o
Shared simulation host (Clang)	Build shared gameplay tests	2026-10-01T11:14:09.2806433Z [ 45%] Building CXX object CMakeFiles/horde_rt_provider_shipping_mobile_fixture.dir/src/vulkan/raytracing/RtPipelineBundleContracts.cpp.o
Shared simulation host (Clang)	Build shared gameplay tests	2026-10-01T11:14:09.3261626Z [ 46%] Building CXX object CMakeFiles/horde_gameplay_simulation.dir/src/audio/MusicPcmAssetBank.cpp.o
Shared simulation host (Clang)	Build shared gameplay tests	2026-10-01T11:14:10.3430559Z [ 47%] Building CXX object CMakeFiles/horde_rt_provider_shipping_mobile_fixture.dir/src/vulkan/raytracing/RtPipelineVariants.cpp.o
Shared simulation host (Clang)	Build shared gameplay tests	2026-10-01T11:14:10.4845217Z [ 47%] Building CXX object CMakeFiles/horde_gameplay_simulation.dir/src/audio/MusicPlaybackSession.cpp.o
Shared simulation host (Clang)	Build shared gameplay tests	2026-10-01T11:14:10.8013494Z [ 48%] Linking CXX executable horde_rt_provider_shipping_mobile_fixture
Shared simulation host (Clang)	Build shared gameplay tests	2026-10-01T11:14:10.8658418Z [ 48%] Built target horde_rt_provider_shipping_mobile_fixture
Shared simulation host (Clang)	Build shared gameplay tests	2026-10-01T11:14:10.8732580Z [ 49%] Building CXX object CMakeFiles/horde_rt_provider_shipping_high_fixture.dir/tests/RtPipelineVariantFixture.cpp.o
Shared simulation host (Clang)	Build shared gameplay tests	2026-10-01T11:14:11.6398126Z [ 50%] Building CXX object CMakeFiles/horde_gameplay_simulation.dir/src/reporting/PlaytestReport.cpp.o
Shared simulation host (Clang)	Build shared gameplay tests	2026-10-01T11:14:11.7453514Z [ 50%] Building CXX object CMakeFiles/horde_rt_provider_shipping_high_fixture.dir/src/vulkan/raytracing/RtPipelineBundleContracts.cpp.o
Shared simulation host (Clang)	Build shared gameplay tests	2026-10-01T11:14:12.5746694Z [ 51%] Building CXX object CMakeFiles/horde_gameplay_simulation.dir/src/gameplay/simulation/GameSimulation.cpp.o
Shared simulation host (Clang)	Build shared gameplay tests	2026-10-01T11:14:12.8144110Z [ 52%] Building CXX object CMakeFiles/horde_rt_provider_shipping_high_fixture.dir/src/vulkan/raytracing/RtPipelineVariants.cpp.o
Shared simulation host (Clang)	Build shared gameplay tests	2026-10-01T11:14:13.2747751Z [ 52%] Linking CXX executable horde_rt_provider_shipping_high_fixture
Shared simulation host (Clang)	Build shared gameplay tests	2026-10-01T11:14:13.3373572Z [ 52%] Built target horde_rt_provider_shipping_high_fixture
Shared simulation host (Clang)	Build shared gameplay tests	2026-10-01T11:14:13.3444132Z [ 52%] Building CXX object CMakeFiles/horde_rt_provider_diagnostic_mobile_fixture.dir/tests/RtPipelineVariantFixture.cpp.o
Shared simulation host (Clang)	Build shared gameplay tests	2026-10-01T11:14:14.2103031Z [ 53%] Building CXX object CMakeFiles/horde_rt_provider_diagnostic_mobile_fixture.dir/src/vulkan/raytracing/RtPipelineBundleContracts.cpp.o
Shared simulation host (Clang)	Build shared gameplay tests	2026-10-01T11:14:14.2498123Z [ 53%] Building CXX object CMakeFiles/horde_gameplay_simulation.dir/src/gameplay/animation/PlayerAnimationState.cpp.o
Shared simulation host (Clang)	Build shared gameplay tests	2026-10-01T11:14:15.2834299Z [ 53%] Building CXX object CMakeFiles/horde_rt_provider_diagnostic_mobile_fixture.dir/src/vulkan/raytracing/RtPipelineVariants.cpp.o
Shared simulation host (Clang)	Build shared gameplay tests	2026-10-01T11:14:15.2927218Z [ 54%] Building CXX object CMakeFiles/horde_gameplay_simulation.dir/src/gameplay/animation/PlayerIkTargets.cpp.o
Shared simulation host (Clang)	Build shared gameplay tests	2026-10-01T11:14:15.6628895Z [ 54%] Building CXX object CMakeFiles/horde_gameplay_simulation.dir/src/gameplay/effects/FireEmitterState.cpp.o
Shared simulation host (Clang)	Build shared gameplay tests	2026-10-01T11:14:15.7500629Z [ 55%] Linking CXX executable horde_rt_provider_diagnostic_mobile_fixture
Shared simulation host (Clang)	Build shared gameplay tests	2026-10-01T11:14:15.8153934Z [ 55%] Built target horde_rt_provider_diagnostic_mobile_fixture
Shared simulation host (Clang)	Build shared gameplay tests	2026-10-01T11:14:15.8228566Z [ 56%] Building CXX object CMakeFiles/horde_rt_provider_diagnostic_high_fixture.dir/tests/RtPipelineVariantFixture.cpp.o
Shared simulation host (Clang)	Build shared gameplay tests	2026-10-01T11:14:16.0632145Z [ 57%] Building CXX object CMakeFiles/horde_gameplay_simulation.dir/src/gameplay/interactions/InteractionState.cpp.o
Shared simulation host (Clang)	Build shared gameplay tests	2026-10-01T11:14:16.4224854Z [ 58%] Building CXX object CMakeFiles/horde_gameplay_simulation.dir/src/gameplay/interactions/ChestRewardSequence.cpp.o
Shared simulation host (Clang)	Build shared gameplay tests	2026-10-01T11:14:16.7003160Z [ 58%] Building CXX object CMakeFiles/horde_rt_provider_diagnostic_high_fixture.dir/src/vulkan/raytracing/RtPipelineBundleContracts.cpp.o
Shared simulation host (Clang)	Build shared gameplay tests	2026-10-01T11:14:16.7925667Z [ 58%] Building CXX object CMakeFiles/horde_gameplay_simulation.dir/src/gameplay/interactions/FinaleSequence.cpp.o
Shared simulation host (Clang)	Build shared gameplay tests	2026-10-01T11:14:17.1590172Z [ 59%] Building CXX object CMakeFiles/horde_gameplay_simulation.dir/src/gameplay/items/LanternPendulum.cpp.o
Shared simulation host (Clang)	Build shared gameplay tests	2026-10-01T11:14:17.5773178Z [ 59%] Building CXX object CMakeFiles/horde_gameplay_simulation.dir/src/gameplay/items/HeldItemState.cpp.o
Shared simulation host (Clang)	Build shared gameplay tests	2026-10-01T11:14:17.7204462Z [ 60%] Building CXX object CMakeFiles/horde_gameplay_simulation.dir/src/gameplay/items/HeldItemKinematics.cpp.o
Shared simulation host (Clang)	Build shared gameplay tests	2026-10-01T11:14:17.7793202Z [ 61%] Building CXX object CMakeFiles/horde_rt_provider_diagnostic_high_fixture.dir/src/vulkan/raytracing/RtPipelineVariants.cpp.o
Shared simulation host (Clang)	Build shared gameplay tests	2026-10-01T11:14:18.2400209Z [ 62%] Linking CXX executable horde_rt_provider_diagnostic_high_fixture
Shared simulation host (Clang)	Build shared gameplay tests	2026-10-01T11:14:18.3041903Z [ 62%] Built target horde_rt_provider_diagnostic_high_fixture
Shared simulation host (Clang)	Build shared gameplay tests	2026-10-01T11:14:18.3063523Z [ 63%] Building CXX object CMakeFiles/horde_gameplay_simulation.dir/src/gameplay/items/HeldLightState.cpp.o
Shared simulation host (Clang)	Build shared gameplay tests	2026-10-01T11:14:19.3476429Z [ 63%] Linking CXX static library libhorde_gameplay_simulation.a
Shared simulation host (Clang)	Build shared gameplay tests	2026-10-01T11:14:19.4513681Z [ 63%] Built target horde_gameplay_simulation
Shared simulation host (Clang)	Build shared gameplay tests	2026-10-01T11:14:19.4587031Z [ 63%] Building CXX object CMakeFiles/horde_rt_lantern_benchmark_tests.dir/tests/LanternBenchmarkTests.cpp.o
Shared simulation host (Clang)	Build shared gameplay tests	2026-10-01T11:14:19.4590235Z [ 64%] Building CXX object CMakeFiles/horde_rt_benchmark_evidence_report_tests.dir/tests/RtBenchmarkEvidenceReportTests.cpp.o
Shared simulation host (Clang)	Build shared gameplay tests	2026-10-01T11:14:20.7131340Z [ 65%] Building CXX object CMakeFiles/horde_rt_lantern_benchmark_tests.dir/src/gameplay/ShowcaseBenchmark.cpp.o
Shared simulation host (Clang)	Build shared gameplay tests	2026-10-01T11:14:21.6575687Z [ 65%] Building CXX object CMakeFiles/horde_rt_benchmark_evidence_report_tests.dir/src/gameplay/ShowcaseBenchmark.cpp.o
Shared simulation host (Clang)	Build shared gameplay tests	2026-10-01T11:14:22.1719100Z [ 66%] Building CXX object CMakeFiles/horde_rt_lantern_benchmark_tests.dir/src/telemetry/RtBenchmarkEvidenceReport.cpp.o
Shared simulation host (Clang)	Build shared gameplay tests	2026-10-01T11:14:23.1197127Z [ 67%] Building CXX object CMakeFiles/horde_rt_benchmark_evidence_report_tests.dir/src/telemetry/RtBenchmarkEvidenceReport.cpp.o
Shared simulation host (Clang)	Build shared gameplay tests	2026-10-01T11:14:23.5607507Z [ 67%] Building CXX object CMakeFiles/horde_rt_lantern_benchmark_tests.dir/src/telemetry/RtBenchmarkEvidenceRun.cpp.o
Shared simulation host (Clang)	Build shared gameplay tests	2026-10-01T11:14:24.4860680Z [ 68%] Building CXX object CMakeFiles/horde_rt_lantern_benchmark_tests.dir/src/telemetry/RtPerformanceEvidence.cpp.o
Shared simulation host (Clang)	Build shared gameplay tests	2026-10-01T11:14:24.5183548Z [ 68%] Building CXX object CMakeFiles/horde_rt_benchmark_evidence_report_tests.dir/src/telemetry/RtBenchmarkEvidenceRun.cpp.o
Shared simulation host (Clang)	Build shared gameplay tests	2026-10-01T11:14:25.4544906Z [ 69%] Building CXX object CMakeFiles/horde_rt_benchmark_evidence_report_tests.dir/src/telemetry/RtPerformanceEvidence.cpp.o
Shared simulation host (Clang)	Build shared gameplay tests	2026-10-01T11:14:25.9644846Z [ 69%] Linking CXX executable horde_rt_lantern_benchmark_tests
Shared simulation host (Clang)	Build shared gameplay tests	2026-10-01T11:14:26.0298570Z [ 69%] Built target horde_rt_lantern_benchmark_tests
Shared simulation host (Clang)	Build shared gameplay tests	2026-10-01T11:14:26.0370537Z [ 69%] Building CXX object CMakeFiles/horde_rt_benchmark_evidence_run_tests.dir/tests/RtBenchmarkEvidenceRunTests.cpp.o
Shared simulation host (Clang)	Build shared gameplay tests	2026-10-01T11:14:26.9425235Z [ 70%] Linking CXX executable horde_rt_benchmark_evidence_report_tests
Shared simulation host (Clang)	Build shared gameplay tests	2026-10-01T11:14:27.0051902Z [ 70%] Built target horde_rt_benchmark_evidence_report_tests
Shared simulation host (Clang)	Build shared gameplay tests	2026-10-01T11:14:27.0125327Z [ 71%] Building CXX object CMakeFiles/horde_rt_player_animation_tests.dir/tests/PlayerAnimationTests.cpp.o
Shared simulation host (Clang)	Build shared gameplay tests	2026-10-01T11:14:28.5814046Z [ 72%] Building CXX object CMakeFiles/horde_rt_player_animation_tests.dir/src/telemetry/RtPerformanceEvidence.cpp.o
Shared simulation host (Clang)	Build shared gameplay tests	2026-10-01T11:14:28.7808859Z [ 73%] Building CXX object CMakeFiles/horde_rt_benchmark_evidence_run_tests.dir/src/telemetry/RtBenchmarkEvidenceRun.cpp.o
Shared simulation host (Clang)	Build shared gameplay tests	2026-10-01T11:14:29.6964689Z [ 73%] Building CXX object CMakeFiles/horde_rt_benchmark_evidence_run_tests.dir/src/telemetry/RtBenchmarkEvidenceReport.cpp.o
Shared simulation host (Clang)	Build shared gameplay tests	2026-10-01T11:14:30.1050209Z [ 73%] Building CXX object CMakeFiles/horde_rt_player_animation_tests.dir/src/scene/assets/SkinnedMeshAsset.cpp.o
Shared simulation host (Clang)	Build shared gameplay tests	2026-10-01T11:14:31.0989652Z [ 74%] Building CXX object CMakeFiles/horde_rt_benchmark_evidence_run_tests.dir/src/telemetry/RtPerformanceEvidence.cpp.o
Shared simulation host (Clang)	Build shared gameplay tests	2026-10-01T11:14:32.5963792Z [ 75%] Building CXX object CMakeFiles/horde_rt_benchmark_evidence_run_tests.dir/src/gameplay/ShowcaseBenchmark.cpp.o
Shared simulation host (Clang)	Build shared gameplay tests	2026-10-01T11:14:33.4548671Z [ 76%] Building CXX object CMakeFiles/horde_rt_player_animation_tests.dir/src/vulkan/raytracing/PlayerRenderSlot.cpp.o
Shared simulation host (Clang)	Build shared gameplay tests	2026-10-01T11:14:34.0591252Z [ 76%] Linking CXX executable horde_rt_benchmark_evidence_run_tests
Shared simulation host (Clang)	Build shared gameplay tests	2026-10-01T11:14:34.1218763Z [ 76%] Built target horde_rt_benchmark_evidence_run_tests
Shared simulation host (Clang)	Build shared gameplay tests	2026-10-01T11:14:34.1291479Z [ 77%] Building CXX object CMakeFiles/horde_rt_fire_emitter_tests.dir/tests/FireEmitterTests.cpp.o
Shared simulation host (Clang)	Build shared gameplay tests	2026-10-01T11:14:35.4265306Z [ 77%] Building CXX object CMakeFiles/horde_rt_fire_emitter_tests.dir/src/vulkan/raytracing/FireEmitterBuffer.cpp.o
Shared simulation host (Clang)	Build shared gameplay tests	2026-10-01T11:14:35.8387607Z [ 77%] Linking CXX executable horde_rt_player_animation_tests
Shared simulation host (Clang)	Build shared gameplay tests	2026-10-01T11:14:35.9050030Z [ 77%] Built target horde_rt_player_animation_tests
Shared simulation host (Clang)	Build shared gameplay tests	2026-10-01T11:14:35.9125111Z [ 78%] Building CXX object CMakeFiles/horde_rt_held_item_socket_tests.dir/tests/HeldItemSocketTests.cpp.o
Shared simulation host (Clang)	Build shared gameplay tests	2026-10-01T11:14:36.4505881Z [ 79%] Linking CXX executable horde_rt_fire_emitter_tests
Shared simulation host (Clang)	Build shared gameplay tests	2026-10-01T11:14:36.5152923Z [ 79%] Built target horde_rt_fire_emitter_tests
Shared simulation host (Clang)	Build shared gameplay tests	2026-10-01T11:14:36.5224111Z [ 79%] Building CXX object CMakeFiles/horde_rt_development_static_asset_tests.dir/tests/DevelopmentStaticAssetTests.cpp.o
Shared simulation host (Clang)	Build shared gameplay tests	2026-10-01T11:14:37.9674039Z [ 80%] Linking CXX executable horde_rt_development_static_asset_tests
Shared simulation host (Clang)	Build shared gameplay tests	2026-10-01T11:14:38.0164016Z [ 80%] Building CXX object CMakeFiles/horde_rt_held_item_socket_tests.dir/src/scene/assets/AssetManifest.cpp.o
Shared simulation host (Clang)	Build shared gameplay tests	2026-10-01T11:14:38.0317208Z [ 80%] Built target horde_rt_development_static_asset_tests
Shared simulation host (Clang)	Build shared gameplay tests	2026-10-01T11:14:38.0390941Z [ 80%] Building CXX object CMakeFiles/horde_rt_production_prop_asset_tests.dir/tests/ProductionPropAssetTests.cpp.o
Shared simulation host (Clang)	Build shared gameplay tests	2026-10-01T11:14:40.7951610Z [ 81%] Building CXX object CMakeFiles/horde_rt_held_item_socket_tests.dir/src/scene/assets/AssetValidation.cpp.o
Shared simulation host (Clang)	Build shared gameplay tests	2026-10-01T11:14:41.4017668Z [ 82%] Building CXX object CMakeFiles/horde_rt_production_prop_asset_tests.dir/src/scene/assets/AssetManifest.cpp.o
Shared simulation host (Clang)	Build shared gameplay tests	2026-10-01T11:14:41.4208802Z [ 82%] Building CXX object CMakeFiles/horde_rt_held_item_socket_tests.dir/src/scene/assets/GltfDocument.cpp.o
Shared simulation host (Clang)	Build shared gameplay tests	2026-10-01T11:14:44.2105527Z [ 82%] Building CXX object CMakeFiles/horde_rt_production_prop_asset_tests.dir/src/scene/assets/AssetValidation.cpp.o
Shared simulation host (Clang)	Build shared gameplay tests	2026-10-01T11:14:44.8257152Z [ 83%] Building CXX object CMakeFiles/horde_rt_production_prop_asset_tests.dir/src/scene/assets/GltfDocument.cpp.o
Shared simulation host (Clang)	Build shared gameplay tests	2026-10-01T11:14:45.0380689Z [ 84%] Building CXX object CMakeFiles/horde_rt_held_item_socket_tests.dir/src/scene/assets/StaticMeshAsset.cpp.o
Shared simulation host (Clang)	Build shared gameplay tests	2026-10-01T11:14:48.3966306Z [ 85%] Building CXX object CMakeFiles/horde_rt_production_prop_asset_tests.dir/src/scene/assets/StaticMeshAsset.cpp.o
Shared simulation host (Clang)	Build shared gameplay tests	2026-10-01T11:14:49.8988938Z [ 85%] Building CXX object CMakeFiles/horde_rt_held_item_socket_tests.dir/src/vulkan/raytracing/HeldItemRenderSlot.cpp.o
Shared simulation host (Clang)	Build shared gameplay tests	2026-10-01T11:14:50.0238861Z [ 86%] Building CXX object CMakeFiles/horde_rt_held_item_socket_tests.dir/src/vulkan/raytracing/RtStaticMeshSlot.cpp.o
Shared simulation host (Clang)	Build shared gameplay tests	2026-10-01T11:14:52.2557947Z [ 87%] Linking CXX executable horde_rt_held_item_socket_tests
Shared simulation host (Clang)	Build shared gameplay tests	2026-10-01T11:14:52.3237180Z [ 87%] Built target horde_rt_held_item_socket_tests
Shared simulation host (Clang)	Build shared gameplay tests	2026-10-01T11:14:52.3309020Z [ 88%] Building CXX object CMakeFiles/horde_rt_simulation_timing_tests.dir/tests/SimulationTimingTests.cpp.o
Shared simulation host (Clang)	Build shared gameplay tests	2026-10-01T11:14:53.1136281Z [ 88%] Linking CXX executable horde_rt_production_prop_asset_tests
Shared simulation host (Clang)	Build shared gameplay tests	2026-10-01T11:14:53.1795699Z [ 88%] Built target horde_rt_production_prop_asset_tests
Shared simulation host (Clang)	Build shared gameplay tests	2026-10-01T11:14:53.1868024Z [ 88%] Building CXX object CMakeFiles/horde_rt_simulation_gameplay_tests.dir/tests/SimulationGameplayTests.cpp.o
Shared simulation host (Clang)	Build shared gameplay tests	2026-10-01T11:14:53.6245209Z [ 88%] Linking CXX executable horde_rt_simulation_timing_tests
Shared simulation host (Clang)	Build shared gameplay tests	2026-10-01T11:14:53.6909950Z [ 88%] Built target horde_rt_simulation_timing_tests
Shared simulation host (Clang)	Build shared gameplay tests	2026-10-01T11:14:53.6984713Z [ 88%] Building CXX object CMakeFiles/horde_rt_music_director_tests.dir/tests/MusicDirectorTests.cpp.o
Shared simulation host (Clang)	Build shared gameplay tests	2026-10-01T11:14:54.9034102Z [ 89%] Linking CXX executable horde_rt_simulation_gameplay_tests
Shared simulation host (Clang)	Build shared gameplay tests	2026-10-01T11:14:54.9670167Z [ 89%] Built target horde_rt_simulation_gameplay_tests
Shared simulation host (Clang)	Build shared gameplay tests	2026-10-01T11:14:54.9740670Z [ 90%] Building CXX object CMakeFiles/horde_rt_music_pcm_stream_tests.dir/tests/MusicPcmStreamTests.cpp.o
Shared simulation host (Clang)	Build shared gameplay tests	2026-10-01T11:14:55.3652159Z [ 91%] Linking CXX executable horde_rt_music_director_tests
Shared simulation host (Clang)	Build shared gameplay tests	2026-10-01T11:14:55.4310531Z [ 91%] Built target horde_rt_music_director_tests
Shared simulation host (Clang)	Build shared gameplay tests	2026-10-01T11:14:55.4383721Z [ 92%] Building CXX object CMakeFiles/horde_rt_music_pcm_wave_tests.dir/tests/MusicPcmWaveTests.cpp.o
Shared simulation host (Clang)	Build shared gameplay tests	2026-10-01T11:14:56.4428946Z [ 92%] Linking CXX executable horde_rt_music_pcm_stream_tests
Shared simulation host (Clang)	Build shared gameplay tests	2026-10-01T11:14:56.5053047Z [ 92%] Built target horde_rt_music_pcm_stream_tests
Shared simulation host (Clang)	Build shared gameplay tests	2026-10-01T11:14:56.5123555Z [ 92%] Building CXX object CMakeFiles/horde_rt_music_pcm_asset_bank_tests.dir/tests/MusicPcmAssetBankTests.cpp.o
Shared simulation host (Clang)	Build shared gameplay tests	2026-10-01T11:14:57.3373374Z [ 92%] Linking CXX executable horde_rt_music_pcm_wave_tests
Shared simulation host (Clang)	Build shared gameplay tests	2026-10-01T11:14:57.4006936Z [ 92%] Built target horde_rt_music_pcm_wave_tests
Shared simulation host (Clang)	Build shared gameplay tests	2026-10-01T11:14:57.4080224Z [ 93%] Building CXX object CMakeFiles/horde_rt_music_playback_session_tests.dir/tests/MusicPlaybackSessionTests.cpp.o
Shared simulation host (Clang)	Build shared gameplay tests	2026-10-01T11:14:57.8211317Z [ 94%] Linking CXX executable horde_rt_music_pcm_asset_bank_tests
Shared simulation host (Clang)	Build shared gameplay tests	2026-10-01T11:14:57.8834475Z [ 94%] Built target horde_rt_music_pcm_asset_bank_tests
Shared simulation host (Clang)	Build shared gameplay tests	2026-10-01T11:14:57.8904607Z [ 94%] Building CXX object CMakeFiles/horde_rt_playtest_report_tests.dir/tests/PlaytestReportTests.cpp.o
Shared simulation host (Clang)	Build shared gameplay tests	2026-10-01T11:14:58.7283553Z [ 95%] Linking CXX executable horde_rt_playtest_report_tests
Shared simulation host (Clang)	Build shared gameplay tests	2026-10-01T11:14:58.7908868Z [ 95%] Built target horde_rt_playtest_report_tests
Shared simulation host (Clang)	Build shared gameplay tests	2026-10-01T11:14:58.7980637Z [ 95%] Building CXX object CMakeFiles/horde_rt_lantern_reward_tests.dir/tests/LanternRewardTests.cpp.o
Shared simulation host (Clang)	Build shared gameplay tests	2026-10-01T11:14:58.9854662Z [ 96%] Linking CXX executable horde_rt_music_playback_session_tests
Shared simulation host (Clang)	Build shared gameplay tests	2026-10-01T11:14:59.0489186Z [ 96%] Built target horde_rt_music_playback_session_tests
Shared simulation host (Clang)	Build shared gameplay tests	2026-10-01T11:14:59.0565830Z [ 97%] Building CXX object CMakeFiles/horde_rt_lantern_pendulum_tests.dir/tests/LanternPendulumTests.cpp.o
Shared simulation host (Clang)	Build shared gameplay tests	2026-10-01T11:15:00.1614229Z [ 98%] Linking CXX executable horde_rt_lantern_reward_tests
Shared simulation host (Clang)	Build shared gameplay tests	2026-10-01T11:15:00.2275636Z [ 98%] Built target horde_rt_lantern_reward_tests
Shared simulation host (Clang)	Build shared gameplay tests	2026-10-01T11:15:00.2345839Z [ 98%] Building CXX object CMakeFiles/horde_rt_showcase_gameplay_smoke.dir/tests/ShowcaseGameplaySmoke.cpp.o
Shared simulation host (Clang)	Build shared gameplay tests	2026-10-01T11:15:00.2778770Z [ 99%] Linking CXX executable horde_rt_lantern_pendulum_tests
Shared simulation host (Clang)	Build shared gameplay tests	2026-10-01T11:15:00.3413799Z [ 99%] Built target horde_rt_lantern_pendulum_tests
Shared simulation host (Clang)	Build shared gameplay tests	2026-10-01T11:15:01.2745889Z [100%] Linking CXX executable horde_rt_showcase_gameplay_smoke
Shared simulation host (Clang)	Build shared gameplay tests	2026-10-01T11:15:01.3368140Z [100%] Built target horde_rt_showcase_gameplay_smoke
Shared simulation host (Clang)	Run shared gameplay tests	﻿2026-10-01T11:15:01.3533409Z ##[group]Run ctest --test-dir build/host-ci --build-config Release --output-on-failure --no-tests=error 
Shared simulation host (Clang)	Run shared gameplay tests	2026-10-01T11:15:01.3534240Z ^[[36;1mctest --test-dir build/host-ci --build-config Release --output-on-failure --no-tests=error ^[[0m
Shared simulation host (Clang)	Run shared gameplay tests	2026-10-01T11:15:01.3598302Z shell: /usr/bin/bash -e {0}
Shared simulation host (Clang)	Run shared gameplay tests	2026-10-01T11:15:01.3598592Z ##[endgroup]
Shared simulation host (Clang)	Run shared gameplay tests	2026-10-01T11:15:02.8809863Z Internal ctest changing into directory: /home/runner/work/The-Horde-RT-demo/The-Horde-RT-demo/build/host-ci
Shared simulation host (Clang)	Run shared gameplay tests	2026-10-01T11:15:03.2053548Z Test project /home/runner/work/The-Horde-RT-demo/The-Horde-RT-demo/build/host-ci
Shared simulation host (Clang)	Run shared gameplay tests	2026-10-01T11:15:03.4052706Z       Start  1: horde_rt_player_primitive_contract_tests
Shared simulation host (Clang)	Run shared gameplay tests	2026-10-01T11:15:03.4307126Z  1/55 Test  #1: horde_rt_player_primitive_contract_tests ................   Passed    0.00 sec
Shared simulation host (Clang)	Run shared gameplay tests	2026-10-01T11:15:03.4569380Z       Start  2: horde_rt_raygen_artifact_ownership_tests
Shared simulation host (Clang)	Run shared gameplay tests	2026-10-01T11:15:04.5833973Z  2/55 Test  #2: horde_rt_raygen_artifact_ownership_tests ................   Passed    1.13 sec
Shared simulation host (Clang)	Run shared gameplay tests	2026-10-01T11:15:04.5838054Z       Start  3: horde_rt_player_manifest_agreement_tests
Shared simulation host (Clang)	Run shared gameplay tests	2026-10-01T11:15:05.5244548Z  3/55 Test  #3: horde_rt_player_manifest_agreement_tests ................   Passed    0.94 sec
Shared simulation host (Clang)	Run shared gameplay tests	2026-10-01T11:15:05.5245681Z       Start  4: horde_rt_player_package_inventory_tests
Shared simulation host (Clang)	Run shared gameplay tests	2026-10-01T11:15:06.5547098Z  4/55 Test  #4: horde_rt_player_package_inventory_tests .................   Passed    1.03 sec
Shared simulation host (Clang)	Run shared gameplay tests	2026-10-01T11:15:06.5548361Z       Start  5: horde_rt_staged_primary_contract_tests
Shared simulation host (Clang)	Run shared gameplay tests	2026-10-01T11:15:06.5568678Z  5/55 Test  #5: horde_rt_staged_primary_contract_tests ..................   Passed    0.00 sec
Shared simulation host (Clang)	Run shared gameplay tests	2026-10-01T11:15:06.5570050Z       Start  6: horde_rt_lantern_benchmark_tests
Shared simulation host (Clang)	Run shared gameplay tests	2026-10-01T11:15:06.5757964Z  6/55 Test  #6: horde_rt_lantern_benchmark_tests ........................   Passed    0.02 sec
Shared simulation host (Clang)	Run shared gameplay tests	2026-10-01T11:15:06.5759143Z       Start  7: horde_rt_benchmark_evidence_report_tests
Shared simulation host (Clang)	Run shared gameplay tests	2026-10-01T11:15:06.5791334Z  7/55 Test  #7: horde_rt_benchmark_evidence_report_tests ................   Passed    0.00 sec
Shared simulation host (Clang)	Run shared gameplay tests	2026-10-01T11:15:06.5792954Z       Start  8: horde_rt_windows_benchmark_launch_tests
Shared simulation host (Clang)	Run shared gameplay tests	2026-10-01T11:15:06.5810289Z  8/55 Test  #8: horde_rt_windows_benchmark_launch_tests .................   Passed    0.00 sec
Shared simulation host (Clang)	Run shared gameplay tests	2026-10-01T11:15:06.5811531Z       Start  9: horde_rt_benchmark_evidence_run_tests
Shared simulation host (Clang)	Run shared gameplay tests	2026-10-01T11:15:06.5885469Z  9/55 Test  #9: horde_rt_benchmark_evidence_run_tests ...................   Passed    0.01 sec
Shared simulation host (Clang)	Run shared gameplay tests	2026-10-01T11:15:06.5886739Z       Start 10: horde_rt_evidence_publication_tests
Shared simulation host (Clang)	Run shared gameplay tests	2026-10-01T11:15:06.5906752Z 10/55 Test #10: horde_rt_evidence_publication_tests .....................   Passed    0.00 sec
Shared simulation host (Clang)	Run shared gameplay tests	2026-10-01T11:15:06.5908119Z       Start 11: horde_rt_ray_tracing_requirements_tests
Shared simulation host (Clang)	Run shared gameplay tests	2026-10-01T11:15:06.5925795Z 11/55 Test #11: horde_rt_ray_tracing_requirements_tests .................   Passed    0.00 sec
Shared simulation host (Clang)	Run shared gameplay tests	2026-10-01T11:15:06.5929296Z       Start 12: horde_rt_performance_evidence_tests
Shared simulation host (Clang)	Run shared gameplay tests	2026-10-01T11:15:06.8231984Z 12/55 Test #12: horde_rt_performance_evidence_tests .....................   Passed    0.23 sec
Shared simulation host (Clang)	Run shared gameplay tests	2026-10-01T11:15:06.8233633Z       Start 13: horde_rt_scene_record_observation_tests
Shared simulation host (Clang)	Run shared gameplay tests	2026-10-01T11:15:06.8254002Z 13/55 Test #13: horde_rt_scene_record_observation_tests .................   Passed    0.00 sec
Shared simulation host (Clang)	Run shared gameplay tests	2026-10-01T11:15:06.8255259Z       Start 14: horde_rt_pipeline_variants_tests
Shared simulation host (Clang)	Run shared gameplay tests	2026-10-01T11:15:06.8272755Z 14/55 Test #14: horde_rt_pipeline_variants_tests ........................   Passed    0.00 sec
Shared simulation host (Clang)	Run shared gameplay tests	2026-10-01T11:15:06.8274230Z       Start 15: horde_rt_pipeline_variant_provider_tests
Shared simulation host (Clang)	Run shared gameplay tests	2026-10-01T11:15:06.8289518Z 15/55 Test #15: horde_rt_pipeline_variant_provider_tests ................   Passed    0.00 sec
Shared simulation host (Clang)	Run shared gameplay tests	2026-10-01T11:15:06.8290938Z       Start 16: horde_rt_pipeline_bundle_contracts_tests
Shared simulation host (Clang)	Run shared gameplay tests	2026-10-01T11:15:06.8484602Z 16/55 Test #16: horde_rt_pipeline_bundle_contracts_tests ................   Passed    0.02 sec
Shared simulation host (Clang)	Run shared gameplay tests	2026-10-01T11:15:06.8485839Z       Start 17: horde_rt_provider_shipping_mobile_fixture
Shared simulation host (Clang)	Run shared gameplay tests	2026-10-01T11:15:06.8545689Z 17/55 Test #17: horde_rt_provider_shipping_mobile_fixture ...............   Passed    0.01 sec
Shared simulation host (Clang)	Run shared gameplay tests	2026-10-01T11:15:06.8547220Z       Start 18: horde_rt_provider_shipping_mobile_fixture_evidence
Shared simulation host (Clang)	Run shared gameplay tests	2026-10-01T11:15:24.0540981Z 18/55 Test #18: horde_rt_provider_shipping_mobile_fixture_evidence ......   Passed   17.20 sec
Shared simulation host (Clang)	Run shared gameplay tests	2026-10-01T11:15:24.0542603Z       Start 19: horde_rt_provider_shipping_high_fixture
Shared simulation host (Clang)	Run shared gameplay tests	2026-10-01T11:15:24.0604202Z 19/55 Test #19: horde_rt_provider_shipping_high_fixture .................   Passed    0.01 sec
Shared simulation host (Clang)	Run shared gameplay tests	2026-10-01T11:15:24.0605790Z       Start 20: horde_rt_provider_shipping_high_fixture_evidence
Shared simulation host (Clang)	Run shared gameplay tests	2026-10-01T11:15:40.4088622Z 20/55 Test #20: horde_rt_provider_shipping_high_fixture_evidence ........   Passed   16.35 sec
Shared simulation host (Clang)	Run shared gameplay tests	2026-10-01T11:15:40.4090227Z       Start 21: horde_rt_provider_diagnostic_mobile_fixture
Shared simulation host (Clang)	Run shared gameplay tests	2026-10-01T11:15:40.4152809Z 21/55 Test #21: horde_rt_provider_diagnostic_mobile_fixture .............   Passed    0.01 sec
Shared simulation host (Clang)	Run shared gameplay tests	2026-10-01T11:15:40.4154591Z       Start 22: horde_rt_provider_diagnostic_mobile_fixture_evidence
Shared simulation host (Clang)	Run shared gameplay tests	2026-10-01T11:15:56.9380528Z 22/55 Test #22: horde_rt_provider_diagnostic_mobile_fixture_evidence ....   Passed   16.52 sec
Shared simulation host (Clang)	Run shared gameplay tests	2026-10-01T11:15:56.9381658Z       Start 23: horde_rt_provider_diagnostic_high_fixture
Shared simulation host (Clang)	Run shared gameplay tests	2026-10-01T11:15:56.9444239Z 23/55 Test #23: horde_rt_provider_diagnostic_high_fixture ...............   Passed    0.01 sec
Shared simulation host (Clang)	Run shared gameplay tests	2026-10-01T11:15:56.9445772Z       Start 24: horde_rt_provider_diagnostic_high_fixture_evidence
Shared simulation host (Clang)	Run shared gameplay tests	2026-10-01T11:16:13.2924881Z 24/55 Test #24: horde_rt_provider_diagnostic_high_fixture_evidence ......   Passed   16.35 sec
Shared simulation host (Clang)	Run shared gameplay tests	2026-10-01T11:16:13.2926179Z       Start 25: horde_rt_github_release_updater_tests
Shared simulation host (Clang)	Run shared gameplay tests	2026-10-01T11:16:13.2947535Z 25/55 Test #25: horde_rt_github_release_updater_tests ...................   Passed    0.00 sec
Shared simulation host (Clang)	Run shared gameplay tests	2026-10-01T11:16:13.2948915Z       Start 26: horde_rt_version_contract_tests
Shared simulation host (Clang)	Run shared gameplay tests	2026-10-01T11:16:13.3064573Z 26/55 Test #26: horde_rt_version_contract_tests .........................   Passed    0.01 sec
Shared simulation host (Clang)	Run shared gameplay tests	2026-10-01T11:16:13.3066029Z       Start 27: horde_rt_version_contract_incremental_configure_tests
Shared simulation host (Clang)	Run shared gameplay tests	2026-10-01T11:16:15.6164152Z 27/55 Test #27: horde_rt_version_contract_incremental_configure_tests ...   Passed    2.31 sec
Shared simulation host (Clang)	Run shared gameplay tests	2026-10-01T11:16:15.6368087Z       Start 28: horde_rt_dielectric_math_tests
Shared simulation host (Clang)	Run shared gameplay tests	2026-10-01T11:16:15.6410436Z 28/55 Test #28: horde_rt_dielectric_math_tests ..........................   Passed    0.00 sec
Shared simulation host (Clang)	Run shared gameplay tests	2026-10-01T11:16:15.6411815Z       Start 29: horde_rt_player_animation_tests
Shared simulation host (Clang)	Run shared gameplay tests	2026-10-01T11:16:15.6445744Z 29/55 Test #29: horde_rt_player_animation_tests .........................   Passed    0.00 sec
Shared simulation host (Clang)	Run shared gameplay tests	2026-10-01T11:16:15.6447310Z       Start 30: horde_rt_fire_emitter_tests
Shared simulation host (Clang)	Run shared gameplay tests	2026-10-01T11:16:15.6470047Z 30/55 Test #30: horde_rt_fire_emitter_tests .............................   Passed    0.00 sec
Shared simulation host (Clang)	Run shared gameplay tests	2026-10-01T11:16:15.6471596Z       Start 31: horde_rt_held_item_socket_tests
Shared simulation host (Clang)	Run shared gameplay tests	2026-10-01T11:16:15.7041825Z 31/55 Test #31: horde_rt_held_item_socket_tests .........................   Passed    0.06 sec
Shared simulation host (Clang)	Run shared gameplay tests	2026-10-01T11:16:15.7043836Z       Start 32: horde_rt_development_static_asset_tests
Shared simulation host (Clang)	Run shared gameplay tests	2026-10-01T11:16:15.7068732Z 32/55 Test #32: horde_rt_development_static_asset_tests .................   Passed    0.00 sec
Shared simulation host (Clang)	Run shared gameplay tests	2026-10-01T11:16:15.7069948Z       Start 33: horde_rt_scene_abi_tests
Shared simulation host (Clang)	Run shared gameplay tests	2026-10-01T11:16:15.7086801Z 33/55 Test #33: horde_rt_scene_abi_tests ................................   Passed    0.00 sec
Shared simulation host (Clang)	Run shared gameplay tests	2026-10-01T11:16:15.7088148Z       Start 34: horde_rt_static_gltf_asset_tests
Shared simulation host (Clang)	Run shared gameplay tests	2026-10-01T11:16:15.7458352Z 34/55 Test #34: horde_rt_static_gltf_asset_tests ........................   Passed    0.04 sec
Shared simulation host (Clang)	Run shared gameplay tests	2026-10-01T11:16:15.7459983Z       Start 35: horde_rt_production_prop_asset_tests
Shared simulation host (Clang)	Run shared gameplay tests	2026-10-01T11:16:15.7761289Z 35/55 Test #35: horde_rt_production_prop_asset_tests ....................   Passed    0.03 sec
Shared simulation host (Clang)	Run shared gameplay tests	2026-10-01T11:16:15.7763914Z       Start 36: horde_rt_simulation_timing_tests
Shared simulation host (Clang)	Run shared gameplay tests	2026-10-01T11:16:15.7799017Z 36/55 Test #36: horde_rt_simulation_timing_tests ........................   Passed    0.00 sec
Shared simulation host (Clang)	Run shared gameplay tests	2026-10-01T11:16:15.7800837Z       Start 37: horde_rt_simulation_gameplay_tests
Shared simulation host (Clang)	Run shared gameplay tests	2026-10-01T11:16:15.7871509Z 37/55 Test #37: horde_rt_simulation_gameplay_tests ......................   Passed    0.01 sec
Shared simulation host (Clang)	Run shared gameplay tests	2026-10-01T11:16:15.7873365Z       Start 38: horde_rt_music_director_tests
Shared simulation host (Clang)	Run shared gameplay tests	2026-10-01T11:16:15.7896718Z 38/55 Test #38: horde_rt_music_director_tests ...........................   Passed    0.00 sec
Shared simulation host (Clang)	Run shared gameplay tests	2026-10-01T11:16:15.7898530Z       Start 39: horde_rt_music_pcm_stream_tests
Shared simulation host (Clang)	Run shared gameplay tests	2026-10-01T11:16:15.9735795Z 39/55 Test #39: horde_rt_music_pcm_stream_tests .........................   Passed    0.18 sec
Shared simulation host (Clang)	Run shared gameplay tests	2026-10-01T11:16:15.9737020Z       Start 40: horde_rt_music_pcm_wave_tests
Shared simulation host (Clang)	Run shared gameplay tests	2026-10-01T11:16:15.9940300Z 40/55 Test #40: horde_rt_music_pcm_wave_tests ...........................   Passed    0.02 sec
Shared simulation host (Clang)	Run shared gameplay tests	2026-10-01T11:16:15.9941520Z       Start 41: horde_rt_music_pcm_asset_bank_tests
Shared simulation host (Clang)	Run shared gameplay tests	2026-10-01T11:16:16.1445951Z 41/55 Test #41: horde_rt_music_pcm_asset_bank_tests .....................   Passed    0.15 sec
Shared simulation host (Clang)	Run shared gameplay tests	2026-10-01T11:16:16.1447065Z       Start 42: horde_rt_music_playback_session_tests
Shared simulation host (Clang)	Run shared gameplay tests	2026-10-01T11:16:16.3588295Z 42/55 Test #42: horde_rt_music_playback_session_tests ...................   Passed    0.21 sec
Shared simulation host (Clang)	Run shared gameplay tests	2026-10-01T11:16:16.3589534Z       Start 43: horde_rt_playtest_report_tests
Shared simulation host (Clang)	Run shared gameplay tests	2026-10-01T11:16:16.3610458Z 43/55 Test #43: horde_rt_playtest_report_tests ..........................   Passed    0.00 sec
Shared simulation host (Clang)	Run shared gameplay tests	2026-10-01T11:16:16.3611898Z       Start 44: horde_rt_music_asset_admission_tests
Shared simulation host (Clang)	Run shared gameplay tests	2026-10-01T11:16:22.6103618Z 44/55 Test #44: horde_rt_music_asset_admission_tests ....................   Passed    6.25 sec
Shared simulation host (Clang)	Run shared gameplay tests	2026-10-01T11:16:22.6105205Z       Start 45: horde_rt_pocket_audio_core_pin_tests
Shared simulation host (Clang)	Run shared gameplay tests	2026-10-01T11:16:23.3080599Z 45/55 Test #45: horde_rt_pocket_audio_core_pin_tests ....................   Passed    0.70 sec
Shared simulation host (Clang)	Run shared gameplay tests	2026-10-01T11:16:23.3082046Z       Start 46: horde_rt_lantern_reward_tests
Shared simulation host (Clang)	Run shared gameplay tests	2026-10-01T11:16:23.3105104Z 46/55 Test #46: horde_rt_lantern_reward_tests ...........................   Passed    0.00 sec
Shared simulation host (Clang)	Run shared gameplay tests	2026-10-01T11:16:23.3106343Z       Start 47: horde_rt_lantern_pendulum_tests
Shared simulation host (Clang)	Run shared gameplay tests	2026-10-01T11:16:23.3133068Z 47/55 Test #47: horde_rt_lantern_pendulum_tests .........................   Passed    0.00 sec
Shared simulation host (Clang)	Run shared gameplay tests	2026-10-01T11:16:23.3134368Z       Start 48: horde_rt_input_mailbox_stress
Shared simulation host (Clang)	Run shared gameplay tests	2026-10-01T11:16:23.3579426Z 48/55 Test #48: horde_rt_input_mailbox_stress ...........................   Passed    0.04 sec
Shared simulation host (Clang)	Run shared gameplay tests	2026-10-01T11:16:23.3580809Z       Start 49: horde_rt_desktop_controller_input_tests
Shared simulation host (Clang)	Run shared gameplay tests	2026-10-01T11:16:23.3612452Z 49/55 Test #49: horde_rt_desktop_controller_input_tests .................   Passed    0.00 sec
Shared simulation host (Clang)	Run shared gameplay tests	2026-10-01T11:16:23.3613862Z       Start 50: horde_rt_gpu_timestamp_math_tests
Shared simulation host (Clang)	Run shared gameplay tests	2026-10-01T11:16:23.3630144Z 50/55 Test #50: horde_rt_gpu_timestamp_math_tests .......................   Passed    0.00 sec
Shared simulation host (Clang)	Run shared gameplay tests	2026-10-01T11:16:23.3631371Z       Start 51: horde_rt_combat_smoke
Shared simulation host (Clang)	Run shared gameplay tests	2026-10-01T11:16:23.3654260Z 51/55 Test #51: horde_rt_combat_smoke ...................................   Passed    0.00 sec
Shared simulation host (Clang)	Run shared gameplay tests	2026-10-01T11:16:23.3655567Z       Start 52: horde_rt_showcase_route_smoke
Shared simulation host (Clang)	Run shared gameplay tests	2026-10-01T11:16:23.3672803Z 52/55 Test #52: horde_rt_showcase_route_smoke ...........................   Passed    0.00 sec
Shared simulation host (Clang)	Run shared gameplay tests	2026-10-01T11:16:23.3674147Z       Start 53: horde_rt_showcase_gameplay_smoke
Shared simulation host (Clang)	Run shared gameplay tests	2026-10-01T11:16:23.3694259Z 53/55 Test #53: horde_rt_showcase_gameplay_smoke ........................   Passed    0.00 sec
Shared simulation host (Clang)	Run shared gameplay tests	2026-10-01T11:16:23.3695558Z       Start 54: horde_rt_spatial_audio_smoke
Shared simulation host (Clang)	Run shared gameplay tests	2026-10-01T11:16:23.3730475Z 54/55 Test #54: horde_rt_spatial_audio_smoke ............................   Passed    0.00 sec
Shared simulation host (Clang)	Run shared gameplay tests	2026-10-01T11:16:23.3731733Z       Start 55: pocket_audio_native_pcm_tests
Shared simulation host (Clang)	Run shared gameplay tests	2026-10-01T11:16:23.3747959Z 55/55 Test #55: pocket_audio_native_pcm_tests ...........................   Passed    0.00 sec
Shared simulation host (Clang)	Run shared gameplay tests	2026-10-01T11:16:23.3752559Z 
Shared simulation host (Clang)	Run shared gameplay tests	2026-10-01T11:16:23.3752781Z 100% tests passed, 0 tests failed out of 55
Shared simulation host (Clang)	Run shared gameplay tests	2026-10-01T11:16:23.3753163Z 
Shared simulation host (Clang)	Run shared gameplay tests	2026-10-01T11:16:23.3753331Z Total Test time (real) =  80.17 sec
Shared simulation host (Clang)	Check offline gauntlet chirality and UV winding	﻿2026-10-01T11:16:23.5294252Z ##[group]Run python -m unittest discover -s tests -p test_player_gauntlet_geometry.py -v
Shared simulation host (Clang)	Check offline gauntlet chirality and UV winding	2026-10-01T11:16:23.5294937Z ^[[36;1mpython -m unittest discover -s tests -p test_player_gauntlet_geometry.py -v^[[0m
Shared simulation host (Clang)	Check offline gauntlet chirality and UV winding	2026-10-01T11:16:23.5356211Z shell: /usr/bin/bash -e {0}
Shared simulation host (Clang)	Check offline gauntlet chirality and UV winding	2026-10-01T11:16:23.5356484Z ##[endgroup]
Shared simulation host (Clang)	Check offline gauntlet chirality and UV winding	2026-10-01T11:16:23.6662633Z test_invalid_chirality_is_rejected (test_player_gauntlet_geometry.GauntletGeometryTests.test_invalid_chirality_is_rejected) ... ok
Shared simulation host (Clang)	Check offline gauntlet chirality and UV winding	2026-10-01T11:16:23.6664019Z test_legacy_uv_mode_is_explicit_not_default (test_player_gauntlet_geometry.GauntletGeometryTests.test_legacy_uv_mode_is_explicit_not_default) ... ok
Shared simulation host (Clang)	Check offline gauntlet chirality and UV winding	2026-10-01T11:16:23.6665482Z test_mirror_preserves_vertex_to_uv_correspondence (test_player_gauntlet_geometry.GauntletGeometryTests.test_mirror_preserves_vertex_to_uv_correspondence) ... ok
Shared simulation host (Clang)	Check offline gauntlet chirality and UV winding	2026-10-01T11:16:23.6666907Z test_mismatched_corner_roster_is_rejected (test_player_gauntlet_geometry.GauntletGeometryTests.test_mismatched_corner_roster_is_rejected) ... ok
Shared simulation host (Clang)	Check offline gauntlet chirality and UV winding	2026-10-01T11:16:23.6693866Z test_right_source_is_mirrored_only_for_left_hand (test_player_gauntlet_geometry.GauntletGeometryTests.test_right_source_is_mirrored_only_for_left_hand) ... ok
Shared simulation host (Clang)	Check offline gauntlet chirality and UV winding	2026-10-01T11:16:23.6704110Z test_unmirrored_source_preserves_all_corners (test_player_gauntlet_geometry.GauntletGeometryTests.test_unmirrored_source_preserves_all_corners) ... ok
Shared simulation host (Clang)	Check offline gauntlet chirality and UV winding	2026-10-01T11:16:23.6705150Z 
Shared simulation host (Clang)	Check offline gauntlet chirality and UV winding	2026-10-01T11:16:23.6705404Z ----------------------------------------------------------------------
Shared simulation host (Clang)	Check offline gauntlet chirality and UV winding	2026-10-01T11:16:23.6705972Z Ran 6 tests in 0.000s
Shared simulation host (Clang)	Check offline gauntlet chirality and UV winding	2026-10-01T11:16:23.6706198Z 
Shared simulation host (Clang)	Check offline gauntlet chirality and UV winding	2026-10-01T11:16:23.6706328Z OK
Shared simulation host (Clang)	Check exact player cloth seam weight transfers	﻿2026-10-01T11:16:23.6769366Z ##[group]Run python -m unittest discover -s tests -p test_player_sleeve_seams.py -v
Shared simulation host (Clang)	Check exact player cloth seam weight transfers	2026-10-01T11:16:23.6770003Z ^[[36;1mpython -m unittest discover -s tests -p test_player_sleeve_seams.py -v^[[0m
Shared simulation host (Clang)	Check exact player cloth seam weight transfers	2026-10-01T11:16:23.6831329Z shell: /usr/bin/bash -e {0}
Shared simulation host (Clang)	Check exact player cloth seam weight transfers	2026-10-01T11:16:23.6831600Z ##[endgroup]
Shared simulation host (Clang)	Check exact player cloth seam weight transfers	2026-10-01T11:16:23.7487624Z test_conflicting_coincident_view_endpoint_records_fail (test_player_sleeve_seams.PlayerSleeveSeamTests.test_conflicting_coincident_view_endpoint_records_fail) ... ok
Shared simulation host (Clang)	Check exact player cloth seam weight transfers	2026-10-01T11:16:23.7493143Z test_explicit_body_remainder_preserves_the_same_cloth_seam (test_player_sleeve_seams.PlayerSleeveSeamTests.test_explicit_body_remainder_preserves_the_same_cloth_seam) ... ok
Shared simulation host (Clang)	Check exact player cloth seam weight transfers	2026-10-01T11:16:23.7495177Z test_invalid_face_index_fails (test_player_sleeve_seams.PlayerSleeveSeamTests.test_invalid_face_index_fails) ... ok
Shared simulation host (Clang)	Check exact player cloth seam weight transfers	2026-10-01T11:16:23.7498882Z test_negative_or_unnormalized_weight_fails (test_player_sleeve_seams.PlayerSleeveSeamTests.test_negative_or_unnormalized_weight_fails) ... ok
Shared simulation host (Clang)	Check exact player cloth seam weight transfers	2026-10-01T11:16:23.7500833Z test_nonfinite_position_fails (test_player_sleeve_seams.PlayerSleeveSeamTests.test_nonfinite_position_fails) ... ok
Shared simulation host (Clang)	Check exact player cloth seam weight transfers	2026-10-01T11:16:23.7505251Z test_nonmanifold_and_degenerate_sleeve_edges_fail (test_player_sleeve_seams.PlayerSleeveSeamTests.test_nonmanifold_and_degenerate_sleeve_edges_fail) ... ok
Shared simulation host (Clang)	Check exact player cloth seam weight transfers	2026-10-01T11:16:23.7513838Z test_retained_world_authoring_roundoff_does_not_relax_canonical_weights (test_player_sleeve_seams.PlayerSleeveSeamTests.test_retained_world_authoring_roundoff_does_not_relax_canonical_weights) ... ok
Shared simulation host (Clang)	Check exact player cloth seam weight transfers	2026-10-01T11:16:23.7517605Z test_transfers_canonical_shared_boundary_weights_without_mutating_inputs (test_player_sleeve_seams.PlayerSleeveSeamTests.test_transfers_canonical_shared_boundary_weights_without_mutating_inputs) ... ok
Shared simulation host (Clang)	Check exact player cloth seam weight transfers	2026-10-01T11:16:23.7519859Z test_unknown_view_bone_name_fails (test_player_sleeve_seams.PlayerSleeveSeamTests.test_unknown_view_bone_name_fails) ... ok
Shared simulation host (Clang)	Check exact player cloth seam weight transfers	2026-10-01T11:16:23.7525241Z test_unshared_and_no_nearface_edges_do_not_transfer (test_player_sleeve_seams.PlayerSleeveSeamTests.test_unshared_and_no_nearface_edges_do_not_transfer) ... ok
Shared simulation host (Clang)	Check exact player cloth seam weight transfers	2026-10-01T11:16:23.7527669Z test_unused_vertices_may_have_no_deform_weights (test_player_sleeve_seams.PlayerSleeveSeamTests.test_unused_vertices_may_have_no_deform_weights) ... ok
Shared simulation host (Clang)	Check exact player cloth seam weight transfers	2026-10-01T11:16:23.7530112Z test_vertices_shared_with_head_or_gauntlet_are_excluded (test_player_sleeve_seams.PlayerSleeveSeamTests.test_vertices_shared_with_head_or_gauntlet_are_excluded) ... ok
Shared simulation host (Clang)	Check exact player cloth seam weight transfers	2026-10-01T11:16:23.7531308Z 
Shared simulation host (Clang)	Check exact player cloth seam weight transfers	2026-10-01T11:16:23.7531750Z ----------------------------------------------------------------------
Shared simulation host (Clang)	Check exact player cloth seam weight transfers	2026-10-01T11:16:23.7532608Z Ran 12 tests in 0.005s
Shared simulation host (Clang)	Check exact player cloth seam weight transfers	2026-10-01T11:16:23.7532924Z 
Shared simulation host (Clang)	Check exact player cloth seam weight transfers	2026-10-01T11:16:23.7533299Z OK
Shared simulation host (Clang)	Check upper torso partition preserves the head mask	﻿2026-10-01T11:16:23.7642785Z ##[group]Run python -m unittest discover -s tests -p test_player_body_partition.py -v
Shared simulation host (Clang)	Check upper torso partition preserves the head mask	2026-10-01T11:16:23.7643480Z ^[[36;1mpython -m unittest discover -s tests -p test_player_body_partition.py -v^[[0m
Shared simulation host (Clang)	Check upper torso partition preserves the head mask	2026-10-01T11:16:23.7705384Z shell: /usr/bin/bash -e {0}
Shared simulation host (Clang)	Check upper torso partition preserves the head mask	2026-10-01T11:16:23.7705667Z ##[endgroup]
Shared simulation host (Clang)	Check upper torso partition preserves the head mask	2026-10-01T11:16:23.8243832Z test_invalid_or_incompatible_landmarks_reject (test_player_body_partition.BodyPartitionTests.test_invalid_or_incompatible_landmarks_reject) ... ok
Shared simulation host (Clang)	Check upper torso partition preserves the head mask	2026-10-01T11:16:23.8246030Z test_origin_and_scale_are_explicit (test_player_body_partition.BodyPartitionTests.test_origin_and_scale_are_explicit) ... ok
Shared simulation host (Clang)	Check upper torso partition preserves the head mask	2026-10-01T11:16:23.8247948Z test_retains_the_original_head_mask (test_player_body_partition.BodyPartitionTests.test_retains_the_original_head_mask) ... ok
Shared simulation host (Clang)	Check upper torso partition preserves the head mask	2026-10-01T11:16:23.8248736Z 
Shared simulation host (Clang)	Check upper torso partition preserves the head mask	2026-10-01T11:16:23.8248939Z ----------------------------------------------------------------------
Shared simulation host (Clang)	Check upper torso partition preserves the head mask	2026-10-01T11:16:23.8249396Z Ran 3 tests in 0.000s
Shared simulation host (Clang)	Check upper torso partition preserves the head mask	2026-10-01T11:16:23.8249576Z 
Shared simulation host (Clang)	Check upper torso partition preserves the head mask	2026-10-01T11:16:23.8249679Z OK
Shared simulation host (Clang)	Check bounded segmented cloth seam plans	﻿2026-10-01T11:16:23.8378256Z ##[group]Run python -m unittest discover -s tests -p test_player_segmented_seams.py -v
Shared simulation host (Clang)	Check bounded segmented cloth seam plans	2026-10-01T11:16:23.8379002Z ^[[36;1mpython -m unittest discover -s tests -p test_player_segmented_seams.py -v^[[0m
Shared simulation host (Clang)	Check bounded segmented cloth seam plans	2026-10-01T11:16:23.8441080Z shell: /usr/bin/bash -e {0}
Shared simulation host (Clang)	Check bounded segmented cloth seam plans	2026-10-01T11:16:23.8441358Z ##[endgroup]
Shared simulation host (Clang)	Check bounded segmented cloth seam plans	2026-10-01T11:16:23.9005036Z test_already_matching_segments_need_no_split (test_player_segmented_seams.SegmentedSeamTests.test_already_matching_segments_need_no_split) ... ok
Shared simulation host (Clang)	Check bounded segmented cloth seam plans	2026-10-01T11:16:23.9007413Z test_nearby_but_not_coincident_edge_is_not_welded (test_player_segmented_seams.SegmentedSeamTests.test_nearby_but_not_coincident_edge_is_not_welded) ... ok
Shared simulation host (Clang)	Check bounded segmented cloth seam plans	2026-10-01T11:16:23.9014150Z test_no_body_primary_backing_does_not_authorize_a_split (test_player_segmented_seams.SegmentedSeamTests.test_no_body_primary_backing_does_not_authorize_a_split) ... ok
Shared simulation host (Clang)	Check bounded segmented cloth seam plans	2026-10-01T11:16:23.9016372Z test_partial_cloth_coverage_rejects (test_player_segmented_seams.SegmentedSeamTests.test_partial_cloth_coverage_rejects) ... ok
Shared simulation host (Clang)	Check bounded segmented cloth seam plans	2026-10-01T11:16:23.9018682Z test_plans_only_canonical_midpoint_without_mutating_inputs (test_player_segmented_seams.SegmentedSeamTests.test_plans_only_canonical_midpoint_without_mutating_inputs) ... ok
Shared simulation host (Clang)	Check bounded segmented cloth seam plans	2026-10-01T11:16:23.9020840Z test_protected_vertex_rejects (test_player_segmented_seams.SegmentedSeamTests.test_protected_vertex_rejects) ... ok
Shared simulation host (Clang)	Check bounded segmented cloth seam plans	2026-10-01T11:16:23.9021969Z test_same_winding_rejects (test_player_segmented_seams.SegmentedSeamTests.test_same_winding_rejects) ... ok
Shared simulation host (Clang)	Check bounded segmented cloth seam plans	2026-10-01T11:16:23.9022705Z 
Shared simulation host (Clang)	Check bounded segmented cloth seam plans	2026-10-01T11:16:23.9022899Z ----------------------------------------------------------------------
Shared simulation host (Clang)	Check bounded segmented cloth seam plans	2026-10-01T11:16:23.9023634Z Ran 7 tests in 0.002s
Shared simulation host (Clang)	Check bounded segmented cloth seam plans	2026-10-01T11:16:23.9023806Z 
Shared simulation host (Clang)	Check bounded segmented cloth seam plans	2026-10-01T11:16:23.9023909Z OK
Shared simulation host (Clang)	Check Gradle APK artifact resolution	﻿2026-10-01T11:16:23.9121455Z ##[group]Run ./tools/test-resolve-android-apk.ps1
Shared simulation host (Clang)	Check Gradle APK artifact resolution	2026-10-01T11:16:23.9121883Z ^[[36;1m./tools/test-resolve-android-apk.ps1^[[0m
Shared simulation host (Clang)	Check Gradle APK artifact resolution	2026-10-01T11:16:23.9148072Z shell: /usr/bin/pwsh -command ". '{0}'"
Shared simulation host (Clang)	Check Gradle APK artifact resolution	2026-10-01T11:16:23.9148433Z ##[endgroup]
Shared simulation host (Clang)	Check Gradle APK artifact resolution	2026-10-01T11:16:24.3298906Z PASS normal Gradle output
Shared simulation host (Clang)	Check Gradle APK artifact resolution	2026-10-01T11:16:24.3513819Z PASS redirected intermediates output
Shared simulation host (Clang)	Check Gradle APK artifact resolution	2026-10-01T11:16:24.3672599Z PASS wrong variant (rejected)
Shared simulation host (Clang)	Check Gradle APK artifact resolution	2026-10-01T11:16:24.3736683Z PASS wrong artifact type (rejected)
Shared simulation host (Clang)	Check Gradle APK artifact resolution	2026-10-01T11:16:24.3786603Z PASS missing output element (rejected)
Shared simulation host (Clang)	Check Gradle APK artifact resolution	2026-10-01T11:16:24.3841498Z PASS multiple output elements (rejected)
Shared simulation host (Clang)	Check Gradle APK artifact resolution	2026-10-01T11:16:24.3894322Z PASS missing APK file (rejected)
Shared simulation host (Clang)	Check Gradle APK artifact resolution	2026-10-01T11:16:24.3941937Z PASS filename path traversal (rejected)
Shared simulation host (Clang)	Check Gradle APK artifact resolution	2026-10-01T11:16:24.3988132Z PASS escaped listing path (rejected)
Shared simulation host (Clang)	Check Gradle APK artifact resolution	2026-10-01T11:16:24.4037492Z PASS duplicate redirect entries (rejected)
Shared simulation host (Clang)	Check Gradle APK artifact resolution	2026-10-01T11:16:24.4045733Z All 10 resolver cases passed.
Shared simulation host (Clang)	Check Android combat capture expectations	﻿2026-10-01T11:16:24.4592576Z ##[group]Run ./tests/AndroidCombatCaptureExpectations.ps1
Shared simulation host (Clang)	Check Android combat capture expectations	2026-10-01T11:16:24.4593103Z ^[[36;1m./tests/AndroidCombatCaptureExpectations.ps1^[[0m
Shared simulation host (Clang)	Check Android combat capture expectations	2026-10-01T11:16:24.4616551Z shell: /usr/bin/pwsh -command ". '{0}'"
Shared simulation host (Clang)	Check Android combat capture expectations	2026-10-01T11:16:24.4616849Z ##[endgroup]
Shared simulation host (Clang)	Check Android combat capture expectations	2026-10-01T11:16:24.9676705Z Android combat capture expectations: 34 cases passed.
Shared simulation host (Clang)	Check Android combat capture expectations	2026-10-01T11:16:24.9970007Z Android gameplay versus isolated-glass ownership: 16 cases passed.
Shared simulation host (Clang)	Post Check out source	﻿2026-10-01T11:16:25.0530434Z Post job cleanup.
Shared simulation host (Clang)	Post Check out source	2026-10-01T11:16:25.1397981Z [command]/usr/bin/git version
Shared simulation host (Clang)	Post Check out source	2026-10-01T11:16:25.1445047Z git version 2.55.0
Shared simulation host (Clang)	Post Check out source	2026-10-01T11:16:25.1489397Z Temporarily overriding HOME='/home/runner/work/_temp/38243750-3f43-4053-80a9-dc18c581e5cb' before making global git config changes
Shared simulation host (Clang)	Post Check out source	2026-10-01T11:16:25.1490703Z Adding repository directory to the temporary git global config as a safe directory
Shared simulation host (Clang)	Post Check out source	2026-10-01T11:16:25.1495987Z [command]/usr/bin/git config --global --add safe.directory /home/runner/work/The-Horde-RT-demo/The-Horde-RT-demo
Shared simulation host (Clang)	Post Check out source	2026-10-01T11:16:25.1532734Z Removing SSH command configuration
Shared simulation host (Clang)	Post Check out source	2026-10-01T11:16:25.1540452Z [command]/usr/bin/git config --local --name-only --get-regexp core\.sshCommand
Shared simulation host (Clang)	Post Check out source	2026-10-01T11:16:25.1579782Z [command]/usr/bin/git submodule foreach --recursive sh -c "git config --local --name-only --get-regexp 'core\.sshCommand' && git config --local --unset-all 'core.sshCommand' || :"
Shared simulation host (Clang)	Post Check out source	2026-10-01T11:16:25.1869492Z Removing HTTP extra header
Shared simulation host (Clang)	Post Check out source	2026-10-01T11:16:25.1876416Z [command]/usr/bin/git config --local --name-only --get-regexp http\.https\:\/\/github\.com\/\.extraheader
Shared simulation host (Clang)	Post Check out source	2026-10-01T11:16:25.1913179Z [command]/usr/bin/git submodule foreach --recursive sh -c "git config --local --name-only --get-regexp 'http\.https\:\/\/github\.com\/\.extraheader' && git config --local --unset-all 'http.https://github.com/.extraheader' || :"
Shared simulation host (Clang)	Post Check out source	2026-10-01T11:16:25.2202570Z Removing includeIf entries pointing to credentials config files
Shared simulation host (Clang)	Post Check out source	2026-10-01T11:16:25.2211273Z [command]/usr/bin/git config --local --name-only --get-regexp ^includeIf\.gitdir:
Shared simulation host (Clang)	Post Check out source	2026-10-01T11:16:25.2249289Z includeif.gitdir:/home/runner/work/The-Horde-RT-demo/The-Horde-RT-demo/.git.path
Shared simulation host (Clang)	Post Check out source	2026-10-01T11:16:25.2250173Z includeif.gitdir:/home/runner/work/The-Horde-RT-demo/The-Horde-RT-demo/.git/worktrees/*.path
Shared simulation host (Clang)	Post Check out source	2026-10-01T11:16:25.2250971Z includeif.gitdir:/github/workspace/.git.path
Shared simulation host (Clang)	Post Check out source	2026-10-01T11:16:25.2251704Z includeif.gitdir:/github/workspace/.git/worktrees/*.path
Shared simulation host (Clang)	Post Check out source	2026-10-01T11:16:25.2269442Z [command]/usr/bin/git config --local --get-all includeif.gitdir:/home/runner/work/The-Horde-RT-demo/The-Horde-RT-demo/.git.path
Shared simulation host (Clang)	Post Check out source	2026-10-01T11:16:25.2287871Z /home/runner/work/_temp/git-credentials-3d8ee079-de56-4716-a934-6b0c53a9ead4.config
Shared simulation host (Clang)	Post Check out source	2026-10-01T11:16:25.2313832Z [command]/usr/bin/git config --local --unset includeif.gitdir:/home/runner/work/The-Horde-RT-demo/The-Horde-RT-demo/.git.path /home/runner/work/_temp/git-credentials-3d8ee079-de56-4716-a934-6b0c53a9ead4.config
Shared simulation host (Clang)	Post Check out source	2026-10-01T11:16:25.2351361Z [command]/usr/bin/git config --local --get-all includeif.gitdir:/home/runner/work/The-Horde-RT-demo/The-Horde-RT-demo/.git/worktrees/*.path
Shared simulation host (Clang)	Post Check out source	2026-10-01T11:16:25.2384232Z /home/runner/work/_temp/git-credentials-3d8ee079-de56-4716-a934-6b0c53a9ead4.config
Shared simulation host (Clang)	Post Check out source	2026-10-01T11:16:25.2397236Z [command]/usr/bin/git config --local --unset includeif.gitdir:/home/runner/work/The-Horde-RT-demo/The-Horde-RT-demo/.git/worktrees/*.path /home/runner/work/_temp/git-credentials-3d8ee079-de56-4716-a934-6b0c53a9ead4.config
Shared simulation host (Clang)	Post Check out source	2026-10-01T11:16:25.2440054Z [command]/usr/bin/git config --local --get-all includeif.gitdir:/github/workspace/.git.path
Shared simulation host (Clang)	Post Check out source	2026-10-01T11:16:25.2469323Z /github/runner_temp/git-credentials-3d8ee079-de56-4716-a934-6b0c53a9ead4.config
Shared simulation host (Clang)	Post Check out source	2026-10-01T11:16:25.2479782Z [command]/usr/bin/git config --local --unset includeif.gitdir:/github/workspace/.git.path /github/runner_temp/git-credentials-3d8ee079-de56-4716-a934-6b0c53a9ead4.config
Shared simulation host (Clang)	Post Check out source	2026-10-01T11:16:25.2522845Z [command]/usr/bin/git config --local --get-all includeif.gitdir:/github/workspace/.git/worktrees/*.path
Shared simulation host (Clang)	Post Check out source	2026-10-01T11:16:25.2552111Z /github/runner_temp/git-credentials-3d8ee079-de56-4716-a934-6b0c53a9ead4.config
Shared simulation host (Clang)	Post Check out source	2026-10-01T11:16:25.2562985Z [command]/usr/bin/git config --local --unset includeif.gitdir:/github/workspace/.git/worktrees/*.path /github/runner_temp/git-credentials-3d8ee079-de56-4716-a934-6b0c53a9ead4.config
Shared simulation host (Clang)	Post Check out source	2026-10-01T11:16:25.2606713Z [command]/usr/bin/git submodule foreach --recursive git config --local --show-origin --name-only --get-regexp remote.origin.url
Shared simulation host (Clang)	Post Check out source	2026-10-01T11:16:25.2850168Z Removing credentials config '/home/runner/work/_temp/git-credentials-3d8ee079-de56-4716-a934-6b0c53a9ead4.config'
Shared simulation host (Clang)	Complete job	﻿2026-10-01T11:16:25.3031254Z Cleaning up orphan processes
Shared simulation host (MSVC)	Set up job	﻿2026-10-01T11:12:51.2390328Z Current runner version: '2.337.0'
Shared simulation host (MSVC)	Set up job	2026-10-01T11:12:51.2441083Z ##[group]Runner Image Provisioner
Shared simulation host (MSVC)	Set up job	2026-10-01T11:12:51.2441965Z Hosted Compute Agent
Shared simulation host (MSVC)	Set up job	2026-10-01T11:12:51.2442570Z Version: 20260828.587
Shared simulation host (MSVC)	Set up job	2026-10-01T11:12:51.2443193Z Commit: abac92662cab4cc7352de4f9f9d2e2419aad9c29
Shared simulation host (MSVC)	Set up job	2026-10-01T11:12:51.2443888Z Build Date: 2026-08-28T16:44:25Z
Shared simulation host (MSVC)	Set up job	2026-10-01T11:12:51.2445032Z Worker ID: {6919b19e-7f2b-4f48-980a-999ddf2c9471}
Shared simulation host (MSVC)	Set up job	2026-10-01T11:12:51.2445710Z Azure Region: eastus
Shared simulation host (MSVC)	Set up job	2026-10-01T11:12:51.2446225Z ##[endgroup]
Shared simulation host (MSVC)	Set up job	2026-10-01T11:12:51.2447709Z ##[group]Operating System
Shared simulation host (MSVC)	Set up job	2026-10-01T11:12:51.2448330Z Microsoft Windows Server 2025
Shared simulation host (MSVC)	Set up job	2026-10-01T11:12:51.2448939Z 10.0.26100
Shared simulation host (MSVC)	Set up job	2026-10-01T11:12:51.2449468Z Datacenter
Shared simulation host (MSVC)	Set up job	2026-10-01T11:12:51.2449959Z ##[endgroup]
Shared simulation host (MSVC)	Set up job	2026-10-01T11:12:51.2450474Z ##[group]Runner Image
Shared simulation host (MSVC)	Set up job	2026-10-01T11:12:51.2451051Z Image: windows-2025-vs2026
Shared simulation host (MSVC)	Set up job	2026-10-01T11:12:51.2451605Z Version: 20260922.246.2
Shared simulation host (MSVC)	Set up job	2026-10-01T11:12:51.2452700Z Included Software: https://github.com/actions/runner-images/blob/win25-vs2026/20260922.246/images/windows/Windows2025-VS2026-Readme.md
Shared simulation host (MSVC)	Set up job	2026-10-01T11:12:51.2455013Z Image Release: https://github.com/actions/runner-images/releases/tag/win25-vs2026%2F20260922.246
Shared simulation host (MSVC)	Set up job	2026-10-01T11:12:51.2455986Z ##[endgroup]
Shared simulation host (MSVC)	Set up job	2026-10-01T11:12:51.2457022Z ##[group]GITHUB_TOKEN Permissions
Shared simulation host (MSVC)	Set up job	2026-10-01T11:12:51.2458913Z Contents: read
Shared simulation host (MSVC)	Set up job	2026-10-01T11:12:51.2459527Z Metadata: read
Shared simulation host (MSVC)	Set up job	2026-10-01T11:12:51.2460046Z ##[endgroup]
Shared simulation host (MSVC)	Set up job	2026-10-01T11:12:51.2462184Z Secret source: Actions
Shared simulation host (MSVC)	Set up job	2026-10-01T11:12:51.2463102Z Cache mode: write
Shared simulation host (MSVC)	Set up job	2026-10-01T11:12:51.2463755Z Prepare workflow directory
Shared simulation host (MSVC)	Set up job	2026-10-01T11:12:51.2837976Z Prepare all required actions
Shared simulation host (MSVC)	Set up job	2026-10-01T11:12:51.2886087Z Getting action download info
Shared simulation host (MSVC)	Set up job	2026-10-01T11:12:51.4361091Z Download action repository 'actions/checkout@v6' (SHA:d23441a48e516b6c34aea4fa41551a30e30af803)
Shared simulation host (MSVC)	Set up job	2026-10-01T11:12:51.7071082Z Complete job name: Shared simulation host (MSVC)
Shared simulation host (MSVC)	Check out source	﻿2026-10-01T11:12:51.8865455Z ##[group]Run actions/checkout@v6
Shared simulation host (MSVC)	Check out source	2026-10-01T11:12:51.8866512Z with:
Shared simulation host (MSVC)	Check out source	2026-10-01T11:12:51.8866985Z   repository: Samfa12-tech/The-Horde-RT-demo
Shared simulation host (MSVC)	Check out source	2026-10-01T11:12:51.8870839Z   token: ***
Shared simulation host (MSVC)	Check out source	2026-10-01T11:12:51.8871235Z   ssh-strict: true
Shared simulation host (MSVC)	Check out source	2026-10-01T11:12:51.8871625Z   ssh-user: git
Shared simulation host (MSVC)	Check out source	2026-10-01T11:12:51.8872032Z   persist-credentials: true
Shared simulation host (MSVC)	Check out source	2026-10-01T11:12:51.8872487Z   clean: true
Shared simulation host (MSVC)	Check out source	2026-10-01T11:12:51.8872900Z   sparse-checkout-cone-mode: true
Shared simulation host (MSVC)	Check out source	2026-10-01T11:12:51.8873387Z   fetch-depth: 1
Shared simulation host (MSVC)	Check out source	2026-10-01T11:12:51.8873785Z   fetch-tags: false
Shared simulation host (MSVC)	Check out source	2026-10-01T11:12:51.8874189Z   show-progress: true
Shared simulation host (MSVC)	Check out source	2026-10-01T11:12:51.8874596Z   lfs: false
Shared simulation host (MSVC)	Check out source	2026-10-01T11:12:51.8875393Z   submodules: false
Shared simulation host (MSVC)	Check out source	2026-10-01T11:12:51.8875823Z   set-safe-directory: true
Shared simulation host (MSVC)	Check out source	2026-10-01T11:12:51.8876298Z   allow-unsafe-pr-checkout: false
Shared simulation host (MSVC)	Check out source	2026-10-01T11:12:51.8877035Z ##[endgroup]
Shared simulation host (MSVC)	Check out source	2026-10-01T11:12:52.0333367Z Syncing repository: Samfa12-tech/The-Horde-RT-demo
Shared simulation host (MSVC)	Check out source	2026-10-01T11:12:52.0335305Z ##[group]Getting Git version info
Shared simulation host (MSVC)	Check out source	2026-10-01T11:12:52.0336131Z Working directory is 'D:\a\The-Horde-RT-demo\The-Horde-RT-demo'
Shared simulation host (MSVC)	Check out source	2026-10-01T11:12:52.1295833Z [command]"C:\Program Files\Git\bin\git.exe" version
Shared simulation host (MSVC)	Check out source	2026-10-01T11:12:52.4924387Z git version 2.55.0.windows.5
Shared simulation host (MSVC)	Check out source	2026-10-01T11:12:52.4982211Z ##[endgroup]
Shared simulation host (MSVC)	Check out source	2026-10-01T11:12:52.5002207Z Temporarily overriding HOME='D:\a\_temp\f3ab869e-cf41-48ed-bdc4-f32d7d991328' before making global git config changes
Shared simulation host (MSVC)	Check out source	2026-10-01T11:12:52.5003539Z Adding repository directory to the temporary git global config as a safe directory
Shared simulation host (MSVC)	Check out source	2026-10-01T11:12:52.5013774Z [command]"C:\Program Files\Git\bin\git.exe" config --global --add safe.directory D:\a\The-Horde-RT-demo\The-Horde-RT-demo
Shared simulation host (MSVC)	Check out source	2026-10-01T11:12:52.5634696Z Deleting the contents of 'D:\a\The-Horde-RT-demo\The-Horde-RT-demo'
Shared simulation host (MSVC)	Check out source	2026-10-01T11:12:52.5640738Z ##[group]Determining repository object format
Shared simulation host (MSVC)	Check out source	2026-10-01T11:12:52.5643486Z ##[endgroup]
Shared simulation host (MSVC)	Check out source	2026-10-01T11:12:52.5644721Z ##[group]Initializing the repository
Shared simulation host (MSVC)	Check out source	2026-10-01T11:12:52.5653447Z [command]"C:\Program Files\Git\bin\git.exe" init D:\a\The-Horde-RT-demo\The-Horde-RT-demo
Shared simulation host (MSVC)	Check out source	2026-10-01T11:12:52.6727591Z Initialized empty Git repository in D:/a/The-Horde-RT-demo/The-Horde-RT-demo/.git/
Shared simulation host (MSVC)	Check out source	2026-10-01T11:12:52.6776254Z [command]"C:\Program Files\Git\bin\git.exe" remote add origin https://github.com/Samfa12-tech/The-Horde-RT-demo
Shared simulation host (MSVC)	Check out source	2026-10-01T11:12:52.7448954Z ##[endgroup]
Shared simulation host (MSVC)	Check out source	2026-10-01T11:12:52.7450503Z ##[group]Disabling automatic garbage collection
Shared simulation host (MSVC)	Check out source	2026-10-01T11:12:52.7458189Z [command]"C:\Program Files\Git\bin\git.exe" config --local gc.auto 0
Shared simulation host (MSVC)	Check out source	2026-10-01T11:12:52.7789424Z ##[endgroup]
Shared simulation host (MSVC)	Check out source	2026-10-01T11:12:52.7790656Z ##[group]Setting up auth
Shared simulation host (MSVC)	Check out source	2026-10-01T11:12:52.7792072Z Removing SSH command configuration
Shared simulation host (MSVC)	Check out source	2026-10-01T11:12:52.7804625Z [command]"C:\Program Files\Git\bin\git.exe" config --local --name-only --get-regexp core\.sshCommand
Shared simulation host (MSVC)	Check out source	2026-10-01T11:12:52.8117573Z [command]"C:\Program Files\Git\bin\git.exe" submodule foreach --recursive "sh -c \"git config --local --name-only --get-regexp 'core\.sshCommand' && git config --local --unset-all 'core.sshCommand' || :\""
Shared simulation host (MSVC)	Check out source	2026-10-01T11:12:54.2319826Z Removing HTTP extra header
Shared simulation host (MSVC)	Check out source	2026-10-01T11:12:54.2330917Z [command]"C:\Program Files\Git\bin\git.exe" config --local --name-only --get-regexp http\.https\:\/\/github\.com\/\.extraheader
Shared simulation host (MSVC)	Check out source	2026-10-01T11:12:54.2704385Z [command]"C:\Program Files\Git\bin\git.exe" submodule foreach --recursive "sh -c \"git config --local --name-only --get-regexp 'http\.https\:\/\/github\.com\/\.extraheader' && git config --local --unset-all 'http.https://github.com/.extraheader' || :\""
Shared simulation host (MSVC)	Check out source	2026-10-01T11:12:54.8097409Z Removing includeIf entries pointing to credentials config files
Shared simulation host (MSVC)	Check out source	2026-10-01T11:12:54.8108768Z [command]"C:\Program Files\Git\bin\git.exe" config --local --name-only --get-regexp ^includeIf\.gitdir:
Shared simulation host (MSVC)	Check out source	2026-10-01T11:12:54.8415586Z [command]"C:\Program Files\Git\bin\git.exe" submodule foreach --recursive "git config --local --show-origin --name-only --get-regexp remote.origin.url"
Shared simulation host (MSVC)	Check out source	2026-10-01T11:12:55.3890441Z [command]"C:\Program Files\Git\bin\git.exe" config --file D:\a\_temp\git-credentials-af413375-8c85-4f95-b9f2-332f67e5cb7e.config http.https://github.com/.extraheader "AUTHORIZATION: basic ***"
Shared simulation host (MSVC)	Check out source	2026-10-01T11:12:55.4219591Z [command]"C:\Program Files\Git\bin\git.exe" config --local includeIf.gitdir:D:/a/The-Horde-RT-demo/The-Horde-RT-demo/.git.path D:\a\_temp\git-credentials-af413375-8c85-4f95-b9f2-332f67e5cb7e.config
Shared simulation host (MSVC)	Check out source	2026-10-01T11:12:55.4559167Z [command]"C:\Program Files\Git\bin\git.exe" config --local includeIf.gitdir:D:/a/The-Horde-RT-demo/The-Horde-RT-demo/.git/worktrees/*.path D:\a\_temp\git-credentials-af413375-8c85-4f95-b9f2-332f67e5cb7e.config
Shared simulation host (MSVC)	Check out source	2026-10-01T11:12:55.4956725Z [command]"C:\Program Files\Git\bin\git.exe" config --local includeIf.gitdir:/github/workspace/.git.path /github/runner_temp/git-credentials-af413375-8c85-4f95-b9f2-332f67e5cb7e.config
Shared simulation host (MSVC)	Check out source	2026-10-01T11:12:55.5313990Z [command]"C:\Program Files\Git\bin\git.exe" config --local includeIf.gitdir:/github/workspace/.git/worktrees/*.path /github/runner_temp/git-credentials-af413375-8c85-4f95-b9f2-332f67e5cb7e.config
Shared simulation host (MSVC)	Check out source	2026-10-01T11:12:55.5777604Z ##[endgroup]
Shared simulation host (MSVC)	Check out source	2026-10-01T11:12:55.5778868Z ##[group]Fetching the repository
Shared simulation host (MSVC)	Check out source	2026-10-01T11:12:55.5781249Z [command]"C:\Program Files\Git\bin\git.exe" -c protocol.version=2 fetch --no-tags --prune --no-recurse-submodules --depth=1 origin +ca58f0956637f9063fe1cda42989ad5f74daa47d:refs/remotes/origin/codex/horde-1.6.1-engineering-pass
Shared simulation host (MSVC)	Check out source	2026-10-01T11:12:57.7903427Z From https://github.com/Samfa12-tech/The-Horde-RT-demo
Shared simulation host (MSVC)	Check out source	2026-10-01T11:12:57.7905694Z  * [new ref]         ca58f0956637f9063fe1cda42989ad5f74daa47d -> origin/codex/horde-1.6.1-engineering-pass
Shared simulation host (MSVC)	Check out source	2026-10-01T11:12:57.7967671Z [command]"C:\Program Files\Git\bin\git.exe" branch --list --remote origin/codex/horde-1.6.1-engineering-pass
Shared simulation host (MSVC)	Check out source	2026-10-01T11:12:57.8331793Z   origin/codex/horde-1.6.1-engineering-pass
Shared simulation host (MSVC)	Check out source	2026-10-01T11:12:57.8378212Z [command]"C:\Program Files\Git\bin\git.exe" rev-parse refs/remotes/origin/codex/horde-1.6.1-engineering-pass
Shared simulation host (MSVC)	Check out source	2026-10-01T11:12:57.8649835Z ca58f0956637f9063fe1cda42989ad5f74daa47d
Shared simulation host (MSVC)	Check out source	2026-10-01T11:12:57.8685138Z ##[endgroup]
Shared simulation host (MSVC)	Check out source	2026-10-01T11:12:57.8685759Z ##[group]Determining the checkout info
Shared simulation host (MSVC)	Check out source	2026-10-01T11:12:57.8688389Z ##[endgroup]
Shared simulation host (MSVC)	Check out source	2026-10-01T11:12:57.8697550Z [command]"C:\Program Files\Git\bin\git.exe" sparse-checkout disable
Shared simulation host (MSVC)	Check out source	2026-10-01T11:12:57.9140398Z [command]"C:\Program Files\Git\bin\git.exe" config --local --unset-all extensions.worktreeConfig
Shared simulation host (MSVC)	Check out source	2026-10-01T11:12:57.9443606Z ##[group]Checking out the ref
Shared simulation host (MSVC)	Check out source	2026-10-01T11:12:57.9452500Z [command]"C:\Program Files\Git\bin\git.exe" checkout --progress --force -B codex/horde-1.6.1-engineering-pass refs/remotes/origin/codex/horde-1.6.1-engineering-pass
Shared simulation host (MSVC)	Check out source	2026-10-01T11:12:59.3924645Z Updating files:   0% (30/4665)
Shared simulation host (MSVC)	Check out source	2026-10-01T11:12:59.4274988Z Updating files:   1% (47/4665)
Shared simulation host (MSVC)	Check out source	2026-10-01T11:12:59.4695152Z Updating files:   2% (94/4665)
Shared simulation host (MSVC)	Check out source	2026-10-01T11:12:59.4941727Z Updating files:   3% (140/4665)
Shared simulation host (MSVC)	Check out source	2026-10-01T11:12:59.5215196Z Updating files:   4% (187/4665)
Shared simulation host (MSVC)	Check out source	2026-10-01T11:12:59.5443571Z Updating files:   5% (234/4665)
Shared simulation host (MSVC)	Check out source	2026-10-01T11:12:59.6371557Z Updating files:   6% (280/4665)
Shared simulation host (MSVC)	Check out source	2026-10-01T11:12:59.6552834Z Updating files:   7% (327/4665)
Shared simulation host (MSVC)	Check out source	2026-10-01T11:12:59.6709958Z Updating files:   8% (374/4665)
Shared simulation host (MSVC)	Check out source	2026-10-01T11:12:59.6929911Z Updating files:   9% (420/4665)
Shared simulation host (MSVC)	Check out source	2026-10-01T11:12:59.7177991Z Updating files:  10% (467/4665)
Shared simulation host (MSVC)	Check out source	2026-10-01T11:12:59.7346061Z Updating files:  11% (514/4665)
Shared simulation host (MSVC)	Check out source	2026-10-01T11:12:59.7543562Z Updating files:  12% (560/4665)
Shared simulation host (MSVC)	Check out source	2026-10-01T11:12:59.7753857Z Updating files:  13% (607/4665)
Shared simulation host (MSVC)	Check out source	2026-10-01T11:12:59.8219507Z Updating files:  14% (654/4665)
Shared simulation host (MSVC)	Check out source	2026-10-01T11:12:59.8386659Z Updating files:  15% (700/4665)
Shared simulation host (MSVC)	Check out source	2026-10-01T11:12:59.8583821Z Updating files:  16% (747/4665)
Shared simulation host (MSVC)	Check out source	2026-10-01T11:12:59.8769254Z Updating files:  17% (794/4665)
Shared simulation host (MSVC)	Check out source	2026-10-01T11:12:59.8959838Z Updating files:  18% (840/4665)
Shared simulation host (MSVC)	Check out source	2026-10-01T11:12:59.9121029Z Updating files:  19% (887/4665)
Shared simulation host (MSVC)	Check out source	2026-10-01T11:12:59.9286401Z Updating files:  20% (933/4665)
Shared simulation host (MSVC)	Check out source	2026-10-01T11:12:59.9443602Z Updating files:  21% (980/4665)
Shared simulation host (MSVC)	Check out source	2026-10-01T11:12:59.9575658Z Updating files:  22% (1027/4665)
Shared simulation host (MSVC)	Check out source	2026-10-01T11:12:59.9742973Z Updating files:  23% (1073/4665)
Shared simulation host (MSVC)	Check out source	2026-10-01T11:12:59.9875698Z Updating files:  24% (1120/4665)
Shared simulation host (MSVC)	Check out source	2026-10-01T11:12:59.9969508Z Updating files:  25% (1167/4665)
Shared simulation host (MSVC)	Check out source	2026-10-01T11:13:00.0041400Z Updating files:  25% (1195/4665)
Shared simulation host (MSVC)	Check out source	2026-10-01T11:13:00.0194379Z Updating files:  26% (1213/4665)
Shared simulation host (MSVC)	Check out source	2026-10-01T11:13:00.0383772Z Updating files:  27% (1260/4665)
Shared simulation host (MSVC)	Check out source	2026-10-01T11:13:00.0573560Z Updating files:  28% (1307/4665)
Shared simulation host (MSVC)	Check out source	2026-10-01T11:13:00.0785924Z Updating files:  29% (1353/4665)
Shared simulation host (MSVC)	Check out source	2026-10-01T11:13:00.1002232Z Updating files:  30% (1400/4665)
Shared simulation host (MSVC)	Check out source	2026-10-01T11:13:00.1160583Z Updating files:  31% (1447/4665)
Shared simulation host (MSVC)	Check out source	2026-10-01T11:13:00.1371500Z Updating files:  32% (1493/4665)
Shared simulation host (MSVC)	Check out source	2026-10-01T11:13:00.1576327Z Updating files:  33% (1540/4665)
Shared simulation host (MSVC)	Check out source	2026-10-01T11:13:00.1785748Z Updating files:  34% (1587/4665)
Shared simulation host (MSVC)	Check out source	2026-10-01T11:13:00.2004518Z Updating files:  35% (1633/4665)
Shared simulation host (MSVC)	Check out source	2026-10-01T11:13:00.2135935Z Updating files:  36% (1680/4665)
Shared simulation host (MSVC)	Check out source	2026-10-01T11:13:00.2313360Z Updating files:  37% (1727/4665)
Shared simulation host (MSVC)	Check out source	2026-10-01T11:13:00.2477159Z Updating files:  38% (1773/4665)
Shared simulation host (MSVC)	Check out source	2026-10-01T11:13:00.2630811Z Updating files:  39% (1820/4665)
Shared simulation host (MSVC)	Check out source	2026-10-01T11:13:00.2795374Z Updating files:  40% (1866/4665)
Shared simulation host (MSVC)	Check out source	2026-10-01T11:13:00.2955951Z Updating files:  41% (1913/4665)
Shared simulation host (MSVC)	Check out source	2026-10-01T11:13:00.3168560Z Updating files:  42% (1960/4665)
Shared simulation host (MSVC)	Check out source	2026-10-01T11:13:00.3337970Z Updating files:  43% (2006/4665)
Shared simulation host (MSVC)	Check out source	2026-10-01T11:13:00.3473253Z Updating files:  44% (2053/4665)
Shared simulation host (MSVC)	Check out source	2026-10-01T11:13:00.3637712Z Updating files:  45% (2100/4665)
Shared simulation host (MSVC)	Check out source	2026-10-01T11:13:00.3756636Z Updating files:  46% (2146/4665)
Shared simulation host (MSVC)	Check out source	2026-10-01T11:13:00.3958100Z Updating files:  47% (2193/4665)
Shared simulation host (MSVC)	Check out source	2026-10-01T11:13:00.4124185Z Updating files:  48% (2240/4665)
Shared simulation host (MSVC)	Check out source	2026-10-01T11:13:00.4266730Z Updating files:  49% (2286/4665)
Shared simulation host (MSVC)	Check out source	2026-10-01T11:13:00.4416264Z Updating files:  50% (2333/4665)
Shared simulation host (MSVC)	Check out source	2026-10-01T11:13:00.4552920Z Updating files:  51% (2380/4665)
Shared simulation host (MSVC)	Check out source	2026-10-01T11:13:00.4751192Z Updating files:  52% (2426/4665)
Shared simulation host (MSVC)	Check out source	2026-10-01T11:13:00.4906542Z Updating files:  53% (2473/4665)
Shared simulation host (MSVC)	Check out source	2026-10-01T11:13:00.5045616Z Updating files:  54% (2520/4665)
Shared simulation host (MSVC)	Check out source	2026-10-01T11:13:00.5175409Z Updating files:  55% (2566/4665)
Shared simulation host (MSVC)	Check out source	2026-10-01T11:13:00.5285183Z Updating files:  56% (2613/4665)
Shared simulation host (MSVC)	Check out source	2026-10-01T11:13:00.5419327Z Updating files:  57% (2660/4665)
Shared simulation host (MSVC)	Check out source	2026-10-01T11:13:00.5528397Z Updating files:  58% (2706/4665)
Shared simulation host (MSVC)	Check out source	2026-10-01T11:13:00.5640793Z Updating files:  59% (2753/4665)
Shared simulation host (MSVC)	Check out source	2026-10-01T11:13:00.5746380Z Updating files:  60% (2799/4665)
Shared simulation host (MSVC)	Check out source	2026-10-01T11:13:00.5928275Z Updating files:  61% (2846/4665)
Shared simulation host (MSVC)	Check out source	2026-10-01T11:13:00.6099665Z Updating files:  62% (2893/4665)
Shared simulation host (MSVC)	Check out source	2026-10-01T11:13:00.6240669Z Updating files:  63% (2939/4665)
Shared simulation host (MSVC)	Check out source	2026-10-01T11:13:00.6419017Z Updating files:  64% (2986/4665)
Shared simulation host (MSVC)	Check out source	2026-10-01T11:13:00.6582273Z Updating files:  65% (3033/4665)
Shared simulation host (MSVC)	Check out source	2026-10-01T11:13:00.6757689Z Updating files:  66% (3079/4665)
Shared simulation host (MSVC)	Check out source	2026-10-01T11:13:00.6911577Z Updating files:  67% (3126/4665)
Shared simulation host (MSVC)	Check out source	2026-10-01T11:13:00.7049759Z Updating files:  68% (3173/4665)
Shared simulation host (MSVC)	Check out source	2026-10-01T11:13:00.7198031Z Updating files:  69% (3219/4665)
Shared simulation host (MSVC)	Check out source	2026-10-01T11:13:00.7404766Z Updating files:  70% (3266/4665)
Shared simulation host (MSVC)	Check out source	2026-10-01T11:13:00.7539223Z Updating files:  71% (3313/4665)
Shared simulation host (MSVC)	Check out source	2026-10-01T11:13:00.7713661Z Updating files:  72% (3359/4665)
Shared simulation host (MSVC)	Check out source	2026-10-01T11:13:00.7887643Z Updating files:  73% (3406/4665)
Shared simulation host (MSVC)	Check out source	2026-10-01T11:13:00.8041306Z Updating files:  74% (3453/4665)
Shared simulation host (MSVC)	Check out source	2026-10-01T11:13:00.8201682Z Updating files:  75% (3499/4665)
Shared simulation host (MSVC)	Check out source	2026-10-01T11:13:00.8330106Z Updating files:  76% (3546/4665)
Shared simulation host (MSVC)	Check out source	2026-10-01T11:13:00.8467274Z Updating files:  77% (3593/4665)
Shared simulation host (MSVC)	Check out source	2026-10-01T11:13:00.8604250Z Updating files:  78% (3639/4665)
Shared simulation host (MSVC)	Check out source	2026-10-01T11:13:00.8757073Z Updating files:  79% (3686/4665)
Shared simulation host (MSVC)	Check out source	2026-10-01T11:13:00.9017719Z Updating files:  80% (3732/4665)
Shared simulation host (MSVC)	Check out source	2026-10-01T11:13:00.9168768Z Updating files:  81% (3779/4665)
Shared simulation host (MSVC)	Check out source	2026-10-01T11:13:00.9317713Z Updating files:  82% (3826/4665)
Shared simulation host (MSVC)	Check out source	2026-10-01T11:13:00.9465756Z Updating files:  83% (3872/4665)
Shared simulation host (MSVC)	Check out source	2026-10-01T11:13:00.9719566Z Updating files:  84% (3919/4665)
Shared simulation host (MSVC)	Check out source	2026-10-01T11:13:00.9861119Z Updating files:  85% (3966/4665)
Shared simulation host (MSVC)	Check out source	2026-10-01T11:13:00.9983601Z Updating files:  86% (4012/4665)
Shared simulation host (MSVC)	Check out source	2026-10-01T11:13:01.0006871Z Updating files:  86% (4051/4665)
Shared simulation host (MSVC)	Check out source	2026-10-01T11:13:01.0153255Z Updating files:  87% (4059/4665)
Shared simulation host (MSVC)	Check out source	2026-10-01T11:13:01.0295670Z Updating files:  88% (4106/4665)
Shared simulation host (MSVC)	Check out source	2026-10-01T11:13:01.0496007Z Updating files:  89% (4152/4665)
Shared simulation host (MSVC)	Check out source	2026-10-01T11:13:01.0686188Z Updating files:  90% (4199/4665)
Shared simulation host (MSVC)	Check out source	2026-10-01T11:13:01.0812462Z Updating files:  91% (4246/4665)
Shared simulation host (MSVC)	Check out source	2026-10-01T11:13:01.0962215Z Updating files:  92% (4292/4665)
Shared simulation host (MSVC)	Check out source	2026-10-01T11:13:01.1240755Z Updating files:  93% (4339/4665)
Shared simulation host (MSVC)	Check out source	2026-10-01T11:13:01.2255339Z Updating files:  94% (4386/4665)
Shared simulation host (MSVC)	Check out source	2026-10-01T11:13:01.3488461Z Updating files:  95% (4432/4665)
Shared simulation host (MSVC)	Check out source	2026-10-01T11:13:01.3655951Z Updating files:  96% (4479/4665)
Shared simulation host (MSVC)	Check out source	2026-10-01T11:13:01.3838575Z Updating files:  97% (4526/4665)
Shared simulation host (MSVC)	Check out source	2026-10-01T11:13:01.3989925Z Updating files:  98% (4572/4665)
Shared simulation host (MSVC)	Check out source	2026-10-01T11:13:01.4124109Z Updating files:  99% (4619/4665)
Shared simulation host (MSVC)	Check out source	2026-10-01T11:13:01.4124800Z Updating files: 100% (4665/4665)
Shared simulation host (MSVC)	Check out source	2026-10-01T11:13:01.4125072Z Updating files: 100% (4665/4665), done.
Shared simulation host (MSVC)	Check out source	2026-10-01T11:13:01.4346581Z Switched to a new branch 'codex/horde-1.6.1-engineering-pass'
Shared simulation host (MSVC)	Check out source	2026-10-01T11:13:01.4415354Z branch 'codex/horde-1.6.1-engineering-pass' set up to track 'origin/codex/horde-1.6.1-engineering-pass'.
Shared simulation host (MSVC)	Check out source	2026-10-01T11:13:01.8061851Z ##[endgroup]
Shared simulation host (MSVC)	Check out source	2026-10-01T11:13:01.8512333Z [command]"C:\Program Files\Git\bin\git.exe" log -1 --format=%H
Shared simulation host (MSVC)	Check out source	2026-10-01T11:13:01.8808750Z ca58f0956637f9063fe1cda42989ad5f74daa47d
Shared simulation host (MSVC)	Fetch portable-test GLB and music PCM assets	﻿2026-10-01T11:13:01.9249045Z ##[group]Run git -c lfs.fetchexclude= lfs fetch --include="assets/models/player/runtime/*.glb,assets/models/player/viewmodel/runtime/*.glb,assets/models/props/runtime/*.glb,assets/models/props/runtime/*/*.glb,assets/models/weapons/runtime/*.glb,tests/fixtures/*/*.glb,assets/audio/music/what-the-dark-keeps/runtime/*.wav" && git lfs checkout "assets/models/player/runtime/*.glb" "assets/models/player/viewmodel/runtime/*.glb" "assets/models/props/runtime/*.glb" "assets/models/props/runtime/*/*.glb" "assets/models/weapons/runtime/*.glb" "tests/fixtures/*/*.glb" "assets/audio/music/what-the-dark-keeps/runtime/*.wav"
Shared simulation host (MSVC)	Fetch portable-test GLB and music PCM assets	2026-10-01T11:13:01.9254095Z ^[[36;1mgit -c lfs.fetchexclude= lfs fetch --include="assets/models/player/runtime/*.glb,assets/models/player/viewmodel/runtime/*.glb,assets/models/props/runtime/*.glb,assets/models/props/runtime/*/*.glb,assets/models/weapons/runtime/*.glb,tests/fixtures/*/*.glb,assets/audio/music/what-the-dark-keeps/runtime/*.wav" && git lfs checkout "assets/models/player/runtime/*.glb" "assets/models/player/viewmodel/runtime/*.glb" "assets/models/props/runtime/*.glb" "assets/models/props/runtime/*/*.glb" "assets/models/weapons/runtime/*.glb" "tests/fixtures/*/*.glb" "assets/audio/music/what-the-dark-keeps/runtime/*.wav"^[[0m
Shared simulation host (MSVC)	Fetch portable-test GLB and music PCM assets	2026-10-01T11:13:01.9999599Z shell: C:\Program Files\PowerShell\7\pwsh.EXE -command ". '{0}'"
Shared simulation host (MSVC)	Fetch portable-test GLB and music PCM assets	2026-10-01T11:13:02.0000063Z ##[endgroup]
Shared simulation host (MSVC)	Fetch portable-test GLB and music PCM assets	2026-10-01T11:13:02.6123431Z Fetching reference refs/heads/codex/horde-1.6.1-engineering-pass
Shared simulation host (MSVC)	Fetch portable-test GLB and music PCM assets	2026-10-01T11:13:04.3325384Z Checking out LFS objects: 100% (62/62), 27 MB | 0 B/s, done.
Shared simulation host (MSVC)	Configure non-hardware host tests	﻿2026-10-01T11:13:04.6152732Z ##[group]Run cmake -S . -B build/host-ci  -DBUILD_TESTING=ON -DHORDE_RT_BUILD_VULKAN_TARGETS=OFF
Shared simulation host (MSVC)	Configure non-hardware host tests	2026-10-01T11:13:04.6153732Z ^[[36;1mcmake -S . -B build/host-ci  -DBUILD_TESTING=ON -DHORDE_RT_BUILD_VULKAN_TARGETS=OFF^[[0m
Shared simulation host (MSVC)	Configure non-hardware host tests	2026-10-01T11:13:04.6228820Z shell: C:\Program Files\PowerShell\7\pwsh.EXE -command ". '{0}'"
Shared simulation host (MSVC)	Configure non-hardware host tests	2026-10-01T11:13:04.6229192Z ##[endgroup]
Shared simulation host (MSVC)	Configure non-hardware host tests	2026-10-01T11:13:15.8412270Z -- Building for: Visual Studio 18 2026
Shared simulation host (MSVC)	Configure non-hardware host tests	2026-10-01T11:13:15.8413085Z -- The CXX compiler identification is MSVC 19.51.36257.0
Shared simulation host (MSVC)	Configure non-hardware host tests	2026-10-01T11:13:15.9802655Z -- Detecting CXX compiler ABI info
Shared simulation host (MSVC)	Configure non-hardware host tests	2026-10-01T11:13:17.0536181Z -- Detecting CXX compiler ABI info - done
Shared simulation host (MSVC)	Configure non-hardware host tests	2026-10-01T11:13:17.0925973Z -- Check for working CXX compiler: C:/Program Files/Microsoft Visual Studio/18/Enterprise/VC/Tools/MSVC/14.51.36231/bin/Hostx64/x64/cl.exe - skipped
Shared simulation host (MSVC)	Configure non-hardware host tests	2026-10-01T11:13:17.0942155Z -- Detecting CXX compile features
Shared simulation host (MSVC)	Configure non-hardware host tests	2026-10-01T11:13:17.0961471Z -- Detecting CXX compile features - done
Shared simulation host (MSVC)	Configure non-hardware host tests	2026-10-01T11:13:20.8170478Z Generated RT catalog adapter is current.
Shared simulation host (MSVC)	Configure non-hardware host tests	2026-10-01T11:13:21.3451062Z -- Strict non-contracted asset-transform arithmetic enabled for GltfDocument.cpp and StaticMeshAsset.cpp: /fp:strict
Shared simulation host (MSVC)	Configure non-hardware host tests	2026-10-01T11:13:21.3926075Z -- Performing Test CMAKE_HAVE_LIBC_PTHREAD
Shared simulation host (MSVC)	Configure non-hardware host tests	2026-10-01T11:13:23.6582997Z -- Performing Test CMAKE_HAVE_LIBC_PTHREAD - Failed
Shared simulation host (MSVC)	Configure non-hardware host tests	2026-10-01T11:13:23.6583669Z -- Looking for pthread_create in pthreads
Shared simulation host (MSVC)	Configure non-hardware host tests	2026-10-01T11:13:24.3762602Z -- Looking for pthread_create in pthreads - not found
Shared simulation host (MSVC)	Configure non-hardware host tests	2026-10-01T11:13:24.3763438Z -- Looking for pthread_create in pthread
Shared simulation host (MSVC)	Configure non-hardware host tests	2026-10-01T11:13:25.0324459Z -- Looking for pthread_create in pthread - not found
Shared simulation host (MSVC)	Configure non-hardware host tests	2026-10-01T11:13:25.0436742Z -- Found Threads: TRUE
Shared simulation host (MSVC)	Configure non-hardware host tests	2026-10-01T11:13:28.6969534Z -- Legacy torch-failure identifiers were rejected by the configured MSVC compiler.
Shared simulation host (MSVC)	Configure non-hardware host tests	2026-10-01T11:13:28.6971822Z -- Horde Lantern RT: configuring shared host gameplay tests without Vulkan targets.
Shared simulation host (MSVC)	Configure non-hardware host tests	2026-10-01T11:13:28.6975916Z -- Configuring done (23.1s)
Shared simulation host (MSVC)	Configure non-hardware host tests	2026-10-01T11:13:29.1500101Z -- Generating done (0.5s)
Shared simulation host (MSVC)	Configure non-hardware host tests	2026-10-01T11:13:29.1510383Z -- Build files have been written to: D:/a/The-Horde-RT-demo/The-Horde-RT-demo/build/host-ci
Shared simulation host (MSVC)	Build shared gameplay tests	﻿2026-10-01T11:13:29.2800429Z ##[group]Run cmake --build build/host-ci --config Release --parallel 2
Shared simulation host (MSVC)	Build shared gameplay tests	2026-10-01T11:13:29.2801036Z ^[[36;1mcmake --build build/host-ci --config Release --parallel 2^[[0m
Shared simulation host (MSVC)	Build shared gameplay tests	2026-10-01T11:13:29.2874192Z shell: C:\Program Files\PowerShell\7\pwsh.EXE -command ". '{0}'"
Shared simulation host (MSVC)	Build shared gameplay tests	2026-10-01T11:13:29.2874582Z ##[endgroup]
Shared simulation host (MSVC)	Build shared gameplay tests	2026-10-01T11:13:29.7189854Z MSBuild version 18.10.1-1.26427.6+3cd27c13e for .NET Framework
Shared simulation host (MSVC)	Build shared gameplay tests	2026-10-01T11:13:29.7722674Z 
Shared simulation host (MSVC)	Build shared gameplay tests	2026-10-01T11:13:30.1041481Z   1>Checking Build System
Shared simulation host (MSVC)	Build shared gameplay tests	2026-10-01T11:13:30.2805096Z   Building Custom Rule D:/a/The-Horde-RT-demo/The-Horde-RT-demo/CMakeLists.txt
Shared simulation host (MSVC)	Build shared gameplay tests	2026-10-01T11:13:30.4758644Z   Building Custom Rule D:/a/The-Horde-RT-demo/The-Horde-RT-demo/CMakeLists.txt
Shared simulation host (MSVC)	Build shared gameplay tests	2026-10-01T11:13:30.5071002Z   RtPipelineVariantProvider.cpp
Shared simulation host (MSVC)	Build shared gameplay tests	2026-10-01T11:13:30.5585542Z   Building Custom Rule D:/a/The-Horde-RT-demo/The-Horde-RT-demo/CMakeLists.txt
Shared simulation host (MSVC)	Build shared gameplay tests	2026-10-01T11:13:30.6628075Z   RtPipelineVariantProvider.cpp
Shared simulation host (MSVC)	Build shared gameplay tests	2026-10-01T11:13:30.7385600Z   RtPipelineVariantProvider.cpp
Shared simulation host (MSVC)	Build shared gameplay tests	2026-10-01T11:13:32.6759649Z   horde_rtpv_0_1_obj.vcxproj -> D:\a\The-Horde-RT-demo\The-Horde-RT-demo\build\host-ci\horde_rtpv_0_1_obj.dir\Release\horde_rtpv_0_1_obj.lib
Shared simulation host (MSVC)	Build shared gameplay tests	2026-10-01T11:13:32.8162967Z   Building Custom Rule D:/a/The-Horde-RT-demo/The-Horde-RT-demo/CMakeLists.txt
Shared simulation host (MSVC)	Build shared gameplay tests	2026-10-01T11:13:32.9279488Z   horde_rtpv_1_0_obj.vcxproj -> D:\a\The-Horde-RT-demo\The-Horde-RT-demo\build\host-ci\horde_rtpv_1_0_obj.dir\Release\horde_rtpv_1_0_obj.lib
Shared simulation host (MSVC)	Build shared gameplay tests	2026-10-01T11:13:32.9480051Z   RtPipelineVariantProvider.cpp
Shared simulation host (MSVC)	Build shared gameplay tests	2026-10-01T11:13:33.0193117Z   horde_rtpv_0_0_obj.vcxproj -> D:\a\The-Horde-RT-demo\The-Horde-RT-demo\build\host-ci\horde_rtpv_0_0_obj.dir\Release\horde_rtpv_0_0_obj.lib
Shared simulation host (MSVC)	Build shared gameplay tests	2026-10-01T11:13:34.4763148Z   horde_rtpv_1_1_obj.vcxproj -> D:\a\The-Horde-RT-demo\The-Horde-RT-demo\build\host-ci\horde_rtpv_1_1_obj.dir\Release\horde_rtpv_1_1_obj.lib
Shared simulation host (MSVC)	Build shared gameplay tests	2026-10-01T11:13:34.6644223Z   Building Custom Rule D:/a/The-Horde-RT-demo/The-Horde-RT-demo/third_party/pocket-audio-core/native/CMakeLists.txt
Shared simulation host (MSVC)	Build shared gameplay tests	2026-10-01T11:13:34.7137078Z   Building Custom Rule D:/a/The-Horde-RT-demo/The-Horde-RT-demo/CMakeLists.txt
Shared simulation host (MSVC)	Build shared gameplay tests	2026-10-01T11:13:34.7650075Z   PcmLoopStream.cpp
Shared simulation host (MSVC)	Build shared gameplay tests	2026-10-01T11:13:34.8082326Z   Building Custom Rule D:/a/The-Horde-RT-demo/The-Horde-RT-demo/CMakeLists.txt
Shared simulation host (MSVC)	Build shared gameplay tests	2026-10-01T11:13:34.8226939Z   SwordCombatSmoke.cpp
Shared simulation host (MSVC)	Build shared gameplay tests	2026-10-01T11:13:34.9139108Z   DesktopControllerInputTests.cpp
Shared simulation host (MSVC)	Build shared gameplay tests	2026-10-01T11:13:35.4873368Z   PcmWave.cpp
Shared simulation host (MSVC)	Build shared gameplay tests	2026-10-01T11:13:36.1652272Z   Generating Code...
Shared simulation host (MSVC)	Build shared gameplay tests	2026-10-01T11:13:36.8173781Z   pocket_audio_native_pcm.vcxproj -> D:\a\The-Horde-RT-demo\The-Horde-RT-demo\build\host-ci\pocket-audio-core-native\Release\pocket_audio_native_pcm.lib
Shared simulation host (MSVC)	Build shared gameplay tests	2026-10-01T11:13:36.9965213Z   Building Custom Rule D:/a/The-Horde-RT-demo/The-Horde-RT-demo/CMakeLists.txt
Shared simulation host (MSVC)	Build shared gameplay tests	2026-10-01T11:13:37.1121548Z   DielectricMathTests.cpp
Shared simulation host (MSVC)	Build shared gameplay tests	2026-10-01T11:13:39.6049061Z   Building Custom Rule D:/a/The-Horde-RT-demo/The-Horde-RT-demo/CMakeLists.txt
Shared simulation host (MSVC)	Build shared gameplay tests	2026-10-01T11:13:39.6808513Z   horde_rt_combat_smoke.vcxproj -> D:\a\The-Horde-RT-demo\The-Horde-RT-demo\build\host-ci\Release\horde_rt_combat_smoke.exe
Shared simulation host (MSVC)	Build shared gameplay tests	2026-10-01T11:13:39.7073063Z   RtEvidencePublicationTests.cpp
Shared simulation host (MSVC)	Build shared gameplay tests	2026-10-01T11:13:40.5789913Z   horde_rt_dielectric_math_tests.vcxproj -> D:\a\The-Horde-RT-demo\The-Horde-RT-demo\build\host-ci\Release\horde_rt_dielectric_math_tests.exe
Shared simulation host (MSVC)	Build shared gameplay tests	2026-10-01T11:13:40.6469358Z   Building Custom Rule D:/a/The-Horde-RT-demo/The-Horde-RT-demo/CMakeLists.txt
Shared simulation host (MSVC)	Build shared gameplay tests	2026-10-01T11:13:40.6647117Z   horde_rt_desktop_controller_input_tests.vcxproj -> D:\a\The-Horde-RT-demo\The-Horde-RT-demo\build\host-ci\Release\horde_rt_desktop_controller_input_tests.exe
Shared simulation host (MSVC)	Build shared gameplay tests	2026-10-01T11:13:40.8092492Z   Building Custom Rule D:/a/The-Horde-RT-demo/The-Horde-RT-demo/CMakeLists.txt
Shared simulation host (MSVC)	Build shared gameplay tests	2026-10-01T11:13:40.8366312Z   Building Custom Rule D:/a/The-Horde-RT-demo/The-Horde-RT-demo/CMakeLists.txt
Shared simulation host (MSVC)	Build shared gameplay tests	2026-10-01T11:13:40.8634819Z   RtEvidencePublication.cpp
Shared simulation host (MSVC)	Build shared gameplay tests	2026-10-01T11:13:40.9198892Z   GitHubReleaseUpdaterTests.cpp
Shared simulation host (MSVC)	Build shared gameplay tests	2026-10-01T11:13:40.9415832Z   GpuTimestampMathTests.cpp
Shared simulation host (MSVC)	Build shared gameplay tests	2026-10-01T11:13:41.9912096Z   RtPerformanceEvidence.cpp
Shared simulation host (MSVC)	Build shared gameplay tests	2026-10-01T11:13:42.3703056Z   GitHubReleaseUpdater.cpp
Shared simulation host (MSVC)	Build shared gameplay tests	2026-10-01T11:13:42.9343822Z   horde_rt_gpu_timestamp_math_tests.vcxproj -> D:\a\The-Horde-RT-demo\The-Horde-RT-demo\build\host-ci\Release\horde_rt_gpu_timestamp_math_tests.exe
Shared simulation host (MSVC)	Build shared gameplay tests	2026-10-01T11:13:43.0200798Z   MusicDirector.cpp
Shared simulation host (MSVC)	Build shared gameplay tests	2026-10-01T11:13:43.6701447Z   Generating Code...
Shared simulation host (MSVC)	Build shared gameplay tests	2026-10-01T11:13:43.7249874Z   Generating Code...
Shared simulation host (MSVC)	Build shared gameplay tests	2026-10-01T11:13:46.7033033Z   horde_rt_github_release_updater_tests.vcxproj -> D:\a\The-Horde-RT-demo\The-Horde-RT-demo\build\host-ci\Release\horde_rt_github_release_updater_tests.exe
Shared simulation host (MSVC)	Build shared gameplay tests	2026-10-01T11:13:46.8201641Z   horde_rt_evidence_publication_tests.vcxproj -> D:\a\The-Horde-RT-demo\The-Horde-RT-demo\build\host-ci\Release\horde_rt_evidence_publication_tests.exe
Shared simulation host (MSVC)	Build shared gameplay tests	2026-10-01T11:13:46.8933415Z   Building Custom Rule D:/a/The-Horde-RT-demo/The-Horde-RT-demo/CMakeLists.txt
Shared simulation host (MSVC)	Build shared gameplay tests	2026-10-01T11:13:47.0092666Z   InputMailboxStress.cpp
Shared simulation host (MSVC)	Build shared gameplay tests	2026-10-01T11:13:47.3288803Z   Building Custom Rule D:/a/The-Horde-RT-demo/The-Horde-RT-demo/CMakeLists.txt
Shared simulation host (MSVC)	Build shared gameplay tests	2026-10-01T11:13:47.4189660Z   RtPerformanceEvidenceTests.cpp
Shared simulation host (MSVC)	Build shared gameplay tests	2026-10-01T11:13:47.4341675Z   MusicPcmStream.cpp
Shared simulation host (MSVC)	Build shared gameplay tests	2026-10-01T11:13:50.2972747Z   MusicPcmWave.cpp
Shared simulation host (MSVC)	Build shared gameplay tests	2026-10-01T11:13:50.5026744Z   horde_rt_input_mailbox_stress.vcxproj -> D:\a\The-Horde-RT-demo\The-Horde-RT-demo\build\host-ci\Release\horde_rt_input_mailbox_stress.exe
Shared simulation host (MSVC)	Build shared gameplay tests	2026-10-01T11:13:50.6474494Z   Building Custom Rule D:/a/The-Horde-RT-demo/The-Horde-RT-demo/CMakeLists.txt
Shared simulation host (MSVC)	Build shared gameplay tests	2026-10-01T11:13:50.7514395Z   RtPipelineBundleContractsTests.cpp
Shared simulation host (MSVC)	Build shared gameplay tests	2026-10-01T11:13:50.7521593Z   RtPerformanceEvidence.cpp
Shared simulation host (MSVC)	Build shared gameplay tests	2026-10-01T11:13:50.9049326Z   MusicPcmAssetBank.cpp
Shared simulation host (MSVC)	Build shared gameplay tests	2026-10-01T11:13:51.9092729Z   RtPipelineBundleContracts.cpp
Shared simulation host (MSVC)	Build shared gameplay tests	2026-10-01T11:13:52.2837411Z   Generating Code...
Shared simulation host (MSVC)	Build shared gameplay tests	2026-10-01T11:13:53.9865797Z   RtPipelineVariants.cpp
Shared simulation host (MSVC)	Build shared gameplay tests	2026-10-01T11:13:54.7237534Z   MusicPlaybackSession.cpp
Shared simulation host (MSVC)	Build shared gameplay tests	2026-10-01T11:13:55.3093192Z   RtPipelineVariantProvider.cpp
Shared simulation host (MSVC)	Build shared gameplay tests	2026-10-01T11:13:56.6764885Z   horde_rt_performance_evidence_tests.vcxproj -> D:\a\The-Horde-RT-demo\The-Horde-RT-demo\build\host-ci\Release\horde_rt_performance_evidence_tests.exe
Shared simulation host (MSVC)	Build shared gameplay tests	2026-10-01T11:13:56.7727858Z   Building Custom Rule D:/a/The-Horde-RT-demo/The-Horde-RT-demo/CMakeLists.txt
Shared simulation host (MSVC)	Build shared gameplay tests	2026-10-01T11:13:56.8790391Z   RtPipelineVariantProviderTests.cpp
Shared simulation host (MSVC)	Build shared gameplay tests	2026-10-01T11:13:57.0390421Z   Generating Code...
Shared simulation host (MSVC)	Build shared gameplay tests	2026-10-01T11:13:58.1333889Z   PlaytestReport.cpp
Shared simulation host (MSVC)	Build shared gameplay tests	2026-10-01T11:13:58.3809024Z   RtPipelineVariants.cpp
Shared simulation host (MSVC)	Build shared gameplay tests	2026-10-01T11:13:59.0786693Z   RtPipelineVariantProvider.cpp
Shared simulation host (MSVC)	Build shared gameplay tests	2026-10-01T11:13:59.1109778Z   horde_rt_pipeline_bundle_contracts_tests.vcxproj -> D:\a\The-Horde-RT-demo\The-Horde-RT-demo\build\host-ci\Release\horde_rt_pipeline_bundle_contracts_tests.exe
Shared simulation host (MSVC)	Build shared gameplay tests	2026-10-01T11:13:59.2324685Z   Building Custom Rule D:/a/The-Horde-RT-demo/The-Horde-RT-demo/CMakeLists.txt
Shared simulation host (MSVC)	Build shared gameplay tests	2026-10-01T11:13:59.3307385Z   GameSimulation.cpp
Shared simulation host (MSVC)	Build shared gameplay tests	2026-10-01T11:13:59.3505834Z   RtPipelineVariantsTests.cpp
Shared simulation host (MSVC)	Build shared gameplay tests	2026-10-01T11:14:00.4383391Z   RtPipelineVariants.cpp
Shared simulation host (MSVC)	Build shared gameplay tests	2026-10-01T11:14:00.8439764Z   Generating Code...
Shared simulation host (MSVC)	Build shared gameplay tests	2026-10-01T11:14:01.3116455Z   Generating Code...
Shared simulation host (MSVC)	Build shared gameplay tests	2026-10-01T11:14:01.8551912Z   horde_rt_pipeline_variant_provider_tests.vcxproj -> D:\a\The-Horde-RT-demo\The-Horde-RT-demo\build\host-ci\Release\horde_rt_pipeline_variant_provider_tests.exe
Shared simulation host (MSVC)	Build shared gameplay tests	2026-10-01T11:14:01.9857262Z   Building Custom Rule D:/a/The-Horde-RT-demo/The-Horde-RT-demo/CMakeLists.txt
Shared simulation host (MSVC)	Build shared gameplay tests	2026-10-01T11:14:02.0650470Z   horde_rt_pipeline_variants_tests.vcxproj -> D:\a\The-Horde-RT-demo\The-Horde-RT-demo\build\host-ci\Release\horde_rt_pipeline_variants_tests.exe
Shared simulation host (MSVC)	Build shared gameplay tests	2026-10-01T11:14:02.1072196Z   PlayerPrimitiveContractTests.cpp
Shared simulation host (MSVC)	Build shared gameplay tests	2026-10-01T11:14:02.2836697Z   Building Custom Rule D:/a/The-Horde-RT-demo/The-Horde-RT-demo/CMakeLists.txt
Shared simulation host (MSVC)	Build shared gameplay tests	2026-10-01T11:14:02.3823285Z   PlayerAnimationState.cpp
Shared simulation host (MSVC)	Build shared gameplay tests	2026-10-01T11:14:02.3927415Z   RtPipelineVariantFixture.cpp
Shared simulation host (MSVC)	Build shared gameplay tests	2026-10-01T11:14:04.6620407Z   horde_rt_player_primitive_contract_tests.vcxproj -> D:\a\The-Horde-RT-demo\The-Horde-RT-demo\build\host-ci\Release\horde_rt_player_primitive_contract_tests.exe
Shared simulation host (MSVC)	Build shared gameplay tests	2026-10-01T11:14:04.7977242Z   Building Custom Rule D:/a/The-Horde-RT-demo/The-Horde-RT-demo/CMakeLists.txt
Shared simulation host (MSVC)	Build shared gameplay tests	2026-10-01T11:14:04.9150869Z   RtPipelineVariantFixture.cpp
Shared simulation host (MSVC)	Build shared gameplay tests	2026-10-01T11:14:05.1311002Z   RtPipelineBundleContracts.cpp
Shared simulation host (MSVC)	Build shared gameplay tests	2026-10-01T11:14:05.1826207Z   PlayerIkTargets.cpp
Shared simulation host (MSVC)	Build shared gameplay tests	2026-10-01T11:14:05.9013544Z   FireEmitterState.cpp
Shared simulation host (MSVC)	Build shared gameplay tests	2026-10-01T11:14:06.5444160Z   RtPipelineVariants.cpp
Shared simulation host (MSVC)	Build shared gameplay tests	2026-10-01T11:14:06.5938242Z   InteractionState.cpp
Shared simulation host (MSVC)	Build shared gameplay tests	2026-10-01T11:14:07.1903174Z   ChestRewardSequence.cpp
Shared simulation host (MSVC)	Build shared gameplay tests	2026-10-01T11:14:07.3720935Z   Generating Code...
Shared simulation host (MSVC)	Build shared gameplay tests	2026-10-01T11:14:07.5403291Z   RtPipelineBundleContracts.cpp
Shared simulation host (MSVC)	Build shared gameplay tests	2026-10-01T11:14:08.2319772Z   FinaleSequence.cpp
Shared simulation host (MSVC)	Build shared gameplay tests	2026-10-01T11:14:09.1314154Z   LanternPendulum.cpp
Shared simulation host (MSVC)	Build shared gameplay tests	2026-10-01T11:14:09.3087019Z   horde_rt_provider_diagnostic_high_fixture.vcxproj -> D:\a\The-Horde-RT-demo\The-Horde-RT-demo\build\host-ci\Release\horde_rt_provider_diagnostic_high_fixture.exe
Shared simulation host (MSVC)	Build shared gameplay tests	2026-10-01T11:14:09.4275442Z   RtPipelineVariants.cpp
Shared simulation host (MSVC)	Build shared gameplay tests	2026-10-01T11:14:09.4784933Z   Building Custom Rule D:/a/The-Horde-RT-demo/The-Horde-RT-demo/CMakeLists.txt
Shared simulation host (MSVC)	Build shared gameplay tests	2026-10-01T11:14:09.5806734Z   RtPipelineVariantFixture.cpp
Shared simulation host (MSVC)	Build shared gameplay tests	2026-10-01T11:14:09.8067115Z   HeldItemState.cpp
Shared simulation host (MSVC)	Build shared gameplay tests	2026-10-01T11:14:10.1801924Z   HeldItemKinematics.cpp
Shared simulation host (MSVC)	Build shared gameplay tests	2026-10-01T11:14:10.2064381Z   Generating Code...
Shared simulation host (MSVC)	Build shared gameplay tests	2026-10-01T11:14:12.1969046Z   horde_rt_provider_diagnostic_mobile_fixture.vcxproj -> D:\a\The-Horde-RT-demo\The-Horde-RT-demo\build\host-ci\Release\horde_rt_provider_diagnostic_mobile_fixture.exe
Shared simulation host (MSVC)	Build shared gameplay tests	2026-10-01T11:14:12.3048729Z   Building Custom Rule D:/a/The-Horde-RT-demo/The-Horde-RT-demo/CMakeLists.txt
Shared simulation host (MSVC)	Build shared gameplay tests	2026-10-01T11:14:12.4054457Z   RayTracingRequirementsTests.cpp
Shared simulation host (MSVC)	Build shared gameplay tests	2026-10-01T11:14:12.7511060Z   RtPipelineBundleContracts.cpp
Shared simulation host (MSVC)	Build shared gameplay tests	2026-10-01T11:14:13.3786209Z   HeldLightState.cpp
Shared simulation host (MSVC)	Build shared gameplay tests	2026-10-01T11:14:13.5071095Z   RayTracingRequirements.cpp
Shared simulation host (MSVC)	Build shared gameplay tests	2026-10-01T11:14:14.3264750Z   RtPipelineVariants.cpp
Shared simulation host (MSVC)	Build shared gameplay tests	2026-10-01T11:14:14.3532670Z   Generating Code...
Shared simulation host (MSVC)	Build shared gameplay tests	2026-10-01T11:14:15.3166727Z   Generating Code...
Shared simulation host (MSVC)	Build shared gameplay tests	2026-10-01T11:14:15.4241609Z   horde_rt_ray_tracing_requirements_tests.vcxproj -> D:\a\The-Horde-RT-demo\The-Horde-RT-demo\build\host-ci\Release\horde_rt_ray_tracing_requirements_tests.exe
Shared simulation host (MSVC)	Build shared gameplay tests	2026-10-01T11:14:15.4872277Z   Building Custom Rule D:/a/The-Horde-RT-demo/The-Horde-RT-demo/CMakeLists.txt
Shared simulation host (MSVC)	Build shared gameplay tests	2026-10-01T11:14:16.0763715Z   RtPipelineVariantFixture.cpp
Shared simulation host (MSVC)	Build shared gameplay tests	2026-10-01T11:14:16.6084887Z   Generating Code...
Shared simulation host (MSVC)	Build shared gameplay tests	2026-10-01T11:14:17.2086172Z   horde_rt_provider_shipping_high_fixture.vcxproj -> D:\a\The-Horde-RT-demo\The-Horde-RT-demo\build\host-ci\Release\horde_rt_provider_shipping_high_fixture.exe
Shared simulation host (MSVC)	Build shared gameplay tests	2026-10-01T11:14:17.3530511Z   Building Custom Rule D:/a/The-Horde-RT-demo/The-Horde-RT-demo/CMakeLists.txt
Shared simulation host (MSVC)	Build shared gameplay tests	2026-10-01T11:14:17.4789420Z   RtSceneAbiTests.cpp
Shared simulation host (MSVC)	Build shared gameplay tests	2026-10-01T11:14:19.4878547Z   RtPipelineBundleContracts.cpp
Shared simulation host (MSVC)	Build shared gameplay tests	2026-10-01T11:14:19.6319800Z   horde_gameplay_simulation.vcxproj -> D:\a\The-Horde-RT-demo\The-Horde-RT-demo\build\host-ci\Release\horde_gameplay_simulation.lib
Shared simulation host (MSVC)	Build shared gameplay tests	2026-10-01T11:14:19.7905306Z   Building Custom Rule D:/a/The-Horde-RT-demo/The-Horde-RT-demo/CMakeLists.txt
Shared simulation host (MSVC)	Build shared gameplay tests	2026-10-01T11:14:19.8829315Z   RtSceneRecordObservationTests.cpp
Shared simulation host (MSVC)	Build shared gameplay tests	2026-10-01T11:14:20.9152742Z   RtPipelineVariants.cpp
Shared simulation host (MSVC)	Build shared gameplay tests	2026-10-01T11:14:20.9347444Z   RtStaticMeshSlot.cpp
Shared simulation host (MSVC)	Build shared gameplay tests	2026-10-01T11:14:21.7146010Z   Generating Code...
Shared simulation host (MSVC)	Build shared gameplay tests	2026-10-01T11:14:22.3090552Z   RtPerformanceEvidence.cpp
Shared simulation host (MSVC)	Build shared gameplay tests	2026-10-01T11:14:23.7107985Z   horde_rt_provider_shipping_mobile_fixture.vcxproj -> D:\a\The-Horde-RT-demo\The-Horde-RT-demo\build\host-ci\Release\horde_rt_provider_shipping_mobile_fixture.exe
Shared simulation host (MSVC)	Build shared gameplay tests	2026-10-01T11:14:23.7924242Z   Building Custom Rule D:/a/The-Horde-RT-demo/The-Horde-RT-demo/CMakeLists.txt
Shared simulation host (MSVC)	Build shared gameplay tests	2026-10-01T11:14:23.8846753Z   Building Custom Rule D:/a/The-Horde-RT-demo/The-Horde-RT-demo/CMakeLists.txt
Shared simulation host (MSVC)	Build shared gameplay tests	2026-10-01T11:14:23.9898524Z   Building Custom Rule D:/a/The-Horde-RT-demo/The-Horde-RT-demo/CMakeLists.txt
Shared simulation host (MSVC)	Build shared gameplay tests	2026-10-01T11:14:24.0841174Z   Building Custom Rule D:/a/The-Horde-RT-demo/The-Horde-RT-demo/CMakeLists.txt
Shared simulation host (MSVC)	Build shared gameplay tests	2026-10-01T11:14:24.1810100Z   Building Custom Rule D:/a/The-Horde-RT-demo/The-Horde-RT-demo/CMakeLists.txt
Shared simulation host (MSVC)	Build shared gameplay tests	2026-10-01T11:14:24.2783237Z   Building Custom Rule D:/a/The-Horde-RT-demo/The-Horde-RT-demo/CMakeLists.txt
Shared simulation host (MSVC)	Build shared gameplay tests	2026-10-01T11:14:24.3764887Z   Building Custom Rule D:/a/The-Horde-RT-demo/The-Horde-RT-demo/CMakeLists.txt
Shared simulation host (MSVC)	Build shared gameplay tests	2026-10-01T11:14:24.4106963Z   Generating Code...
Shared simulation host (MSVC)	Build shared gameplay tests	2026-10-01T11:14:24.6392877Z   Building Custom Rule D:/a/The-Horde-RT-demo/The-Horde-RT-demo/CMakeLists.txt
Shared simulation host (MSVC)	Build shared gameplay tests	2026-10-01T11:14:24.8889656Z   RtTextureArrays.cpp
Shared simulation host (MSVC)	Build shared gameplay tests	2026-10-01T11:14:25.1999997Z   Building Custom Rule D:/a/The-Horde-RT-demo/The-Horde-RT-demo/CMakeLists.txt
Shared simulation host (MSVC)	Build shared gameplay tests	2026-10-01T11:14:25.3072941Z   Building Custom Rule D:/a/The-Horde-RT-demo/The-Horde-RT-demo/CMakeLists.txt
Shared simulation host (MSVC)	Build shared gameplay tests	2026-10-01T11:14:25.4716129Z   Building Custom Rule D:/a/The-Horde-RT-demo/The-Horde-RT-demo/CMakeLists.txt
Shared simulation host (MSVC)	Build shared gameplay tests	2026-10-01T11:14:25.5840252Z   Building Custom Rule D:/a/The-Horde-RT-demo/The-Horde-RT-demo/CMakeLists.txt
Shared simulation host (MSVC)	Build shared gameplay tests	2026-10-01T11:14:25.6812300Z   Building Custom Rule D:/a/The-Horde-RT-demo/The-Horde-RT-demo/CMakeLists.txt
Shared simulation host (MSVC)	Build shared gameplay tests	2026-10-01T11:14:25.7787669Z   Building Custom Rule D:/a/The-Horde-RT-demo/The-Horde-RT-demo/CMakeLists.txt
Shared simulation host (MSVC)	Build shared gameplay tests	2026-10-01T11:14:25.8810560Z   Building Custom Rule D:/a/The-Horde-RT-demo/The-Horde-RT-demo/CMakeLists.txt
Shared simulation host (MSVC)	Build shared gameplay tests	2026-10-01T11:14:25.9067394Z   Generating Code...
Shared simulation host (MSVC)	Build shared gameplay tests	2026-10-01T11:14:25.9958200Z   Building Custom Rule D:/a/The-Horde-RT-demo/The-Horde-RT-demo/CMakeLists.txt
Shared simulation host (MSVC)	Build shared gameplay tests	2026-10-01T11:14:26.2071775Z   horde_rt_scene_record_observation_tests.vcxproj -> D:\a\The-Horde-RT-demo\The-Horde-RT-demo\build\host-ci\Release\horde_rt_scene_record_observation_tests.exe
Shared simulation host (MSVC)	Build shared gameplay tests	2026-10-01T11:14:26.5267405Z   Building Custom Rule D:/a/The-Horde-RT-demo/The-Horde-RT-demo/CMakeLists.txt
Shared simulation host (MSVC)	Build shared gameplay tests	2026-10-01T11:14:26.9033471Z   Building Custom Rule D:/a/The-Horde-RT-demo/The-Horde-RT-demo/CMakeLists.txt
Shared simulation host (MSVC)	Build shared gameplay tests	2026-10-01T11:14:26.9237151Z   ProductionPropAssetTests.cpp
Shared simulation host (MSVC)	Build shared gameplay tests	2026-10-01T11:14:27.0116735Z   ShowcaseRouteSmoke.cpp
Shared simulation host (MSVC)	Build shared gameplay tests	2026-10-01T11:14:28.9892970Z   ShowcaseGameplaySmoke.cpp
Shared simulation host (MSVC)	Build shared gameplay tests	2026-10-01T11:14:29.0512463Z   PlayerAnimationTests.cpp
Shared simulation host (MSVC)	Build shared gameplay tests	2026-10-01T11:14:30.7415126Z   AssetManifest.cpp
Shared simulation host (MSVC)	Build shared gameplay tests	2026-10-01T11:14:31.9584639Z   RtPerformanceEvidence.cpp
Shared simulation host (MSVC)	Build shared gameplay tests	2026-10-01T11:14:31.9718816Z   horde_rt_showcase_gameplay_smoke.vcxproj -> D:\a\The-Horde-RT-demo\The-Horde-RT-demo\build\host-ci\Release\horde_rt_showcase_gameplay_smoke.exe
Shared simulation host (MSVC)	Build shared gameplay tests	2026-10-01T11:14:32.0349474Z   MusicPcmWaveTests.cpp
Shared simulation host (MSVC)	Build shared gameplay tests	2026-10-01T11:14:33.5622499Z   AssetValidation.cpp
Shared simulation host (MSVC)	Build shared gameplay tests	2026-10-01T11:14:33.6257446Z   SkinnedMeshAsset.cpp
Shared simulation host (MSVC)	Build shared gameplay tests	2026-10-01T11:14:34.3503841Z   Generating Code...
Shared simulation host (MSVC)	Build shared gameplay tests	2026-10-01T11:14:38.2340341Z   horde_rt_music_pcm_wave_tests.vcxproj -> D:\a\The-Horde-RT-demo\The-Horde-RT-demo\build\host-ci\Release\horde_rt_music_pcm_wave_tests.exe
Shared simulation host (MSVC)	Build shared gameplay tests	2026-10-01T11:14:38.4336712Z   LanternRewardTests.cpp
Shared simulation host (MSVC)	Build shared gameplay tests	2026-10-01T11:14:38.8047099Z   PlayerRenderSlot.cpp
Shared simulation host (MSVC)	Build shared gameplay tests	2026-10-01T11:14:40.7450803Z   LanternPendulumTests.cpp
Shared simulation host (MSVC)	Build shared gameplay tests	2026-10-01T11:14:41.7209203Z   Generating Code...
Shared simulation host (MSVC)	Build shared gameplay tests	2026-10-01T11:14:42.5634768Z   horde_rt_lantern_reward_tests.vcxproj -> D:\a\The-Horde-RT-demo\The-Horde-RT-demo\build\host-ci\Release\horde_rt_lantern_reward_tests.exe
Shared simulation host (MSVC)	Build shared gameplay tests	2026-10-01T11:14:42.6891393Z   LanternBenchmarkTests.cpp
Shared simulation host (MSVC)	Build shared gameplay tests	2026-10-01T11:14:45.3730747Z   horde_rt_lantern_pendulum_tests.vcxproj -> D:\a\The-Horde-RT-demo\The-Horde-RT-demo\build\host-ci\Release\horde_rt_lantern_pendulum_tests.exe
Shared simulation host (MSVC)	Build shared gameplay tests	2026-10-01T11:14:45.4416611Z   FireEmitterTests.cpp
Shared simulation host (MSVC)	Build shared gameplay tests	2026-10-01T11:14:46.6722089Z   ShowcaseBenchmark.cpp
Shared simulation host (MSVC)	Build shared gameplay tests	2026-10-01T11:14:48.4062975Z   RtBenchmarkEvidenceReport.cpp
Shared simulation host (MSVC)	Build shared gameplay tests	2026-10-01T11:14:48.7451327Z   FireEmitterBuffer.cpp
Shared simulation host (MSVC)	Build shared gameplay tests	2026-10-01T11:14:49.0840472Z   horde_rt_player_animation_tests.vcxproj -> D:\a\The-Horde-RT-demo\The-Horde-RT-demo\build\host-ci\Release\horde_rt_player_animation_tests.exe
Shared simulation host (MSVC)	Build shared gameplay tests	2026-10-01T11:14:49.1596624Z   RtBenchmarkEvidenceReportTests.cpp
Shared simulation host (MSVC)	Build shared gameplay tests	2026-10-01T11:14:49.7993851Z   Generating Code...
Shared simulation host (MSVC)	Build shared gameplay tests	2026-10-01T11:14:50.0519568Z   RtBenchmarkEvidenceRun.cpp
Shared simulation host (MSVC)	Build shared gameplay tests	2026-10-01T11:14:50.8205657Z   ShowcaseBenchmark.cpp
Shared simulation host (MSVC)	Build shared gameplay tests	2026-10-01T11:14:50.9113202Z   horde_rt_fire_emitter_tests.vcxproj -> D:\a\The-Horde-RT-demo\The-Horde-RT-demo\build\host-ci\Release\horde_rt_fire_emitter_tests.exe
Shared simulation host (MSVC)	Build shared gameplay tests	2026-10-01T11:14:51.1341804Z   horde_rt_showcase_route_smoke.vcxproj -> D:\a\The-Horde-RT-demo\The-Horde-RT-demo\build\host-ci\Release\horde_rt_showcase_route_smoke.exe
Shared simulation host (MSVC)	Build shared gameplay tests	2026-10-01T11:14:51.2828414Z   RtPerformanceEvidence.cpp
Shared simulation host (MSVC)	Build shared gameplay tests	2026-10-01T11:14:51.4100938Z   horde_rt_scene_abi_tests.vcxproj -> D:\a\The-Horde-RT-demo\The-Horde-RT-demo\build\host-ci\Release\horde_rt_scene_abi_tests.exe
Shared simulation host (MSVC)	Build shared gameplay tests	2026-10-01T11:14:51.5004964Z   PlaytestReportTests.cpp
Shared simulation host (MSVC)	Build shared gameplay tests	2026-10-01T11:14:52.3630302Z   RtBenchmarkEvidenceReport.cpp
Shared simulation host (MSVC)	Build shared gameplay tests	2026-10-01T11:14:53.2137795Z   Generating Code...
Shared simulation host (MSVC)	Build shared gameplay tests	2026-10-01T11:14:53.6699852Z   horde_rt_playtest_report_tests.vcxproj -> D:\a\The-Horde-RT-demo\The-Horde-RT-demo\build\host-ci\Release\horde_rt_playtest_report_tests.exe
Shared simulation host (MSVC)	Build shared gameplay tests	2026-10-01T11:14:54.0551804Z   MusicPlaybackSessionTests.cpp
Shared simulation host (MSVC)	Build shared gameplay tests	2026-10-01T11:14:54.6674827Z   RtBenchmarkEvidenceRun.cpp
Shared simulation host (MSVC)	Build shared gameplay tests	2026-10-01T11:14:56.5350294Z   RtPerformanceEvidence.cpp
Shared simulation host (MSVC)	Build shared gameplay tests	2026-10-01T11:14:57.0626786Z   horde_rt_lantern_benchmark_tests.vcxproj -> D:\a\The-Horde-RT-demo\The-Horde-RT-demo\build\host-ci\Release\horde_rt_lantern_benchmark_tests.exe
Shared simulation host (MSVC)	Build shared gameplay tests	2026-10-01T11:14:57.1318630Z   MusicPcmStreamTests.cpp
Shared simulation host (MSVC)	Build shared gameplay tests	2026-10-01T11:14:58.2593514Z   Generating Code...
Shared simulation host (MSVC)	Build shared gameplay tests	2026-10-01T11:14:58.9888493Z   horde_rt_music_playback_session_tests.vcxproj -> D:\a\The-Horde-RT-demo\The-Horde-RT-demo\build\host-ci\Release\horde_rt_music_playback_session_tests.exe
Shared simulation host (MSVC)	Build shared gameplay tests	2026-10-01T11:14:59.1382015Z   MusicPcmAssetBankTests.cpp
Shared simulation host (MSVC)	Build shared gameplay tests	2026-10-01T11:15:02.3015486Z   horde_rt_music_pcm_stream_tests.vcxproj -> D:\a\The-Horde-RT-demo\The-Horde-RT-demo\build\host-ci\Release\horde_rt_music_pcm_stream_tests.exe
Shared simulation host (MSVC)	Build shared gameplay tests	2026-10-01T11:15:02.4066217Z   MusicDirectorTests.cpp
Shared simulation host (MSVC)	Build shared gameplay tests	2026-10-01T11:15:03.5049219Z   horde_rt_benchmark_evidence_report_tests.vcxproj -> D:\a\The-Horde-RT-demo\The-Horde-RT-demo\build\host-ci\Release\horde_rt_benchmark_evidence_report_tests.exe
Shared simulation host (MSVC)	Build shared gameplay tests	2026-10-01T11:15:03.6705466Z   HeldItemSocketTests.cpp
Shared simulation host (MSVC)	Build shared gameplay tests	2026-10-01T11:15:04.0332093Z   horde_rt_music_pcm_asset_bank_tests.vcxproj -> D:\a\The-Horde-RT-demo\The-Horde-RT-demo\build\host-ci\Release\horde_rt_music_pcm_asset_bank_tests.exe
Shared simulation host (MSVC)	Build shared gameplay tests	2026-10-01T11:15:04.1142757Z   DevelopmentStaticAssetTests.cpp
Shared simulation host (MSVC)	Build shared gameplay tests	2026-10-01T11:15:06.2576906Z   horde_rt_music_director_tests.vcxproj -> D:\a\The-Horde-RT-demo\The-Horde-RT-demo\build\host-ci\Release\horde_rt_music_director_tests.exe
Shared simulation host (MSVC)	Build shared gameplay tests	2026-10-01T11:15:06.6522521Z   AssetManifest.cpp
Shared simulation host (MSVC)	Build shared gameplay tests	2026-10-01T11:15:07.5160426Z   RtBenchmarkEvidenceRunTests.cpp
Shared simulation host (MSVC)	Build shared gameplay tests	2026-10-01T11:15:08.7794697Z   horde_rt_development_static_asset_tests.vcxproj -> D:\a\The-Horde-RT-demo\The-Horde-RT-demo\build\host-ci\Release\horde_rt_development_static_asset_tests.exe
Shared simulation host (MSVC)	Build shared gameplay tests	2026-10-01T11:15:08.8750856Z   GltfDocument.cpp
Shared simulation host (MSVC)	Build shared gameplay tests	2026-10-01T11:15:09.0497170Z   RtBenchmarkEvidenceRun.cpp
Shared simulation host (MSVC)	Build shared gameplay tests	2026-10-01T11:15:09.7323091Z   AssetValidation.cpp
Shared simulation host (MSVC)	Build shared gameplay tests	2026-10-01T11:15:10.2727212Z   RtBenchmarkEvidenceReport.cpp
Shared simulation host (MSVC)	Build shared gameplay tests	2026-10-01T11:15:10.4261946Z   HeldItemRenderSlot.cpp
Shared simulation host (MSVC)	Build shared gameplay tests	2026-10-01T11:15:10.7952984Z   RtStaticMeshSlot.cpp
Shared simulation host (MSVC)	Build shared gameplay tests	2026-10-01T11:15:11.4411222Z   StaticMeshAsset.cpp
Shared simulation host (MSVC)	Build shared gameplay tests	2026-10-01T11:15:11.8966694Z   RtPerformanceEvidence.cpp
Shared simulation host (MSVC)	Build shared gameplay tests	2026-10-01T11:15:13.3895198Z   ShowcaseBenchmark.cpp
Shared simulation host (MSVC)	Build shared gameplay tests	2026-10-01T11:15:14.1391998Z   Generating Code...
Shared simulation host (MSVC)	Build shared gameplay tests	2026-10-01T11:15:15.4537677Z   Generating Code...
Shared simulation host (MSVC)	Build shared gameplay tests	2026-10-01T11:15:15.6484086Z   Generating Code...
Shared simulation host (MSVC)	Build shared gameplay tests	2026-10-01T11:15:22.4287998Z   horde_rt_benchmark_evidence_run_tests.vcxproj -> D:\a\The-Horde-RT-demo\The-Horde-RT-demo\build\host-ci\Release\horde_rt_benchmark_evidence_run_tests.exe
Shared simulation host (MSVC)	Build shared gameplay tests	2026-10-01T11:15:22.5270503Z   GltfDocument.cpp
Shared simulation host (MSVC)	Build shared gameplay tests	2026-10-01T11:15:22.5347125Z   Building Custom Rule D:/a/The-Horde-RT-demo/The-Horde-RT-demo/CMakeLists.txt
Shared simulation host (MSVC)	Build shared gameplay tests	2026-10-01T11:15:22.6399430Z   SimulationGameplayTests.cpp
Shared simulation host (MSVC)	Build shared gameplay tests	2026-10-01T11:15:24.9198916Z   horde_rt_production_prop_asset_tests.vcxproj -> D:\a\The-Horde-RT-demo\The-Horde-RT-demo\build\host-ci\Release\horde_rt_production_prop_asset_tests.exe
Shared simulation host (MSVC)	Build shared gameplay tests	2026-10-01T11:15:25.1172103Z   Building Custom Rule D:/a/The-Horde-RT-demo/The-Horde-RT-demo/CMakeLists.txt
Shared simulation host (MSVC)	Build shared gameplay tests	2026-10-01T11:15:25.2260063Z   SimulationTimingTests.cpp
Shared simulation host (MSVC)	Build shared gameplay tests	2026-10-01T11:15:26.0760763Z   StaticMeshAsset.cpp
Shared simulation host (MSVC)	Build shared gameplay tests	2026-10-01T11:15:29.7716520Z   horde_rt_simulation_gameplay_tests.vcxproj -> D:\a\The-Horde-RT-demo\The-Horde-RT-demo\build\host-ci\Release\horde_rt_simulation_gameplay_tests.exe
Shared simulation host (MSVC)	Build shared gameplay tests	2026-10-01T11:15:29.7934615Z   horde_rt_simulation_timing_tests.vcxproj -> D:\a\The-Horde-RT-demo\The-Horde-RT-demo\build\host-ci\Release\horde_rt_simulation_timing_tests.exe
Shared simulation host (MSVC)	Build shared gameplay tests	2026-10-01T11:15:29.9217802Z   Building Custom Rule D:/a/The-Horde-RT-demo/The-Horde-RT-demo/CMakeLists.txt
Shared simulation host (MSVC)	Build shared gameplay tests	2026-10-01T11:15:29.9433633Z   Building Custom Rule D:/a/The-Horde-RT-demo/The-Horde-RT-demo/CMakeLists.txt
Shared simulation host (MSVC)	Build shared gameplay tests	2026-10-01T11:15:30.0425172Z   SpatialAudioSmoke.cpp
Shared simulation host (MSVC)	Build shared gameplay tests	2026-10-01T11:15:30.0626588Z   StagedPrimaryContractTests.cpp
Shared simulation host (MSVC)	Build shared gameplay tests	2026-10-01T11:15:30.8172626Z   Generating Code...
Shared simulation host (MSVC)	Build shared gameplay tests	2026-10-01T11:15:33.8889307Z   horde_rt_staged_primary_contract_tests.vcxproj -> D:\a\The-Horde-RT-demo\The-Horde-RT-demo\build\host-ci\Release\horde_rt_staged_primary_contract_tests.exe
Shared simulation host (MSVC)	Build shared gameplay tests	2026-10-01T11:15:34.0354822Z   Building Custom Rule D:/a/The-Horde-RT-demo/The-Horde-RT-demo/CMakeLists.txt
Shared simulation host (MSVC)	Build shared gameplay tests	2026-10-01T11:15:34.1549519Z   StaticGltfAssetTests.cpp
Shared simulation host (MSVC)	Build shared gameplay tests	2026-10-01T11:15:37.5838980Z   horde_rt_spatial_audio_smoke.vcxproj -> D:\a\The-Horde-RT-demo\The-Horde-RT-demo\build\host-ci\Release\horde_rt_spatial_audio_smoke.exe
Shared simulation host (MSVC)	Build shared gameplay tests	2026-10-01T11:15:37.7324796Z   Building Custom Rule D:/a/The-Horde-RT-demo/The-Horde-RT-demo/CMakeLists.txt
Shared simulation host (MSVC)	Build shared gameplay tests	2026-10-01T11:15:37.8370934Z   VersionContractIncrementalConfigureTests.cpp
Shared simulation host (MSVC)	Build shared gameplay tests	2026-10-01T11:15:38.4552603Z   horde_rt_held_item_socket_tests.vcxproj -> D:\a\The-Horde-RT-demo\The-Horde-RT-demo\build\host-ci\Release\horde_rt_held_item_socket_tests.exe
Shared simulation host (MSVC)	Build shared gameplay tests	2026-10-01T11:15:38.6085482Z   Building Custom Rule D:/a/The-Horde-RT-demo/The-Horde-RT-demo/CMakeLists.txt
Shared simulation host (MSVC)	Build shared gameplay tests	2026-10-01T11:15:38.7368367Z   VersionContractTests.cpp
Shared simulation host (MSVC)	Build shared gameplay tests	2026-10-01T11:15:39.4608120Z   AssetManifest.cpp
Shared simulation host (MSVC)	Build shared gameplay tests	2026-10-01T11:15:43.7375085Z   AssetValidation.cpp
Shared simulation host (MSVC)	Build shared gameplay tests	2026-10-01T11:15:45.2999424Z   horde_rt_version_contract_incremental_configure_tests.vcxproj -> D:\a\The-Horde-RT-demo\The-Horde-RT-demo\build\host-ci\Release\horde_rt_version_contract_incremental_configure_tests.exe
Shared simulation host (MSVC)	Build shared gameplay tests	2026-10-01T11:15:46.8024995Z   RtStaticMeshSlot.cpp
Shared simulation host (MSVC)	Build shared gameplay tests	2026-10-01T11:15:47.7636699Z   Building Custom Rule D:/a/The-Horde-RT-demo/The-Horde-RT-demo/CMakeLists.txt
Shared simulation host (MSVC)	Build shared gameplay tests	2026-10-01T11:15:47.8949263Z   WindowsBenchmarkLaunchTests.cpp
Shared simulation host (MSVC)	Build shared gameplay tests	2026-10-01T11:15:48.4476607Z   horde_rt_version_contract_tests.vcxproj -> D:\a\The-Horde-RT-demo\The-Horde-RT-demo\build\host-ci\Release\horde_rt_version_contract_tests.exe
Shared simulation host (MSVC)	Build shared gameplay tests	2026-10-01T11:15:48.6369683Z   Building Custom Rule D:/a/The-Horde-RT-demo/The-Horde-RT-demo/CMakeLists.txt
Shared simulation host (MSVC)	Build shared gameplay tests	2026-10-01T11:15:48.7473247Z   WindowsMusicPlayback.cpp
Shared simulation host (MSVC)	Build shared gameplay tests	2026-10-01T11:15:49.7415503Z   Generating Code...
Shared simulation host (MSVC)	Build shared gameplay tests	2026-10-01T11:15:50.1973359Z   horde_rt_windows_benchmark_launch_tests.vcxproj -> D:\a\The-Horde-RT-demo\The-Horde-RT-demo\build\host-ci\Release\horde_rt_windows_benchmark_launch_tests.exe
Shared simulation host (MSVC)	Build shared gameplay tests	2026-10-01T11:15:51.0286756Z   Building Custom Rule D:/a/The-Horde-RT-demo/The-Horde-RT-demo/CMakeLists.txt
Shared simulation host (MSVC)	Build shared gameplay tests	2026-10-01T11:15:51.1833352Z   WindowsPlaytestReportUiTests.cpp
Shared simulation host (MSVC)	Build shared gameplay tests	2026-10-01T11:15:56.1022405Z   WindowsPlaytestReport.cpp
Shared simulation host (MSVC)	Build shared gameplay tests	2026-10-01T11:15:56.6483275Z   horde_windows_music.vcxproj -> D:\a\The-Horde-RT-demo\The-Horde-RT-demo\build\host-ci\Release\horde_windows_music.lib
Shared simulation host (MSVC)	Build shared gameplay tests	2026-10-01T11:15:57.7220746Z   Building Custom Rule D:/a/The-Horde-RT-demo/The-Horde-RT-demo/CMakeLists.txt
Shared simulation host (MSVC)	Build shared gameplay tests	2026-10-01T11:15:59.2125388Z   WindowsMusicPlaybackSmoke.cpp
Shared simulation host (MSVC)	Build shared gameplay tests	2026-10-01T11:15:59.8901500Z   Generating Code...
Shared simulation host (MSVC)	Build shared gameplay tests	2026-10-01T11:16:00.5399638Z   GltfDocument.cpp
Shared simulation host (MSVC)	Build shared gameplay tests	2026-10-01T11:16:01.5973750Z   horde_rt_windows_playtest_report_ui_tests.vcxproj -> D:\a\The-Horde-RT-demo\The-Horde-RT-demo\build\host-ci\Release\horde_rt_windows_playtest_report_ui_tests.exe
Shared simulation host (MSVC)	Build shared gameplay tests	2026-10-01T11:16:01.7023969Z   Building Custom Rule D:/a/The-Horde-RT-demo/The-Horde-RT-demo/third_party/pocket-audio-core/native/CMakeLists.txt
Shared simulation host (MSVC)	Build shared gameplay tests	2026-10-01T11:16:01.7993821Z   PcmNativeTests.cpp
Shared simulation host (MSVC)	Build shared gameplay tests	2026-10-01T11:16:03.8027891Z   StaticMeshAsset.cpp
Shared simulation host (MSVC)	Build shared gameplay tests	2026-10-01T11:16:03.9563584Z   horde_rt_windows_music_playback_smoke.vcxproj -> D:\a\The-Horde-RT-demo\The-Horde-RT-demo\build\host-ci\Release\horde_rt_windows_music_playback_smoke.exe
Shared simulation host (MSVC)	Build shared gameplay tests	2026-10-01T11:16:04.8597623Z   pocket_audio_native_pcm_tests.vcxproj -> D:\a\The-Horde-RT-demo\The-Horde-RT-demo\build\host-ci\pocket-audio-core-native\Release\pocket_audio_native_pcm_tests.exe
Shared simulation host (MSVC)	Build shared gameplay tests	2026-10-01T11:16:06.7039144Z   Generating Code...
Shared simulation host (MSVC)	Build shared gameplay tests	2026-10-01T11:16:11.0020255Z   horde_rt_static_gltf_asset_tests.vcxproj -> D:\a\The-Horde-RT-demo\The-Horde-RT-demo\build\host-ci\Release\horde_rt_static_gltf_asset_tests.exe
Shared simulation host (MSVC)	Build shared gameplay tests	2026-10-01T11:16:11.1146492Z   Building Custom Rule D:/a/The-Horde-RT-demo/The-Horde-RT-demo/CMakeLists.txt
Shared simulation host (MSVC)	Run shared gameplay tests	﻿2026-10-01T11:16:11.3903344Z ##[group]Run ctest --test-dir build/host-ci --build-config Release --output-on-failure --no-tests=error -E '^(horde_rt_scene_abi_generator_tests|horde_rt_raygen_compiler_strategy_tests|horde_rt_raygen_variant_manifest_tests|horde_rt_raygen_variant_artifact_tests|horde_rt_rayquery_compute_shader_tests|horde_rt_pipeline_policy_fence_tests|horde_rt_pipeline_policy_execution_tests|horde_rt_static_texture_array_tool_tests|horde_rt_static_preparation_lod_policy_tests|horde_rt_static_preparation_skip_policy_tests|horde_rt_static_preparation_colliding_lod_policy_tests|horde_rt_dielectric_topology_tool_tests|horde_rt_version_contract_powershell_tests|horde_rt_github_release_preflight_tests|horde_rt_version_contract_windows_powershell_tests)$'
Shared simulation host (MSVC)	Run shared gameplay tests	2026-10-01T11:16:11.3908815Z ^[[36;1mctest --test-dir build/host-ci --build-config Release --output-on-failure --no-tests=error -E '^(horde_rt_scene_abi_generator_tests|horde_rt_raygen_compiler_strategy_tests|horde_rt_raygen_variant_manifest_tests|horde_rt_raygen_variant_artifact_tests|horde_rt_rayquery_compute_shader_tests|horde_rt_pipeline_policy_fence_tests|horde_rt_pipeline_policy_execution_tests|horde_rt_static_texture_array_tool_tests|horde_rt_static_preparation_lod_policy_tests|horde_rt_static_preparation_skip_policy_tests|horde_rt_static_preparation_colliding_lod_policy_tests|horde_rt_dielectric_topology_tool_tests|horde_rt_version_contract_powershell_tests|horde_rt_github_release_preflight_tests|horde_rt_version_contract_windows_powershell_tests)$'^[[0m
Shared simulation host (MSVC)	Run shared gameplay tests	2026-10-01T11:16:11.3981711Z shell: C:\Program Files\PowerShell\7\pwsh.EXE -command ". '{0}'"
Shared simulation host (MSVC)	Run shared gameplay tests	2026-10-01T11:16:11.3982081Z ##[endgroup]
Shared simulation host (MSVC)	Run shared gameplay tests	2026-10-01T11:16:12.3381875Z Test project D:/a/The-Horde-RT-demo/The-Horde-RT-demo/build/host-ci
Shared simulation host (MSVC)	Run shared gameplay tests	2026-10-01T11:16:12.4175203Z       Start  1: horde_rt_player_primitive_contract_tests
Shared simulation host (MSVC)	Run shared gameplay tests	2026-10-01T11:16:12.4334414Z  1/57 Test  #1: horde_rt_player_primitive_contract_tests ................   Passed    0.01 sec
Shared simulation host (MSVC)	Run shared gameplay tests	2026-10-01T11:16:12.4388454Z       Start  2: horde_rt_raygen_artifact_ownership_tests
Shared simulation host (MSVC)	Run shared gameplay tests	2026-10-01T11:16:13.0949407Z  2/57 Test  #2: horde_rt_raygen_artifact_ownership_tests ................   Passed    0.66 sec
Shared simulation host (MSVC)	Run shared gameplay tests	2026-10-01T11:16:13.0955439Z       Start  3: horde_rt_player_manifest_agreement_tests
Shared simulation host (MSVC)	Run shared gameplay tests	2026-10-01T11:16:13.6423488Z  3/57 Test  #3: horde_rt_player_manifest_agreement_tests ................   Passed    0.55 sec
Shared simulation host (MSVC)	Run shared gameplay tests	2026-10-01T11:16:13.6429840Z       Start  4: horde_rt_player_package_inventory_tests
Shared simulation host (MSVC)	Run shared gameplay tests	2026-10-01T11:16:14.2522802Z  4/57 Test  #4: horde_rt_player_package_inventory_tests .................   Passed    0.61 sec
Shared simulation host (MSVC)	Run shared gameplay tests	2026-10-01T11:16:14.2528658Z       Start  5: horde_rt_staged_primary_contract_tests
Shared simulation host (MSVC)	Run shared gameplay tests	2026-10-01T11:16:14.2633457Z  5/57 Test  #5: horde_rt_staged_primary_contract_tests ..................   Passed    0.01 sec
Shared simulation host (MSVC)	Run shared gameplay tests	2026-10-01T11:16:14.2637500Z       Start  6: horde_rt_lantern_benchmark_tests
Shared simulation host (MSVC)	Run shared gameplay tests	2026-10-01T11:16:14.2932850Z  6/57 Test  #6: horde_rt_lantern_benchmark_tests ........................   Passed    0.03 sec
Shared simulation host (MSVC)	Run shared gameplay tests	2026-10-01T11:16:14.2936772Z       Start  7: horde_rt_benchmark_evidence_report_tests
Shared simulation host (MSVC)	Run shared gameplay tests	2026-10-01T11:16:14.3091024Z  7/57 Test  #7: horde_rt_benchmark_evidence_report_tests ................   Passed    0.01 sec
Shared simulation host (MSVC)	Run shared gameplay tests	2026-10-01T11:16:14.3095239Z       Start  8: horde_rt_windows_benchmark_launch_tests
Shared simulation host (MSVC)	Run shared gameplay tests	2026-10-01T11:16:14.3194417Z  8/57 Test  #8: horde_rt_windows_benchmark_launch_tests .................   Passed    0.01 sec
Shared simulation host (MSVC)	Run shared gameplay tests	2026-10-01T11:16:14.3198382Z       Start  9: horde_rt_benchmark_evidence_run_tests
Shared simulation host (MSVC)	Run shared gameplay tests	2026-10-01T11:16:14.3347585Z  9/57 Test  #9: horde_rt_benchmark_evidence_run_tests ...................   Passed    0.01 sec
Shared simulation host (MSVC)	Run shared gameplay tests	2026-10-01T11:16:14.3351596Z       Start 10: horde_rt_evidence_publication_tests
Shared simulation host (MSVC)	Run shared gameplay tests	2026-10-01T11:16:14.3461035Z 10/57 Test #10: horde_rt_evidence_publication_tests .....................   Passed    0.01 sec
Shared simulation host (MSVC)	Run shared gameplay tests	2026-10-01T11:16:14.3465861Z       Start 11: horde_rt_ray_tracing_requirements_tests
Shared simulation host (MSVC)	Run shared gameplay tests	2026-10-01T11:16:14.3564578Z 11/57 Test #11: horde_rt_ray_tracing_requirements_tests .................   Passed    0.01 sec
Shared simulation host (MSVC)	Run shared gameplay tests	2026-10-01T11:16:14.3568489Z       Start 12: horde_rt_performance_evidence_tests
Shared simulation host (MSVC)	Run shared gameplay tests	2026-10-01T11:16:14.6752402Z 12/57 Test #12: horde_rt_performance_evidence_tests .....................   Passed    0.32 sec
Shared simulation host (MSVC)	Run shared gameplay tests	2026-10-01T11:16:14.6756902Z       Start 13: horde_rt_scene_record_observation_tests
Shared simulation host (MSVC)	Run shared gameplay tests	2026-10-01T11:16:14.6858783Z 13/57 Test #13: horde_rt_scene_record_observation_tests .................   Passed    0.01 sec
Shared simulation host (MSVC)	Run shared gameplay tests	2026-10-01T11:16:14.6862783Z       Start 14: horde_rt_pipeline_variants_tests
Shared simulation host (MSVC)	Run shared gameplay tests	2026-10-01T11:16:14.6958706Z 14/57 Test #14: horde_rt_pipeline_variants_tests ........................   Passed    0.01 sec
Shared simulation host (MSVC)	Run shared gameplay tests	2026-10-01T11:16:14.6962690Z       Start 15: horde_rt_pipeline_variant_provider_tests
Shared simulation host (MSVC)	Run shared gameplay tests	2026-10-01T11:16:14.7059562Z 15/57 Test #15: horde_rt_pipeline_variant_provider_tests ................   Passed    0.01 sec
Shared simulation host (MSVC)	Run shared gameplay tests	2026-10-01T11:16:14.7063511Z       Start 16: horde_rt_pipeline_bundle_contracts_tests
Shared simulation host (MSVC)	Run shared gameplay tests	2026-10-01T11:16:14.7355429Z 16/57 Test #16: horde_rt_pipeline_bundle_contracts_tests ................   Passed    0.03 sec
Shared simulation host (MSVC)	Run shared gameplay tests	2026-10-01T11:16:14.7359428Z       Start 17: horde_rt_provider_shipping_mobile_fixture
Shared simulation host (MSVC)	Run shared gameplay tests	2026-10-01T11:16:14.7507947Z 17/57 Test #17: horde_rt_provider_shipping_mobile_fixture ...............   Passed    0.01 sec
Shared simulation host (MSVC)	Run shared gameplay tests	2026-10-01T11:16:14.7512827Z       Start 18: horde_rt_provider_shipping_mobile_fixture_evidence
Shared simulation host (MSVC)	Run shared gameplay tests	2026-10-01T11:16:33.9760685Z 18/57 Test #18: horde_rt_provider_shipping_mobile_fixture_evidence ......   Passed   19.22 sec
Shared simulation host (MSVC)	Run shared gameplay tests	2026-10-01T11:16:33.9765507Z       Start 19: horde_rt_provider_shipping_high_fixture
Shared simulation host (MSVC)	Run shared gameplay tests	2026-10-01T11:16:33.9921362Z 19/57 Test #19: horde_rt_provider_shipping_high_fixture .................   Passed    0.02 sec
Shared simulation host (MSVC)	Run shared gameplay tests	2026-10-01T11:16:33.9925303Z       Start 20: horde_rt_provider_shipping_high_fixture_evidence
Shared simulation host (MSVC)	Run shared gameplay tests	2026-10-01T11:16:52.9153455Z 20/57 Test #20: horde_rt_provider_shipping_high_fixture_evidence ........   Passed   18.92 sec
Shared simulation host (MSVC)	Run shared gameplay tests	2026-10-01T11:16:52.9158425Z       Start 21: horde_rt_provider_diagnostic_mobile_fixture
Shared simulation host (MSVC)	Run shared gameplay tests	2026-10-01T11:16:52.9318006Z 21/57 Test #21: horde_rt_provider_diagnostic_mobile_fixture .............   Passed    0.02 sec
Shared simulation host (MSVC)	Run shared gameplay tests	2026-10-01T11:16:52.9322148Z       Start 22: horde_rt_provider_diagnostic_mobile_fixture_evidence
Shared simulation host (MSVC)	Run shared gameplay tests	2026-10-01T11:17:12.2123279Z 22/57 Test #22: horde_rt_provider_diagnostic_mobile_fixture_evidence ....   Passed   19.28 sec
Shared simulation host (MSVC)	Run shared gameplay tests	2026-10-01T11:17:12.2128232Z       Start 23: horde_rt_provider_diagnostic_high_fixture
Shared simulation host (MSVC)	Run shared gameplay tests	2026-10-01T11:17:12.2286960Z 23/57 Test #23: horde_rt_provider_diagnostic_high_fixture ...............   Passed    0.02 sec
Shared simulation host (MSVC)	Run shared gameplay tests	2026-10-01T11:17:12.2290925Z       Start 24: horde_rt_provider_diagnostic_high_fixture_evidence
Shared simulation host (MSVC)	Run shared gameplay tests	2026-10-01T11:17:31.7417137Z 24/57 Test #24: horde_rt_provider_diagnostic_high_fixture_evidence ......   Passed   19.51 sec
Shared simulation host (MSVC)	Run shared gameplay tests	2026-10-01T11:17:31.7422570Z       Start 25: horde_rt_github_release_updater_tests
Shared simulation host (MSVC)	Run shared gameplay tests	2026-10-01T11:17:31.7536755Z 25/57 Test #25: horde_rt_github_release_updater_tests ...................   Passed    0.01 sec
Shared simulation host (MSVC)	Run shared gameplay tests	2026-10-01T11:17:31.7542503Z       Start 26: horde_rt_version_contract_tests
Shared simulation host (MSVC)	Run shared gameplay tests	2026-10-01T11:17:31.7701782Z 26/57 Test #26: horde_rt_version_contract_tests .........................   Passed    0.02 sec
Shared simulation host (MSVC)	Run shared gameplay tests	2026-10-01T11:17:31.7707292Z       Start 27: horde_rt_version_contract_incremental_configure_tests
Shared simulation host (MSVC)	Run shared gameplay tests	2026-10-01T11:17:37.6277238Z 27/57 Test #27: horde_rt_version_contract_incremental_configure_tests ...   Passed    5.86 sec
Shared simulation host (MSVC)	Run shared gameplay tests	2026-10-01T11:17:37.6282263Z       Start 28: horde_rt_dielectric_math_tests
Shared simulation host (MSVC)	Run shared gameplay tests	2026-10-01T11:17:37.6496613Z 28/57 Test #28: horde_rt_dielectric_math_tests ..........................   Passed    0.02 sec
Shared simulation host (MSVC)	Run shared gameplay tests	2026-10-01T11:17:37.6501133Z       Start 29: horde_rt_player_animation_tests
Shared simulation host (MSVC)	Run shared gameplay tests	2026-10-01T11:17:37.6628790Z 29/57 Test #29: horde_rt_player_animation_tests .........................   Passed    0.01 sec
Shared simulation host (MSVC)	Run shared gameplay tests	2026-10-01T11:17:37.6633671Z       Start 30: horde_rt_fire_emitter_tests
Shared simulation host (MSVC)	Run shared gameplay tests	2026-10-01T11:17:37.6749514Z 30/57 Test #30: horde_rt_fire_emitter_tests .............................   Passed    0.01 sec
Shared simulation host (MSVC)	Run shared gameplay tests	2026-10-01T11:17:37.6754103Z       Start 31: horde_rt_held_item_socket_tests
Shared simulation host (MSVC)	Run shared gameplay tests	2026-10-01T11:17:37.7886113Z 31/57 Test #31: horde_rt_held_item_socket_tests .........................   Passed    0.11 sec
Shared simulation host (MSVC)	Run shared gameplay tests	2026-10-01T11:17:37.7891301Z       Start 32: horde_rt_development_static_asset_tests
Shared simulation host (MSVC)	Run shared gameplay tests	2026-10-01T11:17:37.8036415Z 32/57 Test #32: horde_rt_development_static_asset_tests .................   Passed    0.01 sec
Shared simulation host (MSVC)	Run shared gameplay tests	2026-10-01T11:17:37.8040887Z       Start 33: horde_rt_scene_abi_tests
Shared simulation host (MSVC)	Run shared gameplay tests	2026-10-01T11:17:37.8167106Z 33/57 Test #33: horde_rt_scene_abi_tests ................................   Passed    0.01 sec
Shared simulation host (MSVC)	Run shared gameplay tests	2026-10-01T11:17:37.8172630Z       Start 34: horde_rt_static_gltf_asset_tests
Shared simulation host (MSVC)	Run shared gameplay tests	2026-10-01T11:17:37.9615587Z 34/57 Test #34: horde_rt_static_gltf_asset_tests ........................   Passed    0.14 sec
Shared simulation host (MSVC)	Run shared gameplay tests	2026-10-01T11:17:37.9620099Z       Start 35: horde_rt_production_prop_asset_tests
Shared simulation host (MSVC)	Run shared gameplay tests	2026-10-01T11:17:38.0153783Z 35/57 Test #35: horde_rt_production_prop_asset_tests ....................   Passed    0.05 sec
Shared simulation host (MSVC)	Run shared gameplay tests	2026-10-01T11:17:38.0159177Z       Start 36: horde_rt_android_staged_admission_tests
Shared simulation host (MSVC)	Run shared gameplay tests	2026-10-01T11:17:38.8410963Z 36/57 Test #36: horde_rt_android_staged_admission_tests .................   Passed    0.82 sec
Shared simulation host (MSVC)	Run shared gameplay tests	2026-10-01T11:17:38.8417136Z       Start 37: horde_rt_simulation_timing_tests
Shared simulation host (MSVC)	Run shared gameplay tests	2026-10-01T11:17:38.8565571Z 37/57 Test #37: horde_rt_simulation_timing_tests ........................   Passed    0.01 sec
Shared simulation host (MSVC)	Run shared gameplay tests	2026-10-01T11:17:38.8569399Z       Start 38: horde_rt_simulation_gameplay_tests
Shared simulation host (MSVC)	Run shared gameplay tests	2026-10-01T11:17:38.8813933Z 38/57 Test #38: horde_rt_simulation_gameplay_tests ......................   Passed    0.02 sec
Shared simulation host (MSVC)	Run shared gameplay tests	2026-10-01T11:17:38.8818645Z       Start 39: horde_rt_music_director_tests
Shared simulation host (MSVC)	Run shared gameplay tests	2026-10-01T11:17:38.8945049Z 39/57 Test #39: horde_rt_music_director_tests ...........................   Passed    0.01 sec
Shared simulation host (MSVC)	Run shared gameplay tests	2026-10-01T11:17:38.8948965Z       Start 40: horde_rt_music_pcm_stream_tests
Shared simulation host (MSVC)	Run shared gameplay tests	2026-10-01T11:17:39.0813821Z 40/57 Test #40: horde_rt_music_pcm_stream_tests .........................   Passed    0.19 sec
Shared simulation host (MSVC)	Run shared gameplay tests	2026-10-01T11:17:39.0818701Z       Start 41: horde_rt_music_pcm_wave_tests
Shared simulation host (MSVC)	Run shared gameplay tests	2026-10-01T11:17:39.1320118Z 41/57 Test #41: horde_rt_music_pcm_wave_tests ...........................   Passed    0.05 sec
Shared simulation host (MSVC)	Run shared gameplay tests	2026-10-01T11:17:39.1324271Z       Start 42: horde_rt_music_pcm_asset_bank_tests
Shared simulation host (MSVC)	Run shared gameplay tests	2026-10-01T11:17:39.4664048Z 42/57 Test #42: horde_rt_music_pcm_asset_bank_tests .....................   Passed    0.33 sec
Shared simulation host (MSVC)	Run shared gameplay tests	2026-10-01T11:17:39.4668081Z       Start 43: horde_rt_music_playback_session_tests
Shared simulation host (MSVC)	Run shared gameplay tests	2026-10-01T11:17:39.6793408Z 43/57 Test #43: horde_rt_music_playback_session_tests ...................   Passed    0.21 sec
Shared simulation host (MSVC)	Run shared gameplay tests	2026-10-01T11:17:39.6801905Z       Start 44: horde_rt_playtest_report_tests
Shared simulation host (MSVC)	Run shared gameplay tests	2026-10-01T11:17:39.6949427Z 44/57 Test #44: horde_rt_playtest_report_tests ..........................   Passed    0.01 sec
Shared simulation host (MSVC)	Run shared gameplay tests	2026-10-01T11:17:39.6953599Z       Start 45: horde_rt_windows_playtest_report_ui_tests
Shared simulation host (MSVC)	Run shared gameplay tests	2026-10-01T11:17:40.3070842Z 45/57 Test #45: horde_rt_windows_playtest_report_ui_tests ...............   Passed    0.61 sec
Shared simulation host (MSVC)	Run shared gameplay tests	2026-10-01T11:17:40.3075848Z       Start 46: horde_rt_music_asset_admission_tests
Shared simulation host (MSVC)	Run shared gameplay tests	2026-10-01T11:17:48.6782264Z 46/57 Test #46: horde_rt_music_asset_admission_tests ....................   Passed    8.37 sec
Shared simulation host (MSVC)	Run shared gameplay tests	2026-10-01T11:17:48.6786966Z       Start 47: horde_rt_pocket_audio_core_pin_tests
Shared simulation host (MSVC)	Run shared gameplay tests	2026-10-01T11:17:49.7646164Z 47/57 Test #47: horde_rt_pocket_audio_core_pin_tests ....................   Passed    1.09 sec
Shared simulation host (MSVC)	Run shared gameplay tests	2026-10-01T11:17:49.7651358Z       Start 48: horde_rt_lantern_reward_tests
Shared simulation host (MSVC)	Run shared gameplay tests	2026-10-01T11:17:49.7759627Z 48/57 Test #48: horde_rt_lantern_reward_tests ...........................   Passed    0.01 sec
Shared simulation host (MSVC)	Run shared gameplay tests	2026-10-01T11:17:49.7763393Z       Start 49: horde_rt_lantern_pendulum_tests
Shared simulation host (MSVC)	Run shared gameplay tests	2026-10-01T11:17:49.7873373Z 49/57 Test #49: horde_rt_lantern_pendulum_tests .........................   Passed    0.01 sec
Shared simulation host (MSVC)	Run shared gameplay tests	2026-10-01T11:17:49.7877061Z       Start 50: horde_rt_input_mailbox_stress
Shared simulation host (MSVC)	Run shared gameplay tests	2026-10-01T11:17:49.9594836Z 50/57 Test #50: horde_rt_input_mailbox_stress ...........................   Passed    0.17 sec
Shared simulation host (MSVC)	Run shared gameplay tests	2026-10-01T11:17:49.9599485Z       Start 51: horde_rt_desktop_controller_input_tests
Shared simulation host (MSVC)	Run shared gameplay tests	2026-10-01T11:17:49.9724262Z 51/57 Test #51: horde_rt_desktop_controller_input_tests .................   Passed    0.01 sec
Shared simulation host (MSVC)	Run shared gameplay tests	2026-10-01T11:17:49.9728385Z       Start 52: horde_rt_gpu_timestamp_math_tests
Shared simulation host (MSVC)	Run shared gameplay tests	2026-10-01T11:17:49.9823160Z 52/57 Test #52: horde_rt_gpu_timestamp_math_tests .......................   Passed    0.01 sec
Shared simulation host (MSVC)	Run shared gameplay tests	2026-10-01T11:17:49.9827089Z       Start 53: horde_rt_combat_smoke
Shared simulation host (MSVC)	Run shared gameplay tests	2026-10-01T11:17:49.9926262Z 53/57 Test #53: horde_rt_combat_smoke ...................................   Passed    0.01 sec
Shared simulation host (MSVC)	Run shared gameplay tests	2026-10-01T11:17:49.9930051Z       Start 54: horde_rt_showcase_route_smoke
Shared simulation host (MSVC)	Run shared gameplay tests	2026-10-01T11:17:50.0024235Z 54/57 Test #54: horde_rt_showcase_route_smoke ...........................   Passed    0.01 sec
Shared simulation host (MSVC)	Run shared gameplay tests	2026-10-01T11:17:50.0027774Z       Start 55: horde_rt_showcase_gameplay_smoke
Shared simulation host (MSVC)	Run shared gameplay tests	2026-10-01T11:17:50.0126683Z 55/57 Test #55: horde_rt_showcase_gameplay_smoke ........................   Passed    0.01 sec
Shared simulation host (MSVC)	Run shared gameplay tests	2026-10-01T11:17:50.0130565Z       Start 56: horde_rt_spatial_audio_smoke
Shared simulation host (MSVC)	Run shared gameplay tests	2026-10-01T11:17:50.0267794Z 56/57 Test #56: horde_rt_spatial_audio_smoke ............................   Passed    0.01 sec
Shared simulation host (MSVC)	Run shared gameplay tests	2026-10-01T11:17:50.0271271Z       Start 57: pocket_audio_native_pcm_tests
Shared simulation host (MSVC)	Run shared gameplay tests	2026-10-01T11:17:50.0364803Z 57/57 Test #57: pocket_audio_native_pcm_tests ...........................   Passed    0.01 sec
Shared simulation host (MSVC)	Run shared gameplay tests	2026-10-01T11:17:50.0374436Z 
Shared simulation host (MSVC)	Run shared gameplay tests	2026-10-01T11:17:50.0374617Z 100% tests passed out of 57
Shared simulation host (MSVC)	Run shared gameplay tests	2026-10-01T11:17:50.0375086Z 
Shared simulation host (MSVC)	Run shared gameplay tests	2026-10-01T11:17:50.0375793Z Total Test time (real) =  97.68 sec
Shared simulation host (MSVC)	Check offline gauntlet chirality and UV winding	﻿2026-10-01T11:17:50.1820574Z ##[group]Run python -m unittest discover -s tests -p test_player_gauntlet_geometry.py -v
Shared simulation host (MSVC)	Check offline gauntlet chirality and UV winding	2026-10-01T11:17:50.1821298Z ^[[36;1mpython -m unittest discover -s tests -p test_player_gauntlet_geometry.py -v^[[0m
Shared simulation host (MSVC)	Check offline gauntlet chirality and UV winding	2026-10-01T11:17:50.1891056Z shell: C:\Program Files\PowerShell\7\pwsh.EXE -command ". '{0}'"
Shared simulation host (MSVC)	Check offline gauntlet chirality and UV winding	2026-10-01T11:17:50.1891428Z ##[endgroup]
Shared simulation host (MSVC)	Check offline gauntlet chirality and UV winding	2026-10-01T11:17:51.6545417Z test_invalid_chirality_is_rejected (test_player_gauntlet_geometry.GauntletGeometryTests.test_invalid_chirality_is_rejected) ... ok
Shared simulation host (MSVC)	Check offline gauntlet chirality and UV winding	2026-10-01T11:17:51.6547152Z test_legacy_uv_mode_is_explicit_not_default (test_player_gauntlet_geometry.GauntletGeometryTests.test_legacy_uv_mode_is_explicit_not_default) ... ok
Shared simulation host (MSVC)	Check offline gauntlet chirality and UV winding	2026-10-01T11:17:51.6549218Z test_mirror_preserves_vertex_to_uv_correspondence (test_player_gauntlet_geometry.GauntletGeometryTests.test_mirror_preserves_vertex_to_uv_correspondence) ... ok
Shared simulation host (MSVC)	Check offline gauntlet chirality and UV winding	2026-10-01T11:17:51.6550870Z test_mismatched_corner_roster_is_rejected (test_player_gauntlet_geometry.GauntletGeometryTests.test_mismatched_corner_roster_is_rejected) ... ok
Shared simulation host (MSVC)	Check offline gauntlet chirality and UV winding	2026-10-01T11:17:51.6552942Z test_right_source_is_mirrored_only_for_left_hand (test_player_gauntlet_geometry.GauntletGeometryTests.test_right_source_is_mirrored_only_for_left_hand) ... ok
Shared simulation host (MSVC)	Check offline gauntlet chirality and UV winding	2026-10-01T11:17:51.6555028Z test_unmirrored_source_preserves_all_corners (test_player_gauntlet_geometry.GauntletGeometryTests.test_unmirrored_source_preserves_all_corners) ... ok
Shared simulation host (MSVC)	Check offline gauntlet chirality and UV winding	2026-10-01T11:17:51.6556033Z 
Shared simulation host (MSVC)	Check offline gauntlet chirality and UV winding	2026-10-01T11:17:51.6556217Z ----------------------------------------------------------------------
Shared simulation host (MSVC)	Check offline gauntlet chirality and UV winding	2026-10-01T11:17:51.6556650Z Ran 6 tests in 0.001s
Shared simulation host (MSVC)	Check offline gauntlet chirality and UV winding	2026-10-01T11:17:51.6556818Z 
Shared simulation host (MSVC)	Check offline gauntlet chirality and UV winding	2026-10-01T11:17:51.6556900Z OK
Shared simulation host (MSVC)	Check exact player cloth seam weight transfers	﻿2026-10-01T11:17:51.7869283Z ##[group]Run python -m unittest discover -s tests -p test_player_sleeve_seams.py -v
Shared simulation host (MSVC)	Check exact player cloth seam weight transfers	2026-10-01T11:17:51.7870090Z ^[[36;1mpython -m unittest discover -s tests -p test_player_sleeve_seams.py -v^[[0m
Shared simulation host (MSVC)	Check exact player cloth seam weight transfers	2026-10-01T11:17:51.7948636Z shell: C:\Program Files\PowerShell\7\pwsh.EXE -command ". '{0}'"
Shared simulation host (MSVC)	Check exact player cloth seam weight transfers	2026-10-01T11:17:51.7949089Z ##[endgroup]
Shared simulation host (MSVC)	Check exact player cloth seam weight transfers	2026-10-01T11:17:52.1514186Z test_conflicting_coincident_view_endpoint_records_fail (test_player_sleeve_seams.PlayerSleeveSeamTests.test_conflicting_coincident_view_endpoint_records_fail) ... ok
Shared simulation host (MSVC)	Check exact player cloth seam weight transfers	2026-10-01T11:17:52.1520520Z test_explicit_body_remainder_preserves_the_same_cloth_seam (test_player_sleeve_seams.PlayerSleeveSeamTests.test_explicit_body_remainder_preserves_the_same_cloth_seam) ... ok
Shared simulation host (MSVC)	Check exact player cloth seam weight transfers	2026-10-01T11:17:52.1522236Z test_invalid_face_index_fails (test_player_sleeve_seams.PlayerSleeveSeamTests.test_invalid_face_index_fails) ... ok
Shared simulation host (MSVC)	Check exact player cloth seam weight transfers	2026-10-01T11:17:52.1525909Z test_negative_or_unnormalized_weight_fails (test_player_sleeve_seams.PlayerSleeveSeamTests.test_negative_or_unnormalized_weight_fails) ... ok
Shared simulation host (MSVC)	Check exact player cloth seam weight transfers	2026-10-01T11:17:52.1527299Z test_nonfinite_position_fails (test_player_sleeve_seams.PlayerSleeveSeamTests.test_nonfinite_position_fails) ... ok
Shared simulation host (MSVC)	Check exact player cloth seam weight transfers	2026-10-01T11:17:52.1531683Z test_nonmanifold_and_degenerate_sleeve_edges_fail (test_player_sleeve_seams.PlayerSleeveSeamTests.test_nonmanifold_and_degenerate_sleeve_edges_fail) ... ok
Shared simulation host (MSVC)	Check exact player cloth seam weight transfers	2026-10-01T11:17:52.1538363Z test_retained_world_authoring_roundoff_does_not_relax_canonical_weights (test_player_sleeve_seams.PlayerSleeveSeamTests.test_retained_world_authoring_roundoff_does_not_relax_canonical_weights) ... ok
Shared simulation host (MSVC)	Check exact player cloth seam weight transfers	2026-10-01T11:17:52.1542335Z test_transfers_canonical_shared_boundary_weights_without_mutating_inputs (test_player_sleeve_seams.PlayerSleeveSeamTests.test_transfers_canonical_shared_boundary_weights_without_mutating_inputs) ... ok
Shared simulation host (MSVC)	Check exact player cloth seam weight transfers	2026-10-01T11:17:52.1544568Z test_unknown_view_bone_name_fails (test_player_sleeve_seams.PlayerSleeveSeamTests.test_unknown_view_bone_name_fails) ... ok
Shared simulation host (MSVC)	Check exact player cloth seam weight transfers	2026-10-01T11:17:52.1548852Z test_unshared_and_no_nearface_edges_do_not_transfer (test_player_sleeve_seams.PlayerSleeveSeamTests.test_unshared_and_no_nearface_edges_do_not_transfer) ... ok
Shared simulation host (MSVC)	Check exact player cloth seam weight transfers	2026-10-01T11:17:52.1551156Z test_unused_vertices_may_have_no_deform_weights (test_player_sleeve_seams.PlayerSleeveSeamTests.test_unused_vertices_may_have_no_deform_weights) ... ok
Shared simulation host (MSVC)	Check exact player cloth seam weight transfers	2026-10-01T11:17:52.1553790Z test_vertices_shared_with_head_or_gauntlet_are_excluded (test_player_sleeve_seams.PlayerSleeveSeamTests.test_vertices_shared_with_head_or_gauntlet_are_excluded) ... ok
Shared simulation host (MSVC)	Check exact player cloth seam weight transfers	2026-10-01T11:17:52.1554484Z 
Shared simulation host (MSVC)	Check exact player cloth seam weight transfers	2026-10-01T11:17:52.1554629Z ----------------------------------------------------------------------
Shared simulation host (MSVC)	Check exact player cloth seam weight transfers	2026-10-01T11:17:52.1554966Z Ran 12 tests in 0.005s
Shared simulation host (MSVC)	Check exact player cloth seam weight transfers	2026-10-01T11:17:52.1555103Z 
Shared simulation host (MSVC)	Check exact player cloth seam weight transfers	2026-10-01T11:17:52.1555176Z OK
Shared simulation host (MSVC)	Check upper torso partition preserves the head mask	﻿2026-10-01T11:17:52.2835464Z ##[group]Run python -m unittest discover -s tests -p test_player_body_partition.py -v
Shared simulation host (MSVC)	Check upper torso partition preserves the head mask	2026-10-01T11:17:52.2836195Z ^[[36;1mpython -m unittest discover -s tests -p test_player_body_partition.py -v^[[0m
Shared simulation host (MSVC)	Check upper torso partition preserves the head mask	2026-10-01T11:17:52.2908457Z shell: C:\Program Files\PowerShell\7\pwsh.EXE -command ". '{0}'"
Shared simulation host (MSVC)	Check upper torso partition preserves the head mask	2026-10-01T11:17:52.2908825Z ##[endgroup]
Shared simulation host (MSVC)	Check upper torso partition preserves the head mask	2026-10-01T11:17:52.6455342Z test_invalid_or_incompatible_landmarks_reject (test_player_body_partition.BodyPartitionTests.test_invalid_or_incompatible_landmarks_reject) ... ok
Shared simulation host (MSVC)	Check upper torso partition preserves the head mask	2026-10-01T11:17:52.6457253Z test_origin_and_scale_are_explicit (test_player_body_partition.BodyPartitionTests.test_origin_and_scale_are_explicit) ... ok
Shared simulation host (MSVC)	Check upper torso partition preserves the head mask	2026-10-01T11:17:52.6458753Z test_retains_the_original_head_mask (test_player_body_partition.BodyPartitionTests.test_retains_the_original_head_mask) ... ok
Shared simulation host (MSVC)	Check upper torso partition preserves the head mask	2026-10-01T11:17:52.6459592Z 
Shared simulation host (MSVC)	Check upper torso partition preserves the head mask	2026-10-01T11:17:52.6459809Z ----------------------------------------------------------------------
Shared simulation host (MSVC)	Check upper torso partition preserves the head mask	2026-10-01T11:17:52.6460318Z Ran 3 tests in 0.000s
Shared simulation host (MSVC)	Check upper torso partition preserves the head mask	2026-10-01T11:17:52.6460598Z 
Shared simulation host (MSVC)	Check upper torso partition preserves the head mask	2026-10-01T11:17:52.6460702Z OK
Shared simulation host (MSVC)	Check bounded segmented cloth seam plans	﻿2026-10-01T11:17:52.7880252Z ##[group]Run python -m unittest discover -s tests -p test_player_segmented_seams.py -v
Shared simulation host (MSVC)	Check bounded segmented cloth seam plans	2026-10-01T11:17:52.7880992Z ^[[36;1mpython -m unittest discover -s tests -p test_player_segmented_seams.py -v^[[0m
Shared simulation host (MSVC)	Check bounded segmented cloth seam plans	2026-10-01T11:17:52.7950406Z shell: C:\Program Files\PowerShell\7\pwsh.EXE -command ". '{0}'"
Shared simulation host (MSVC)	Check bounded segmented cloth seam plans	2026-10-01T11:17:52.7951217Z ##[endgroup]
Shared simulation host (MSVC)	Check bounded segmented cloth seam plans	2026-10-01T11:17:53.1467739Z test_already_matching_segments_need_no_split (test_player_segmented_seams.SegmentedSeamTests.test_already_matching_segments_need_no_split) ... ok
Shared simulation host (MSVC)	Check bounded segmented cloth seam plans	2026-10-01T11:17:53.1470221Z test_nearby_but_not_coincident_edge_is_not_welded (test_player_segmented_seams.SegmentedSeamTests.test_nearby_but_not_coincident_edge_is_not_welded) ... ok
Shared simulation host (MSVC)	Check bounded segmented cloth seam plans	2026-10-01T11:17:53.1472321Z test_no_body_primary_backing_does_not_authorize_a_split (test_player_segmented_seams.SegmentedSeamTests.test_no_body_primary_backing_does_not_authorize_a_split) ... ok
Shared simulation host (MSVC)	Check bounded segmented cloth seam plans	2026-10-01T11:17:53.1475009Z test_partial_cloth_coverage_rejects (test_player_segmented_seams.SegmentedSeamTests.test_partial_cloth_coverage_rejects) ... ok
Shared simulation host (MSVC)	Check bounded segmented cloth seam plans	2026-10-01T11:17:53.1478717Z test_plans_only_canonical_midpoint_without_mutating_inputs (test_player_segmented_seams.SegmentedSeamTests.test_plans_only_canonical_midpoint_without_mutating_inputs) ... ok
Shared simulation host (MSVC)	Check bounded segmented cloth seam plans	2026-10-01T11:17:53.1481292Z test_protected_vertex_rejects (test_player_segmented_seams.SegmentedSeamTests.test_protected_vertex_rejects) ... ok
Shared simulation host (MSVC)	Check bounded segmented cloth seam plans	2026-10-01T11:17:53.1484204Z test_same_winding_rejects (test_player_segmented_seams.SegmentedSeamTests.test_same_winding_rejects) ... ok
Shared simulation host (MSVC)	Check bounded segmented cloth seam plans	2026-10-01T11:17:53.1485020Z 
Shared simulation host (MSVC)	Check bounded segmented cloth seam plans	2026-10-01T11:17:53.1485265Z ----------------------------------------------------------------------
Shared simulation host (MSVC)	Check bounded segmented cloth seam plans	2026-10-01T11:17:53.1485712Z Ran 7 tests in 0.002s
Shared simulation host (MSVC)	Check bounded segmented cloth seam plans	2026-10-01T11:17:53.1485861Z 
Shared simulation host (MSVC)	Check bounded segmented cloth seam plans	2026-10-01T11:17:53.1485941Z OK
Shared simulation host (MSVC)	Check Gradle APK artifact resolution	﻿2026-10-01T11:17:53.2729661Z ##[group]Run ./tools/test-resolve-android-apk.ps1
Shared simulation host (MSVC)	Check Gradle APK artifact resolution	2026-10-01T11:17:53.2730224Z ^[[36;1m./tools/test-resolve-android-apk.ps1^[[0m
Shared simulation host (MSVC)	Check Gradle APK artifact resolution	2026-10-01T11:17:53.2801981Z shell: C:\Program Files\PowerShell\7\pwsh.EXE -command ". '{0}'"
Shared simulation host (MSVC)	Check Gradle APK artifact resolution	2026-10-01T11:17:53.2802345Z ##[endgroup]
Shared simulation host (MSVC)	Check Gradle APK artifact resolution	2026-10-01T11:17:53.8711570Z PASS normal Gradle output
Shared simulation host (MSVC)	Check Gradle APK artifact resolution	2026-10-01T11:17:53.8898522Z PASS redirected intermediates output
Shared simulation host (MSVC)	Check Gradle APK artifact resolution	2026-10-01T11:17:53.9193882Z PASS wrong variant (rejected)
Shared simulation host (MSVC)	Check Gradle APK artifact resolution	2026-10-01T11:17:53.9356565Z PASS wrong artifact type (rejected)
Shared simulation host (MSVC)	Check Gradle APK artifact resolution	2026-10-01T11:17:53.9503223Z PASS missing output element (rejected)
Shared simulation host (MSVC)	Check Gradle APK artifact resolution	2026-10-01T11:17:53.9687602Z PASS multiple output elements (rejected)
Shared simulation host (MSVC)	Check Gradle APK artifact resolution	2026-10-01T11:17:53.9841276Z PASS missing APK file (rejected)
Shared simulation host (MSVC)	Check Gradle APK artifact resolution	2026-10-01T11:17:53.9986900Z PASS filename path traversal (rejected)
Shared simulation host (MSVC)	Check Gradle APK artifact resolution	2026-10-01T11:17:54.0303496Z PASS escaped listing path (rejected)
Shared simulation host (MSVC)	Check Gradle APK artifact resolution	2026-10-01T11:17:54.0442527Z PASS duplicate redirect entries (rejected)
Shared simulation host (MSVC)	Check Gradle APK artifact resolution	2026-10-01T11:17:54.0451294Z All 10 resolver cases passed.
Shared simulation host (MSVC)	Check Android combat capture expectations	﻿2026-10-01T11:17:54.1844234Z ##[group]Run ./tests/AndroidCombatCaptureExpectations.ps1
Shared simulation host (MSVC)	Check Android combat capture expectations	2026-10-01T11:17:54.1844777Z ^[[36;1m./tests/AndroidCombatCaptureExpectations.ps1^[[0m
Shared simulation host (MSVC)	Check Android combat capture expectations	2026-10-01T11:17:54.1917102Z shell: C:\Program Files\PowerShell\7\pwsh.EXE -command ". '{0}'"
Shared simulation host (MSVC)	Check Android combat capture expectations	2026-10-01T11:17:54.1917453Z ##[endgroup]
Shared simulation host (MSVC)	Check Android combat capture expectations	2026-10-01T11:17:54.8030785Z Android combat capture expectations: 34 cases passed.
Shared simulation host (MSVC)	Check Android combat capture expectations	2026-10-01T11:17:54.8365272Z Android gameplay versus isolated-glass ownership: 16 cases passed.
Shared simulation host (MSVC)	Post Check out source	﻿2026-10-01T11:17:54.9194699Z Post job cleanup.
Shared simulation host (MSVC)	Post Check out source	2026-10-01T11:17:55.1085979Z [command]"C:\Program Files\Git\bin\git.exe" version
Shared simulation host (MSVC)	Post Check out source	2026-10-01T11:17:55.1396215Z git version 2.55.0.windows.5
Shared simulation host (MSVC)	Post Check out source	2026-10-01T11:17:55.1477878Z Temporarily overriding HOME='D:\a\_temp\63e1ecb7-b430-487e-81e7-f7e88339fecc' before making global git config changes
Shared simulation host (MSVC)	Post Check out source	2026-10-01T11:17:55.1479255Z Adding repository directory to the temporary git global config as a safe directory
Shared simulation host (MSVC)	Post Check out source	2026-10-01T11:17:55.1489543Z [command]"C:\Program Files\Git\bin\git.exe" config --global --add safe.directory D:\a\The-Horde-RT-demo\The-Horde-RT-demo
Shared simulation host (MSVC)	Post Check out source	2026-10-01T11:17:55.1809667Z Removing SSH command configuration
Shared simulation host (MSVC)	Post Check out source	2026-10-01T11:17:55.1822409Z [command]"C:\Program Files\Git\bin\git.exe" config --local --name-only --get-regexp core\.sshCommand
Shared simulation host (MSVC)	Post Check out source	2026-10-01T11:17:55.2167205Z [command]"C:\Program Files\Git\bin\git.exe" submodule foreach --recursive "sh -c \"git config --local --name-only --get-regexp 'core\.sshCommand' && git config --local --unset-all 'core.sshCommand' || :\""
Shared simulation host (MSVC)	Post Check out source	2026-10-01T11:17:55.7710824Z Removing HTTP extra header
Shared simulation host (MSVC)	Post Check out source	2026-10-01T11:17:55.7726837Z [command]"C:\Program Files\Git\bin\git.exe" config --local --name-only --get-regexp http\.https\:\/\/github\.com\/\.extraheader
Shared simulation host (MSVC)	Post Check out source	2026-10-01T11:17:55.8097468Z [command]"C:\Program Files\Git\bin\git.exe" submodule foreach --recursive "sh -c \"git config --local --name-only --get-regexp 'http\.https\:\/\/github\.com\/\.extraheader' && git config --local --unset-all 'http.https://github.com/.extraheader' || :\""
Shared simulation host (MSVC)	Post Check out source	2026-10-01T11:17:56.3609586Z Removing includeIf entries pointing to credentials config files
Shared simulation host (MSVC)	Post Check out source	2026-10-01T11:17:56.3621746Z [command]"C:\Program Files\Git\bin\git.exe" config --local --name-only --get-regexp ^includeIf\.gitdir:
Shared simulation host (MSVC)	Post Check out source	2026-10-01T11:17:56.3886580Z includeif.gitdir:D:/a/The-Horde-RT-demo/The-Horde-RT-demo/.git.path
Shared simulation host (MSVC)	Post Check out source	2026-10-01T11:17:56.3887484Z includeif.gitdir:D:/a/The-Horde-RT-demo/The-Horde-RT-demo/.git/worktrees/*.path
Shared simulation host (MSVC)	Post Check out source	2026-10-01T11:17:56.3888198Z includeif.gitdir:/github/workspace/.git.path
Shared simulation host (MSVC)	Post Check out source	2026-10-01T11:17:56.3888733Z includeif.gitdir:/github/workspace/.git/worktrees/*.path
Shared simulation host (MSVC)	Post Check out source	2026-10-01T11:17:56.3932638Z [command]"C:\Program Files\Git\bin\git.exe" config --local --get-all includeif.gitdir:D:/a/The-Horde-RT-demo/The-Horde-RT-demo/.git.path
Shared simulation host (MSVC)	Post Check out source	2026-10-01T11:17:56.4200089Z D:\a\_temp\git-credentials-af413375-8c85-4f95-b9f2-332f67e5cb7e.config
Shared simulation host (MSVC)	Post Check out source	2026-10-01T11:17:56.4249644Z [command]"C:\Program Files\Git\bin\git.exe" config --local --unset includeif.gitdir:D:/a/The-Horde-RT-demo/The-Horde-RT-demo/.git.path D:\a\_temp\git-credentials-af413375-8c85-4f95-b9f2-332f67e5cb7e.config
Shared simulation host (MSVC)	Post Check out source	2026-10-01T11:17:56.4559337Z [command]"C:\Program Files\Git\bin\git.exe" config --local --get-all includeif.gitdir:D:/a/The-Horde-RT-demo/The-Horde-RT-demo/.git/worktrees/*.path
Shared simulation host (MSVC)	Post Check out source	2026-10-01T11:17:56.4822483Z D:\a\_temp\git-credentials-af413375-8c85-4f95-b9f2-332f67e5cb7e.config
Shared simulation host (MSVC)	Post Check out source	2026-10-01T11:17:56.4870114Z [command]"C:\Program Files\Git\bin\git.exe" config --local --unset includeif.gitdir:D:/a/The-Horde-RT-demo/The-Horde-RT-demo/.git/worktrees/*.path D:\a\_temp\git-credentials-af413375-8c85-4f95-b9f2-332f67e5cb7e.config
Shared simulation host (MSVC)	Post Check out source	2026-10-01T11:17:56.5188305Z [command]"C:\Program Files\Git\bin\git.exe" config --local --get-all includeif.gitdir:/github/workspace/.git.path
Shared simulation host (MSVC)	Post Check out source	2026-10-01T11:17:56.5453311Z /github/runner_temp/git-credentials-af413375-8c85-4f95-b9f2-332f67e5cb7e.config
Shared simulation host (MSVC)	Post Check out source	2026-10-01T11:17:56.5497476Z [command]"C:\Program Files\Git\bin\git.exe" config --local --unset includeif.gitdir:/github/workspace/.git.path /github/runner_temp/git-credentials-af413375-8c85-4f95-b9f2-332f67e5cb7e.config
Shared simulation host (MSVC)	Post Check out source	2026-10-01T11:17:56.5812865Z [command]"C:\Program Files\Git\bin\git.exe" config --local --get-all includeif.gitdir:/github/workspace/.git/worktrees/*.path
Shared simulation host (MSVC)	Post Check out source	2026-10-01T11:17:56.6080198Z /github/runner_temp/git-credentials-af413375-8c85-4f95-b9f2-332f67e5cb7e.config
Shared simulation host (MSVC)	Post Check out source	2026-10-01T11:17:56.6127016Z [command]"C:\Program Files\Git\bin\git.exe" config --local --unset includeif.gitdir:/github/workspace/.git/worktrees/*.path /github/runner_temp/git-credentials-af413375-8c85-4f95-b9f2-332f67e5cb7e.config
Shared simulation host (MSVC)	Post Check out source	2026-10-01T11:17:56.6447988Z [command]"C:\Program Files\Git\bin\git.exe" submodule foreach --recursive "git config --local --show-origin --name-only --get-regexp remote.origin.url"
Shared simulation host (MSVC)	Post Check out source	2026-10-01T11:17:57.1883313Z Removing credentials config 'D:\a\_temp\git-credentials-af413375-8c85-4f95-b9f2-332f67e5cb7e.config'
Shared simulation host (MSVC)	Complete job	﻿2026-10-01T11:17:57.2081081Z Cleaning up orphan processes
Shared simulation host (MSVC)	Complete job	2026-10-01T11:17:57.2257547Z Terminate orphan process: pid (7336) (vctip)
Shared simulation host (MSVC)	Complete job	2026-10-01T11:17:57.2609145Z Terminate orphan process: pid (7316) (MSBuild)
Shared simulation host (MSVC)	Complete job	2026-10-01T11:17:57.2678477Z Terminate orphan process: pid (8592) (conhost)
