player-vulkan-host	Set up job	﻿2026-10-01T11:12:52.1542836Z Current runner version: '2.337.0'
player-vulkan-host	Set up job	2026-10-01T11:12:52.1613151Z ##[group]Runner Image Provisioner
player-vulkan-host	Set up job	2026-10-01T11:12:52.1614461Z Hosted Compute Agent
player-vulkan-host	Set up job	2026-10-01T11:12:52.1615371Z Version: 20260901.588
player-vulkan-host	Set up job	2026-10-01T11:12:52.1616604Z Commit: f88ec8081b781fac6c440065ac7ff9e710ce3d0b
player-vulkan-host	Set up job	2026-10-01T11:12:52.1617825Z Build Date: 2026-09-01T19:56:44Z
player-vulkan-host	Set up job	2026-10-01T11:12:52.1618975Z Worker ID: {af2eabc4-7284-4add-8447-b7c2533653f6}
player-vulkan-host	Set up job	2026-10-01T11:12:52.1620289Z Azure Region: eastus
player-vulkan-host	Set up job	2026-10-01T11:12:52.1621219Z ##[endgroup]
player-vulkan-host	Set up job	2026-10-01T11:12:52.1624070Z ##[group]Operating System
player-vulkan-host	Set up job	2026-10-01T11:12:52.1625140Z Ubuntu
player-vulkan-host	Set up job	2026-10-01T11:12:52.1626051Z 24.04.5
player-vulkan-host	Set up job	2026-10-01T11:12:52.1626922Z LTS
player-vulkan-host	Set up job	2026-10-01T11:12:52.1627850Z ##[endgroup]
player-vulkan-host	Set up job	2026-10-01T11:12:52.1628807Z ##[group]Runner Image
player-vulkan-host	Set up job	2026-10-01T11:12:52.1629765Z Image: ubuntu-24.04
player-vulkan-host	Set up job	2026-10-01T11:12:52.1630822Z Version: 20260927.320.1
player-vulkan-host	Set up job	2026-10-01T11:12:52.1632907Z Included Software: https://github.com/actions/runner-images/blob/ubuntu24/20260927.320/images/ubuntu/Ubuntu2404-Readme.md
player-vulkan-host	Set up job	2026-10-01T11:12:52.1635931Z Image Release: https://github.com/actions/runner-images/releases/tag/ubuntu24%2F20260927.320
player-vulkan-host	Set up job	2026-10-01T11:12:52.1637599Z ##[endgroup]
player-vulkan-host	Set up job	2026-10-01T11:12:52.1639496Z ##[group]GITHUB_TOKEN Permissions
player-vulkan-host	Set up job	2026-10-01T11:12:52.1642319Z Contents: read
player-vulkan-host	Set up job	2026-10-01T11:12:52.1643520Z Metadata: read
player-vulkan-host	Set up job	2026-10-01T11:12:52.1644511Z ##[endgroup]
player-vulkan-host	Set up job	2026-10-01T11:12:52.1647559Z Secret source: Actions
player-vulkan-host	Set up job	2026-10-01T11:12:52.1649038Z Cache mode: write
player-vulkan-host	Set up job	2026-10-01T11:12:52.1650246Z Prepare workflow directory
player-vulkan-host	Set up job	2026-10-01T11:12:52.2126593Z Prepare all required actions
player-vulkan-host	Set up job	2026-10-01T11:12:52.2197901Z Getting action download info
player-vulkan-host	Set up job	2026-10-01T11:12:52.4348528Z Download action repository 'actions/checkout@v6' (SHA:d23441a48e516b6c34aea4fa41551a30e30af803)
player-vulkan-host	Set up job	2026-10-01T11:12:52.6410023Z Complete job name: player-vulkan-host
player-vulkan-host	Check out source	﻿2026-10-01T11:12:52.7257344Z ##[group]Run actions/checkout@v6
player-vulkan-host	Check out source	2026-10-01T11:12:52.7258276Z with:
player-vulkan-host	Check out source	2026-10-01T11:12:52.7258776Z   repository: Samfa12-tech/The-Horde-RT-demo
player-vulkan-host	Check out source	2026-10-01T11:12:52.7262925Z   token: ***
player-vulkan-host	Check out source	2026-10-01T11:12:52.7263400Z   ssh-strict: true
player-vulkan-host	Check out source	2026-10-01T11:12:52.7263833Z   ssh-user: git
player-vulkan-host	Check out source	2026-10-01T11:12:52.7264269Z   persist-credentials: true
player-vulkan-host	Check out source	2026-10-01T11:12:52.7264752Z   clean: true
player-vulkan-host	Check out source	2026-10-01T11:12:52.7265189Z   sparse-checkout-cone-mode: true
player-vulkan-host	Check out source	2026-10-01T11:12:52.7265707Z   fetch-depth: 1
player-vulkan-host	Check out source	2026-10-01T11:12:52.7266132Z   fetch-tags: false
player-vulkan-host	Check out source	2026-10-01T11:12:52.7266591Z   show-progress: true
player-vulkan-host	Check out source	2026-10-01T11:12:52.7267033Z   lfs: false
player-vulkan-host	Check out source	2026-10-01T11:12:52.7267444Z   submodules: false
player-vulkan-host	Check out source	2026-10-01T11:12:52.7267893Z   set-safe-directory: true
player-vulkan-host	Check out source	2026-10-01T11:12:52.7268399Z   allow-unsafe-pr-checkout: false
player-vulkan-host	Check out source	2026-10-01T11:12:52.7269187Z ##[endgroup]
player-vulkan-host	Check out source	2026-10-01T11:12:52.8313808Z Syncing repository: Samfa12-tech/The-Horde-RT-demo
player-vulkan-host	Check out source	2026-10-01T11:12:52.8316157Z ##[group]Getting Git version info
player-vulkan-host	Check out source	2026-10-01T11:12:52.8317547Z Working directory is '/home/runner/work/The-Horde-RT-demo/The-Horde-RT-demo'
player-vulkan-host	Check out source	2026-10-01T11:12:52.8318830Z [command]/usr/bin/git version
player-vulkan-host	Check out source	2026-10-01T11:12:52.8395404Z git version 2.55.0
player-vulkan-host	Check out source	2026-10-01T11:12:52.8433004Z ##[endgroup]
player-vulkan-host	Check out source	2026-10-01T11:12:52.8448456Z Temporarily overriding HOME='/home/runner/work/_temp/079d78c8-89ad-4731-afce-1b053f09374e' before making global git config changes
player-vulkan-host	Check out source	2026-10-01T11:12:52.8453002Z Adding repository directory to the temporary git global config as a safe directory
player-vulkan-host	Check out source	2026-10-01T11:12:52.8455263Z [command]/usr/bin/git config --global --add safe.directory /home/runner/work/The-Horde-RT-demo/The-Horde-RT-demo
player-vulkan-host	Check out source	2026-10-01T11:12:52.8498425Z Deleting the contents of '/home/runner/work/The-Horde-RT-demo/The-Horde-RT-demo'
player-vulkan-host	Check out source	2026-10-01T11:12:52.8503324Z ##[group]Determining repository object format
player-vulkan-host	Check out source	2026-10-01T11:12:52.8505707Z ##[endgroup]
player-vulkan-host	Check out source	2026-10-01T11:12:52.8506996Z ##[group]Initializing the repository
player-vulkan-host	Check out source	2026-10-01T11:12:52.8510318Z [command]/usr/bin/git init /home/runner/work/The-Horde-RT-demo/The-Horde-RT-demo
player-vulkan-host	Check out source	2026-10-01T11:12:52.8658431Z hint: Using 'master' as the name for the initial branch. This default branch name
player-vulkan-host	Check out source	2026-10-01T11:12:52.8660266Z hint: will change to "main" in Git 3.0. To configure the initial branch name
player-vulkan-host	Check out source	2026-10-01T11:12:52.8663267Z hint: to use in all of your new repositories, which will suppress this warning,
player-vulkan-host	Check out source	2026-10-01T11:12:52.8664545Z hint: call:
player-vulkan-host	Check out source	2026-10-01T11:12:52.8665210Z hint:
player-vulkan-host	Check out source	2026-10-01T11:12:52.8666010Z hint: 	git config --global init.defaultBranch <name>
player-vulkan-host	Check out source	2026-10-01T11:12:52.8667022Z hint:
player-vulkan-host	Check out source	2026-10-01T11:12:52.8667948Z hint: Names commonly chosen instead of 'master' are 'main', 'trunk' and
player-vulkan-host	Check out source	2026-10-01T11:12:52.8669527Z hint: 'development'. The just-created branch can be renamed via this command:
player-vulkan-host	Check out source	2026-10-01T11:12:52.8670792Z hint:
player-vulkan-host	Check out source	2026-10-01T11:12:52.8671642Z hint: 	git branch -m <name>
player-vulkan-host	Check out source	2026-10-01T11:12:52.8672415Z hint:
player-vulkan-host	Check out source	2026-10-01T11:12:52.8673416Z hint: Disable this message with "git config set advice.defaultBranchName false"
player-vulkan-host	Check out source	2026-10-01T11:12:52.8675622Z Initialized empty Git repository in /home/runner/work/The-Horde-RT-demo/The-Horde-RT-demo/.git/
player-vulkan-host	Check out source	2026-10-01T11:12:52.8679615Z [command]/usr/bin/git remote add origin https://github.com/Samfa12-tech/The-Horde-RT-demo
player-vulkan-host	Check out source	2026-10-01T11:12:52.8727358Z ##[endgroup]
player-vulkan-host	Check out source	2026-10-01T11:12:52.8728688Z ##[group]Disabling automatic garbage collection
player-vulkan-host	Check out source	2026-10-01T11:12:52.8732341Z [command]/usr/bin/git config --local gc.auto 0
player-vulkan-host	Check out source	2026-10-01T11:12:52.8768120Z ##[endgroup]
player-vulkan-host	Check out source	2026-10-01T11:12:52.8769584Z ##[group]Setting up auth
player-vulkan-host	Check out source	2026-10-01T11:12:52.8773191Z Removing SSH command configuration
player-vulkan-host	Check out source	2026-10-01T11:12:52.8779902Z [command]/usr/bin/git config --local --name-only --get-regexp core\.sshCommand
player-vulkan-host	Check out source	2026-10-01T11:12:52.8823707Z [command]/usr/bin/git submodule foreach --recursive sh -c "git config --local --name-only --get-regexp 'core\.sshCommand' && git config --local --unset-all 'core.sshCommand' || :"
player-vulkan-host	Check out source	2026-10-01T11:12:52.9204149Z Removing HTTP extra header
player-vulkan-host	Check out source	2026-10-01T11:12:52.9210911Z [command]/usr/bin/git config --local --name-only --get-regexp http\.https\:\/\/github\.com\/\.extraheader
player-vulkan-host	Check out source	2026-10-01T11:12:52.9249119Z [command]/usr/bin/git submodule foreach --recursive sh -c "git config --local --name-only --get-regexp 'http\.https\:\/\/github\.com\/\.extraheader' && git config --local --unset-all 'http.https://github.com/.extraheader' || :"
player-vulkan-host	Check out source	2026-10-01T11:12:52.9472309Z Removing includeIf entries pointing to credentials config files
player-vulkan-host	Check out source	2026-10-01T11:12:52.9479502Z [command]/usr/bin/git config --local --name-only --get-regexp ^includeIf\.gitdir:
player-vulkan-host	Check out source	2026-10-01T11:12:52.9516902Z [command]/usr/bin/git submodule foreach --recursive git config --local --show-origin --name-only --get-regexp remote.origin.url
player-vulkan-host	Check out source	2026-10-01T11:12:52.9842924Z [command]/usr/bin/git config --file /home/runner/work/_temp/git-credentials-4393bcb3-3898-41a4-a144-23b43fcb75f2.config http.https://github.com/.extraheader AUTHORIZATION: basic ***
player-vulkan-host	Check out source	2026-10-01T11:12:52.9848367Z [command]/usr/bin/git config --local includeIf.gitdir:/home/runner/work/The-Horde-RT-demo/The-Horde-RT-demo/.git.path /home/runner/work/_temp/git-credentials-4393bcb3-3898-41a4-a144-23b43fcb75f2.config
player-vulkan-host	Check out source	2026-10-01T11:12:52.9853617Z [command]/usr/bin/git config --local includeIf.gitdir:/home/runner/work/The-Horde-RT-demo/The-Horde-RT-demo/.git/worktrees/*.path /home/runner/work/_temp/git-credentials-4393bcb3-3898-41a4-a144-23b43fcb75f2.config
player-vulkan-host	Check out source	2026-10-01T11:12:52.9907129Z [command]/usr/bin/git config --local includeIf.gitdir:/github/workspace/.git.path /github/runner_temp/git-credentials-4393bcb3-3898-41a4-a144-23b43fcb75f2.config
player-vulkan-host	Check out source	2026-10-01T11:12:52.9947154Z [command]/usr/bin/git config --local includeIf.gitdir:/github/workspace/.git/worktrees/*.path /github/runner_temp/git-credentials-4393bcb3-3898-41a4-a144-23b43fcb75f2.config
player-vulkan-host	Check out source	2026-10-01T11:12:52.9979589Z ##[endgroup]
player-vulkan-host	Check out source	2026-10-01T11:12:52.9980448Z ##[group]Fetching the repository
player-vulkan-host	Check out source	2026-10-01T11:12:52.9989306Z [command]/usr/bin/git -c protocol.version=2 fetch --no-tags --prune --no-recurse-submodules --depth=1 origin +4aa5e0aca0cffc3fe395b05c4db4d191b756b563:refs/remotes/pull/15/merge
player-vulkan-host	Check out source	2026-10-01T11:12:54.3938456Z From https://github.com/Samfa12-tech/The-Horde-RT-demo
player-vulkan-host	Check out source	2026-10-01T11:12:54.3940026Z  * [new ref]         4aa5e0aca0cffc3fe395b05c4db4d191b756b563 -> pull/15/merge
player-vulkan-host	Check out source	2026-10-01T11:12:54.3944797Z ##[endgroup]
player-vulkan-host	Check out source	2026-10-01T11:12:54.3946018Z ##[group]Determining the checkout info
player-vulkan-host	Check out source	2026-10-01T11:12:54.3947395Z ##[endgroup]
player-vulkan-host	Check out source	2026-10-01T11:12:54.3953133Z [command]/usr/bin/git sparse-checkout disable
player-vulkan-host	Check out source	2026-10-01T11:12:54.4010266Z [command]/usr/bin/git config --local --unset-all extensions.worktreeConfig
player-vulkan-host	Check out source	2026-10-01T11:12:54.4055994Z ##[group]Checking out the ref
player-vulkan-host	Check out source	2026-10-01T11:12:54.4060966Z [command]/usr/bin/git checkout --progress --force refs/remotes/pull/15/merge
player-vulkan-host	Check out source	2026-10-01T11:12:55.4152972Z Updating files:  93% (4375/4665)
player-vulkan-host	Check out source	2026-10-01T11:12:55.4533964Z Updating files:  94% (4386/4665)
player-vulkan-host	Check out source	2026-10-01T11:12:55.4588238Z Updating files:  95% (4432/4665)
player-vulkan-host	Check out source	2026-10-01T11:12:55.4640559Z Updating files:  96% (4479/4665)
player-vulkan-host	Check out source	2026-10-01T11:12:55.4714085Z Updating files:  97% (4526/4665)
player-vulkan-host	Check out source	2026-10-01T11:12:55.4761964Z Updating files:  98% (4572/4665)
player-vulkan-host	Check out source	2026-10-01T11:12:55.4799542Z Updating files:  99% (4619/4665)
player-vulkan-host	Check out source	2026-10-01T11:12:55.4800148Z Updating files: 100% (4665/4665)
player-vulkan-host	Check out source	2026-10-01T11:12:55.4800627Z Updating files: 100% (4665/4665), done.
player-vulkan-host	Check out source	2026-10-01T11:12:55.4865474Z Note: switching to 'refs/remotes/pull/15/merge'.
player-vulkan-host	Check out source	2026-10-01T11:12:55.4866153Z 
player-vulkan-host	Check out source	2026-10-01T11:12:55.4866596Z You are in 'detached HEAD' state. You can look around, make experimental
player-vulkan-host	Check out source	2026-10-01T11:12:55.4867604Z changes and commit them, and you can discard any commits you make in this
player-vulkan-host	Check out source	2026-10-01T11:12:55.4868373Z state without impacting any branches by switching back to a branch.
player-vulkan-host	Check out source	2026-10-01T11:12:55.4868777Z 
player-vulkan-host	Check out source	2026-10-01T11:12:55.4869057Z If you want to create a new branch to retain commits you create, you may
player-vulkan-host	Check out source	2026-10-01T11:12:55.4869666Z do so (now or later) by using -c with the switch command. Example:
player-vulkan-host	Check out source	2026-10-01T11:12:55.4869985Z 
player-vulkan-host	Check out source	2026-10-01T11:12:55.4870123Z   git switch -c <new-branch-name>
player-vulkan-host	Check out source	2026-10-01T11:12:55.4870376Z 
player-vulkan-host	Check out source	2026-10-01T11:12:55.4870505Z Or undo this operation with:
player-vulkan-host	Check out source	2026-10-01T11:12:55.4871016Z 
player-vulkan-host	Check out source	2026-10-01T11:12:55.4871127Z   git switch -
player-vulkan-host	Check out source	2026-10-01T11:12:55.4871563Z 
player-vulkan-host	Check out source	2026-10-01T11:12:55.4871857Z Turn off this advice by setting config variable advice.detachedHead to false
player-vulkan-host	Check out source	2026-10-01T11:12:55.4872295Z 
player-vulkan-host	Check out source	2026-10-01T11:12:55.4872750Z HEAD is now at 4aa5e0a Merge ca58f0956637f9063fe1cda42989ad5f74daa47d into bda1b99a62e1de883273dd21f267bcfc92bc5490
player-vulkan-host	Check out source	2026-10-01T11:12:55.5446647Z ##[endgroup]
player-vulkan-host	Check out source	2026-10-01T11:12:55.5496279Z [command]/usr/bin/git log -1 --format=%H
player-vulkan-host	Check out source	2026-10-01T11:12:55.5526332Z 4aa5e0aca0cffc3fe395b05c4db4d191b756b563
player-vulkan-host	Install Vulkan host development package	﻿2026-10-01T11:12:55.5757123Z ##[group]Run sudo apt-get update && sudo apt-get install --yes libvulkan-dev
player-vulkan-host	Install Vulkan host development package	2026-10-01T11:12:55.5757768Z ^[[36;1msudo apt-get update && sudo apt-get install --yes libvulkan-dev^[[0m
player-vulkan-host	Install Vulkan host development package	2026-10-01T11:12:55.6023927Z shell: /usr/bin/bash -e {0}
player-vulkan-host	Install Vulkan host development package	2026-10-01T11:12:55.6024292Z ##[endgroup]
player-vulkan-host	Install Vulkan host development package	2026-10-01T11:12:55.6911846Z Get:1 file:/etc/apt/apt-mirrors.txt Mirrorlist [144 B]
player-vulkan-host	Install Vulkan host development package	2026-10-01T11:12:55.7330455Z Hit:2 http://azure.archive.ubuntu.com/ubuntu noble InRelease
player-vulkan-host	Install Vulkan host development package	2026-10-01T11:12:55.7340038Z Get:6 https://packages.microsoft.com/ubuntu/24.04/prod noble InRelease [3600 B]
player-vulkan-host	Install Vulkan host development package	2026-10-01T11:12:55.7368199Z Get:3 http://azure.archive.ubuntu.com/ubuntu noble-updates InRelease [126 kB]
player-vulkan-host	Install Vulkan host development package	2026-10-01T11:12:55.7428096Z Get:4 http://azure.archive.ubuntu.com/ubuntu noble-backports InRelease [126 kB]
player-vulkan-host	Install Vulkan host development package	2026-10-01T11:12:55.7456147Z Get:5 http://azure.archive.ubuntu.com/ubuntu noble-security InRelease [126 kB]
player-vulkan-host	Install Vulkan host development package	2026-10-01T11:12:55.8864531Z Get:7 https://packages.microsoft.com/ubuntu/24.04/prod noble/main amd64 Packages [509 kB]
player-vulkan-host	Install Vulkan host development package	2026-10-01T11:12:55.9014419Z Get:8 https://packages.microsoft.com/ubuntu/24.04/prod noble/main arm64 Packages [456 kB]
player-vulkan-host	Install Vulkan host development package	2026-10-01T11:12:55.9365291Z Get:9 http://azure.archive.ubuntu.com/ubuntu noble-updates/main amd64 Packages [1343 kB]
player-vulkan-host	Install Vulkan host development package	2026-10-01T11:12:55.9458995Z Get:10 http://azure.archive.ubuntu.com/ubuntu noble-updates/main Translation-en [302 kB]
player-vulkan-host	Install Vulkan host development package	2026-10-01T11:12:55.9483365Z Get:11 http://azure.archive.ubuntu.com/ubuntu noble-updates/main amd64 Components [181 kB]
player-vulkan-host	Install Vulkan host development package	2026-10-01T11:12:55.9502942Z Get:12 http://azure.archive.ubuntu.com/ubuntu noble-updates/universe amd64 Packages [1699 kB]
player-vulkan-host	Install Vulkan host development package	2026-10-01T11:12:55.9589486Z Get:13 http://azure.archive.ubuntu.com/ubuntu noble-updates/universe Translation-en [341 kB]
player-vulkan-host	Install Vulkan host development package	2026-10-01T11:12:55.9619448Z Get:14 http://azure.archive.ubuntu.com/ubuntu noble-updates/universe amd64 Components [388 kB]
player-vulkan-host	Install Vulkan host development package	2026-10-01T11:12:55.9652323Z Get:15 http://azure.archive.ubuntu.com/ubuntu noble-updates/restricted amd64 Packages [1701 kB]
player-vulkan-host	Install Vulkan host development package	2026-10-01T11:12:55.9738679Z Get:16 http://azure.archive.ubuntu.com/ubuntu noble-updates/restricted Translation-en [389 kB]
player-vulkan-host	Install Vulkan host development package	2026-10-01T11:12:55.9768590Z Get:17 http://azure.archive.ubuntu.com/ubuntu noble-updates/multiverse amd64 Components [940 B]
player-vulkan-host	Install Vulkan host development package	2026-10-01T11:12:56.0057230Z Get:18 http://azure.archive.ubuntu.com/ubuntu noble-backports/main amd64 Components [5760 B]
player-vulkan-host	Install Vulkan host development package	2026-10-01T11:12:56.0566696Z Get:19 http://azure.archive.ubuntu.com/ubuntu noble-backports/universe amd64 Components [12.6 kB]
player-vulkan-host	Install Vulkan host development package	2026-10-01T11:12:56.0584678Z Get:20 http://azure.archive.ubuntu.com/ubuntu noble-security/main amd64 Packages [1066 kB]
player-vulkan-host	Install Vulkan host development package	2026-10-01T11:12:56.0650876Z Get:21 http://azure.archive.ubuntu.com/ubuntu noble-security/main Translation-en [220 kB]
player-vulkan-host	Install Vulkan host development package	2026-10-01T11:12:56.0671956Z Get:22 http://azure.archive.ubuntu.com/ubuntu noble-security/main amd64 Components [46.4 kB]
player-vulkan-host	Install Vulkan host development package	2026-10-01T11:12:56.0686475Z Get:23 http://azure.archive.ubuntu.com/ubuntu noble-security/universe amd64 Packages [1216 kB]
player-vulkan-host	Install Vulkan host development package	2026-10-01T11:12:56.0797232Z Get:24 http://azure.archive.ubuntu.com/ubuntu noble-security/universe Translation-en [244 kB]
player-vulkan-host	Install Vulkan host development package	2026-10-01T11:12:56.0819332Z Get:25 http://azure.archive.ubuntu.com/ubuntu noble-security/universe amd64 Components [76.3 kB]
player-vulkan-host	Install Vulkan host development package	2026-10-01T11:12:56.0835215Z Get:26 http://azure.archive.ubuntu.com/ubuntu noble-security/restricted amd64 Packages [1566 kB]
player-vulkan-host	Install Vulkan host development package	2026-10-01T11:12:56.0917064Z Get:27 http://azure.archive.ubuntu.com/ubuntu noble-security/restricted Translation-en [361 kB]
player-vulkan-host	Install Vulkan host development package	2026-10-01T11:13:00.5883732Z Fetched 12.5 MB in 1s (8947 kB/s)
player-vulkan-host	Install Vulkan host development package	2026-10-01T11:13:01.4228555Z Reading package lists...
player-vulkan-host	Install Vulkan host development package	2026-10-01T11:13:01.4540362Z Reading package lists...
player-vulkan-host	Install Vulkan host development package	2026-10-01T11:13:01.6294802Z Building dependency tree...
player-vulkan-host	Install Vulkan host development package	2026-10-01T11:13:01.6302868Z Reading state information...
player-vulkan-host	Install Vulkan host development package	2026-10-01T11:13:01.7799933Z The following NEW packages will be installed:
player-vulkan-host	Install Vulkan host development package	2026-10-01T11:13:01.7801151Z   libvulkan-dev
player-vulkan-host	Install Vulkan host development package	2026-10-01T11:13:01.7967345Z 0 upgraded, 1 newly installed, 0 to remove and 24 not upgraded.
player-vulkan-host	Install Vulkan host development package	2026-10-01T11:13:01.7968114Z Need to get 1239 kB of archives.
player-vulkan-host	Install Vulkan host development package	2026-10-01T11:13:01.7968741Z After this operation, 26.5 MB of additional disk space will be used.
player-vulkan-host	Install Vulkan host development package	2026-10-01T11:13:01.7970087Z Get:1 file:/etc/apt/apt-mirrors.txt Mirrorlist [144 B]
player-vulkan-host	Install Vulkan host development package	2026-10-01T11:13:01.8306661Z Get:2 http://azure.archive.ubuntu.com/ubuntu noble/main amd64 libvulkan-dev amd64 1.3.275.0-1build1 [1239 kB]
player-vulkan-host	Install Vulkan host development package	2026-10-01T11:13:02.1384142Z Fetched 1239 kB in 0s (12.0 MB/s)
player-vulkan-host	Install Vulkan host development package	2026-10-01T11:13:02.1591868Z Selecting previously unselected package libvulkan-dev:amd64.
player-vulkan-host	Install Vulkan host development package	2026-10-01T11:13:02.1889047Z (Reading database ... 
player-vulkan-host	Install Vulkan host development package	2026-10-01T11:13:02.1889679Z (Reading database ... 5%
player-vulkan-host	Install Vulkan host development package	2026-10-01T11:13:02.1956545Z (Reading database ... 10%
player-vulkan-host	Install Vulkan host development package	2026-10-01T11:13:02.1957100Z (Reading database ... 15%
player-vulkan-host	Install Vulkan host development package	2026-10-01T11:13:02.1959333Z (Reading database ... 20%
player-vulkan-host	Install Vulkan host development package	2026-10-01T11:13:02.1960032Z (Reading database ... 25%
player-vulkan-host	Install Vulkan host development package	2026-10-01T11:13:02.1960709Z (Reading database ... 30%
player-vulkan-host	Install Vulkan host development package	2026-10-01T11:13:02.1961196Z (Reading database ... 35%
player-vulkan-host	Install Vulkan host development package	2026-10-01T11:13:02.1961933Z (Reading database ... 40%
player-vulkan-host	Install Vulkan host development package	2026-10-01T11:13:02.1962514Z (Reading database ... 45%
player-vulkan-host	Install Vulkan host development package	2026-10-01T11:13:02.1963002Z (Reading database ... 50%
player-vulkan-host	Install Vulkan host development package	2026-10-01T11:13:02.1963503Z (Reading database ... 55%
player-vulkan-host	Install Vulkan host development package	2026-10-01T11:13:02.3028174Z (Reading database ... 60%
player-vulkan-host	Install Vulkan host development package	2026-10-01T11:13:02.5100793Z (Reading database ... 65%
player-vulkan-host	Install Vulkan host development package	2026-10-01T11:13:02.7173936Z (Reading database ... 70%
player-vulkan-host	Install Vulkan host development package	2026-10-01T11:13:02.9027185Z (Reading database ... 75%
player-vulkan-host	Install Vulkan host development package	2026-10-01T11:13:03.0614581Z (Reading database ... 80%
player-vulkan-host	Install Vulkan host development package	2026-10-01T11:13:03.2493705Z (Reading database ... 85%
player-vulkan-host	Install Vulkan host development package	2026-10-01T11:13:03.4603877Z (Reading database ... 90%
player-vulkan-host	Install Vulkan host development package	2026-10-01T11:13:03.5691985Z (Reading database ... 95%
player-vulkan-host	Install Vulkan host development package	2026-10-01T11:13:03.5692847Z (Reading database ... 100%
player-vulkan-host	Install Vulkan host development package	2026-10-01T11:13:03.5693568Z (Reading database ... 202296 files and directories currently installed.)
player-vulkan-host	Install Vulkan host development package	2026-10-01T11:13:03.5736721Z Preparing to unpack .../libvulkan-dev_1.3.275.0-1build1_amd64.deb ...
player-vulkan-host	Install Vulkan host development package	2026-10-01T11:13:03.5760827Z Unpacking libvulkan-dev:amd64 (1.3.275.0-1build1) ...
player-vulkan-host	Install Vulkan host development package	2026-10-01T11:13:03.6870835Z Setting up libvulkan-dev:amd64 (1.3.275.0-1build1) ...
player-vulkan-host	Install Vulkan host development package	2026-10-01T11:13:04.4193667Z 
player-vulkan-host	Install Vulkan host development package	2026-10-01T11:13:04.4194485Z Running kernel seems to be up-to-date.
player-vulkan-host	Install Vulkan host development package	2026-10-01T11:13:04.4194802Z 
player-vulkan-host	Install Vulkan host development package	2026-10-01T11:13:04.4194965Z No services need to be restarted.
player-vulkan-host	Install Vulkan host development package	2026-10-01T11:13:04.4195203Z 
player-vulkan-host	Install Vulkan host development package	2026-10-01T11:13:04.4195331Z No containers need to be restarted.
player-vulkan-host	Install Vulkan host development package	2026-10-01T11:13:04.4195572Z 
player-vulkan-host	Install Vulkan host development package	2026-10-01T11:13:04.4195732Z No user sessions are running outdated binaries.
player-vulkan-host	Install Vulkan host development package	2026-10-01T11:13:04.4196009Z 
player-vulkan-host	Install Vulkan host development package	2026-10-01T11:13:04.4196269Z No VM guests are running outdated hypervisor (qemu) binaries on this host.
player-vulkan-host	Fetch player smoke GLB and texture assets	﻿2026-10-01T11:13:05.3119410Z ##[group]Run git -c lfs.fetchexclude= lfs fetch --include="assets/models/enemies/meshy/*.glb,assets/models/player/runtime/*.glb,assets/models/player/viewmodel/runtime/*.glb,assets/models/props/runtime/*.glb,assets/models/props/runtime/*/*.glb,assets/models/weapons/runtime/*.glb,assets/textures/meshy/lich_placeholder_v01/*.ktx2,tests/fixtures/*/*.glb" && git lfs checkout "assets/models/enemies/meshy/*.glb" "assets/models/player/runtime/*.glb" "assets/models/player/viewmodel/runtime/*.glb" "assets/models/props/runtime/*.glb" "assets/models/props/runtime/*/*.glb" "assets/models/weapons/runtime/*.glb" "assets/textures/meshy/lich_placeholder_v01/*.ktx2" "tests/fixtures/*/*.glb"
player-vulkan-host	Fetch player smoke GLB and texture assets	2026-10-01T11:13:05.3124784Z ^[[36;1mgit -c lfs.fetchexclude= lfs fetch --include="assets/models/enemies/meshy/*.glb,assets/models/player/runtime/*.glb,assets/models/player/viewmodel/runtime/*.glb,assets/models/props/runtime/*.glb,assets/models/props/runtime/*/*.glb,assets/models/weapons/runtime/*.glb,assets/textures/meshy/lich_placeholder_v01/*.ktx2,tests/fixtures/*/*.glb" && git lfs checkout "assets/models/enemies/meshy/*.glb" "assets/models/player/runtime/*.glb" "assets/models/player/viewmodel/runtime/*.glb" "assets/models/props/runtime/*.glb" "assets/models/props/runtime/*/*.glb" "assets/models/weapons/runtime/*.glb" "assets/textures/meshy/lich_placeholder_v01/*.ktx2" "tests/fixtures/*/*.glb"^[[0m
player-vulkan-host	Fetch player smoke GLB and texture assets	2026-10-01T11:13:05.3194513Z shell: /usr/bin/bash -e {0}
player-vulkan-host	Fetch player smoke GLB and texture assets	2026-10-01T11:13:05.3194792Z ##[endgroup]
player-vulkan-host	Fetch player smoke GLB and texture assets	2026-10-01T11:13:05.3494671Z Fetching reference HEAD
player-vulkan-host	Fetch player smoke GLB and texture assets	2026-10-01T11:13:06.9589618Z Checking out LFS objects: 100% (52/52), 91 MB | 0 B/s, done.
player-vulkan-host	Configure Vulkan CPU-host player and resource lane	﻿2026-10-01T11:13:07.6353657Z ##[group]Run cmake -S . -B build/player-vulkan-host -DCMAKE_BUILD_TYPE=Release -DBUILD_TESTING=ON -DHORDE_RT_BUILD_VULKAN_TARGETS=ON -DHORDE_RT_BUILD_CAPABILITY_PROBE_EXECUTABLE=OFF -DHORDE_RT_BUILD_WINDOWS_DIAGNOSTIC_WINDOW=OFF -DHORDE_RT_INSTRUMENTATION_OVERRIDE=Shipping -DHORDE_RT_DIELECTRIC_QUALITY_OVERRIDE=Mobile
player-vulkan-host	Configure Vulkan CPU-host player and resource lane	2026-10-01T11:13:07.6355925Z ^[[36;1mcmake -S . -B build/player-vulkan-host -DCMAKE_BUILD_TYPE=Release -DBUILD_TESTING=ON -DHORDE_RT_BUILD_VULKAN_TARGETS=ON -DHORDE_RT_BUILD_CAPABILITY_PROBE_EXECUTABLE=OFF -DHORDE_RT_BUILD_WINDOWS_DIAGNOSTIC_WINDOW=OFF -DHORDE_RT_INSTRUMENTATION_OVERRIDE=Shipping -DHORDE_RT_DIELECTRIC_QUALITY_OVERRIDE=Mobile^[[0m
player-vulkan-host	Configure Vulkan CPU-host player and resource lane	2026-10-01T11:13:07.6420300Z shell: /usr/bin/bash -e {0}
player-vulkan-host	Configure Vulkan CPU-host player and resource lane	2026-10-01T11:13:07.6420730Z ##[endgroup]
player-vulkan-host	Configure Vulkan CPU-host player and resource lane	2026-10-01T11:13:09.5255053Z -- The CXX compiler identification is GNU 13.3.0
player-vulkan-host	Configure Vulkan CPU-host player and resource lane	2026-10-01T11:13:09.7682443Z -- Detecting CXX compiler ABI info
player-vulkan-host	Configure Vulkan CPU-host player and resource lane	2026-10-01T11:13:10.1184760Z -- Detecting CXX compiler ABI info - done
player-vulkan-host	Configure Vulkan CPU-host player and resource lane	2026-10-01T11:13:10.1365167Z -- Check for working CXX compiler: /usr/bin/c++ - skipped
player-vulkan-host	Configure Vulkan CPU-host player and resource lane	2026-10-01T11:13:10.1417695Z -- Detecting CXX compile features
player-vulkan-host	Configure Vulkan CPU-host player and resource lane	2026-10-01T11:13:10.1464140Z -- Detecting CXX compile features - done
player-vulkan-host	Configure Vulkan CPU-host player and resource lane	2026-10-01T11:13:17.1244699Z Generated RT catalog adapter is current.
player-vulkan-host	Configure Vulkan CPU-host player and resource lane	2026-10-01T11:13:17.3104355Z -- Strict non-contracted asset-transform arithmetic enabled for GltfDocument.cpp and StaticMeshAsset.cpp: -fno-fast-math;-ffp-contract=off
player-vulkan-host	Configure Vulkan CPU-host player and resource lane	2026-10-01T11:13:17.3956651Z -- Found Vulkan: /usr/lib/x86_64-linux-gnu/libvulkan.so (found version "1.3.275")  missing components: glslc glslangValidator
player-vulkan-host	Configure Vulkan CPU-host player and resource lane	2026-10-01T11:13:17.3958141Z -- Vulkan SDK found: 1.3.275
player-vulkan-host	Configure Vulkan CPU-host player and resource lane	2026-10-01T11:13:17.4211068Z -- Performing Test CMAKE_HAVE_LIBC_PTHREAD
player-vulkan-host	Configure Vulkan CPU-host player and resource lane	2026-10-01T11:13:17.5978550Z -- Performing Test CMAKE_HAVE_LIBC_PTHREAD - Success
player-vulkan-host	Configure Vulkan CPU-host player and resource lane	2026-10-01T11:13:17.5988000Z -- Found Threads: TRUE
player-vulkan-host	Configure Vulkan CPU-host player and resource lane	2026-10-01T11:13:18.9466059Z -- Legacy torch-failure identifiers were rejected by the configured GNU compiler.
player-vulkan-host	Configure Vulkan CPU-host player and resource lane	2026-10-01T11:13:18.9480833Z -- Horde Lantern RT: Vulkan capability probe and Windows diagnostic targets are available; Android builds from android/.
player-vulkan-host	Configure Vulkan CPU-host player and resource lane	2026-10-01T11:13:18.9482648Z -- Configuring done (10.5s)
player-vulkan-host	Configure Vulkan CPU-host player and resource lane	2026-10-01T11:13:19.1180267Z -- Generating done (0.2s)
player-vulkan-host	Configure Vulkan CPU-host player and resource lane	2026-10-01T11:13:19.1184077Z -- Build files have been written to: /home/runner/work/The-Horde-RT-demo/The-Horde-RT-demo/build/player-vulkan-host
player-vulkan-host	Build focused player and resource Vulkan-host targets	﻿2026-10-01T11:13:19.1332131Z ##[group]Run cmake --build build/player-vulkan-host --config Release --parallel 2 --target horde_rt_player_primitive_contract_tests horde_rt_player_animation_tests horde_rt_held_item_socket_tests horde_rt_scene_abi_tests horde_rt_static_gltf_asset_tests horde_rt_skinned_character_smoke horde_rt_skinned_arm_reference_tests horde_rt_scene_initialise_preflight_tests horde_rt_scene_resource_inventory_tests horde_rt_staged_primary_resource_tests horde_rt_staged_primary_timing_tests
player-vulkan-host	Build focused player and resource Vulkan-host targets	2026-10-01T11:13:19.1335490Z ^[[36;1mcmake --build build/player-vulkan-host --config Release --parallel 2 --target horde_rt_player_primitive_contract_tests horde_rt_player_animation_tests horde_rt_held_item_socket_tests horde_rt_scene_abi_tests horde_rt_static_gltf_asset_tests horde_rt_skinned_character_smoke horde_rt_skinned_arm_reference_tests horde_rt_scene_initialise_preflight_tests horde_rt_scene_resource_inventory_tests horde_rt_staged_primary_resource_tests horde_rt_staged_primary_timing_tests^[[0m
player-vulkan-host	Build focused player and resource Vulkan-host targets	2026-10-01T11:13:19.1399645Z shell: /usr/bin/bash -e {0}
player-vulkan-host	Build focused player and resource Vulkan-host targets	2026-10-01T11:13:19.1399954Z ##[endgroup]
player-vulkan-host	Build focused player and resource Vulkan-host targets	2026-10-01T11:13:19.1779261Z [100%] Building CXX object CMakeFiles/horde_rt_player_primitive_contract_tests.dir/tests/PlayerPrimitiveContractTests.cpp.o
player-vulkan-host	Build focused player and resource Vulkan-host targets	2026-10-01T11:13:20.4979168Z [100%] Linking CXX executable horde_rt_player_primitive_contract_tests
player-vulkan-host	Build focused player and resource Vulkan-host targets	2026-10-01T11:13:20.5431557Z [100%] Built target horde_rt_player_primitive_contract_tests
player-vulkan-host	Build focused player and resource Vulkan-host targets	2026-10-01T11:13:20.5636292Z [  9%] Building CXX object pocket-audio-core-native/CMakeFiles/pocket_audio_native_pcm.dir/src/PcmLoopStream.cpp.o
player-vulkan-host	Build focused player and resource Vulkan-host targets	2026-10-01T11:13:20.5637926Z [  9%] Building CXX object pocket-audio-core-native/CMakeFiles/pocket_audio_native_pcm.dir/src/PcmWave.cpp.o
player-vulkan-host	Build focused player and resource Vulkan-host targets	2026-10-01T11:13:21.0050548Z [ 18%] Linking CXX static library libpocket_audio_native_pcm.a
player-vulkan-host	Build focused player and resource Vulkan-host targets	2026-10-01T11:13:21.7060501Z [ 18%] Built target pocket_audio_native_pcm
player-vulkan-host	Build focused player and resource Vulkan-host targets	2026-10-01T11:13:21.7138448Z [ 18%] Building CXX object CMakeFiles/horde_gameplay_simulation.dir/src/audio/MusicDirector.cpp.o
player-vulkan-host	Build focused player and resource Vulkan-host targets	2026-10-01T11:13:21.7140462Z [ 18%] Building CXX object CMakeFiles/horde_gameplay_simulation.dir/src/audio/MusicPcmStream.cpp.o
player-vulkan-host	Build focused player and resource Vulkan-host targets	2026-10-01T11:13:22.4437917Z [ 27%] Building CXX object CMakeFiles/horde_gameplay_simulation.dir/src/audio/MusicPcmWave.cpp.o
player-vulkan-host	Build focused player and resource Vulkan-host targets	2026-10-01T11:13:22.5434778Z [ 27%] Building CXX object CMakeFiles/horde_gameplay_simulation.dir/src/audio/MusicPcmAssetBank.cpp.o
player-vulkan-host	Build focused player and resource Vulkan-host targets	2026-10-01T11:13:22.6012590Z [ 36%] Building CXX object CMakeFiles/horde_gameplay_simulation.dir/src/audio/MusicPlaybackSession.cpp.o
player-vulkan-host	Build focused player and resource Vulkan-host targets	2026-10-01T11:13:23.3082892Z [ 36%] Building CXX object CMakeFiles/horde_gameplay_simulation.dir/src/reporting/PlaytestReport.cpp.o
player-vulkan-host	Build focused player and resource Vulkan-host targets	2026-10-01T11:13:23.3678718Z [ 36%] Building CXX object CMakeFiles/horde_gameplay_simulation.dir/src/gameplay/simulation/GameSimulation.cpp.o
player-vulkan-host	Build focused player and resource Vulkan-host targets	2026-10-01T11:13:24.4033952Z [ 45%] Building CXX object CMakeFiles/horde_gameplay_simulation.dir/src/gameplay/animation/PlayerAnimationState.cpp.o
player-vulkan-host	Build focused player and resource Vulkan-host targets	2026-10-01T11:13:25.1264392Z [ 45%] Building CXX object CMakeFiles/horde_gameplay_simulation.dir/src/gameplay/animation/PlayerIkTargets.cpp.o
player-vulkan-host	Build focused player and resource Vulkan-host targets	2026-10-01T11:13:25.3849480Z [ 54%] Building CXX object CMakeFiles/horde_gameplay_simulation.dir/src/gameplay/effects/FireEmitterState.cpp.o
player-vulkan-host	Build focused player and resource Vulkan-host targets	2026-10-01T11:13:25.6778669Z [ 54%] Building CXX object CMakeFiles/horde_gameplay_simulation.dir/src/gameplay/interactions/InteractionState.cpp.o
player-vulkan-host	Build focused player and resource Vulkan-host targets	2026-10-01T11:13:25.8213831Z [ 54%] Building CXX object CMakeFiles/horde_gameplay_simulation.dir/src/gameplay/interactions/ChestRewardSequence.cpp.o
player-vulkan-host	Build focused player and resource Vulkan-host targets	2026-10-01T11:13:25.9164690Z [ 63%] Building CXX object CMakeFiles/horde_gameplay_simulation.dir/src/gameplay/interactions/FinaleSequence.cpp.o
player-vulkan-host	Build focused player and resource Vulkan-host targets	2026-10-01T11:13:26.0604008Z [ 63%] Building CXX object CMakeFiles/horde_gameplay_simulation.dir/src/gameplay/items/LanternPendulum.cpp.o
player-vulkan-host	Build focused player and resource Vulkan-host targets	2026-10-01T11:13:26.1505331Z [ 72%] Building CXX object CMakeFiles/horde_gameplay_simulation.dir/src/gameplay/items/HeldItemState.cpp.o
player-vulkan-host	Build focused player and resource Vulkan-host targets	2026-10-01T11:13:26.2481990Z [ 72%] Building CXX object CMakeFiles/horde_gameplay_simulation.dir/src/gameplay/items/HeldItemKinematics.cpp.o
player-vulkan-host	Build focused player and resource Vulkan-host targets	2026-10-01T11:13:26.4010343Z [ 81%] Building CXX object CMakeFiles/horde_gameplay_simulation.dir/src/gameplay/items/HeldLightState.cpp.o
player-vulkan-host	Build focused player and resource Vulkan-host targets	2026-10-01T11:13:27.3776294Z [ 81%] Linking CXX static library libhorde_gameplay_simulation.a
player-vulkan-host	Build focused player and resource Vulkan-host targets	2026-10-01T11:13:27.4694301Z [ 81%] Built target horde_gameplay_simulation
player-vulkan-host	Build focused player and resource Vulkan-host targets	2026-10-01T11:13:27.4765494Z [ 90%] Building CXX object CMakeFiles/horde_rt_player_animation_tests.dir/tests/PlayerAnimationTests.cpp.o
player-vulkan-host	Build focused player and resource Vulkan-host targets	2026-10-01T11:13:27.4767048Z [ 90%] Building CXX object CMakeFiles/horde_rt_player_animation_tests.dir/src/telemetry/RtPerformanceEvidence.cpp.o
player-vulkan-host	Build focused player and resource Vulkan-host targets	2026-10-01T11:13:28.7628944Z [100%] Building CXX object CMakeFiles/horde_rt_player_animation_tests.dir/src/scene/assets/SkinnedMeshAsset.cpp.o
player-vulkan-host	Build focused player and resource Vulkan-host targets	2026-10-01T11:13:28.7714140Z [100%] Building CXX object CMakeFiles/horde_rt_player_animation_tests.dir/src/vulkan/raytracing/PlayerRenderSlot.cpp.o
player-vulkan-host	Build focused player and resource Vulkan-host targets	2026-10-01T11:13:32.2069340Z [100%] Linking CXX executable horde_rt_player_animation_tests
player-vulkan-host	Build focused player and resource Vulkan-host targets	2026-10-01T11:13:32.2615986Z [100%] Built target horde_rt_player_animation_tests
player-vulkan-host	Build focused player and resource Vulkan-host targets	2026-10-01T11:13:32.2892363Z [ 16%] Built target pocket_audio_native_pcm
player-vulkan-host	Build focused player and resource Vulkan-host targets	2026-10-01T11:13:32.3126471Z [ 75%] Built target horde_gameplay_simulation
player-vulkan-host	Build focused player and resource Vulkan-host targets	2026-10-01T11:13:32.3198666Z [ 83%] Building CXX object CMakeFiles/horde_rt_held_item_socket_tests.dir/tests/HeldItemSocketTests.cpp.o
player-vulkan-host	Build focused player and resource Vulkan-host targets	2026-10-01T11:13:32.3200512Z [ 83%] Building CXX object CMakeFiles/horde_rt_held_item_socket_tests.dir/src/scene/assets/AssetManifest.cpp.o
player-vulkan-host	Build focused player and resource Vulkan-host targets	2026-10-01T11:13:33.8860722Z [ 83%] Building CXX object CMakeFiles/horde_rt_held_item_socket_tests.dir/src/scene/assets/AssetValidation.cpp.o
player-vulkan-host	Build focused player and resource Vulkan-host targets	2026-10-01T11:13:34.4205145Z [ 91%] Building CXX object CMakeFiles/horde_rt_held_item_socket_tests.dir/src/scene/assets/GltfDocument.cpp.o
player-vulkan-host	Build focused player and resource Vulkan-host targets	2026-10-01T11:13:34.9857462Z [ 91%] Building CXX object CMakeFiles/horde_rt_held_item_socket_tests.dir/src/scene/assets/StaticMeshAsset.cpp.o
player-vulkan-host	Build focused player and resource Vulkan-host targets	2026-10-01T11:13:37.0221165Z [100%] Building CXX object CMakeFiles/horde_rt_held_item_socket_tests.dir/src/vulkan/raytracing/HeldItemRenderSlot.cpp.o
player-vulkan-host	Build focused player and resource Vulkan-host targets	2026-10-01T11:13:37.0962778Z [100%] Building CXX object CMakeFiles/horde_rt_held_item_socket_tests.dir/src/vulkan/raytracing/RtStaticMeshSlot.cpp.o
player-vulkan-host	Build focused player and resource Vulkan-host targets	2026-10-01T11:13:39.0035095Z [100%] Linking CXX executable horde_rt_held_item_socket_tests
player-vulkan-host	Build focused player and resource Vulkan-host targets	2026-10-01T11:13:39.0575167Z [100%] Built target horde_rt_held_item_socket_tests
player-vulkan-host	Build focused player and resource Vulkan-host targets	2026-10-01T11:13:39.0784108Z [  0%] Building CXX object CMakeFiles/horde_rt_scene_abi_tests.dir/tests/RtSceneAbiTests.cpp.o
player-vulkan-host	Build focused player and resource Vulkan-host targets	2026-10-01T11:13:39.0787426Z [ 50%] Building CXX object CMakeFiles/horde_rt_scene_abi_tests.dir/src/vulkan/raytracing/RtStaticMeshSlot.cpp.o
player-vulkan-host	Build focused player and resource Vulkan-host targets	2026-10-01T11:13:40.2578609Z [ 50%] Building CXX object CMakeFiles/horde_rt_scene_abi_tests.dir/src/vulkan/raytracing/RtTextureArrays.cpp.o
player-vulkan-host	Build focused player and resource Vulkan-host targets	2026-10-01T11:13:40.9589730Z [100%] Linking CXX executable horde_rt_scene_abi_tests
player-vulkan-host	Build focused player and resource Vulkan-host targets	2026-10-01T11:13:41.0056822Z [100%] Built target horde_rt_scene_abi_tests
player-vulkan-host	Build focused player and resource Vulkan-host targets	2026-10-01T11:13:41.0265612Z [ 33%] Building CXX object CMakeFiles/horde_rt_static_gltf_asset_tests.dir/tests/StaticGltfAssetTests.cpp.o
player-vulkan-host	Build focused player and resource Vulkan-host targets	2026-10-01T11:13:41.0267221Z [ 33%] Building CXX object CMakeFiles/horde_rt_static_gltf_asset_tests.dir/src/scene/assets/AssetManifest.cpp.o
player-vulkan-host	Build focused player and resource Vulkan-host targets	2026-10-01T11:13:43.6219064Z [ 66%] Building CXX object CMakeFiles/horde_rt_static_gltf_asset_tests.dir/src/scene/assets/AssetValidation.cpp.o
player-vulkan-host	Build focused player and resource Vulkan-host targets	2026-10-01T11:13:44.1511226Z [ 66%] Building CXX object CMakeFiles/horde_rt_static_gltf_asset_tests.dir/src/scene/assets/GltfDocument.cpp.o
player-vulkan-host	Build focused player and resource Vulkan-host targets	2026-10-01T11:13:46.3163317Z [ 66%] Building CXX object CMakeFiles/horde_rt_static_gltf_asset_tests.dir/src/scene/assets/StaticMeshAsset.cpp.o
player-vulkan-host	Build focused player and resource Vulkan-host targets	2026-10-01T11:13:46.7927767Z [100%] Building CXX object CMakeFiles/horde_rt_static_gltf_asset_tests.dir/src/vulkan/raytracing/RtStaticMeshSlot.cpp.o
player-vulkan-host	Build focused player and resource Vulkan-host targets	2026-10-01T11:13:50.0842624Z [100%] Linking CXX executable horde_rt_static_gltf_asset_tests
player-vulkan-host	Build focused player and resource Vulkan-host targets	2026-10-01T11:13:50.1384620Z [100%] Built target horde_rt_static_gltf_asset_tests
player-vulkan-host	Build focused player and resource Vulkan-host targets	2026-10-01T11:13:50.1611448Z [  8%] Built target pocket_audio_native_pcm
player-vulkan-host	Build focused player and resource Vulkan-host targets	2026-10-01T11:13:50.1757809Z [ 39%] Built target horde_gameplay_simulation
player-vulkan-host	Build focused player and resource Vulkan-host targets	2026-10-01T11:13:50.1841776Z [ 39%] Building CXX object CMakeFiles/horde_rt_probe_core.dir/src/telemetry/RtPerformanceEvidence.cpp.o
player-vulkan-host	Build focused player and resource Vulkan-host targets	2026-10-01T11:13:50.1845180Z [ 43%] Building CXX object CMakeFiles/horde_rt_probe_core.dir/src/telemetry/RtEvidencePublication.cpp.o
player-vulkan-host	Build focused player and resource Vulkan-host targets	2026-10-01T11:13:50.8138633Z [ 43%] Building CXX object CMakeFiles/horde_rt_probe_core.dir/src/telemetry/RtBenchmarkEvidenceRun.cpp.o
player-vulkan-host	Build focused player and resource Vulkan-host targets	2026-10-01T11:13:51.5109282Z [ 43%] Building CXX object CMakeFiles/horde_rt_probe_core.dir/src/telemetry/RtBenchmarkEvidenceReport.cpp.o
player-vulkan-host	Build focused player and resource Vulkan-host targets	2026-10-01T11:13:51.5717858Z [ 47%] Building CXX object CMakeFiles/horde_rt_probe_core.dir/src/gameplay/ShowcaseBenchmark.cpp.o
player-vulkan-host	Build focused player and resource Vulkan-host targets	2026-10-01T11:13:52.6410878Z [ 47%] Building CXX object CMakeFiles/horde_rt_probe_core.dir/src/scene/assets/AssetManifest.cpp.o
player-vulkan-host	Build focused player and resource Vulkan-host targets	2026-10-01T11:13:53.1626237Z [ 52%] Building CXX object CMakeFiles/horde_rt_probe_core.dir/src/scene/assets/AssetValidation.cpp.o
player-vulkan-host	Build focused player and resource Vulkan-host targets	2026-10-01T11:13:53.6937850Z [ 52%] Building CXX object CMakeFiles/horde_rt_probe_core.dir/src/scene/assets/GltfDocument.cpp.o
player-vulkan-host	Build focused player and resource Vulkan-host targets	2026-10-01T11:13:55.2053141Z [ 56%] Building CXX object CMakeFiles/horde_rt_probe_core.dir/src/scene/assets/StaticMeshAsset.cpp.o
player-vulkan-host	Build focused player and resource Vulkan-host targets	2026-10-01T11:13:56.3288864Z [ 56%] Building CXX object CMakeFiles/horde_rt_probe_core.dir/src/update/GitHubReleaseUpdater.cpp.o
player-vulkan-host	Build focused player and resource Vulkan-host targets	2026-10-01T11:13:58.1230891Z [ 56%] Building CXX object CMakeFiles/horde_rt_probe_core.dir/src/vulkan/DeviceCapabilities.cpp.o
player-vulkan-host	Build focused player and resource Vulkan-host targets	2026-10-01T11:13:58.4388363Z [ 60%] Building CXX object CMakeFiles/horde_rt_probe_core.dir/src/vulkan/RtCapabilityReport.cpp.o
player-vulkan-host	Build focused player and resource Vulkan-host targets	2026-10-01T11:13:58.9970448Z [ 60%] Building CXX object CMakeFiles/horde_rt_probe_core.dir/src/vulkan/GpuFrameTimer.cpp.o
player-vulkan-host	Build focused player and resource Vulkan-host targets	2026-10-01T11:13:59.3438617Z [ 65%] Building CXX object CMakeFiles/horde_rt_probe_core.dir/src/vulkan/VulkanContext.cpp.o
player-vulkan-host	Build focused player and resource Vulkan-host targets	2026-10-01T11:13:59.8532833Z [ 65%] Building CXX object CMakeFiles/horde_rt_probe_core.dir/src/vulkan/raytracing/RayTracingRequirements.cpp.o
player-vulkan-host	Build focused player and resource Vulkan-host targets	2026-10-01T11:14:00.1182722Z [ 65%] Building CXX object CMakeFiles/horde_rt_probe_core.dir/src/vulkan/raytracing/RtGpuResources.cpp.o
player-vulkan-host	Build focused player and resource Vulkan-host targets	2026-10-01T11:14:01.1252963Z [ 69%] Building CXX object CMakeFiles/horde_rt_probe_core.dir/src/vulkan/raytracing/HeldItemRenderSlot.cpp.o
player-vulkan-host	Build focused player and resource Vulkan-host targets	2026-10-01T11:14:01.2018571Z [ 69%] Building CXX object CMakeFiles/horde_rt_probe_core.dir/src/vulkan/raytracing/FireEmitterBuffer.cpp.o
player-vulkan-host	Build focused player and resource Vulkan-host targets	2026-10-01T11:14:01.3345055Z [ 73%] Building CXX object CMakeFiles/horde_rt_probe_core.dir/src/vulkan/raytracing/RtStaticMeshSlot.cpp.o
player-vulkan-host	Build focused player and resource Vulkan-host targets	2026-10-01T11:14:02.0693913Z [ 73%] Building CXX object CMakeFiles/horde_rt_probe_core.dir/src/vulkan/raytracing/RtTextureArrays.cpp.o
player-vulkan-host	Build focused player and resource Vulkan-host targets	2026-10-01T11:14:02.3310505Z [ 73%] Building CXX object CMakeFiles/horde_rt_probe_core.dir/src/vulkan/raytracing/CharacterRenderSlot.cpp.o
player-vulkan-host	Build focused player and resource Vulkan-host targets	2026-10-01T11:14:03.2498622Z [ 78%] Building CXX object CMakeFiles/horde_rt_probe_core.dir/src/vulkan/raytracing/PlayerRenderSlot.cpp.o
player-vulkan-host	Build focused player and resource Vulkan-host targets	2026-10-01T11:14:03.7278705Z [ 78%] Building CXX object CMakeFiles/horde_rt_probe_core.dir/src/vulkan/raytracing/RtPipelineVariants.cpp.o
player-vulkan-host	Build focused player and resource Vulkan-host targets	2026-10-01T11:14:04.0799615Z [ 82%] Building CXX object CMakeFiles/horde_rt_probe_core.dir/src/vulkan/raytracing/RtPipelineVariantProvider.cpp.o
player-vulkan-host	Build focused player and resource Vulkan-host targets	2026-10-01T11:14:04.8165574Z [ 82%] Building CXX object CMakeFiles/horde_rt_probe_core.dir/src/vulkan/raytracing/RtPipelineBundleContracts.cpp.o
player-vulkan-host	Build focused player and resource Vulkan-host targets	2026-10-01T11:14:05.2272483Z [ 86%] Building CXX object CMakeFiles/horde_rt_probe_core.dir/src/vulkan/raytracing/RtPipelineBundle.cpp.o
player-vulkan-host	Build focused player and resource Vulkan-host targets	2026-10-01T11:14:05.7664089Z [ 86%] Building CXX object CMakeFiles/horde_rt_probe_core.dir/src/vulkan/raytracing/RtFrameEvidenceCoordinator.cpp.o
player-vulkan-host	Build focused player and resource Vulkan-host targets	2026-10-01T11:14:05.8852976Z [ 86%] Building CXX object CMakeFiles/horde_rt_probe_core.dir/src/vulkan/raytracing/PresentableTinyRtScene.cpp.o
player-vulkan-host	Build focused player and resource Vulkan-host targets	2026-10-01T11:14:06.9816660Z [ 91%] Building CXX object CMakeFiles/horde_rt_probe_core.dir/src/vulkan/raytracing/SimulationFrameAdapter.cpp.o
player-vulkan-host	Build focused player and resource Vulkan-host targets	2026-10-01T11:14:07.9019208Z [ 91%] Building CXX object CMakeFiles/horde_rt_probe_core.dir/src/scene/assets/SkinnedMeshAsset.cpp.o
player-vulkan-host	Build focused player and resource Vulkan-host targets	2026-10-01T11:14:12.1404498Z [ 95%] Linking CXX static library libhorde_rt_probe_core.a
player-vulkan-host	Build focused player and resource Vulkan-host targets	2026-10-01T11:14:12.2519020Z [ 95%] Built target horde_rt_probe_core
player-vulkan-host	Build focused player and resource Vulkan-host targets	2026-10-01T11:14:12.2588448Z [100%] Building CXX object CMakeFiles/horde_rt_skinned_character_smoke.dir/tests/SkinnedCharacterModelSmoke.cpp.o
player-vulkan-host	Build focused player and resource Vulkan-host targets	2026-10-01T11:14:16.5309779Z [100%] Linking CXX executable horde_rt_skinned_character_smoke
player-vulkan-host	Build focused player and resource Vulkan-host targets	2026-10-01T11:14:16.5866218Z [100%] Built target horde_rt_skinned_character_smoke
player-vulkan-host	Build focused player and resource Vulkan-host targets	2026-10-01T11:14:16.6101206Z [  9%] Built target pocket_audio_native_pcm
player-vulkan-host	Build focused player and resource Vulkan-host targets	2026-10-01T11:14:16.6246600Z [ 40%] Built target horde_gameplay_simulation
player-vulkan-host	Build focused player and resource Vulkan-host targets	2026-10-01T11:14:16.6638017Z [100%] Built target horde_rt_probe_core
player-vulkan-host	Build focused player and resource Vulkan-host targets	2026-10-01T11:14:16.6705523Z [100%] Building CXX object CMakeFiles/horde_rt_skinned_arm_reference_tests.dir/tests/SkinnedArmReferenceTests.cpp.o
player-vulkan-host	Build focused player and resource Vulkan-host targets	2026-10-01T11:14:18.8132203Z [100%] Linking CXX executable horde_rt_skinned_arm_reference_tests
player-vulkan-host	Build focused player and resource Vulkan-host targets	2026-10-01T11:14:18.8639373Z [100%] Built target horde_rt_skinned_arm_reference_tests
player-vulkan-host	Build focused player and resource Vulkan-host targets	2026-10-01T11:14:18.8867024Z [  9%] Built target pocket_audio_native_pcm
player-vulkan-host	Build focused player and resource Vulkan-host targets	2026-10-01T11:14:18.9011567Z [ 40%] Built target horde_gameplay_simulation
player-vulkan-host	Build focused player and resource Vulkan-host targets	2026-10-01T11:14:18.9223894Z [100%] Built target horde_rt_probe_core
player-vulkan-host	Build focused player and resource Vulkan-host targets	2026-10-01T11:14:18.9291551Z [100%] Building CXX object CMakeFiles/horde_rt_scene_initialise_preflight_tests.dir/tests/RtSceneInitialisePreflightTests.cpp.o
player-vulkan-host	Build focused player and resource Vulkan-host targets	2026-10-01T11:14:20.1244684Z [100%] Linking CXX executable horde_rt_scene_initialise_preflight_tests
player-vulkan-host	Build focused player and resource Vulkan-host targets	2026-10-01T11:14:20.1868596Z [100%] Built target horde_rt_scene_initialise_preflight_tests
player-vulkan-host	Build focused player and resource Vulkan-host targets	2026-10-01T11:14:20.2094852Z [  9%] Built target pocket_audio_native_pcm
player-vulkan-host	Build focused player and resource Vulkan-host targets	2026-10-01T11:14:20.2240230Z [ 40%] Built target horde_gameplay_simulation
player-vulkan-host	Build focused player and resource Vulkan-host targets	2026-10-01T11:14:20.2452463Z [100%] Built target horde_rt_probe_core
player-vulkan-host	Build focused player and resource Vulkan-host targets	2026-10-01T11:14:20.2519976Z [100%] Building CXX object CMakeFiles/horde_rt_scene_resource_inventory_tests.dir/tests/RtSceneResourceInventoryTests.cpp.o
player-vulkan-host	Build focused player and resource Vulkan-host targets	2026-10-01T11:14:23.0476700Z [100%] Linking CXX executable horde_rt_scene_resource_inventory_tests
player-vulkan-host	Build focused player and resource Vulkan-host targets	2026-10-01T11:14:23.1085743Z [100%] Built target horde_rt_scene_resource_inventory_tests
player-vulkan-host	Build focused player and resource Vulkan-host targets	2026-10-01T11:14:23.1293204Z [  0%] Building CXX object CMakeFiles/horde_rt_staged_primary_resource_tests.dir/tests/StagedPrimaryResourceTests.cpp.o
player-vulkan-host	Build focused player and resource Vulkan-host targets	2026-10-01T11:14:23.1295353Z [100%] Building CXX object CMakeFiles/horde_rt_staged_primary_resource_tests.dir/src/vulkan/raytracing/experimental/StagedPrimaryPass.cpp.o
player-vulkan-host	Build focused player and resource Vulkan-host targets	2026-10-01T11:14:23.9545650Z [100%] Linking CXX executable horde_rt_staged_primary_resource_tests
player-vulkan-host	Build focused player and resource Vulkan-host targets	2026-10-01T11:14:24.0021686Z [100%] Built target horde_rt_staged_primary_resource_tests
player-vulkan-host	Build focused player and resource Vulkan-host targets	2026-10-01T11:14:24.0228341Z [100%] Building CXX object CMakeFiles/horde_rt_staged_primary_timing_tests.dir/tests/StagedPrimaryTimingTests.cpp.o
player-vulkan-host	Build focused player and resource Vulkan-host targets	2026-10-01T11:14:24.0230192Z [100%] Building CXX object CMakeFiles/horde_rt_staged_primary_timing_tests.dir/src/vulkan/raytracing/experimental/StagedPrimaryTiming.cpp.o
player-vulkan-host	Build focused player and resource Vulkan-host targets	2026-10-01T11:14:25.0372920Z [100%] Linking CXX executable horde_rt_staged_primary_timing_tests
player-vulkan-host	Build focused player and resource Vulkan-host targets	2026-10-01T11:14:25.0872393Z [100%] Built target horde_rt_staged_primary_timing_tests
player-vulkan-host	Run focused player, semantic and output-ownership fixtures	﻿2026-10-01T11:14:25.0939352Z ##[group]Run ctest --test-dir build/player-vulkan-host --build-config Release --output-on-failure --no-tests=error -R "^(horde_rt_player_primitive_contract_tests|horde_rt_player_manifest_agreement_tests|horde_rt_player_animation_tests|horde_rt_held_item_socket_tests|horde_rt_scene_abi_tests|horde_rt_static_gltf_asset_tests|horde_rt_skinned_character_smoke|horde_rt_skinned_arm_reference_tests|horde_rt_player_skinned_semantic_fixtures|horde_rt_player_viewmodel_admission|horde_rt_player_viewmodel_pose_fixtures|horde_rt_scene_initialise_preflight_tests|horde_rt_scene_resource_inventory_tests|horde_rt_staged_primary_resource_tests|horde_rt_staged_primary_timing_tests)$"
player-vulkan-host	Run focused player, semantic and output-ownership fixtures	2026-10-01T11:14:25.0944494Z ^[[36;1mctest --test-dir build/player-vulkan-host --build-config Release --output-on-failure --no-tests=error -R "^(horde_rt_player_primitive_contract_tests|horde_rt_player_manifest_agreement_tests|horde_rt_player_animation_tests|horde_rt_held_item_socket_tests|horde_rt_scene_abi_tests|horde_rt_static_gltf_asset_tests|horde_rt_skinned_character_smoke|horde_rt_skinned_arm_reference_tests|horde_rt_player_skinned_semantic_fixtures|horde_rt_player_viewmodel_admission|horde_rt_player_viewmodel_pose_fixtures|horde_rt_scene_initialise_preflight_tests|horde_rt_scene_resource_inventory_tests|horde_rt_staged_primary_resource_tests|horde_rt_staged_primary_timing_tests)$"^[[0m
player-vulkan-host	Run focused player, semantic and output-ownership fixtures	2026-10-01T11:14:25.1007598Z shell: /usr/bin/bash -e {0}
player-vulkan-host	Run focused player, semantic and output-ownership fixtures	2026-10-01T11:14:25.1007870Z ##[endgroup]
player-vulkan-host	Run focused player, semantic and output-ownership fixtures	2026-10-01T11:14:25.6870747Z Internal ctest changing into directory: /home/runner/work/The-Horde-RT-demo/The-Horde-RT-demo/build/player-vulkan-host
player-vulkan-host	Run focused player, semantic and output-ownership fixtures	2026-10-01T11:14:25.7580151Z Test project /home/runner/work/The-Horde-RT-demo/The-Horde-RT-demo/build/player-vulkan-host
player-vulkan-host	Run focused player, semantic and output-ownership fixtures	2026-10-01T11:14:25.8400484Z       Start  1: horde_rt_player_primitive_contract_tests
player-vulkan-host	Run focused player, semantic and output-ownership fixtures	2026-10-01T11:14:25.8854245Z  1/15 Test  #1: horde_rt_player_primitive_contract_tests ....   Passed    0.00 sec
player-vulkan-host	Run focused player, semantic and output-ownership fixtures	2026-10-01T11:14:25.8909453Z       Start  3: horde_rt_player_manifest_agreement_tests
player-vulkan-host	Run focused player, semantic and output-ownership fixtures	2026-10-01T11:14:26.7751759Z  2/15 Test  #3: horde_rt_player_manifest_agreement_tests ....   Passed    0.88 sec
player-vulkan-host	Run focused player, semantic and output-ownership fixtures	2026-10-01T11:14:26.7755416Z       Start 29: horde_rt_player_animation_tests
player-vulkan-host	Run focused player, semantic and output-ownership fixtures	2026-10-01T11:14:26.7785206Z  3/15 Test #29: horde_rt_player_animation_tests .............   Passed    0.00 sec
player-vulkan-host	Run focused player, semantic and output-ownership fixtures	2026-10-01T11:14:26.7786972Z       Start 31: horde_rt_held_item_socket_tests
player-vulkan-host	Run focused player, semantic and output-ownership fixtures	2026-10-01T11:14:26.8309399Z  4/15 Test #31: horde_rt_held_item_socket_tests .............   Passed    0.05 sec
player-vulkan-host	Run focused player, semantic and output-ownership fixtures	2026-10-01T11:14:26.8310987Z       Start 33: horde_rt_scene_abi_tests
player-vulkan-host	Run focused player, semantic and output-ownership fixtures	2026-10-01T11:14:26.8330204Z  5/15 Test #33: horde_rt_scene_abi_tests ....................   Passed    0.00 sec
player-vulkan-host	Run focused player, semantic and output-ownership fixtures	2026-10-01T11:14:26.8331827Z       Start 34: horde_rt_static_gltf_asset_tests
player-vulkan-host	Run focused player, semantic and output-ownership fixtures	2026-10-01T11:14:26.8706481Z  6/15 Test #34: horde_rt_static_gltf_asset_tests ............   Passed    0.04 sec
player-vulkan-host	Run focused player, semantic and output-ownership fixtures	2026-10-01T11:14:26.8707465Z       Start 55: horde_rt_staged_primary_timing_tests
player-vulkan-host	Run focused player, semantic and output-ownership fixtures	2026-10-01T11:14:26.8725793Z  7/15 Test #55: horde_rt_staged_primary_timing_tests ........   Passed    0.00 sec
player-vulkan-host	Run focused player, semantic and output-ownership fixtures	2026-10-01T11:14:26.8727236Z       Start 56: horde_rt_staged_primary_resource_tests
player-vulkan-host	Run focused player, semantic and output-ownership fixtures	2026-10-01T11:14:26.8743212Z  8/15 Test #56: horde_rt_staged_primary_resource_tests ......   Passed    0.00 sec
player-vulkan-host	Run focused player, semantic and output-ownership fixtures	2026-10-01T11:14:26.8744741Z       Start 61: horde_rt_scene_initialise_preflight_tests
player-vulkan-host	Run focused player, semantic and output-ownership fixtures	2026-10-01T11:14:26.8892695Z  9/15 Test #61: horde_rt_scene_initialise_preflight_tests ...   Passed    0.01 sec
player-vulkan-host	Run focused player, semantic and output-ownership fixtures	2026-10-01T11:14:26.8893926Z       Start 62: horde_rt_scene_resource_inventory_tests
player-vulkan-host	Run focused player, semantic and output-ownership fixtures	2026-10-01T11:14:26.9006894Z 10/15 Test #62: horde_rt_scene_resource_inventory_tests .....   Passed    0.01 sec
player-vulkan-host	Run focused player, semantic and output-ownership fixtures	2026-10-01T11:14:26.9008123Z       Start 63: horde_rt_skinned_arm_reference_tests
player-vulkan-host	Run focused player, semantic and output-ownership fixtures	2026-10-01T11:14:26.9027652Z 11/15 Test #63: horde_rt_skinned_arm_reference_tests ........   Passed    0.00 sec
player-vulkan-host	Run focused player, semantic and output-ownership fixtures	2026-10-01T11:14:26.9029050Z       Start 64: horde_rt_skinned_character_smoke
player-vulkan-host	Run focused player, semantic and output-ownership fixtures	2026-10-01T11:14:29.1550993Z 12/15 Test #64: horde_rt_skinned_character_smoke ............   Passed    2.25 sec
player-vulkan-host	Run focused player, semantic and output-ownership fixtures	2026-10-01T11:14:29.1772214Z       Start 65: horde_rt_player_skinned_semantic_fixtures
player-vulkan-host	Run focused player, semantic and output-ownership fixtures	2026-10-01T11:14:32.5447028Z 13/15 Test #65: horde_rt_player_skinned_semantic_fixtures ...   Passed    3.37 sec
player-vulkan-host	Run focused player, semantic and output-ownership fixtures	2026-10-01T11:14:32.5448386Z       Start 66: horde_rt_player_viewmodel_admission
player-vulkan-host	Run focused player, semantic and output-ownership fixtures	2026-10-01T11:14:32.5995945Z 14/15 Test #66: horde_rt_player_viewmodel_admission .........   Passed    0.05 sec
player-vulkan-host	Run focused player, semantic and output-ownership fixtures	2026-10-01T11:14:32.5997407Z       Start 67: horde_rt_player_viewmodel_pose_fixtures
player-vulkan-host	Run focused player, semantic and output-ownership fixtures	2026-10-01T11:14:33.9922563Z 15/15 Test #67: horde_rt_player_viewmodel_pose_fixtures .....   Passed    1.39 sec
player-vulkan-host	Run focused player, semantic and output-ownership fixtures	2026-10-01T11:14:33.9925660Z 
player-vulkan-host	Run focused player, semantic and output-ownership fixtures	2026-10-01T11:14:33.9925849Z 100% tests passed, 0 tests failed out of 15
player-vulkan-host	Run focused player, semantic and output-ownership fixtures	2026-10-01T11:14:33.9926191Z 
player-vulkan-host	Run focused player, semantic and output-ownership fixtures	2026-10-01T11:14:33.9926301Z Total Test time (real) =   8.23 sec
player-vulkan-host	Post Check out source	﻿2026-10-01T11:14:34.1126422Z Post job cleanup.
player-vulkan-host	Post Check out source	2026-10-01T11:14:34.2007612Z [command]/usr/bin/git version
player-vulkan-host	Post Check out source	2026-10-01T11:14:34.2053152Z git version 2.55.0
player-vulkan-host	Post Check out source	2026-10-01T11:14:34.2097489Z Temporarily overriding HOME='/home/runner/work/_temp/8596e98c-7b40-4bf6-9775-c69313bcf8b5' before making global git config changes
player-vulkan-host	Post Check out source	2026-10-01T11:14:34.2099026Z Adding repository directory to the temporary git global config as a safe directory
player-vulkan-host	Post Check out source	2026-10-01T11:14:34.2103351Z [command]/usr/bin/git config --global --add safe.directory /home/runner/work/The-Horde-RT-demo/The-Horde-RT-demo
player-vulkan-host	Post Check out source	2026-10-01T11:14:34.2137395Z Removing SSH command configuration
player-vulkan-host	Post Check out source	2026-10-01T11:14:34.2162150Z [command]/usr/bin/git config --local --name-only --get-regexp core\.sshCommand
player-vulkan-host	Post Check out source	2026-10-01T11:14:34.2183488Z [command]/usr/bin/git submodule foreach --recursive sh -c "git config --local --name-only --get-regexp 'core\.sshCommand' && git config --local --unset-all 'core.sshCommand' || :"
player-vulkan-host	Post Check out source	2026-10-01T11:14:34.2444208Z Removing HTTP extra header
player-vulkan-host	Post Check out source	2026-10-01T11:14:34.2449655Z [command]/usr/bin/git config --local --name-only --get-regexp http\.https\:\/\/github\.com\/\.extraheader
player-vulkan-host	Post Check out source	2026-10-01T11:14:34.2486777Z [command]/usr/bin/git submodule foreach --recursive sh -c "git config --local --name-only --get-regexp 'http\.https\:\/\/github\.com\/\.extraheader' && git config --local --unset-all 'http.https://github.com/.extraheader' || :"
player-vulkan-host	Post Check out source	2026-10-01T11:14:34.2747683Z Removing includeIf entries pointing to credentials config files
player-vulkan-host	Post Check out source	2026-10-01T11:14:34.2757318Z [command]/usr/bin/git config --local --name-only --get-regexp ^includeIf\.gitdir:
player-vulkan-host	Post Check out source	2026-10-01T11:14:34.2802341Z includeif.gitdir:/home/runner/work/The-Horde-RT-demo/The-Horde-RT-demo/.git.path
player-vulkan-host	Post Check out source	2026-10-01T11:14:34.2803244Z includeif.gitdir:/home/runner/work/The-Horde-RT-demo/The-Horde-RT-demo/.git/worktrees/*.path
player-vulkan-host	Post Check out source	2026-10-01T11:14:34.2804168Z includeif.gitdir:/github/workspace/.git.path
player-vulkan-host	Post Check out source	2026-10-01T11:14:34.2804861Z includeif.gitdir:/github/workspace/.git/worktrees/*.path
player-vulkan-host	Post Check out source	2026-10-01T11:14:34.2818280Z [command]/usr/bin/git config --local --get-all includeif.gitdir:/home/runner/work/The-Horde-RT-demo/The-Horde-RT-demo/.git.path
player-vulkan-host	Post Check out source	2026-10-01T11:14:34.2844349Z /home/runner/work/_temp/git-credentials-4393bcb3-3898-41a4-a144-23b43fcb75f2.config
player-vulkan-host	Post Check out source	2026-10-01T11:14:34.2855902Z [command]/usr/bin/git config --local --unset includeif.gitdir:/home/runner/work/The-Horde-RT-demo/The-Horde-RT-demo/.git.path /home/runner/work/_temp/git-credentials-4393bcb3-3898-41a4-a144-23b43fcb75f2.config
player-vulkan-host	Post Check out source	2026-10-01T11:14:34.2900256Z [command]/usr/bin/git config --local --get-all includeif.gitdir:/home/runner/work/The-Horde-RT-demo/The-Horde-RT-demo/.git/worktrees/*.path
player-vulkan-host	Post Check out source	2026-10-01T11:14:34.2928976Z /home/runner/work/_temp/git-credentials-4393bcb3-3898-41a4-a144-23b43fcb75f2.config
player-vulkan-host	Post Check out source	2026-10-01T11:14:34.2941829Z [command]/usr/bin/git config --local --unset includeif.gitdir:/home/runner/work/The-Horde-RT-demo/The-Horde-RT-demo/.git/worktrees/*.path /home/runner/work/_temp/git-credentials-4393bcb3-3898-41a4-a144-23b43fcb75f2.config
player-vulkan-host	Post Check out source	2026-10-01T11:14:34.2981178Z [command]/usr/bin/git config --local --get-all includeif.gitdir:/github/workspace/.git.path
player-vulkan-host	Post Check out source	2026-10-01T11:14:34.3015633Z /github/runner_temp/git-credentials-4393bcb3-3898-41a4-a144-23b43fcb75f2.config
player-vulkan-host	Post Check out source	2026-10-01T11:14:34.3041981Z [command]/usr/bin/git config --local --unset includeif.gitdir:/github/workspace/.git.path /github/runner_temp/git-credentials-4393bcb3-3898-41a4-a144-23b43fcb75f2.config
player-vulkan-host	Post Check out source	2026-10-01T11:14:34.3081097Z [command]/usr/bin/git config --local --get-all includeif.gitdir:/github/workspace/.git/worktrees/*.path
player-vulkan-host	Post Check out source	2026-10-01T11:14:34.3108370Z /github/runner_temp/git-credentials-4393bcb3-3898-41a4-a144-23b43fcb75f2.config
player-vulkan-host	Post Check out source	2026-10-01T11:14:34.3129406Z [command]/usr/bin/git config --local --unset includeif.gitdir:/github/workspace/.git/worktrees/*.path /github/runner_temp/git-credentials-4393bcb3-3898-41a4-a144-23b43fcb75f2.config
player-vulkan-host	Post Check out source	2026-10-01T11:14:34.3170853Z [command]/usr/bin/git submodule foreach --recursive git config --local --show-origin --name-only --get-regexp remote.origin.url
player-vulkan-host	Post Check out source	2026-10-01T11:14:34.3420548Z Removing credentials config '/home/runner/work/_temp/git-credentials-4393bcb3-3898-41a4-a144-23b43fcb75f2.config'
player-vulkan-host	Complete job	﻿2026-10-01T11:14:34.3603707Z Cleaning up orphan processes
Shared simulation host (Clang)	Set up job	﻿2026-10-01T11:12:52.0841826Z Current runner version: '2.337.0'
Shared simulation host (Clang)	Set up job	2026-10-01T11:12:52.0894465Z ##[group]Runner Image Provisioner
Shared simulation host (Clang)	Set up job	2026-10-01T11:12:52.0895798Z Hosted Compute Agent
Shared simulation host (Clang)	Set up job	2026-10-01T11:12:52.0896539Z Version: 20260828.587
Shared simulation host (Clang)	Set up job	2026-10-01T11:12:52.0897188Z Commit: abac92662cab4cc7352de4f9f9d2e2419aad9c29
Shared simulation host (Clang)	Set up job	2026-10-01T11:12:52.0897942Z Build Date: 2026-08-28T16:44:25Z
Shared simulation host (Clang)	Set up job	2026-10-01T11:12:52.0898702Z Worker ID: {e558f92a-c600-4d7b-8c4f-2bef5f0b1858}
Shared simulation host (Clang)	Set up job	2026-10-01T11:12:52.0899422Z Azure Region: eastus
Shared simulation host (Clang)	Set up job	2026-10-01T11:12:52.0900073Z ##[endgroup]
Shared simulation host (Clang)	Set up job	2026-10-01T11:12:52.0901700Z ##[group]Operating System
Shared simulation host (Clang)	Set up job	2026-10-01T11:12:52.0902407Z Ubuntu
Shared simulation host (Clang)	Set up job	2026-10-01T11:12:52.0903050Z 24.04.5
Shared simulation host (Clang)	Set up job	2026-10-01T11:12:52.0903599Z LTS
Shared simulation host (Clang)	Set up job	2026-10-01T11:12:52.0904151Z ##[endgroup]
Shared simulation host (Clang)	Set up job	2026-10-01T11:12:52.0904718Z ##[group]Runner Image
Shared simulation host (Clang)	Set up job	2026-10-01T11:12:52.0905340Z Image: ubuntu-24.04
Shared simulation host (Clang)	Set up job	2026-10-01T11:12:52.0906191Z Version: 20260920.314.1
Shared simulation host (Clang)	Set up job	2026-10-01T11:12:52.0907291Z Included Software: https://github.com/actions/runner-images/blob/ubuntu24/20260920.314/images/ubuntu/Ubuntu2404-Readme.md
Shared simulation host (Clang)	Set up job	2026-10-01T11:12:52.0909182Z Image Release: https://github.com/actions/runner-images/releases/tag/ubuntu24%2F20260920.314
Shared simulation host (Clang)	Set up job	2026-10-01T11:12:52.0910205Z ##[endgroup]
Shared simulation host (Clang)	Set up job	2026-10-01T11:12:52.0911389Z ##[group]GITHUB_TOKEN Permissions
Shared simulation host (Clang)	Set up job	2026-10-01T11:12:52.0913640Z Contents: read
Shared simulation host (Clang)	Set up job	2026-10-01T11:12:52.0914430Z Metadata: read
Shared simulation host (Clang)	Set up job	2026-10-01T11:12:52.0915033Z ##[endgroup]
Shared simulation host (Clang)	Set up job	2026-10-01T11:12:52.0917793Z Secret source: Actions
Shared simulation host (Clang)	Set up job	2026-10-01T11:12:52.0918770Z Cache mode: write
Shared simulation host (Clang)	Set up job	2026-10-01T11:12:52.0919512Z Prepare workflow directory
Shared simulation host (Clang)	Set up job	2026-10-01T11:12:52.1270205Z Prepare all required actions
Shared simulation host (Clang)	Set up job	2026-10-01T11:12:52.1321384Z Getting action download info
Shared simulation host (Clang)	Set up job	2026-10-01T11:12:52.3821364Z Download action repository 'actions/checkout@v6' (SHA:d23441a48e516b6c34aea4fa41551a30e30af803)
Shared simulation host (Clang)	Set up job	2026-10-01T11:12:52.6012414Z Complete job name: Shared simulation host (Clang)
Shared simulation host (Clang)	Check out source	﻿2026-10-01T11:12:52.6905049Z ##[group]Run actions/checkout@v6
Shared simulation host (Clang)	Check out source	2026-10-01T11:12:52.6906224Z with:
Shared simulation host (Clang)	Check out source	2026-10-01T11:12:52.6906735Z   repository: Samfa12-tech/The-Horde-RT-demo
Shared simulation host (Clang)	Check out source	2026-10-01T11:12:52.6910467Z   token: ***
Shared simulation host (Clang)	Check out source	2026-10-01T11:12:52.6910940Z   ssh-strict: true
Shared simulation host (Clang)	Check out source	2026-10-01T11:12:52.6911381Z   ssh-user: git
Shared simulation host (Clang)	Check out source	2026-10-01T11:12:52.6911821Z   persist-credentials: true
Shared simulation host (Clang)	Check out source	2026-10-01T11:12:52.6912310Z   clean: true
Shared simulation host (Clang)	Check out source	2026-10-01T11:12:52.6912773Z   sparse-checkout-cone-mode: true
Shared simulation host (Clang)	Check out source	2026-10-01T11:12:52.6913345Z   fetch-depth: 1
Shared simulation host (Clang)	Check out source	2026-10-01T11:12:52.6913796Z   fetch-tags: false
Shared simulation host (Clang)	Check out source	2026-10-01T11:12:52.6914251Z   show-progress: true
Shared simulation host (Clang)	Check out source	2026-10-01T11:12:52.6914708Z   lfs: false
Shared simulation host (Clang)	Check out source	2026-10-01T11:12:52.6915135Z   submodules: false
Shared simulation host (Clang)	Check out source	2026-10-01T11:12:52.6915756Z   set-safe-directory: true
Shared simulation host (Clang)	Check out source	2026-10-01T11:12:52.6916282Z   allow-unsafe-pr-checkout: false
Shared simulation host (Clang)	Check out source	2026-10-01T11:12:52.6917097Z ##[endgroup]
Shared simulation host (Clang)	Check out source	2026-10-01T11:12:52.7951054Z Syncing repository: Samfa12-tech/The-Horde-RT-demo
Shared simulation host (Clang)	Check out source	2026-10-01T11:12:52.7953860Z ##[group]Getting Git version info
Shared simulation host (Clang)	Check out source	2026-10-01T11:12:52.7955188Z Working directory is '/home/runner/work/The-Horde-RT-demo/The-Horde-RT-demo'
Shared simulation host (Clang)	Check out source	2026-10-01T11:12:52.7957483Z [command]/usr/bin/git version
Shared simulation host (Clang)	Check out source	2026-10-01T11:12:52.8075194Z git version 2.55.0
Shared simulation host (Clang)	Check out source	2026-10-01T11:12:52.8101727Z ##[endgroup]
Shared simulation host (Clang)	Check out source	2026-10-01T11:12:52.8124383Z Temporarily overriding HOME='/home/runner/work/_temp/5354cdf7-8450-4724-b7c5-895cc12a17d0' before making global git config changes
Shared simulation host (Clang)	Check out source	2026-10-01T11:12:52.8127052Z Adding repository directory to the temporary git global config as a safe directory
Shared simulation host (Clang)	Check out source	2026-10-01T11:12:52.8130897Z [command]/usr/bin/git config --global --add safe.directory /home/runner/work/The-Horde-RT-demo/The-Horde-RT-demo
Shared simulation host (Clang)	Check out source	2026-10-01T11:12:52.8199898Z Deleting the contents of '/home/runner/work/The-Horde-RT-demo/The-Horde-RT-demo'
Shared simulation host (Clang)	Check out source	2026-10-01T11:12:52.8206150Z ##[group]Determining repository object format
Shared simulation host (Clang)	Check out source	2026-10-01T11:12:52.8208404Z ##[endgroup]
Shared simulation host (Clang)	Check out source	2026-10-01T11:12:52.8209678Z ##[group]Initializing the repository
Shared simulation host (Clang)	Check out source	2026-10-01T11:12:52.8214529Z [command]/usr/bin/git init /home/runner/work/The-Horde-RT-demo/The-Horde-RT-demo
Shared simulation host (Clang)	Check out source	2026-10-01T11:12:52.8380945Z hint: Using 'master' as the name for the initial branch. This default branch name
Shared simulation host (Clang)	Check out source	2026-10-01T11:12:52.8382607Z hint: will change to "main" in Git 3.0. To configure the initial branch name
Shared simulation host (Clang)	Check out source	2026-10-01T11:12:52.8384329Z hint: to use in all of your new repositories, which will suppress this warning,
Shared simulation host (Clang)	Check out source	2026-10-01T11:12:52.8385934Z hint: call:
Shared simulation host (Clang)	Check out source	2026-10-01T11:12:52.8386756Z hint:
Shared simulation host (Clang)	Check out source	2026-10-01T11:12:52.8387718Z hint: 	git config --global init.defaultBranch <name>
Shared simulation host (Clang)	Check out source	2026-10-01T11:12:52.8388899Z hint:
Shared simulation host (Clang)	Check out source	2026-10-01T11:12:52.8389911Z hint: Names commonly chosen instead of 'master' are 'main', 'trunk' and
Shared simulation host (Clang)	Check out source	2026-10-01T11:12:52.8391584Z hint: 'development'. The just-created branch can be renamed via this command:
Shared simulation host (Clang)	Check out source	2026-10-01T11:12:52.8392892Z hint:
Shared simulation host (Clang)	Check out source	2026-10-01T11:12:52.8393594Z hint: 	git branch -m <name>
Shared simulation host (Clang)	Check out source	2026-10-01T11:12:52.8394397Z hint:
Shared simulation host (Clang)	Check out source	2026-10-01T11:12:52.8396164Z hint: Disable this message with "git config set advice.defaultBranchName false"
Shared simulation host (Clang)	Check out source	2026-10-01T11:12:52.8398423Z Initialized empty Git repository in /home/runner/work/The-Horde-RT-demo/The-Horde-RT-demo/.git/
Shared simulation host (Clang)	Check out source	2026-10-01T11:12:52.8402310Z [command]/usr/bin/git remote add origin https://github.com/Samfa12-tech/The-Horde-RT-demo
Shared simulation host (Clang)	Check out source	2026-10-01T11:12:52.8481650Z ##[endgroup]
Shared simulation host (Clang)	Check out source	2026-10-01T11:12:52.8483211Z ##[group]Disabling automatic garbage collection
Shared simulation host (Clang)	Check out source	2026-10-01T11:12:52.8496587Z [command]/usr/bin/git config --local gc.auto 0
Shared simulation host (Clang)	Check out source	2026-10-01T11:12:52.8539640Z ##[endgroup]
Shared simulation host (Clang)	Check out source	2026-10-01T11:12:52.8540809Z ##[group]Setting up auth
Shared simulation host (Clang)	Check out source	2026-10-01T11:12:52.8541985Z Removing SSH command configuration
Shared simulation host (Clang)	Check out source	2026-10-01T11:12:52.8551637Z [command]/usr/bin/git config --local --name-only --get-regexp core\.sshCommand
Shared simulation host (Clang)	Check out source	2026-10-01T11:12:52.8598076Z [command]/usr/bin/git submodule foreach --recursive sh -c "git config --local --name-only --get-regexp 'core\.sshCommand' && git config --local --unset-all 'core.sshCommand' || :"
Shared simulation host (Clang)	Check out source	2026-10-01T11:12:52.9027259Z Removing HTTP extra header
Shared simulation host (Clang)	Check out source	2026-10-01T11:12:52.9034427Z [command]/usr/bin/git config --local --name-only --get-regexp http\.https\:\/\/github\.com\/\.extraheader
Shared simulation host (Clang)	Check out source	2026-10-01T11:12:52.9071858Z [command]/usr/bin/git submodule foreach --recursive sh -c "git config --local --name-only --get-regexp 'http\.https\:\/\/github\.com\/\.extraheader' && git config --local --unset-all 'http.https://github.com/.extraheader' || :"
Shared simulation host (Clang)	Check out source	2026-10-01T11:12:52.9297828Z Removing includeIf entries pointing to credentials config files
Shared simulation host (Clang)	Check out source	2026-10-01T11:12:52.9304629Z [command]/usr/bin/git config --local --name-only --get-regexp ^includeIf\.gitdir:
Shared simulation host (Clang)	Check out source	2026-10-01T11:12:52.9342553Z [command]/usr/bin/git submodule foreach --recursive git config --local --show-origin --name-only --get-regexp remote.origin.url
Shared simulation host (Clang)	Check out source	2026-10-01T11:12:52.9571156Z [command]/usr/bin/git config --file /home/runner/work/_temp/git-credentials-9c6cb010-818a-4600-900f-cdd945246314.config http.https://github.com/.extraheader AUTHORIZATION: basic ***
Shared simulation host (Clang)	Check out source	2026-10-01T11:12:52.9616511Z [command]/usr/bin/git config --local includeIf.gitdir:/home/runner/work/The-Horde-RT-demo/The-Horde-RT-demo/.git.path /home/runner/work/_temp/git-credentials-9c6cb010-818a-4600-900f-cdd945246314.config
Shared simulation host (Clang)	Check out source	2026-10-01T11:12:52.9652357Z [command]/usr/bin/git config --local includeIf.gitdir:/home/runner/work/The-Horde-RT-demo/The-Horde-RT-demo/.git/worktrees/*.path /home/runner/work/_temp/git-credentials-9c6cb010-818a-4600-900f-cdd945246314.config
Shared simulation host (Clang)	Check out source	2026-10-01T11:12:52.9700151Z [command]/usr/bin/git config --local includeIf.gitdir:/github/workspace/.git.path /github/runner_temp/git-credentials-9c6cb010-818a-4600-900f-cdd945246314.config
Shared simulation host (Clang)	Check out source	2026-10-01T11:12:52.9733449Z [command]/usr/bin/git config --local includeIf.gitdir:/github/workspace/.git/worktrees/*.path /github/runner_temp/git-credentials-9c6cb010-818a-4600-900f-cdd945246314.config
Shared simulation host (Clang)	Check out source	2026-10-01T11:12:52.9763674Z ##[endgroup]
Shared simulation host (Clang)	Check out source	2026-10-01T11:12:52.9764449Z ##[group]Fetching the repository
Shared simulation host (Clang)	Check out source	2026-10-01T11:12:52.9774371Z [command]/usr/bin/git -c protocol.version=2 fetch --no-tags --prune --no-recurse-submodules --depth=1 origin +4aa5e0aca0cffc3fe395b05c4db4d191b756b563:refs/remotes/pull/15/merge
Shared simulation host (Clang)	Check out source	2026-10-01T11:12:54.4900753Z From https://github.com/Samfa12-tech/The-Horde-RT-demo
Shared simulation host (Clang)	Check out source	2026-10-01T11:12:54.4902792Z  * [new ref]         4aa5e0aca0cffc3fe395b05c4db4d191b756b563 -> pull/15/merge
Shared simulation host (Clang)	Check out source	2026-10-01T11:12:54.4946055Z ##[endgroup]
Shared simulation host (Clang)	Check out source	2026-10-01T11:12:54.4947798Z ##[group]Determining the checkout info
Shared simulation host (Clang)	Check out source	2026-10-01T11:12:54.4949713Z ##[endgroup]
Shared simulation host (Clang)	Check out source	2026-10-01T11:12:54.4950819Z [command]/usr/bin/git sparse-checkout disable
Shared simulation host (Clang)	Check out source	2026-10-01T11:12:54.5022077Z [command]/usr/bin/git config --local --unset-all extensions.worktreeConfig
Shared simulation host (Clang)	Check out source	2026-10-01T11:12:54.5065181Z ##[group]Checking out the ref
Shared simulation host (Clang)	Check out source	2026-10-01T11:12:54.5069762Z [command]/usr/bin/git checkout --progress --force refs/remotes/pull/15/merge
Shared simulation host (Clang)	Check out source	2026-10-01T11:12:55.2324851Z Note: switching to 'refs/remotes/pull/15/merge'.
Shared simulation host (Clang)	Check out source	2026-10-01T11:12:55.2325912Z 
Shared simulation host (Clang)	Check out source	2026-10-01T11:12:55.2326312Z You are in 'detached HEAD' state. You can look around, make experimental
Shared simulation host (Clang)	Check out source	2026-10-01T11:12:55.2327101Z changes and commit them, and you can discard any commits you make in this
Shared simulation host (Clang)	Check out source	2026-10-01T11:12:55.2327868Z state without impacting any branches by switching back to a branch.
Shared simulation host (Clang)	Check out source	2026-10-01T11:12:55.2328426Z 
Shared simulation host (Clang)	Check out source	2026-10-01T11:12:55.2328790Z If you want to create a new branch to retain commits you create, you may
Shared simulation host (Clang)	Check out source	2026-10-01T11:12:55.2329662Z do so (now or later) by using -c with the switch command. Example:
Shared simulation host (Clang)	Check out source	2026-10-01T11:12:55.2330068Z 
Shared simulation host (Clang)	Check out source	2026-10-01T11:12:55.2330272Z   git switch -c <new-branch-name>
Shared simulation host (Clang)	Check out source	2026-10-01T11:12:55.2332664Z 
Shared simulation host (Clang)	Check out source	2026-10-01T11:12:55.2332894Z Or undo this operation with:
Shared simulation host (Clang)	Check out source	2026-10-01T11:12:55.2333176Z 
Shared simulation host (Clang)	Check out source	2026-10-01T11:12:55.2333337Z   git switch -
Shared simulation host (Clang)	Check out source	2026-10-01T11:12:55.2333579Z 
Shared simulation host (Clang)	Check out source	2026-10-01T11:12:55.2334622Z Turn off this advice by setting config variable advice.detachedHead to false
Shared simulation host (Clang)	Check out source	2026-10-01T11:12:55.2335219Z 
Shared simulation host (Clang)	Check out source	2026-10-01T11:12:55.2336450Z HEAD is now at 4aa5e0a Merge ca58f0956637f9063fe1cda42989ad5f74daa47d into bda1b99a62e1de883273dd21f267bcfc92bc5490
Shared simulation host (Clang)	Check out source	2026-10-01T11:12:55.2898918Z ##[endgroup]
Shared simulation host (Clang)	Check out source	2026-10-01T11:12:55.2947204Z [command]/usr/bin/git log -1 --format=%H
Shared simulation host (Clang)	Check out source	2026-10-01T11:12:55.2977154Z 4aa5e0aca0cffc3fe395b05c4db4d191b756b563
Shared simulation host (Clang)	Fetch portable-test GLB and music PCM assets	﻿2026-10-01T11:12:55.3222164Z ##[group]Run git -c lfs.fetchexclude= lfs fetch --include="assets/models/player/runtime/*.glb,assets/models/player/viewmodel/runtime/*.glb,assets/models/props/runtime/*.glb,assets/models/props/runtime/*/*.glb,assets/models/weapons/runtime/*.glb,tests/fixtures/*/*.glb,assets/audio/music/what-the-dark-keeps/runtime/*.wav" && git lfs checkout "assets/models/player/runtime/*.glb" "assets/models/player/viewmodel/runtime/*.glb" "assets/models/props/runtime/*.glb" "assets/models/props/runtime/*/*.glb" "assets/models/weapons/runtime/*.glb" "tests/fixtures/*/*.glb" "assets/audio/music/what-the-dark-keeps/runtime/*.wav"
Shared simulation host (Clang)	Fetch portable-test GLB and music PCM assets	2026-10-01T11:12:55.3226785Z ^[[36;1mgit -c lfs.fetchexclude= lfs fetch --include="assets/models/player/runtime/*.glb,assets/models/player/viewmodel/runtime/*.glb,assets/models/props/runtime/*.glb,assets/models/props/runtime/*/*.glb,assets/models/weapons/runtime/*.glb,tests/fixtures/*/*.glb,assets/audio/music/what-the-dark-keeps/runtime/*.wav" && git lfs checkout "assets/models/player/runtime/*.glb" "assets/models/player/viewmodel/runtime/*.glb" "assets/models/props/runtime/*.glb" "assets/models/props/runtime/*/*.glb" "assets/models/weapons/runtime/*.glb" "tests/fixtures/*/*.glb" "assets/audio/music/what-the-dark-keeps/runtime/*.wav"^[[0m
Shared simulation host (Clang)	Fetch portable-test GLB and music PCM assets	2026-10-01T11:12:55.3571655Z shell: /usr/bin/bash -e {0}
Shared simulation host (Clang)	Fetch portable-test GLB and music PCM assets	2026-10-01T11:12:55.3572229Z ##[endgroup]
Shared simulation host (Clang)	Fetch portable-test GLB and music PCM assets	2026-10-01T11:12:55.3919461Z Fetching reference HEAD
Shared simulation host (Clang)	Fetch portable-test GLB and music PCM assets	2026-10-01T11:12:56.1338985Z Checking out LFS objects: 100% (62/62), 27 MB | 0 B/s, done.
Shared simulation host (Clang)	Configure non-hardware host tests	﻿2026-10-01T11:12:56.4975927Z ##[group]Run cmake -S . -B build/host-ci -DCMAKE_CXX_COMPILER=clang++ -DCMAKE_BUILD_TYPE=Release -DBUILD_TESTING=ON -DHORDE_RT_BUILD_VULKAN_TARGETS=OFF
Shared simulation host (Clang)	Configure non-hardware host tests	2026-10-01T11:12:56.4977432Z ^[[36;1mcmake -S . -B build/host-ci -DCMAKE_CXX_COMPILER=clang++ -DCMAKE_BUILD_TYPE=Release -DBUILD_TESTING=ON -DHORDE_RT_BUILD_VULKAN_TARGETS=OFF^[[0m
Shared simulation host (Clang)	Configure non-hardware host tests	2026-10-01T11:12:56.5046131Z shell: /usr/bin/bash -e {0}
Shared simulation host (Clang)	Configure non-hardware host tests	2026-10-01T11:12:56.5046470Z ##[endgroup]
Shared simulation host (Clang)	Configure non-hardware host tests	2026-10-01T11:13:01.4201262Z -- The CXX compiler identification is Clang 18.1.3
Shared simulation host (Clang)	Configure non-hardware host tests	2026-10-01T11:13:01.5333298Z -- Detecting CXX compiler ABI info
Shared simulation host (Clang)	Configure non-hardware host tests	2026-10-01T11:13:01.7960188Z -- Detecting CXX compiler ABI info - done
Shared simulation host (Clang)	Configure non-hardware host tests	2026-10-01T11:13:01.8109937Z -- Check for working CXX compiler: /usr/bin/clang++ - skipped
Shared simulation host (Clang)	Configure non-hardware host tests	2026-10-01T11:13:01.8160144Z -- Detecting CXX compile features
Shared simulation host (Clang)	Configure non-hardware host tests	2026-10-01T11:13:01.8215855Z -- Detecting CXX compile features - done
Shared simulation host (Clang)	Configure non-hardware host tests	2026-10-01T11:13:05.2269425Z Generated RT catalog adapter is current.
Shared simulation host (Clang)	Configure non-hardware host tests	2026-10-01T11:13:05.3203479Z -- Strict non-contracted asset-transform arithmetic enabled for GltfDocument.cpp and StaticMeshAsset.cpp: -fno-fast-math;-ffp-contract=off
Shared simulation host (Clang)	Configure non-hardware host tests	2026-10-01T11:13:05.3442512Z -- Performing Test CMAKE_HAVE_LIBC_PTHREAD
Shared simulation host (Clang)	Configure non-hardware host tests	2026-10-01T11:13:05.7627065Z -- Performing Test CMAKE_HAVE_LIBC_PTHREAD - Success
Shared simulation host (Clang)	Configure non-hardware host tests	2026-10-01T11:13:05.7721092Z -- Found Threads: TRUE
Shared simulation host (Clang)	Configure non-hardware host tests	2026-10-01T11:13:07.5506799Z -- Legacy torch-failure identifiers were rejected by the configured Clang compiler.
Shared simulation host (Clang)	Configure non-hardware host tests	2026-10-01T11:13:07.5509069Z -- Horde Lantern RT: configuring shared host gameplay tests without Vulkan targets.
Shared simulation host (Clang)	Configure non-hardware host tests	2026-10-01T11:13:07.5512007Z -- Configuring done (10.5s)
Shared simulation host (Clang)	Configure non-hardware host tests	2026-10-01T11:13:07.6991798Z -- Generating done (0.1s)
Shared simulation host (Clang)	Configure non-hardware host tests	2026-10-01T11:13:07.7507224Z -- Build files have been written to: /home/runner/work/The-Horde-RT-demo/The-Horde-RT-demo/build/host-ci
Shared simulation host (Clang)	Build shared gameplay tests	﻿2026-10-01T11:13:07.7637533Z ##[group]Run cmake --build build/host-ci --config Release --parallel 2
Shared simulation host (Clang)	Build shared gameplay tests	2026-10-01T11:13:07.7638093Z ^[[36;1mcmake --build build/host-ci --config Release --parallel 2^[[0m
Shared simulation host (Clang)	Build shared gameplay tests	2026-10-01T11:13:07.7701728Z shell: /usr/bin/bash -e {0}
Shared simulation host (Clang)	Build shared gameplay tests	2026-10-01T11:13:07.7702007Z ##[endgroup]
Shared simulation host (Clang)	Build shared gameplay tests	2026-10-01T11:13:07.9010976Z [  1%] Building CXX object CMakeFiles/horde_rt_player_primitive_contract_tests.dir/tests/PlayerPrimitiveContractTests.cpp.o
Shared simulation host (Clang)	Build shared gameplay tests	2026-10-01T11:13:07.9013301Z [  1%] Building CXX object pocket-audio-core-native/CMakeFiles/pocket_audio_native_pcm.dir/src/PcmLoopStream.cpp.o
Shared simulation host (Clang)	Build shared gameplay tests	2026-10-01T11:13:09.6141698Z [  2%] Linking CXX executable horde_rt_player_primitive_contract_tests
Shared simulation host (Clang)	Build shared gameplay tests	2026-10-01T11:13:09.6789330Z [  2%] Built target horde_rt_player_primitive_contract_tests
Shared simulation host (Clang)	Build shared gameplay tests	2026-10-01T11:13:09.6866984Z [  3%] Building CXX object CMakeFiles/horde_rt_staged_primary_contract_tests.dir/tests/StagedPrimaryContractTests.cpp.o
Shared simulation host (Clang)	Build shared gameplay tests	2026-10-01T11:13:09.6907147Z [  4%] Building CXX object pocket-audio-core-native/CMakeFiles/pocket_audio_native_pcm.dir/src/PcmWave.cpp.o
Shared simulation host (Clang)	Build shared gameplay tests	2026-10-01T11:13:10.2894129Z [  5%] Linking CXX executable horde_rt_staged_primary_contract_tests
Shared simulation host (Clang)	Build shared gameplay tests	2026-10-01T11:13:10.2954016Z [  5%] Linking CXX static library libpocket_audio_native_pcm.a
Shared simulation host (Clang)	Build shared gameplay tests	2026-10-01T11:13:10.3568756Z [  5%] Built target horde_rt_staged_primary_contract_tests
Shared simulation host (Clang)	Build shared gameplay tests	2026-10-01T11:13:10.3646108Z [  6%] Building CXX object CMakeFiles/horde_rt_windows_benchmark_launch_tests.dir/tests/WindowsBenchmarkLaunchTests.cpp.o
Shared simulation host (Clang)	Build shared gameplay tests	2026-10-01T11:13:11.0405995Z [  6%] Linking CXX executable horde_rt_windows_benchmark_launch_tests
Shared simulation host (Clang)	Build shared gameplay tests	2026-10-01T11:13:11.1060370Z [  6%] Built target horde_rt_windows_benchmark_launch_tests
Shared simulation host (Clang)	Build shared gameplay tests	2026-10-01T11:13:11.1136824Z [  6%] Building CXX object CMakeFiles/horde_rt_evidence_publication_tests.dir/tests/RtEvidencePublicationTests.cpp.o
Shared simulation host (Clang)	Build shared gameplay tests	2026-10-01T11:13:12.5611471Z [  7%] Building CXX object CMakeFiles/horde_rt_evidence_publication_tests.dir/src/telemetry/RtEvidencePublication.cpp.o
Shared simulation host (Clang)	Build shared gameplay tests	2026-10-01T11:13:13.2507972Z [  8%] Building CXX object CMakeFiles/horde_rt_evidence_publication_tests.dir/src/telemetry/RtPerformanceEvidence.cpp.o
Shared simulation host (Clang)	Build shared gameplay tests	2026-10-01T11:13:14.8105196Z [  8%] Linking CXX executable horde_rt_evidence_publication_tests
Shared simulation host (Clang)	Build shared gameplay tests	2026-10-01T11:13:14.8784966Z [  8%] Built target horde_rt_evidence_publication_tests
Shared simulation host (Clang)	Build shared gameplay tests	2026-10-01T11:13:14.8861181Z [  8%] Building CXX object CMakeFiles/horde_rt_ray_tracing_requirements_tests.dir/tests/RayTracingRequirementsTests.cpp.o
Shared simulation host (Clang)	Build shared gameplay tests	2026-10-01T11:13:14.9021110Z [  8%] Built target pocket_audio_native_pcm
Shared simulation host (Clang)	Build shared gameplay tests	2026-10-01T11:13:14.9101702Z [  8%] Building CXX object CMakeFiles/horde_rt_performance_evidence_tests.dir/tests/RtPerformanceEvidenceTests.cpp.o
Shared simulation host (Clang)	Build shared gameplay tests	2026-10-01T11:13:15.6625083Z [  9%] Building CXX object CMakeFiles/horde_rt_ray_tracing_requirements_tests.dir/src/vulkan/raytracing/RayTracingRequirements.cpp.o
Shared simulation host (Clang)	Build shared gameplay tests	2026-10-01T11:13:16.1193238Z [  9%] Linking CXX executable horde_rt_ray_tracing_requirements_tests
Shared simulation host (Clang)	Build shared gameplay tests	2026-10-01T11:13:16.1867475Z [  9%] Built target horde_rt_ray_tracing_requirements_tests
Shared simulation host (Clang)	Build shared gameplay tests	2026-10-01T11:13:16.1945035Z [  9%] Building CXX object CMakeFiles/horde_rt_scene_record_observation_tests.dir/tests/RtSceneRecordObservationTests.cpp.o
Shared simulation host (Clang)	Build shared gameplay tests	2026-10-01T11:13:17.9385703Z [ 10%] Building CXX object CMakeFiles/horde_rt_scene_record_observation_tests.dir/src/telemetry/RtPerformanceEvidence.cpp.o
Shared simulation host (Clang)	Build shared gameplay tests	2026-10-01T11:13:18.2648694Z [ 11%] Building CXX object CMakeFiles/horde_rt_performance_evidence_tests.dir/src/telemetry/RtPerformanceEvidence.cpp.o
Shared simulation host (Clang)	Build shared gameplay tests	2026-10-01T11:13:19.4948008Z [ 12%] Linking CXX executable horde_rt_scene_record_observation_tests
Shared simulation host (Clang)	Build shared gameplay tests	2026-10-01T11:13:19.5666894Z [ 12%] Built target horde_rt_scene_record_observation_tests
Shared simulation host (Clang)	Build shared gameplay tests	2026-10-01T11:13:19.5726667Z [ 12%] Building CXX object CMakeFiles/horde_rt_pipeline_variants_tests.dir/tests/RtPipelineVariantsTests.cpp.o
Shared simulation host (Clang)	Build shared gameplay tests	2026-10-01T11:13:19.8072396Z [ 12%] Linking CXX executable horde_rt_performance_evidence_tests
Shared simulation host (Clang)	Build shared gameplay tests	2026-10-01T11:13:19.8720384Z [ 12%] Built target horde_rt_performance_evidence_tests
Shared simulation host (Clang)	Build shared gameplay tests	2026-10-01T11:13:19.8793919Z [ 13%] Building CXX object CMakeFiles/horde_rt_pipeline_variant_provider_tests.dir/tests/RtPipelineVariantProviderTests.cpp.o
Shared simulation host (Clang)	Build shared gameplay tests	2026-10-01T11:13:20.1412219Z [ 14%] Building CXX object CMakeFiles/horde_rt_pipeline_variants_tests.dir/src/vulkan/raytracing/RtPipelineVariants.cpp.o
Shared simulation host (Clang)	Build shared gameplay tests	2026-10-01T11:13:20.4546181Z [ 14%] Building CXX object CMakeFiles/horde_rt_pipeline_variant_provider_tests.dir/src/vulkan/raytracing/RtPipelineVariants.cpp.o
Shared simulation host (Clang)	Build shared gameplay tests	2026-10-01T11:13:20.6095721Z [ 14%] Linking CXX executable horde_rt_pipeline_variants_tests
Shared simulation host (Clang)	Build shared gameplay tests	2026-10-01T11:13:20.6738740Z [ 14%] Built target horde_rt_pipeline_variants_tests
Shared simulation host (Clang)	Build shared gameplay tests	2026-10-01T11:13:20.6815086Z [ 15%] Building CXX object CMakeFiles/horde_rt_pipeline_bundle_contracts_tests.dir/tests/RtPipelineBundleContractsTests.cpp.o
Shared simulation host (Clang)	Build shared gameplay tests	2026-10-01T11:13:20.9331526Z [ 16%] Building CXX object CMakeFiles/horde_rt_pipeline_variant_provider_tests.dir/src/vulkan/raytracing/RtPipelineVariantProvider.cpp.o
Shared simulation host (Clang)	Build shared gameplay tests	2026-10-01T11:13:21.4486859Z [ 17%] Building CXX object CMakeFiles/horde_rt_pipeline_bundle_contracts_tests.dir/src/vulkan/raytracing/RtPipelineBundleContracts.cpp.o
Shared simulation host (Clang)	Build shared gameplay tests	2026-10-01T11:13:21.7935910Z [ 18%] Linking CXX executable horde_rt_pipeline_variant_provider_tests
Shared simulation host (Clang)	Build shared gameplay tests	2026-10-01T11:13:21.8694874Z [ 18%] Built target horde_rt_pipeline_variant_provider_tests
Shared simulation host (Clang)	Build shared gameplay tests	2026-10-01T11:13:21.8768710Z [ 19%] Building CXX object CMakeFiles/horde_rtpv_0_0_obj.dir/src/vulkan/raytracing/RtPipelineVariantProvider.cpp.o
Shared simulation host (Clang)	Build shared gameplay tests	2026-10-01T11:13:22.5536804Z [ 19%] Building CXX object CMakeFiles/horde_rt_pipeline_bundle_contracts_tests.dir/src/vulkan/raytracing/RtPipelineVariants.cpp.o
Shared simulation host (Clang)	Build shared gameplay tests	2026-10-01T11:13:22.7257860Z [ 19%] Built target horde_rtpv_0_0_obj
Shared simulation host (Clang)	Build shared gameplay tests	2026-10-01T11:13:22.7334796Z [ 19%] Building CXX object CMakeFiles/horde_rtpv_0_1_obj.dir/src/vulkan/raytracing/RtPipelineVariantProvider.cpp.o
Shared simulation host (Clang)	Build shared gameplay tests	2026-10-01T11:13:23.0445872Z [ 20%] Building CXX object CMakeFiles/horde_rt_pipeline_bundle_contracts_tests.dir/src/vulkan/raytracing/RtPipelineVariantProvider.cpp.o
Shared simulation host (Clang)	Build shared gameplay tests	2026-10-01T11:13:23.6094918Z [ 20%] Built target horde_rtpv_0_1_obj
Shared simulation host (Clang)	Build shared gameplay tests	2026-10-01T11:13:23.6170407Z [ 21%] Building CXX object CMakeFiles/horde_rtpv_1_0_obj.dir/src/vulkan/raytracing/RtPipelineVariantProvider.cpp.o
Shared simulation host (Clang)	Build shared gameplay tests	2026-10-01T11:13:23.9212644Z [ 21%] Linking CXX executable horde_rt_pipeline_bundle_contracts_tests
Shared simulation host (Clang)	Build shared gameplay tests	2026-10-01T11:13:23.9886498Z [ 21%] Built target horde_rt_pipeline_bundle_contracts_tests
Shared simulation host (Clang)	Build shared gameplay tests	2026-10-01T11:13:23.9957570Z [ 22%] Building CXX object CMakeFiles/horde_rtpv_1_1_obj.dir/src/vulkan/raytracing/RtPipelineVariantProvider.cpp.o
Shared simulation host (Clang)	Build shared gameplay tests	2026-10-01T11:13:24.4843161Z [ 22%] Built target horde_rtpv_1_0_obj
Shared simulation host (Clang)	Build shared gameplay tests	2026-10-01T11:13:24.4915786Z [ 23%] Building CXX object CMakeFiles/horde_rt_github_release_updater_tests.dir/tests/GitHubReleaseUpdaterTests.cpp.o
Shared simulation host (Clang)	Build shared gameplay tests	2026-10-01T11:13:24.8646444Z [ 23%] Built target horde_rtpv_1_1_obj
Shared simulation host (Clang)	Build shared gameplay tests	2026-10-01T11:13:24.8720660Z [ 23%] Building CXX object CMakeFiles/horde_rt_version_contract_tests.dir/tests/VersionContractTests.cpp.o
Shared simulation host (Clang)	Build shared gameplay tests	2026-10-01T11:13:25.6306686Z [ 23%] Building CXX object CMakeFiles/horde_rt_github_release_updater_tests.dir/src/update/GitHubReleaseUpdater.cpp.o
Shared simulation host (Clang)	Build shared gameplay tests	2026-10-01T11:13:27.2159294Z [ 24%] Linking CXX executable horde_rt_github_release_updater_tests
Shared simulation host (Clang)	Build shared gameplay tests	2026-10-01T11:13:27.2792546Z [ 24%] Built target horde_rt_github_release_updater_tests
Shared simulation host (Clang)	Build shared gameplay tests	2026-10-01T11:13:27.2867018Z [ 24%] Building CXX object CMakeFiles/horde_rt_version_contract_incremental_configure_tests.dir/tests/VersionContractIncrementalConfigureTests.cpp.o
Shared simulation host (Clang)	Build shared gameplay tests	2026-10-01T11:13:29.5951350Z [ 25%] Linking CXX executable horde_rt_version_contract_incremental_configure_tests
Shared simulation host (Clang)	Build shared gameplay tests	2026-10-01T11:13:29.6195666Z [ 26%] Linking CXX executable horde_rt_version_contract_tests
Shared simulation host (Clang)	Build shared gameplay tests	2026-10-01T11:13:29.6612662Z [ 26%] Built target horde_rt_version_contract_incremental_configure_tests
Shared simulation host (Clang)	Build shared gameplay tests	2026-10-01T11:13:29.6691006Z [ 26%] Building CXX object CMakeFiles/horde_rt_dielectric_math_tests.dir/tests/DielectricMathTests.cpp.o
Shared simulation host (Clang)	Build shared gameplay tests	2026-10-01T11:13:29.6889181Z [ 26%] Built target horde_rt_version_contract_tests
Shared simulation host (Clang)	Build shared gameplay tests	2026-10-01T11:13:29.6965870Z [ 27%] Building CXX object CMakeFiles/horde_rt_scene_abi_tests.dir/tests/RtSceneAbiTests.cpp.o
Shared simulation host (Clang)	Build shared gameplay tests	2026-10-01T11:13:30.8828040Z [ 28%] Linking CXX executable horde_rt_dielectric_math_tests
Shared simulation host (Clang)	Build shared gameplay tests	2026-10-01T11:13:30.9460547Z [ 28%] Built target horde_rt_dielectric_math_tests
Shared simulation host (Clang)	Build shared gameplay tests	2026-10-01T11:13:30.9533870Z [ 28%] Building CXX object CMakeFiles/horde_rt_static_gltf_asset_tests.dir/tests/StaticGltfAssetTests.cpp.o
Shared simulation host (Clang)	Build shared gameplay tests	2026-10-01T11:13:31.1530562Z [ 29%] Building CXX object CMakeFiles/horde_rt_scene_abi_tests.dir/src/vulkan/raytracing/RtStaticMeshSlot.cpp.o
Shared simulation host (Clang)	Build shared gameplay tests	2026-10-01T11:13:33.5216828Z [ 29%] Building CXX object CMakeFiles/horde_rt_scene_abi_tests.dir/src/vulkan/raytracing/RtTextureArrays.cpp.o
Shared simulation host (Clang)	Build shared gameplay tests	2026-10-01T11:13:34.0069600Z [ 30%] Linking CXX executable horde_rt_scene_abi_tests
Shared simulation host (Clang)	Build shared gameplay tests	2026-10-01T11:13:34.0936562Z [ 30%] Built target horde_rt_scene_abi_tests
Shared simulation host (Clang)	Build shared gameplay tests	2026-10-01T11:13:34.1011430Z [ 30%] Building CXX object CMakeFiles/horde_rt_input_mailbox_stress.dir/tests/InputMailboxStress.cpp.o
Shared simulation host (Clang)	Build shared gameplay tests	2026-10-01T11:13:35.9421432Z [ 31%] Linking CXX executable horde_rt_input_mailbox_stress
Shared simulation host (Clang)	Build shared gameplay tests	2026-10-01T11:13:36.0068490Z [ 31%] Built target horde_rt_input_mailbox_stress
Shared simulation host (Clang)	Build shared gameplay tests	2026-10-01T11:13:36.0166784Z [ 32%] Building CXX object CMakeFiles/horde_rt_desktop_controller_input_tests.dir/tests/DesktopControllerInputTests.cpp.o
Shared simulation host (Clang)	Build shared gameplay tests	2026-10-01T11:13:37.2778635Z [ 33%] Linking CXX executable horde_rt_desktop_controller_input_tests
Shared simulation host (Clang)	Build shared gameplay tests	2026-10-01T11:13:37.3406729Z [ 33%] Built target horde_rt_desktop_controller_input_tests
Shared simulation host (Clang)	Build shared gameplay tests	2026-10-01T11:13:37.3480017Z [ 33%] Building CXX object CMakeFiles/horde_rt_gpu_timestamp_math_tests.dir/tests/GpuTimestampMathTests.cpp.o
Shared simulation host (Clang)	Build shared gameplay tests	2026-10-01T11:13:37.5568611Z [ 34%] Building CXX object CMakeFiles/horde_rt_static_gltf_asset_tests.dir/src/scene/assets/AssetManifest.cpp.o
Shared simulation host (Clang)	Build shared gameplay tests	2026-10-01T11:13:37.9903818Z [ 35%] Linking CXX executable horde_rt_gpu_timestamp_math_tests
Shared simulation host (Clang)	Build shared gameplay tests	2026-10-01T11:13:38.0538828Z [ 35%] Built target horde_rt_gpu_timestamp_math_tests
Shared simulation host (Clang)	Build shared gameplay tests	2026-10-01T11:13:38.0612436Z [ 36%] Building CXX object CMakeFiles/horde_rt_combat_smoke.dir/tests/SwordCombatSmoke.cpp.o
Shared simulation host (Clang)	Build shared gameplay tests	2026-10-01T11:13:39.1101949Z [ 36%] Linking CXX executable horde_rt_combat_smoke
Shared simulation host (Clang)	Build shared gameplay tests	2026-10-01T11:13:39.1748166Z [ 36%] Built target horde_rt_combat_smoke
Shared simulation host (Clang)	Build shared gameplay tests	2026-10-01T11:13:39.1819761Z [ 36%] Building CXX object CMakeFiles/horde_rt_showcase_route_smoke.dir/tests/ShowcaseRouteSmoke.cpp.o
Shared simulation host (Clang)	Build shared gameplay tests	2026-10-01T11:13:39.9904569Z [ 37%] Linking CXX executable horde_rt_showcase_route_smoke
Shared simulation host (Clang)	Build shared gameplay tests	2026-10-01T11:13:40.0572202Z [ 37%] Built target horde_rt_showcase_route_smoke
Shared simulation host (Clang)	Build shared gameplay tests	2026-10-01T11:13:40.0647470Z [ 38%] Building CXX object CMakeFiles/horde_rt_spatial_audio_smoke.dir/tests/SpatialAudioSmoke.cpp.o
Shared simulation host (Clang)	Build shared gameplay tests	2026-10-01T11:13:40.4333556Z [ 38%] Building CXX object CMakeFiles/horde_rt_static_gltf_asset_tests.dir/src/scene/assets/AssetValidation.cpp.o
Shared simulation host (Clang)	Build shared gameplay tests	2026-10-01T11:13:41.0559924Z [ 39%] Building CXX object CMakeFiles/horde_rt_static_gltf_asset_tests.dir/src/scene/assets/GltfDocument.cpp.o
Shared simulation host (Clang)	Build shared gameplay tests	2026-10-01T11:13:41.6277073Z [ 39%] Linking CXX executable horde_rt_spatial_audio_smoke
Shared simulation host (Clang)	Build shared gameplay tests	2026-10-01T11:13:41.6909193Z [ 39%] Built target horde_rt_spatial_audio_smoke
Shared simulation host (Clang)	Build shared gameplay tests	2026-10-01T11:13:41.6982717Z [ 40%] Building CXX object pocket-audio-core-native/CMakeFiles/pocket_audio_native_pcm_tests.dir/tests/PcmNativeTests.cpp.o
Shared simulation host (Clang)	Build shared gameplay tests	2026-10-01T11:13:43.1653575Z [ 41%] Linking CXX executable pocket_audio_native_pcm_tests
Shared simulation host (Clang)	Build shared gameplay tests	2026-10-01T11:13:43.2327181Z [ 41%] Built target pocket_audio_native_pcm_tests
Shared simulation host (Clang)	Build shared gameplay tests	2026-10-01T11:13:43.2350367Z [ 42%] Building CXX object CMakeFiles/horde_rt_static_gltf_asset_tests.dir/src/scene/assets/StaticMeshAsset.cpp.o
Shared simulation host (Clang)	Build shared gameplay tests	2026-10-01T11:13:44.6879658Z [ 42%] Building CXX object CMakeFiles/horde_rt_static_gltf_asset_tests.dir/src/vulkan/raytracing/RtStaticMeshSlot.cpp.o
Shared simulation host (Clang)	Build shared gameplay tests	2026-10-01T11:13:46.9877802Z [ 42%] Building CXX object CMakeFiles/horde_gameplay_simulation.dir/src/audio/MusicDirector.cpp.o
Shared simulation host (Clang)	Build shared gameplay tests	2026-10-01T11:13:48.1394399Z [ 43%] Building CXX object CMakeFiles/horde_gameplay_simulation.dir/src/audio/MusicPcmStream.cpp.o
Shared simulation host (Clang)	Build shared gameplay tests	2026-10-01T11:13:48.2115161Z [ 44%] Linking CXX executable horde_rt_static_gltf_asset_tests
Shared simulation host (Clang)	Build shared gameplay tests	2026-10-01T11:13:48.2873965Z [ 44%] Built target horde_rt_static_gltf_asset_tests
Shared simulation host (Clang)	Build shared gameplay tests	2026-10-01T11:13:48.2952851Z [ 45%] Building CXX object CMakeFiles/horde_rt_provider_shipping_mobile_fixture.dir/tests/RtPipelineVariantFixture.cpp.o
Shared simulation host (Clang)	Build shared gameplay tests	2026-10-01T11:13:49.1938183Z [ 45%] Building CXX object CMakeFiles/horde_rt_provider_shipping_mobile_fixture.dir/src/vulkan/raytracing/RtPipelineBundleContracts.cpp.o
Shared simulation host (Clang)	Build shared gameplay tests	2026-10-01T11:13:49.2818215Z [ 45%] Building CXX object CMakeFiles/horde_gameplay_simulation.dir/src/audio/MusicPcmWave.cpp.o
Shared simulation host (Clang)	Build shared gameplay tests	2026-10-01T11:13:49.5601304Z [ 46%] Building CXX object CMakeFiles/horde_gameplay_simulation.dir/src/audio/MusicPcmAssetBank.cpp.o
Shared simulation host (Clang)	Build shared gameplay tests	2026-10-01T11:13:50.3157281Z [ 47%] Building CXX object CMakeFiles/horde_rt_provider_shipping_mobile_fixture.dir/src/vulkan/raytracing/RtPipelineVariants.cpp.o
Shared simulation host (Clang)	Build shared gameplay tests	2026-10-01T11:13:50.7722869Z [ 47%] Building CXX object CMakeFiles/horde_gameplay_simulation.dir/src/audio/MusicPlaybackSession.cpp.o
Shared simulation host (Clang)	Build shared gameplay tests	2026-10-01T11:13:50.8015044Z [ 48%] Linking CXX executable horde_rt_provider_shipping_mobile_fixture
Shared simulation host (Clang)	Build shared gameplay tests	2026-10-01T11:13:50.8752516Z [ 48%] Built target horde_rt_provider_shipping_mobile_fixture
Shared simulation host (Clang)	Build shared gameplay tests	2026-10-01T11:13:50.8831779Z [ 49%] Building CXX object CMakeFiles/horde_rt_provider_shipping_high_fixture.dir/tests/RtPipelineVariantFixture.cpp.o
Shared simulation host (Clang)	Build shared gameplay tests	2026-10-01T11:13:51.7968075Z [ 49%] Building CXX object CMakeFiles/horde_rt_provider_shipping_high_fixture.dir/src/vulkan/raytracing/RtPipelineBundleContracts.cpp.o
Shared simulation host (Clang)	Build shared gameplay tests	2026-10-01T11:13:51.9550437Z [ 50%] Building CXX object CMakeFiles/horde_gameplay_simulation.dir/src/reporting/PlaytestReport.cpp.o
Shared simulation host (Clang)	Build shared gameplay tests	2026-10-01T11:13:52.9150710Z [ 51%] Building CXX object CMakeFiles/horde_rt_provider_shipping_high_fixture.dir/src/vulkan/raytracing/RtPipelineVariants.cpp.o
Shared simulation host (Clang)	Build shared gameplay tests	2026-10-01T11:13:52.9183227Z [ 52%] Building CXX object CMakeFiles/horde_gameplay_simulation.dir/src/gameplay/simulation/GameSimulation.cpp.o
Shared simulation host (Clang)	Build shared gameplay tests	2026-10-01T11:13:53.4093288Z [ 52%] Linking CXX executable horde_rt_provider_shipping_high_fixture
Shared simulation host (Clang)	Build shared gameplay tests	2026-10-01T11:13:53.4796588Z [ 52%] Built target horde_rt_provider_shipping_high_fixture
Shared simulation host (Clang)	Build shared gameplay tests	2026-10-01T11:13:53.4874285Z [ 52%] Building CXX object CMakeFiles/horde_rt_provider_diagnostic_mobile_fixture.dir/tests/RtPipelineVariantFixture.cpp.o
Shared simulation host (Clang)	Build shared gameplay tests	2026-10-01T11:13:54.4022204Z [ 53%] Building CXX object CMakeFiles/horde_rt_provider_diagnostic_mobile_fixture.dir/src/vulkan/raytracing/RtPipelineBundleContracts.cpp.o
Shared simulation host (Clang)	Build shared gameplay tests	2026-10-01T11:13:54.6746696Z [ 53%] Building CXX object CMakeFiles/horde_gameplay_simulation.dir/src/gameplay/animation/PlayerAnimationState.cpp.o
Shared simulation host (Clang)	Build shared gameplay tests	2026-10-01T11:13:55.5169852Z [ 53%] Building CXX object CMakeFiles/horde_rt_provider_diagnostic_mobile_fixture.dir/src/vulkan/raytracing/RtPipelineVariants.cpp.o
Shared simulation host (Clang)	Build shared gameplay tests	2026-10-01T11:13:55.7606138Z [ 54%] Building CXX object CMakeFiles/horde_gameplay_simulation.dir/src/gameplay/animation/PlayerIkTargets.cpp.o
Shared simulation host (Clang)	Build shared gameplay tests	2026-10-01T11:13:55.9955904Z [ 55%] Linking CXX executable horde_rt_provider_diagnostic_mobile_fixture
Shared simulation host (Clang)	Build shared gameplay tests	2026-10-01T11:13:56.0657470Z [ 55%] Built target horde_rt_provider_diagnostic_mobile_fixture
Shared simulation host (Clang)	Build shared gameplay tests	2026-10-01T11:13:56.0735741Z [ 56%] Building CXX object CMakeFiles/horde_rt_provider_diagnostic_high_fixture.dir/tests/RtPipelineVariantFixture.cpp.o
Shared simulation host (Clang)	Build shared gameplay tests	2026-10-01T11:13:56.1471985Z [ 56%] Building CXX object CMakeFiles/horde_gameplay_simulation.dir/src/gameplay/effects/FireEmitterState.cpp.o
Shared simulation host (Clang)	Build shared gameplay tests	2026-10-01T11:13:56.5556832Z [ 57%] Building CXX object CMakeFiles/horde_gameplay_simulation.dir/src/gameplay/interactions/InteractionState.cpp.o
Shared simulation host (Clang)	Build shared gameplay tests	2026-10-01T11:13:56.9289299Z [ 58%] Building CXX object CMakeFiles/horde_gameplay_simulation.dir/src/gameplay/interactions/ChestRewardSequence.cpp.o
Shared simulation host (Clang)	Build shared gameplay tests	2026-10-01T11:13:56.9698964Z [ 58%] Building CXX object CMakeFiles/horde_rt_provider_diagnostic_high_fixture.dir/src/vulkan/raytracing/RtPipelineBundleContracts.cpp.o
Shared simulation host (Clang)	Build shared gameplay tests	2026-10-01T11:13:57.3074349Z [ 58%] Building CXX object CMakeFiles/horde_gameplay_simulation.dir/src/gameplay/interactions/FinaleSequence.cpp.o
Shared simulation host (Clang)	Build shared gameplay tests	2026-10-01T11:13:57.6800845Z [ 59%] Building CXX object CMakeFiles/horde_gameplay_simulation.dir/src/gameplay/items/LanternPendulum.cpp.o
Shared simulation host (Clang)	Build shared gameplay tests	2026-10-01T11:13:58.0753141Z [ 60%] Building CXX object CMakeFiles/horde_rt_provider_diagnostic_high_fixture.dir/src/vulkan/raytracing/RtPipelineVariants.cpp.o
Shared simulation host (Clang)	Build shared gameplay tests	2026-10-01T11:13:58.1147558Z [ 60%] Building CXX object CMakeFiles/horde_gameplay_simulation.dir/src/gameplay/items/HeldItemState.cpp.o
Shared simulation host (Clang)	Build shared gameplay tests	2026-10-01T11:13:58.2614496Z [ 61%] Building CXX object CMakeFiles/horde_gameplay_simulation.dir/src/gameplay/items/HeldItemKinematics.cpp.o
Shared simulation host (Clang)	Build shared gameplay tests	2026-10-01T11:13:58.5600673Z [ 62%] Linking CXX executable horde_rt_provider_diagnostic_high_fixture
Shared simulation host (Clang)	Build shared gameplay tests	2026-10-01T11:13:58.6330224Z [ 62%] Built target horde_rt_provider_diagnostic_high_fixture
Shared simulation host (Clang)	Build shared gameplay tests	2026-10-01T11:13:58.6354516Z [ 63%] Building CXX object CMakeFiles/horde_gameplay_simulation.dir/src/gameplay/items/HeldLightState.cpp.o
Shared simulation host (Clang)	Build shared gameplay tests	2026-10-01T11:13:59.7248767Z [ 63%] Linking CXX static library libhorde_gameplay_simulation.a
Shared simulation host (Clang)	Build shared gameplay tests	2026-10-01T11:13:59.8255955Z [ 63%] Built target horde_gameplay_simulation
Shared simulation host (Clang)	Build shared gameplay tests	2026-10-01T11:13:59.8336327Z [ 63%] Building CXX object CMakeFiles/horde_rt_lantern_benchmark_tests.dir/tests/LanternBenchmarkTests.cpp.o
Shared simulation host (Clang)	Build shared gameplay tests	2026-10-01T11:13:59.8338581Z [ 64%] Building CXX object CMakeFiles/horde_rt_benchmark_evidence_report_tests.dir/tests/RtBenchmarkEvidenceReportTests.cpp.o
Shared simulation host (Clang)	Build shared gameplay tests	2026-10-01T11:14:01.1697088Z [ 65%] Building CXX object CMakeFiles/horde_rt_lantern_benchmark_tests.dir/src/gameplay/ShowcaseBenchmark.cpp.o
Shared simulation host (Clang)	Build shared gameplay tests	2026-10-01T11:14:02.1570288Z [ 65%] Building CXX object CMakeFiles/horde_rt_benchmark_evidence_report_tests.dir/src/gameplay/ShowcaseBenchmark.cpp.o
Shared simulation host (Clang)	Build shared gameplay tests	2026-10-01T11:14:02.7380882Z [ 66%] Building CXX object CMakeFiles/horde_rt_lantern_benchmark_tests.dir/src/telemetry/RtBenchmarkEvidenceReport.cpp.o
Shared simulation host (Clang)	Build shared gameplay tests	2026-10-01T11:14:03.7005980Z [ 67%] Building CXX object CMakeFiles/horde_rt_benchmark_evidence_report_tests.dir/src/telemetry/RtBenchmarkEvidenceReport.cpp.o
Shared simulation host (Clang)	Build shared gameplay tests	2026-10-01T11:14:04.2201737Z [ 67%] Building CXX object CMakeFiles/horde_rt_lantern_benchmark_tests.dir/src/telemetry/RtBenchmarkEvidenceRun.cpp.o
Shared simulation host (Clang)	Build shared gameplay tests	2026-10-01T11:14:05.1740794Z [ 67%] Building CXX object CMakeFiles/horde_rt_benchmark_evidence_report_tests.dir/src/telemetry/RtBenchmarkEvidenceRun.cpp.o
Shared simulation host (Clang)	Build shared gameplay tests	2026-10-01T11:14:05.1848612Z [ 68%] Building CXX object CMakeFiles/horde_rt_lantern_benchmark_tests.dir/src/telemetry/RtPerformanceEvidence.cpp.o
Shared simulation host (Clang)	Build shared gameplay tests	2026-10-01T11:14:06.1468339Z [ 69%] Building CXX object CMakeFiles/horde_rt_benchmark_evidence_report_tests.dir/src/telemetry/RtPerformanceEvidence.cpp.o
Shared simulation host (Clang)	Build shared gameplay tests	2026-10-01T11:14:06.7514267Z [ 69%] Linking CXX executable horde_rt_lantern_benchmark_tests
Shared simulation host (Clang)	Build shared gameplay tests	2026-10-01T11:14:06.8241215Z [ 69%] Built target horde_rt_lantern_benchmark_tests
Shared simulation host (Clang)	Build shared gameplay tests	2026-10-01T11:14:06.8318776Z [ 69%] Building CXX object CMakeFiles/horde_rt_benchmark_evidence_run_tests.dir/tests/RtBenchmarkEvidenceRunTests.cpp.o
Shared simulation host (Clang)	Build shared gameplay tests	2026-10-01T11:14:07.7325694Z [ 70%] Linking CXX executable horde_rt_benchmark_evidence_report_tests
Shared simulation host (Clang)	Build shared gameplay tests	2026-10-01T11:14:07.8023705Z [ 70%] Built target horde_rt_benchmark_evidence_report_tests
Shared simulation host (Clang)	Build shared gameplay tests	2026-10-01T11:14:07.8100845Z [ 71%] Building CXX object CMakeFiles/horde_rt_player_animation_tests.dir/tests/PlayerAnimationTests.cpp.o
Shared simulation host (Clang)	Build shared gameplay tests	2026-10-01T11:14:09.4710213Z [ 72%] Building CXX object CMakeFiles/horde_rt_player_animation_tests.dir/src/telemetry/RtPerformanceEvidence.cpp.o
Shared simulation host (Clang)	Build shared gameplay tests	2026-10-01T11:14:09.7670340Z [ 73%] Building CXX object CMakeFiles/horde_rt_benchmark_evidence_run_tests.dir/src/telemetry/RtBenchmarkEvidenceRun.cpp.o
Shared simulation host (Clang)	Build shared gameplay tests	2026-10-01T11:14:10.7224064Z [ 73%] Building CXX object CMakeFiles/horde_rt_benchmark_evidence_run_tests.dir/src/telemetry/RtBenchmarkEvidenceReport.cpp.o
Shared simulation host (Clang)	Build shared gameplay tests	2026-10-01T11:14:11.0656955Z [ 73%] Building CXX object CMakeFiles/horde_rt_player_animation_tests.dir/src/scene/assets/SkinnedMeshAsset.cpp.o
Shared simulation host (Clang)	Build shared gameplay tests	2026-10-01T11:14:12.1994917Z [ 74%] Building CXX object CMakeFiles/horde_rt_benchmark_evidence_run_tests.dir/src/telemetry/RtPerformanceEvidence.cpp.o
Shared simulation host (Clang)	Build shared gameplay tests	2026-10-01T11:14:13.7674787Z [ 75%] Building CXX object CMakeFiles/horde_rt_benchmark_evidence_run_tests.dir/src/gameplay/ShowcaseBenchmark.cpp.o
Shared simulation host (Clang)	Build shared gameplay tests	2026-10-01T11:14:14.5608010Z [ 76%] Building CXX object CMakeFiles/horde_rt_player_animation_tests.dir/src/vulkan/raytracing/PlayerRenderSlot.cpp.o
Shared simulation host (Clang)	Build shared gameplay tests	2026-10-01T11:14:15.3086719Z [ 76%] Linking CXX executable horde_rt_benchmark_evidence_run_tests
Shared simulation host (Clang)	Build shared gameplay tests	2026-10-01T11:14:15.3832233Z [ 76%] Built target horde_rt_benchmark_evidence_run_tests
Shared simulation host (Clang)	Build shared gameplay tests	2026-10-01T11:14:15.3906958Z [ 77%] Building CXX object CMakeFiles/horde_rt_fire_emitter_tests.dir/tests/FireEmitterTests.cpp.o
Shared simulation host (Clang)	Build shared gameplay tests	2026-10-01T11:14:16.7186515Z [ 77%] Building CXX object CMakeFiles/horde_rt_fire_emitter_tests.dir/src/vulkan/raytracing/FireEmitterBuffer.cpp.o
Shared simulation host (Clang)	Build shared gameplay tests	2026-10-01T11:14:17.0376798Z [ 77%] Linking CXX executable horde_rt_player_animation_tests
Shared simulation host (Clang)	Build shared gameplay tests	2026-10-01T11:14:17.1129177Z [ 77%] Built target horde_rt_player_animation_tests
Shared simulation host (Clang)	Build shared gameplay tests	2026-10-01T11:14:17.1211735Z [ 78%] Building CXX object CMakeFiles/horde_rt_held_item_socket_tests.dir/tests/HeldItemSocketTests.cpp.o
Shared simulation host (Clang)	Build shared gameplay tests	2026-10-01T11:14:17.7928718Z [ 79%] Linking CXX executable horde_rt_fire_emitter_tests
Shared simulation host (Clang)	Build shared gameplay tests	2026-10-01T11:14:17.8614513Z [ 79%] Built target horde_rt_fire_emitter_tests
Shared simulation host (Clang)	Build shared gameplay tests	2026-10-01T11:14:17.8693255Z [ 79%] Building CXX object CMakeFiles/horde_rt_development_static_asset_tests.dir/tests/DevelopmentStaticAssetTests.cpp.o
Shared simulation host (Clang)	Build shared gameplay tests	2026-10-01T11:14:19.3255142Z [ 79%] Building CXX object CMakeFiles/horde_rt_held_item_socket_tests.dir/src/scene/assets/AssetManifest.cpp.o
Shared simulation host (Clang)	Build shared gameplay tests	2026-10-01T11:14:19.4005014Z [ 80%] Linking CXX executable horde_rt_development_static_asset_tests
Shared simulation host (Clang)	Build shared gameplay tests	2026-10-01T11:14:19.4687804Z [ 80%] Built target horde_rt_development_static_asset_tests
Shared simulation host (Clang)	Build shared gameplay tests	2026-10-01T11:14:19.4761779Z [ 80%] Building CXX object CMakeFiles/horde_rt_production_prop_asset_tests.dir/tests/ProductionPropAssetTests.cpp.o
Shared simulation host (Clang)	Build shared gameplay tests	2026-10-01T11:14:22.2210223Z [ 81%] Building CXX object CMakeFiles/horde_rt_held_item_socket_tests.dir/src/scene/assets/AssetValidation.cpp.o
Shared simulation host (Clang)	Build shared gameplay tests	2026-10-01T11:14:22.8583926Z [ 81%] Building CXX object CMakeFiles/horde_rt_held_item_socket_tests.dir/src/scene/assets/GltfDocument.cpp.o
Shared simulation host (Clang)	Build shared gameplay tests	2026-10-01T11:14:23.0171981Z [ 82%] Building CXX object CMakeFiles/horde_rt_production_prop_asset_tests.dir/src/scene/assets/AssetManifest.cpp.o
Shared simulation host (Clang)	Build shared gameplay tests	2026-10-01T11:14:25.8603232Z [ 82%] Building CXX object CMakeFiles/horde_rt_production_prop_asset_tests.dir/src/scene/assets/AssetValidation.cpp.o
Shared simulation host (Clang)	Build shared gameplay tests	2026-10-01T11:14:26.4883791Z [ 83%] Building CXX object CMakeFiles/horde_rt_production_prop_asset_tests.dir/src/scene/assets/GltfDocument.cpp.o
Shared simulation host (Clang)	Build shared gameplay tests	2026-10-01T11:14:26.5413507Z [ 84%] Building CXX object CMakeFiles/horde_rt_held_item_socket_tests.dir/src/scene/assets/StaticMeshAsset.cpp.o
Shared simulation host (Clang)	Build shared gameplay tests	2026-10-01T11:14:30.2022961Z [ 85%] Building CXX object CMakeFiles/horde_rt_production_prop_asset_tests.dir/src/scene/assets/StaticMeshAsset.cpp.o
Shared simulation host (Clang)	Build shared gameplay tests	2026-10-01T11:14:31.7156817Z [ 85%] Building CXX object CMakeFiles/horde_rt_held_item_socket_tests.dir/src/vulkan/raytracing/HeldItemRenderSlot.cpp.o
Shared simulation host (Clang)	Build shared gameplay tests	2026-10-01T11:14:31.8461424Z [ 86%] Building CXX object CMakeFiles/horde_rt_held_item_socket_tests.dir/src/vulkan/raytracing/RtStaticMeshSlot.cpp.o
Shared simulation host (Clang)	Build shared gameplay tests	2026-10-01T11:14:34.2011177Z [ 87%] Linking CXX executable horde_rt_held_item_socket_tests
Shared simulation host (Clang)	Build shared gameplay tests	2026-10-01T11:14:34.2841696Z [ 87%] Built target horde_rt_held_item_socket_tests
Shared simulation host (Clang)	Build shared gameplay tests	2026-10-01T11:14:34.2920944Z [ 88%] Building CXX object CMakeFiles/horde_rt_simulation_timing_tests.dir/tests/SimulationTimingTests.cpp.o
Shared simulation host (Clang)	Build shared gameplay tests	2026-10-01T11:14:35.3345251Z [ 88%] Linking CXX executable horde_rt_production_prop_asset_tests
Shared simulation host (Clang)	Build shared gameplay tests	2026-10-01T11:14:35.4092576Z [ 88%] Built target horde_rt_production_prop_asset_tests
Shared simulation host (Clang)	Build shared gameplay tests	2026-10-01T11:14:35.4166949Z [ 88%] Building CXX object CMakeFiles/horde_rt_simulation_gameplay_tests.dir/tests/SimulationGameplayTests.cpp.o
Shared simulation host (Clang)	Build shared gameplay tests	2026-10-01T11:14:35.6409157Z [ 88%] Linking CXX executable horde_rt_simulation_timing_tests
Shared simulation host (Clang)	Build shared gameplay tests	2026-10-01T11:14:35.7061540Z [ 88%] Built target horde_rt_simulation_timing_tests
Shared simulation host (Clang)	Build shared gameplay tests	2026-10-01T11:14:35.7135601Z [ 88%] Building CXX object CMakeFiles/horde_rt_music_director_tests.dir/tests/MusicDirectorTests.cpp.o
Shared simulation host (Clang)	Build shared gameplay tests	2026-10-01T11:14:37.2606517Z [ 89%] Linking CXX executable horde_rt_simulation_gameplay_tests
Shared simulation host (Clang)	Build shared gameplay tests	2026-10-01T11:14:37.3285342Z [ 89%] Built target horde_rt_simulation_gameplay_tests
Shared simulation host (Clang)	Build shared gameplay tests	2026-10-01T11:14:37.3362268Z [ 90%] Building CXX object CMakeFiles/horde_rt_music_pcm_stream_tests.dir/tests/MusicPcmStreamTests.cpp.o
Shared simulation host (Clang)	Build shared gameplay tests	2026-10-01T11:14:37.4552186Z [ 91%] Linking CXX executable horde_rt_music_director_tests
Shared simulation host (Clang)	Build shared gameplay tests	2026-10-01T11:14:37.5228396Z [ 91%] Built target horde_rt_music_director_tests
Shared simulation host (Clang)	Build shared gameplay tests	2026-10-01T11:14:37.5307391Z [ 92%] Building CXX object CMakeFiles/horde_rt_music_pcm_wave_tests.dir/tests/MusicPcmWaveTests.cpp.o
Shared simulation host (Clang)	Build shared gameplay tests	2026-10-01T11:14:38.8842003Z [ 92%] Linking CXX executable horde_rt_music_pcm_stream_tests
Shared simulation host (Clang)	Build shared gameplay tests	2026-10-01T11:14:38.9541990Z [ 92%] Built target horde_rt_music_pcm_stream_tests
Shared simulation host (Clang)	Build shared gameplay tests	2026-10-01T11:14:38.9617012Z [ 92%] Building CXX object CMakeFiles/horde_rt_music_pcm_asset_bank_tests.dir/tests/MusicPcmAssetBankTests.cpp.o
Shared simulation host (Clang)	Build shared gameplay tests	2026-10-01T11:14:39.5039912Z [ 92%] Linking CXX executable horde_rt_music_pcm_wave_tests
Shared simulation host (Clang)	Build shared gameplay tests	2026-10-01T11:14:39.5726098Z [ 92%] Built target horde_rt_music_pcm_wave_tests
Shared simulation host (Clang)	Build shared gameplay tests	2026-10-01T11:14:39.5803470Z [ 93%] Building CXX object CMakeFiles/horde_rt_music_playback_session_tests.dir/tests/MusicPlaybackSessionTests.cpp.o
Shared simulation host (Clang)	Build shared gameplay tests	2026-10-01T11:14:40.3421427Z [ 94%] Linking CXX executable horde_rt_music_pcm_asset_bank_tests
Shared simulation host (Clang)	Build shared gameplay tests	2026-10-01T11:14:40.4120040Z [ 94%] Built target horde_rt_music_pcm_asset_bank_tests
Shared simulation host (Clang)	Build shared gameplay tests	2026-10-01T11:14:40.4195901Z [ 94%] Building CXX object CMakeFiles/horde_rt_playtest_report_tests.dir/tests/PlaytestReportTests.cpp.o
Shared simulation host (Clang)	Build shared gameplay tests	2026-10-01T11:14:41.2099305Z [ 95%] Linking CXX executable horde_rt_music_playback_session_tests
Shared simulation host (Clang)	Build shared gameplay tests	2026-10-01T11:14:41.2781324Z [ 95%] Built target horde_rt_music_playback_session_tests
Shared simulation host (Clang)	Build shared gameplay tests	2026-10-01T11:14:41.2856746Z [ 95%] Building CXX object CMakeFiles/horde_rt_lantern_reward_tests.dir/tests/LanternRewardTests.cpp.o
Shared simulation host (Clang)	Build shared gameplay tests	2026-10-01T11:14:41.2899215Z [ 96%] Linking CXX executable horde_rt_playtest_report_tests
Shared simulation host (Clang)	Build shared gameplay tests	2026-10-01T11:14:41.3554392Z [ 96%] Built target horde_rt_playtest_report_tests
Shared simulation host (Clang)	Build shared gameplay tests	2026-10-01T11:14:41.3627506Z [ 97%] Building CXX object CMakeFiles/horde_rt_lantern_pendulum_tests.dir/tests/LanternPendulumTests.cpp.o
Shared simulation host (Clang)	Build shared gameplay tests	2026-10-01T11:14:42.5861292Z [ 98%] Linking CXX executable horde_rt_lantern_pendulum_tests
Shared simulation host (Clang)	Build shared gameplay tests	2026-10-01T11:14:42.6570687Z [ 98%] Built target horde_rt_lantern_pendulum_tests
Shared simulation host (Clang)	Build shared gameplay tests	2026-10-01T11:14:42.6647457Z [ 98%] Building CXX object CMakeFiles/horde_rt_showcase_gameplay_smoke.dir/tests/ShowcaseGameplaySmoke.cpp.o
Shared simulation host (Clang)	Build shared gameplay tests	2026-10-01T11:14:42.6973253Z [ 99%] Linking CXX executable horde_rt_lantern_reward_tests
Shared simulation host (Clang)	Build shared gameplay tests	2026-10-01T11:14:42.7650872Z [ 99%] Built target horde_rt_lantern_reward_tests
Shared simulation host (Clang)	Build shared gameplay tests	2026-10-01T11:14:43.7363968Z [100%] Linking CXX executable horde_rt_showcase_gameplay_smoke
Shared simulation host (Clang)	Build shared gameplay tests	2026-10-01T11:14:43.8010984Z [100%] Built target horde_rt_showcase_gameplay_smoke
Shared simulation host (Clang)	Run shared gameplay tests	﻿2026-10-01T11:14:43.8169047Z ##[group]Run ctest --test-dir build/host-ci --build-config Release --output-on-failure --no-tests=error 
Shared simulation host (Clang)	Run shared gameplay tests	2026-10-01T11:14:43.8169835Z ^[[36;1mctest --test-dir build/host-ci --build-config Release --output-on-failure --no-tests=error ^[[0m
Shared simulation host (Clang)	Run shared gameplay tests	2026-10-01T11:14:43.8234796Z shell: /usr/bin/bash -e {0}
Shared simulation host (Clang)	Run shared gameplay tests	2026-10-01T11:14:43.8235100Z ##[endgroup]
Shared simulation host (Clang)	Run shared gameplay tests	2026-10-01T11:14:44.2983934Z Internal ctest changing into directory: /home/runner/work/The-Horde-RT-demo/The-Horde-RT-demo/build/host-ci
Shared simulation host (Clang)	Run shared gameplay tests	2026-10-01T11:14:44.3637156Z Test project /home/runner/work/The-Horde-RT-demo/The-Horde-RT-demo/build/host-ci
Shared simulation host (Clang)	Run shared gameplay tests	2026-10-01T11:14:44.4066053Z       Start  1: horde_rt_player_primitive_contract_tests
Shared simulation host (Clang)	Run shared gameplay tests	2026-10-01T11:14:44.4131244Z  1/55 Test  #1: horde_rt_player_primitive_contract_tests ................   Passed    0.00 sec
Shared simulation host (Clang)	Run shared gameplay tests	2026-10-01T11:14:44.4217790Z       Start  2: horde_rt_raygen_artifact_ownership_tests
Shared simulation host (Clang)	Run shared gameplay tests	2026-10-01T11:14:45.4867897Z  2/55 Test  #2: horde_rt_raygen_artifact_ownership_tests ................   Passed    1.06 sec
Shared simulation host (Clang)	Run shared gameplay tests	2026-10-01T11:14:45.4872572Z       Start  3: horde_rt_player_manifest_agreement_tests
Shared simulation host (Clang)	Run shared gameplay tests	2026-10-01T11:14:46.4598004Z  3/55 Test  #3: horde_rt_player_manifest_agreement_tests ................   Passed    0.97 sec
Shared simulation host (Clang)	Run shared gameplay tests	2026-10-01T11:14:46.4599290Z       Start  4: horde_rt_player_package_inventory_tests
Shared simulation host (Clang)	Run shared gameplay tests	2026-10-01T11:14:47.5561102Z  4/55 Test  #4: horde_rt_player_package_inventory_tests .................   Passed    1.10 sec
Shared simulation host (Clang)	Run shared gameplay tests	2026-10-01T11:14:47.5562563Z       Start  5: horde_rt_staged_primary_contract_tests
Shared simulation host (Clang)	Run shared gameplay tests	2026-10-01T11:14:47.5582434Z  5/55 Test  #5: horde_rt_staged_primary_contract_tests ..................   Passed    0.00 sec
Shared simulation host (Clang)	Run shared gameplay tests	2026-10-01T11:14:47.5583971Z       Start  6: horde_rt_lantern_benchmark_tests
Shared simulation host (Clang)	Run shared gameplay tests	2026-10-01T11:14:47.5780285Z  6/55 Test  #6: horde_rt_lantern_benchmark_tests ........................   Passed    0.02 sec
Shared simulation host (Clang)	Run shared gameplay tests	2026-10-01T11:14:47.5781602Z       Start  7: horde_rt_benchmark_evidence_report_tests
Shared simulation host (Clang)	Run shared gameplay tests	2026-10-01T11:14:47.5813657Z  7/55 Test  #7: horde_rt_benchmark_evidence_report_tests ................   Passed    0.00 sec
Shared simulation host (Clang)	Run shared gameplay tests	2026-10-01T11:14:47.5814968Z       Start  8: horde_rt_windows_benchmark_launch_tests
Shared simulation host (Clang)	Run shared gameplay tests	2026-10-01T11:14:47.5832225Z  8/55 Test  #8: horde_rt_windows_benchmark_launch_tests .................   Passed    0.00 sec
Shared simulation host (Clang)	Run shared gameplay tests	2026-10-01T11:14:47.5833327Z       Start  9: horde_rt_benchmark_evidence_run_tests
Shared simulation host (Clang)	Run shared gameplay tests	2026-10-01T11:14:47.5908051Z  9/55 Test  #9: horde_rt_benchmark_evidence_run_tests ...................   Passed    0.01 sec
Shared simulation host (Clang)	Run shared gameplay tests	2026-10-01T11:14:47.5909287Z       Start 10: horde_rt_evidence_publication_tests
Shared simulation host (Clang)	Run shared gameplay tests	2026-10-01T11:14:47.5929473Z 10/55 Test #10: horde_rt_evidence_publication_tests .....................   Passed    0.00 sec
Shared simulation host (Clang)	Run shared gameplay tests	2026-10-01T11:14:47.5930873Z       Start 11: horde_rt_ray_tracing_requirements_tests
Shared simulation host (Clang)	Run shared gameplay tests	2026-10-01T11:14:47.5948496Z 11/55 Test #11: horde_rt_ray_tracing_requirements_tests .................   Passed    0.00 sec
Shared simulation host (Clang)	Run shared gameplay tests	2026-10-01T11:14:47.5950228Z       Start 12: horde_rt_performance_evidence_tests
Shared simulation host (Clang)	Run shared gameplay tests	2026-10-01T11:14:47.8226882Z 12/55 Test #12: horde_rt_performance_evidence_tests .....................   Passed    0.23 sec
Shared simulation host (Clang)	Run shared gameplay tests	2026-10-01T11:14:47.8228409Z       Start 13: horde_rt_scene_record_observation_tests
Shared simulation host (Clang)	Run shared gameplay tests	2026-10-01T11:14:47.8248092Z 13/55 Test #13: horde_rt_scene_record_observation_tests .................   Passed    0.00 sec
Shared simulation host (Clang)	Run shared gameplay tests	2026-10-01T11:14:47.8249834Z       Start 14: horde_rt_pipeline_variants_tests
Shared simulation host (Clang)	Run shared gameplay tests	2026-10-01T11:14:47.8266846Z 14/55 Test #14: horde_rt_pipeline_variants_tests ........................   Passed    0.00 sec
Shared simulation host (Clang)	Run shared gameplay tests	2026-10-01T11:14:47.8268566Z       Start 15: horde_rt_pipeline_variant_provider_tests
Shared simulation host (Clang)	Run shared gameplay tests	2026-10-01T11:14:47.8286192Z 15/55 Test #15: horde_rt_pipeline_variant_provider_tests ................   Passed    0.00 sec
Shared simulation host (Clang)	Run shared gameplay tests	2026-10-01T11:14:47.8287858Z       Start 16: horde_rt_pipeline_bundle_contracts_tests
Shared simulation host (Clang)	Run shared gameplay tests	2026-10-01T11:14:47.8483674Z 16/55 Test #16: horde_rt_pipeline_bundle_contracts_tests ................   Passed    0.02 sec
Shared simulation host (Clang)	Run shared gameplay tests	2026-10-01T11:14:47.8504676Z       Start 17: horde_rt_provider_shipping_mobile_fixture
Shared simulation host (Clang)	Run shared gameplay tests	2026-10-01T11:14:47.8547301Z 17/55 Test #17: horde_rt_provider_shipping_mobile_fixture ...............   Passed    0.01 sec
Shared simulation host (Clang)	Run shared gameplay tests	2026-10-01T11:14:47.8549081Z       Start 18: horde_rt_provider_shipping_mobile_fixture_evidence
Shared simulation host (Clang)	Run shared gameplay tests	2026-10-01T11:15:06.1603288Z 18/55 Test #18: horde_rt_provider_shipping_mobile_fixture_evidence ......   Passed   18.31 sec
Shared simulation host (Clang)	Run shared gameplay tests	2026-10-01T11:15:06.1605143Z       Start 19: horde_rt_provider_shipping_high_fixture
Shared simulation host (Clang)	Run shared gameplay tests	2026-10-01T11:15:06.1669473Z 19/55 Test #19: horde_rt_provider_shipping_high_fixture .................   Passed    0.01 sec
Shared simulation host (Clang)	Run shared gameplay tests	2026-10-01T11:15:06.1670826Z       Start 20: horde_rt_provider_shipping_high_fixture_evidence
Shared simulation host (Clang)	Run shared gameplay tests	2026-10-01T11:15:23.9789442Z 20/55 Test #20: horde_rt_provider_shipping_high_fixture_evidence ........   Passed   17.81 sec
Shared simulation host (Clang)	Run shared gameplay tests	2026-10-01T11:15:23.9791172Z       Start 21: horde_rt_provider_diagnostic_mobile_fixture
Shared simulation host (Clang)	Run shared gameplay tests	2026-10-01T11:15:23.9853181Z 21/55 Test #21: horde_rt_provider_diagnostic_mobile_fixture .............   Passed    0.01 sec
Shared simulation host (Clang)	Run shared gameplay tests	2026-10-01T11:15:23.9854287Z       Start 22: horde_rt_provider_diagnostic_mobile_fixture_evidence
Shared simulation host (Clang)	Run shared gameplay tests	2026-10-01T11:15:41.0656200Z 22/55 Test #22: horde_rt_provider_diagnostic_mobile_fixture_evidence ....   Passed   17.08 sec
Shared simulation host (Clang)	Run shared gameplay tests	2026-10-01T11:15:41.0657732Z       Start 23: horde_rt_provider_diagnostic_high_fixture
Shared simulation host (Clang)	Run shared gameplay tests	2026-10-01T11:15:41.0721115Z 23/55 Test #23: horde_rt_provider_diagnostic_high_fixture ...............   Passed    0.01 sec
Shared simulation host (Clang)	Run shared gameplay tests	2026-10-01T11:15:41.0722391Z       Start 24: horde_rt_provider_diagnostic_high_fixture_evidence
Shared simulation host (Clang)	Run shared gameplay tests	2026-10-01T11:15:58.0917994Z 24/55 Test #24: horde_rt_provider_diagnostic_high_fixture_evidence ......   Passed   17.02 sec
Shared simulation host (Clang)	Run shared gameplay tests	2026-10-01T11:15:58.0919496Z       Start 25: horde_rt_github_release_updater_tests
Shared simulation host (Clang)	Run shared gameplay tests	2026-10-01T11:15:58.0941225Z 25/55 Test #25: horde_rt_github_release_updater_tests ...................   Passed    0.00 sec
Shared simulation host (Clang)	Run shared gameplay tests	2026-10-01T11:15:58.0942930Z       Start 26: horde_rt_version_contract_tests
Shared simulation host (Clang)	Run shared gameplay tests	2026-10-01T11:15:58.1061121Z 26/55 Test #26: horde_rt_version_contract_tests .........................   Passed    0.01 sec
Shared simulation host (Clang)	Run shared gameplay tests	2026-10-01T11:15:58.1062295Z       Start 27: horde_rt_version_contract_incremental_configure_tests
Shared simulation host (Clang)	Run shared gameplay tests	2026-10-01T11:16:00.4267122Z 27/55 Test #27: horde_rt_version_contract_incremental_configure_tests ...   Passed    2.32 sec
Shared simulation host (Clang)	Run shared gameplay tests	2026-10-01T11:16:00.4420380Z       Start 28: horde_rt_dielectric_math_tests
Shared simulation host (Clang)	Run shared gameplay tests	2026-10-01T11:16:00.4464191Z 28/55 Test #28: horde_rt_dielectric_math_tests ..........................   Passed    0.00 sec
Shared simulation host (Clang)	Run shared gameplay tests	2026-10-01T11:16:00.4465674Z       Start 29: horde_rt_player_animation_tests
Shared simulation host (Clang)	Run shared gameplay tests	2026-10-01T11:16:00.4502428Z 29/55 Test #29: horde_rt_player_animation_tests .........................   Passed    0.00 sec
Shared simulation host (Clang)	Run shared gameplay tests	2026-10-01T11:16:00.4503902Z       Start 30: horde_rt_fire_emitter_tests
Shared simulation host (Clang)	Run shared gameplay tests	2026-10-01T11:16:00.4529391Z 30/55 Test #30: horde_rt_fire_emitter_tests .............................   Passed    0.00 sec
Shared simulation host (Clang)	Run shared gameplay tests	2026-10-01T11:16:00.4530842Z       Start 31: horde_rt_held_item_socket_tests
Shared simulation host (Clang)	Run shared gameplay tests	2026-10-01T11:16:00.5134429Z 31/55 Test #31: horde_rt_held_item_socket_tests .........................   Passed    0.06 sec
Shared simulation host (Clang)	Run shared gameplay tests	2026-10-01T11:16:00.5136330Z       Start 32: horde_rt_development_static_asset_tests
Shared simulation host (Clang)	Run shared gameplay tests	2026-10-01T11:16:00.5160797Z 32/55 Test #32: horde_rt_development_static_asset_tests .................   Passed    0.00 sec
Shared simulation host (Clang)	Run shared gameplay tests	2026-10-01T11:16:00.5161995Z       Start 33: horde_rt_scene_abi_tests
Shared simulation host (Clang)	Run shared gameplay tests	2026-10-01T11:16:00.5178961Z 33/55 Test #33: horde_rt_scene_abi_tests ................................   Passed    0.00 sec
Shared simulation host (Clang)	Run shared gameplay tests	2026-10-01T11:16:00.5180378Z       Start 34: horde_rt_static_gltf_asset_tests
Shared simulation host (Clang)	Run shared gameplay tests	2026-10-01T11:16:00.5595589Z 34/55 Test #34: horde_rt_static_gltf_asset_tests ........................   Passed    0.04 sec
Shared simulation host (Clang)	Run shared gameplay tests	2026-10-01T11:16:00.5596771Z       Start 35: horde_rt_production_prop_asset_tests
Shared simulation host (Clang)	Run shared gameplay tests	2026-10-01T11:16:00.5908132Z 35/55 Test #35: horde_rt_production_prop_asset_tests ....................   Passed    0.03 sec
Shared simulation host (Clang)	Run shared gameplay tests	2026-10-01T11:16:00.5910078Z       Start 36: horde_rt_simulation_timing_tests
Shared simulation host (Clang)	Run shared gameplay tests	2026-10-01T11:16:00.5947943Z 36/55 Test #36: horde_rt_simulation_timing_tests ........................   Passed    0.00 sec
Shared simulation host (Clang)	Run shared gameplay tests	2026-10-01T11:16:00.5949407Z       Start 37: horde_rt_simulation_gameplay_tests
Shared simulation host (Clang)	Run shared gameplay tests	2026-10-01T11:16:00.6022351Z 37/55 Test #37: horde_rt_simulation_gameplay_tests ......................   Passed    0.01 sec
Shared simulation host (Clang)	Run shared gameplay tests	2026-10-01T11:16:00.6024327Z       Start 38: horde_rt_music_director_tests
Shared simulation host (Clang)	Run shared gameplay tests	2026-10-01T11:16:00.6049768Z 38/55 Test #38: horde_rt_music_director_tests ...........................   Passed    0.00 sec
Shared simulation host (Clang)	Run shared gameplay tests	2026-10-01T11:16:00.6051250Z       Start 39: horde_rt_music_pcm_stream_tests
Shared simulation host (Clang)	Run shared gameplay tests	2026-10-01T11:16:00.7894771Z 39/55 Test #39: horde_rt_music_pcm_stream_tests .........................   Passed    0.18 sec
Shared simulation host (Clang)	Run shared gameplay tests	2026-10-01T11:16:00.7896567Z       Start 40: horde_rt_music_pcm_wave_tests
Shared simulation host (Clang)	Run shared gameplay tests	2026-10-01T11:16:00.8110714Z 40/55 Test #40: horde_rt_music_pcm_wave_tests ...........................   Passed    0.02 sec
Shared simulation host (Clang)	Run shared gameplay tests	2026-10-01T11:16:00.8112229Z       Start 41: horde_rt_music_pcm_asset_bank_tests
Shared simulation host (Clang)	Run shared gameplay tests	2026-10-01T11:16:00.9766674Z 41/55 Test #41: horde_rt_music_pcm_asset_bank_tests .....................   Passed    0.17 sec
Shared simulation host (Clang)	Run shared gameplay tests	2026-10-01T11:16:00.9768145Z       Start 42: horde_rt_music_playback_session_tests
Shared simulation host (Clang)	Run shared gameplay tests	2026-10-01T11:16:01.1945922Z 42/55 Test #42: horde_rt_music_playback_session_tests ...................   Passed    0.22 sec
Shared simulation host (Clang)	Run shared gameplay tests	2026-10-01T11:16:01.1948015Z       Start 43: horde_rt_playtest_report_tests
Shared simulation host (Clang)	Run shared gameplay tests	2026-10-01T11:16:01.1970020Z 43/55 Test #43: horde_rt_playtest_report_tests ..........................   Passed    0.00 sec
Shared simulation host (Clang)	Run shared gameplay tests	2026-10-01T11:16:01.1971601Z       Start 44: horde_rt_music_asset_admission_tests
Shared simulation host (Clang)	Run shared gameplay tests	2026-10-01T11:16:07.4764259Z 44/55 Test #44: horde_rt_music_asset_admission_tests ....................   Passed    6.28 sec
Shared simulation host (Clang)	Run shared gameplay tests	2026-10-01T11:16:07.4766188Z       Start 45: horde_rt_pocket_audio_core_pin_tests
Shared simulation host (Clang)	Run shared gameplay tests	2026-10-01T11:16:08.2103398Z 45/55 Test #45: horde_rt_pocket_audio_core_pin_tests ....................   Passed    0.73 sec
Shared simulation host (Clang)	Run shared gameplay tests	2026-10-01T11:16:08.2104960Z       Start 46: horde_rt_lantern_reward_tests
Shared simulation host (Clang)	Run shared gameplay tests	2026-10-01T11:16:08.2129260Z 46/55 Test #46: horde_rt_lantern_reward_tests ...........................   Passed    0.00 sec
Shared simulation host (Clang)	Run shared gameplay tests	2026-10-01T11:16:08.2130581Z       Start 47: horde_rt_lantern_pendulum_tests
Shared simulation host (Clang)	Run shared gameplay tests	2026-10-01T11:16:08.2156953Z 47/55 Test #47: horde_rt_lantern_pendulum_tests .........................   Passed    0.00 sec
Shared simulation host (Clang)	Run shared gameplay tests	2026-10-01T11:16:08.2158082Z       Start 48: horde_rt_input_mailbox_stress
Shared simulation host (Clang)	Run shared gameplay tests	2026-10-01T11:16:08.2649355Z 48/55 Test #48: horde_rt_input_mailbox_stress ...........................   Passed    0.05 sec
Shared simulation host (Clang)	Run shared gameplay tests	2026-10-01T11:16:08.2650564Z       Start 49: horde_rt_desktop_controller_input_tests
Shared simulation host (Clang)	Run shared gameplay tests	2026-10-01T11:16:08.2684182Z 49/55 Test #49: horde_rt_desktop_controller_input_tests .................   Passed    0.00 sec
Shared simulation host (Clang)	Run shared gameplay tests	2026-10-01T11:16:08.2685783Z       Start 50: horde_rt_gpu_timestamp_math_tests
Shared simulation host (Clang)	Run shared gameplay tests	2026-10-01T11:16:08.2703843Z 50/55 Test #50: horde_rt_gpu_timestamp_math_tests .......................   Passed    0.00 sec
Shared simulation host (Clang)	Run shared gameplay tests	2026-10-01T11:16:08.2705017Z       Start 51: horde_rt_combat_smoke
Shared simulation host (Clang)	Run shared gameplay tests	2026-10-01T11:16:08.2729738Z 51/55 Test #51: horde_rt_combat_smoke ...................................   Passed    0.00 sec
Shared simulation host (Clang)	Run shared gameplay tests	2026-10-01T11:16:08.2731103Z       Start 52: horde_rt_showcase_route_smoke
Shared simulation host (Clang)	Run shared gameplay tests	2026-10-01T11:16:08.2749574Z 52/55 Test #52: horde_rt_showcase_route_smoke ...........................   Passed    0.00 sec
Shared simulation host (Clang)	Run shared gameplay tests	2026-10-01T11:16:08.2750958Z       Start 53: horde_rt_showcase_gameplay_smoke
Shared simulation host (Clang)	Run shared gameplay tests	2026-10-01T11:16:08.2773432Z 53/55 Test #53: horde_rt_showcase_gameplay_smoke ........................   Passed    0.00 sec
Shared simulation host (Clang)	Run shared gameplay tests	2026-10-01T11:16:08.2774982Z       Start 54: horde_rt_spatial_audio_smoke
Shared simulation host (Clang)	Run shared gameplay tests	2026-10-01T11:16:08.2814354Z 54/55 Test #54: horde_rt_spatial_audio_smoke ............................   Passed    0.00 sec
Shared simulation host (Clang)	Run shared gameplay tests	2026-10-01T11:16:08.2815852Z       Start 55: pocket_audio_native_pcm_tests
Shared simulation host (Clang)	Run shared gameplay tests	2026-10-01T11:16:08.2836010Z 55/55 Test #55: pocket_audio_native_pcm_tests ...........................   Passed    0.00 sec
Shared simulation host (Clang)	Run shared gameplay tests	2026-10-01T11:16:08.2841040Z 
Shared simulation host (Clang)	Run shared gameplay tests	2026-10-01T11:16:08.2841257Z 100% tests passed, 0 tests failed out of 55
Shared simulation host (Clang)	Run shared gameplay tests	2026-10-01T11:16:08.2841617Z 
Shared simulation host (Clang)	Run shared gameplay tests	2026-10-01T11:16:08.2841765Z Total Test time (real) =  83.92 sec
Shared simulation host (Clang)	Check offline gauntlet chirality and UV winding	﻿2026-10-01T11:16:08.4254471Z ##[group]Run python -m unittest discover -s tests -p test_player_gauntlet_geometry.py -v
Shared simulation host (Clang)	Check offline gauntlet chirality and UV winding	2026-10-01T11:16:08.4255147Z ^[[36;1mpython -m unittest discover -s tests -p test_player_gauntlet_geometry.py -v^[[0m
Shared simulation host (Clang)	Check offline gauntlet chirality and UV winding	2026-10-01T11:16:08.4319367Z shell: /usr/bin/bash -e {0}
Shared simulation host (Clang)	Check offline gauntlet chirality and UV winding	2026-10-01T11:16:08.4319680Z ##[endgroup]
Shared simulation host (Clang)	Check offline gauntlet chirality and UV winding	2026-10-01T11:16:08.5013945Z test_invalid_chirality_is_rejected (test_player_gauntlet_geometry.GauntletGeometryTests.test_invalid_chirality_is_rejected) ... ok
Shared simulation host (Clang)	Check offline gauntlet chirality and UV winding	2026-10-01T11:16:08.5016242Z test_legacy_uv_mode_is_explicit_not_default (test_player_gauntlet_geometry.GauntletGeometryTests.test_legacy_uv_mode_is_explicit_not_default) ... ok
Shared simulation host (Clang)	Check offline gauntlet chirality and UV winding	2026-10-01T11:16:08.5018066Z test_mirror_preserves_vertex_to_uv_correspondence (test_player_gauntlet_geometry.GauntletGeometryTests.test_mirror_preserves_vertex_to_uv_correspondence) ... ok
Shared simulation host (Clang)	Check offline gauntlet chirality and UV winding	2026-10-01T11:16:08.5020139Z test_mismatched_corner_roster_is_rejected (test_player_gauntlet_geometry.GauntletGeometryTests.test_mismatched_corner_roster_is_rejected) ... ok
Shared simulation host (Clang)	Check offline gauntlet chirality and UV winding	2026-10-01T11:16:08.5021880Z test_right_source_is_mirrored_only_for_left_hand (test_player_gauntlet_geometry.GauntletGeometryTests.test_right_source_is_mirrored_only_for_left_hand) ... ok
Shared simulation host (Clang)	Check offline gauntlet chirality and UV winding	2026-10-01T11:16:08.5023515Z test_unmirrored_source_preserves_all_corners (test_player_gauntlet_geometry.GauntletGeometryTests.test_unmirrored_source_preserves_all_corners) ... ok
Shared simulation host (Clang)	Check offline gauntlet chirality and UV winding	2026-10-01T11:16:08.5024411Z 
Shared simulation host (Clang)	Check offline gauntlet chirality and UV winding	2026-10-01T11:16:08.5024645Z ----------------------------------------------------------------------
Shared simulation host (Clang)	Check offline gauntlet chirality and UV winding	2026-10-01T11:16:08.5025175Z Ran 6 tests in 0.000s
Shared simulation host (Clang)	Check offline gauntlet chirality and UV winding	2026-10-01T11:16:08.5025619Z 
Shared simulation host (Clang)	Check offline gauntlet chirality and UV winding	2026-10-01T11:16:08.5025738Z OK
Shared simulation host (Clang)	Check exact player cloth seam weight transfers	﻿2026-10-01T11:16:08.5131741Z ##[group]Run python -m unittest discover -s tests -p test_player_sleeve_seams.py -v
Shared simulation host (Clang)	Check exact player cloth seam weight transfers	2026-10-01T11:16:08.5132381Z ^[[36;1mpython -m unittest discover -s tests -p test_player_sleeve_seams.py -v^[[0m
Shared simulation host (Clang)	Check exact player cloth seam weight transfers	2026-10-01T11:16:08.5195115Z shell: /usr/bin/bash -e {0}
Shared simulation host (Clang)	Check exact player cloth seam weight transfers	2026-10-01T11:16:08.5195660Z ##[endgroup]
Shared simulation host (Clang)	Check exact player cloth seam weight transfers	2026-10-01T11:16:08.5853320Z test_conflicting_coincident_view_endpoint_records_fail (test_player_sleeve_seams.PlayerSleeveSeamTests.test_conflicting_coincident_view_endpoint_records_fail) ... ok
Shared simulation host (Clang)	Check exact player cloth seam weight transfers	2026-10-01T11:16:08.5858006Z test_explicit_body_remainder_preserves_the_same_cloth_seam (test_player_sleeve_seams.PlayerSleeveSeamTests.test_explicit_body_remainder_preserves_the_same_cloth_seam) ... ok
Shared simulation host (Clang)	Check exact player cloth seam weight transfers	2026-10-01T11:16:08.5859778Z test_invalid_face_index_fails (test_player_sleeve_seams.PlayerSleeveSeamTests.test_invalid_face_index_fails) ... ok
Shared simulation host (Clang)	Check exact player cloth seam weight transfers	2026-10-01T11:16:08.5863129Z test_negative_or_unnormalized_weight_fails (test_player_sleeve_seams.PlayerSleeveSeamTests.test_negative_or_unnormalized_weight_fails) ... ok
Shared simulation host (Clang)	Check exact player cloth seam weight transfers	2026-10-01T11:16:08.5864696Z test_nonfinite_position_fails (test_player_sleeve_seams.PlayerSleeveSeamTests.test_nonfinite_position_fails) ... ok
Shared simulation host (Clang)	Check exact player cloth seam weight transfers	2026-10-01T11:16:08.5870002Z test_nonmanifold_and_degenerate_sleeve_edges_fail (test_player_sleeve_seams.PlayerSleeveSeamTests.test_nonmanifold_and_degenerate_sleeve_edges_fail) ... ok
Shared simulation host (Clang)	Check exact player cloth seam weight transfers	2026-10-01T11:16:08.5877805Z test_retained_world_authoring_roundoff_does_not_relax_canonical_weights (test_player_sleeve_seams.PlayerSleeveSeamTests.test_retained_world_authoring_roundoff_does_not_relax_canonical_weights) ... ok
Shared simulation host (Clang)	Check exact player cloth seam weight transfers	2026-10-01T11:16:08.5881499Z test_transfers_canonical_shared_boundary_weights_without_mutating_inputs (test_player_sleeve_seams.PlayerSleeveSeamTests.test_transfers_canonical_shared_boundary_weights_without_mutating_inputs) ... ok
Shared simulation host (Clang)	Check exact player cloth seam weight transfers	2026-10-01T11:16:08.5883664Z test_unknown_view_bone_name_fails (test_player_sleeve_seams.PlayerSleeveSeamTests.test_unknown_view_bone_name_fails) ... ok
Shared simulation host (Clang)	Check exact player cloth seam weight transfers	2026-10-01T11:16:08.5888851Z test_unshared_and_no_nearface_edges_do_not_transfer (test_player_sleeve_seams.PlayerSleeveSeamTests.test_unshared_and_no_nearface_edges_do_not_transfer) ... ok
Shared simulation host (Clang)	Check exact player cloth seam weight transfers	2026-10-01T11:16:08.5891059Z test_unused_vertices_may_have_no_deform_weights (test_player_sleeve_seams.PlayerSleeveSeamTests.test_unused_vertices_may_have_no_deform_weights) ... ok
Shared simulation host (Clang)	Check exact player cloth seam weight transfers	2026-10-01T11:16:08.5893444Z test_vertices_shared_with_head_or_gauntlet_are_excluded (test_player_sleeve_seams.PlayerSleeveSeamTests.test_vertices_shared_with_head_or_gauntlet_are_excluded) ... ok
Shared simulation host (Clang)	Check exact player cloth seam weight transfers	2026-10-01T11:16:08.5894570Z 
Shared simulation host (Clang)	Check exact player cloth seam weight transfers	2026-10-01T11:16:08.5894809Z ----------------------------------------------------------------------
Shared simulation host (Clang)	Check exact player cloth seam weight transfers	2026-10-01T11:16:08.5895303Z Ran 12 tests in 0.005s
Shared simulation host (Clang)	Check exact player cloth seam weight transfers	2026-10-01T11:16:08.5895776Z 
Shared simulation host (Clang)	Check exact player cloth seam weight transfers	2026-10-01T11:16:08.5895888Z OK
Shared simulation host (Clang)	Check upper torso partition preserves the head mask	﻿2026-10-01T11:16:08.6027924Z ##[group]Run python -m unittest discover -s tests -p test_player_body_partition.py -v
Shared simulation host (Clang)	Check upper torso partition preserves the head mask	2026-10-01T11:16:08.6028553Z ^[[36;1mpython -m unittest discover -s tests -p test_player_body_partition.py -v^[[0m
Shared simulation host (Clang)	Check upper torso partition preserves the head mask	2026-10-01T11:16:08.6090989Z shell: /usr/bin/bash -e {0}
Shared simulation host (Clang)	Check upper torso partition preserves the head mask	2026-10-01T11:16:08.6091285Z ##[endgroup]
Shared simulation host (Clang)	Check upper torso partition preserves the head mask	2026-10-01T11:16:08.6678828Z test_invalid_or_incompatible_landmarks_reject (test_player_body_partition.BodyPartitionTests.test_invalid_or_incompatible_landmarks_reject) ... ok
Shared simulation host (Clang)	Check upper torso partition preserves the head mask	2026-10-01T11:16:08.6680997Z test_origin_and_scale_are_explicit (test_player_body_partition.BodyPartitionTests.test_origin_and_scale_are_explicit) ... ok
Shared simulation host (Clang)	Check upper torso partition preserves the head mask	2026-10-01T11:16:08.6682517Z test_retains_the_original_head_mask (test_player_body_partition.BodyPartitionTests.test_retains_the_original_head_mask) ... ok
Shared simulation host (Clang)	Check upper torso partition preserves the head mask	2026-10-01T11:16:08.6683156Z 
Shared simulation host (Clang)	Check upper torso partition preserves the head mask	2026-10-01T11:16:08.6683329Z ----------------------------------------------------------------------
Shared simulation host (Clang)	Check upper torso partition preserves the head mask	2026-10-01T11:16:08.6683677Z Ran 3 tests in 0.000s
Shared simulation host (Clang)	Check upper torso partition preserves the head mask	2026-10-01T11:16:08.6683815Z 
Shared simulation host (Clang)	Check upper torso partition preserves the head mask	2026-10-01T11:16:08.6683890Z OK
Shared simulation host (Clang)	Check bounded segmented cloth seam plans	﻿2026-10-01T11:16:08.6800755Z ##[group]Run python -m unittest discover -s tests -p test_player_segmented_seams.py -v
Shared simulation host (Clang)	Check bounded segmented cloth seam plans	2026-10-01T11:16:08.6801408Z ^[[36;1mpython -m unittest discover -s tests -p test_player_segmented_seams.py -v^[[0m
Shared simulation host (Clang)	Check bounded segmented cloth seam plans	2026-10-01T11:16:08.6863848Z shell: /usr/bin/bash -e {0}
Shared simulation host (Clang)	Check bounded segmented cloth seam plans	2026-10-01T11:16:08.6864147Z ##[endgroup]
Shared simulation host (Clang)	Check bounded segmented cloth seam plans	2026-10-01T11:16:08.7489136Z test_already_matching_segments_need_no_split (test_player_segmented_seams.SegmentedSeamTests.test_already_matching_segments_need_no_split) ... ok
Shared simulation host (Clang)	Check bounded segmented cloth seam plans	2026-10-01T11:16:08.7491376Z test_nearby_but_not_coincident_edge_is_not_welded (test_player_segmented_seams.SegmentedSeamTests.test_nearby_but_not_coincident_edge_is_not_welded) ... ok
Shared simulation host (Clang)	Check bounded segmented cloth seam plans	2026-10-01T11:16:08.7493147Z test_no_body_primary_backing_does_not_authorize_a_split (test_player_segmented_seams.SegmentedSeamTests.test_no_body_primary_backing_does_not_authorize_a_split) ... ok
Shared simulation host (Clang)	Check bounded segmented cloth seam plans	2026-10-01T11:16:08.7494824Z test_partial_cloth_coverage_rejects (test_player_segmented_seams.SegmentedSeamTests.test_partial_cloth_coverage_rejects) ... ok
Shared simulation host (Clang)	Check bounded segmented cloth seam plans	2026-10-01T11:16:08.7498578Z test_plans_only_canonical_midpoint_without_mutating_inputs (test_player_segmented_seams.SegmentedSeamTests.test_plans_only_canonical_midpoint_without_mutating_inputs) ... ok
Shared simulation host (Clang)	Check bounded segmented cloth seam plans	2026-10-01T11:16:08.7500950Z test_protected_vertex_rejects (test_player_segmented_seams.SegmentedSeamTests.test_protected_vertex_rejects) ... ok
Shared simulation host (Clang)	Check bounded segmented cloth seam plans	2026-10-01T11:16:08.7503356Z test_same_winding_rejects (test_player_segmented_seams.SegmentedSeamTests.test_same_winding_rejects) ... ok
Shared simulation host (Clang)	Check bounded segmented cloth seam plans	2026-10-01T11:16:08.7504309Z 
Shared simulation host (Clang)	Check bounded segmented cloth seam plans	2026-10-01T11:16:08.7504764Z ----------------------------------------------------------------------
Shared simulation host (Clang)	Check bounded segmented cloth seam plans	2026-10-01T11:16:08.7505324Z Ran 7 tests in 0.002s
Shared simulation host (Clang)	Check bounded segmented cloth seam plans	2026-10-01T11:16:08.7505859Z 
Shared simulation host (Clang)	Check bounded segmented cloth seam plans	2026-10-01T11:16:08.7505980Z OK
Shared simulation host (Clang)	Check Gradle APK artifact resolution	﻿2026-10-01T11:16:08.7625673Z ##[group]Run ./tools/test-resolve-android-apk.ps1
Shared simulation host (Clang)	Check Gradle APK artifact resolution	2026-10-01T11:16:08.7626142Z ^[[36;1m./tools/test-resolve-android-apk.ps1^[[0m
Shared simulation host (Clang)	Check Gradle APK artifact resolution	2026-10-01T11:16:08.7652674Z shell: /usr/bin/pwsh -command ". '{0}'"
Shared simulation host (Clang)	Check Gradle APK artifact resolution	2026-10-01T11:16:08.7652988Z ##[endgroup]
Shared simulation host (Clang)	Check Gradle APK artifact resolution	2026-10-01T11:16:09.2128255Z PASS normal Gradle output
Shared simulation host (Clang)	Check Gradle APK artifact resolution	2026-10-01T11:16:09.2370112Z PASS redirected intermediates output
Shared simulation host (Clang)	Check Gradle APK artifact resolution	2026-10-01T11:16:09.2545290Z PASS wrong variant (rejected)
Shared simulation host (Clang)	Check Gradle APK artifact resolution	2026-10-01T11:16:09.2611061Z PASS wrong artifact type (rejected)
Shared simulation host (Clang)	Check Gradle APK artifact resolution	2026-10-01T11:16:09.2665413Z PASS missing output element (rejected)
Shared simulation host (Clang)	Check Gradle APK artifact resolution	2026-10-01T11:16:09.2724806Z PASS multiple output elements (rejected)
Shared simulation host (Clang)	Check Gradle APK artifact resolution	2026-10-01T11:16:09.2781440Z PASS missing APK file (rejected)
Shared simulation host (Clang)	Check Gradle APK artifact resolution	2026-10-01T11:16:09.2833822Z PASS filename path traversal (rejected)
Shared simulation host (Clang)	Check Gradle APK artifact resolution	2026-10-01T11:16:09.2885044Z PASS escaped listing path (rejected)
Shared simulation host (Clang)	Check Gradle APK artifact resolution	2026-10-01T11:16:09.2938732Z PASS duplicate redirect entries (rejected)
Shared simulation host (Clang)	Check Gradle APK artifact resolution	2026-10-01T11:16:09.2948609Z All 10 resolver cases passed.
Shared simulation host (Clang)	Check Android combat capture expectations	﻿2026-10-01T11:16:09.3534525Z ##[group]Run ./tests/AndroidCombatCaptureExpectations.ps1
Shared simulation host (Clang)	Check Android combat capture expectations	2026-10-01T11:16:09.3535082Z ^[[36;1m./tests/AndroidCombatCaptureExpectations.ps1^[[0m
Shared simulation host (Clang)	Check Android combat capture expectations	2026-10-01T11:16:09.3559509Z shell: /usr/bin/pwsh -command ". '{0}'"
Shared simulation host (Clang)	Check Android combat capture expectations	2026-10-01T11:16:09.3559817Z ##[endgroup]
Shared simulation host (Clang)	Check Android combat capture expectations	2026-10-01T11:16:09.8778656Z Android combat capture expectations: 34 cases passed.
Shared simulation host (Clang)	Check Android combat capture expectations	2026-10-01T11:16:09.9108510Z Android gameplay versus isolated-glass ownership: 16 cases passed.
Shared simulation host (Clang)	Post Check out source	﻿2026-10-01T11:16:09.9733470Z Post job cleanup.
Shared simulation host (Clang)	Post Check out source	2026-10-01T11:16:10.0636653Z [command]/usr/bin/git version
Shared simulation host (Clang)	Post Check out source	2026-10-01T11:16:10.0684487Z git version 2.55.0
Shared simulation host (Clang)	Post Check out source	2026-10-01T11:16:10.0733652Z Temporarily overriding HOME='/home/runner/work/_temp/c6765c9f-1a96-45df-8c5f-e688a80b45e8' before making global git config changes
Shared simulation host (Clang)	Post Check out source	2026-10-01T11:16:10.0735636Z Adding repository directory to the temporary git global config as a safe directory
Shared simulation host (Clang)	Post Check out source	2026-10-01T11:16:10.0741569Z [command]/usr/bin/git config --global --add safe.directory /home/runner/work/The-Horde-RT-demo/The-Horde-RT-demo
Shared simulation host (Clang)	Post Check out source	2026-10-01T11:16:10.0783172Z Removing SSH command configuration
Shared simulation host (Clang)	Post Check out source	2026-10-01T11:16:10.0792504Z [command]/usr/bin/git config --local --name-only --get-regexp core\.sshCommand
Shared simulation host (Clang)	Post Check out source	2026-10-01T11:16:10.0843032Z [command]/usr/bin/git submodule foreach --recursive sh -c "git config --local --name-only --get-regexp 'core\.sshCommand' && git config --local --unset-all 'core.sshCommand' || :"
Shared simulation host (Clang)	Post Check out source	2026-10-01T11:16:10.1166273Z Removing HTTP extra header
Shared simulation host (Clang)	Post Check out source	2026-10-01T11:16:10.1176584Z [command]/usr/bin/git config --local --name-only --get-regexp http\.https\:\/\/github\.com\/\.extraheader
Shared simulation host (Clang)	Post Check out source	2026-10-01T11:16:10.1228503Z [command]/usr/bin/git submodule foreach --recursive sh -c "git config --local --name-only --get-regexp 'http\.https\:\/\/github\.com\/\.extraheader' && git config --local --unset-all 'http.https://github.com/.extraheader' || :"
Shared simulation host (Clang)	Post Check out source	2026-10-01T11:16:10.1504017Z Removing includeIf entries pointing to credentials config files
Shared simulation host (Clang)	Post Check out source	2026-10-01T11:16:10.1514263Z [command]/usr/bin/git config --local --name-only --get-regexp ^includeIf\.gitdir:
Shared simulation host (Clang)	Post Check out source	2026-10-01T11:16:10.1554375Z includeif.gitdir:/home/runner/work/The-Horde-RT-demo/The-Horde-RT-demo/.git.path
Shared simulation host (Clang)	Post Check out source	2026-10-01T11:16:10.1555712Z includeif.gitdir:/home/runner/work/The-Horde-RT-demo/The-Horde-RT-demo/.git/worktrees/*.path
Shared simulation host (Clang)	Post Check out source	2026-10-01T11:16:10.1556537Z includeif.gitdir:/github/workspace/.git.path
Shared simulation host (Clang)	Post Check out source	2026-10-01T11:16:10.1557212Z includeif.gitdir:/github/workspace/.git/worktrees/*.path
Shared simulation host (Clang)	Post Check out source	2026-10-01T11:16:10.1569953Z [command]/usr/bin/git config --local --get-all includeif.gitdir:/home/runner/work/The-Horde-RT-demo/The-Horde-RT-demo/.git.path
Shared simulation host (Clang)	Post Check out source	2026-10-01T11:16:10.1616966Z /home/runner/work/_temp/git-credentials-9c6cb010-818a-4600-900f-cdd945246314.config
Shared simulation host (Clang)	Post Check out source	2026-10-01T11:16:10.1637136Z [command]/usr/bin/git config --local --unset includeif.gitdir:/home/runner/work/The-Horde-RT-demo/The-Horde-RT-demo/.git.path /home/runner/work/_temp/git-credentials-9c6cb010-818a-4600-900f-cdd945246314.config
Shared simulation host (Clang)	Post Check out source	2026-10-01T11:16:10.1675923Z [command]/usr/bin/git config --local --get-all includeif.gitdir:/home/runner/work/The-Horde-RT-demo/The-Horde-RT-demo/.git/worktrees/*.path
Shared simulation host (Clang)	Post Check out source	2026-10-01T11:16:10.1709159Z /home/runner/work/_temp/git-credentials-9c6cb010-818a-4600-900f-cdd945246314.config
Shared simulation host (Clang)	Post Check out source	2026-10-01T11:16:10.1724118Z [command]/usr/bin/git config --local --unset includeif.gitdir:/home/runner/work/The-Horde-RT-demo/The-Horde-RT-demo/.git/worktrees/*.path /home/runner/work/_temp/git-credentials-9c6cb010-818a-4600-900f-cdd945246314.config
Shared simulation host (Clang)	Post Check out source	2026-10-01T11:16:10.1772891Z [command]/usr/bin/git config --local --get-all includeif.gitdir:/github/workspace/.git.path
Shared simulation host (Clang)	Post Check out source	2026-10-01T11:16:10.1801792Z /github/runner_temp/git-credentials-9c6cb010-818a-4600-900f-cdd945246314.config
Shared simulation host (Clang)	Post Check out source	2026-10-01T11:16:10.1813527Z [command]/usr/bin/git config --local --unset includeif.gitdir:/github/workspace/.git.path /github/runner_temp/git-credentials-9c6cb010-818a-4600-900f-cdd945246314.config
Shared simulation host (Clang)	Post Check out source	2026-10-01T11:16:10.1855597Z [command]/usr/bin/git config --local --get-all includeif.gitdir:/github/workspace/.git/worktrees/*.path
Shared simulation host (Clang)	Post Check out source	2026-10-01T11:16:10.1888169Z /github/runner_temp/git-credentials-9c6cb010-818a-4600-900f-cdd945246314.config
Shared simulation host (Clang)	Post Check out source	2026-10-01T11:16:10.1894539Z [command]/usr/bin/git config --local --unset includeif.gitdir:/github/workspace/.git/worktrees/*.path /github/runner_temp/git-credentials-9c6cb010-818a-4600-900f-cdd945246314.config
Shared simulation host (Clang)	Post Check out source	2026-10-01T11:16:10.1940975Z [command]/usr/bin/git submodule foreach --recursive git config --local --show-origin --name-only --get-regexp remote.origin.url
Shared simulation host (Clang)	Post Check out source	2026-10-01T11:16:10.2187327Z Removing credentials config '/home/runner/work/_temp/git-credentials-9c6cb010-818a-4600-900f-cdd945246314.config'
Shared simulation host (Clang)	Complete job	﻿2026-10-01T11:16:10.2350252Z Cleaning up orphan processes
Shared simulation host (MSVC)	Set up job	﻿2026-10-01T11:12:52.7416195Z Current runner version: '2.337.0'
Shared simulation host (MSVC)	Set up job	2026-10-01T11:12:52.7550634Z ##[group]Runner Image Provisioner
Shared simulation host (MSVC)	Set up job	2026-10-01T11:12:52.7552096Z Hosted Compute Agent
Shared simulation host (MSVC)	Set up job	2026-10-01T11:12:52.7553052Z Version: 20260901.588
Shared simulation host (MSVC)	Set up job	2026-10-01T11:12:52.7554101Z Commit: f88ec8081b781fac6c440065ac7ff9e710ce3d0b
Shared simulation host (MSVC)	Set up job	2026-10-01T11:12:52.7555366Z Build Date: 2026-09-01T19:56:44Z
Shared simulation host (MSVC)	Set up job	2026-10-01T11:12:52.7556550Z Worker ID: {dab640a3-ec4b-45bb-9d4d-22ed383bddcb}
Shared simulation host (MSVC)	Set up job	2026-10-01T11:12:52.7557984Z Azure Region: eastus
Shared simulation host (MSVC)	Set up job	2026-10-01T11:12:52.7559045Z ##[endgroup]
Shared simulation host (MSVC)	Set up job	2026-10-01T11:12:52.7561479Z ##[group]Operating System
Shared simulation host (MSVC)	Set up job	2026-10-01T11:12:52.7562588Z Microsoft Windows Server 2025
Shared simulation host (MSVC)	Set up job	2026-10-01T11:12:52.7564031Z 10.0.26100
Shared simulation host (MSVC)	Set up job	2026-10-01T11:12:52.7565010Z Datacenter
Shared simulation host (MSVC)	Set up job	2026-10-01T11:12:52.7565913Z ##[endgroup]
Shared simulation host (MSVC)	Set up job	2026-10-01T11:12:52.7566871Z ##[group]Runner Image
Shared simulation host (MSVC)	Set up job	2026-10-01T11:12:52.7567891Z Image: windows-2025-vs2026
Shared simulation host (MSVC)	Set up job	2026-10-01T11:12:52.7568892Z Version: 20260925.250.1
Shared simulation host (MSVC)	Set up job	2026-10-01T11:12:52.7570960Z Included Software: https://github.com/actions/runner-images/blob/win25-vs2026/20260925.250/images/windows/Windows2025-VS2026-Readme.md
Shared simulation host (MSVC)	Set up job	2026-10-01T11:12:52.7575113Z Image Release: https://github.com/actions/runner-images/releases/tag/win25-vs2026%2F20260925.250
Shared simulation host (MSVC)	Set up job	2026-10-01T11:12:52.7576887Z ##[endgroup]
Shared simulation host (MSVC)	Set up job	2026-10-01T11:12:52.7578988Z ##[group]GITHUB_TOKEN Permissions
Shared simulation host (MSVC)	Set up job	2026-10-01T11:12:52.7581947Z Contents: read
Shared simulation host (MSVC)	Set up job	2026-10-01T11:12:52.7582593Z Metadata: read
Shared simulation host (MSVC)	Set up job	2026-10-01T11:12:52.7583213Z ##[endgroup]
Shared simulation host (MSVC)	Set up job	2026-10-01T11:12:52.7585811Z Secret source: Actions
Shared simulation host (MSVC)	Set up job	2026-10-01T11:12:52.7586786Z Cache mode: write
Shared simulation host (MSVC)	Set up job	2026-10-01T11:12:52.7587492Z Prepare workflow directory
Shared simulation host (MSVC)	Set up job	2026-10-01T11:12:52.7935241Z Prepare all required actions
Shared simulation host (MSVC)	Set up job	2026-10-01T11:12:52.7985248Z Getting action download info
Shared simulation host (MSVC)	Set up job	2026-10-01T11:12:52.9830878Z Download action repository 'actions/checkout@v6' (SHA:d23441a48e516b6c34aea4fa41551a30e30af803)
Shared simulation host (MSVC)	Set up job	2026-10-01T11:12:53.2619998Z Complete job name: Shared simulation host (MSVC)
Shared simulation host (MSVC)	Check out source	﻿2026-10-01T11:12:53.4169109Z ##[group]Run actions/checkout@v6
Shared simulation host (MSVC)	Check out source	2026-10-01T11:12:53.4170172Z with:
Shared simulation host (MSVC)	Check out source	2026-10-01T11:12:53.4170665Z   repository: Samfa12-tech/The-Horde-RT-demo
Shared simulation host (MSVC)	Check out source	2026-10-01T11:12:53.4174748Z   token: ***
Shared simulation host (MSVC)	Check out source	2026-10-01T11:12:53.4175167Z   ssh-strict: true
Shared simulation host (MSVC)	Check out source	2026-10-01T11:12:53.4175589Z   ssh-user: git
Shared simulation host (MSVC)	Check out source	2026-10-01T11:12:53.4176019Z   persist-credentials: true
Shared simulation host (MSVC)	Check out source	2026-10-01T11:12:53.4176491Z   clean: true
Shared simulation host (MSVC)	Check out source	2026-10-01T11:12:53.4176913Z   sparse-checkout-cone-mode: true
Shared simulation host (MSVC)	Check out source	2026-10-01T11:12:53.4177418Z   fetch-depth: 1
Shared simulation host (MSVC)	Check out source	2026-10-01T11:12:53.4177831Z   fetch-tags: false
Shared simulation host (MSVC)	Check out source	2026-10-01T11:12:53.4178253Z   show-progress: true
Shared simulation host (MSVC)	Check out source	2026-10-01T11:12:53.4178672Z   lfs: false
Shared simulation host (MSVC)	Check out source	2026-10-01T11:12:53.4179071Z   submodules: false
Shared simulation host (MSVC)	Check out source	2026-10-01T11:12:53.4179501Z   set-safe-directory: true
Shared simulation host (MSVC)	Check out source	2026-10-01T11:12:53.4179983Z   allow-unsafe-pr-checkout: false
Shared simulation host (MSVC)	Check out source	2026-10-01T11:12:53.4180688Z ##[endgroup]
Shared simulation host (MSVC)	Check out source	2026-10-01T11:12:53.5887176Z Syncing repository: Samfa12-tech/The-Horde-RT-demo
Shared simulation host (MSVC)	Check out source	2026-10-01T11:12:53.5889615Z ##[group]Getting Git version info
Shared simulation host (MSVC)	Check out source	2026-10-01T11:12:53.5890503Z Working directory is 'D:\a\The-Horde-RT-demo\The-Horde-RT-demo'
Shared simulation host (MSVC)	Check out source	2026-10-01T11:12:53.6913489Z [command]"C:\Program Files\Git\bin\git.exe" version
Shared simulation host (MSVC)	Check out source	2026-10-01T11:12:54.0146425Z git version 2.55.0.windows.5
Shared simulation host (MSVC)	Check out source	2026-10-01T11:12:54.0244000Z ##[endgroup]
Shared simulation host (MSVC)	Check out source	2026-10-01T11:12:54.0251767Z Temporarily overriding HOME='D:\a\_temp\78333230-cbce-4a46-b923-60c54bc52b4b' before making global git config changes
Shared simulation host (MSVC)	Check out source	2026-10-01T11:12:54.0254324Z Adding repository directory to the temporary git global config as a safe directory
Shared simulation host (MSVC)	Check out source	2026-10-01T11:12:54.0256873Z [command]"C:\Program Files\Git\bin\git.exe" config --global --add safe.directory D:\a\The-Horde-RT-demo\The-Horde-RT-demo
Shared simulation host (MSVC)	Check out source	2026-10-01T11:12:54.0890182Z Deleting the contents of 'D:\a\The-Horde-RT-demo\The-Horde-RT-demo'
Shared simulation host (MSVC)	Check out source	2026-10-01T11:12:54.0896774Z ##[group]Determining repository object format
Shared simulation host (MSVC)	Check out source	2026-10-01T11:12:54.0899782Z ##[endgroup]
Shared simulation host (MSVC)	Check out source	2026-10-01T11:12:54.0901073Z ##[group]Initializing the repository
Shared simulation host (MSVC)	Check out source	2026-10-01T11:12:54.0909401Z [command]"C:\Program Files\Git\bin\git.exe" init D:\a\The-Horde-RT-demo\The-Horde-RT-demo
Shared simulation host (MSVC)	Check out source	2026-10-01T11:12:54.1731321Z Initialized empty Git repository in D:/a/The-Horde-RT-demo/The-Horde-RT-demo/.git/
Shared simulation host (MSVC)	Check out source	2026-10-01T11:12:54.1778653Z [command]"C:\Program Files\Git\bin\git.exe" remote add origin https://github.com/Samfa12-tech/The-Horde-RT-demo
Shared simulation host (MSVC)	Check out source	2026-10-01T11:12:54.2522030Z ##[endgroup]
Shared simulation host (MSVC)	Check out source	2026-10-01T11:12:54.2523363Z ##[group]Disabling automatic garbage collection
Shared simulation host (MSVC)	Check out source	2026-10-01T11:12:54.2532096Z [command]"C:\Program Files\Git\bin\git.exe" config --local gc.auto 0
Shared simulation host (MSVC)	Check out source	2026-10-01T11:12:54.2834426Z ##[endgroup]
Shared simulation host (MSVC)	Check out source	2026-10-01T11:12:54.2837093Z ##[group]Setting up auth
Shared simulation host (MSVC)	Check out source	2026-10-01T11:12:54.2838893Z Removing SSH command configuration
Shared simulation host (MSVC)	Check out source	2026-10-01T11:12:54.2849904Z [command]"C:\Program Files\Git\bin\git.exe" config --local --name-only --get-regexp core\.sshCommand
Shared simulation host (MSVC)	Check out source	2026-10-01T11:12:54.3159688Z [command]"C:\Program Files\Git\bin\git.exe" submodule foreach --recursive "sh -c \"git config --local --name-only --get-regexp 'core\.sshCommand' && git config --local --unset-all 'core.sshCommand' || :\""
Shared simulation host (MSVC)	Check out source	2026-10-01T11:12:55.7540095Z Removing HTTP extra header
Shared simulation host (MSVC)	Check out source	2026-10-01T11:12:55.7551602Z [command]"C:\Program Files\Git\bin\git.exe" config --local --name-only --get-regexp http\.https\:\/\/github\.com\/\.extraheader
Shared simulation host (MSVC)	Check out source	2026-10-01T11:12:55.7881099Z [command]"C:\Program Files\Git\bin\git.exe" submodule foreach --recursive "sh -c \"git config --local --name-only --get-regexp 'http\.https\:\/\/github\.com\/\.extraheader' && git config --local --unset-all 'http.https://github.com/.extraheader' || :\""
Shared simulation host (MSVC)	Check out source	2026-10-01T11:12:56.3394093Z Removing includeIf entries pointing to credentials config files
Shared simulation host (MSVC)	Check out source	2026-10-01T11:12:56.3414693Z [command]"C:\Program Files\Git\bin\git.exe" config --local --name-only --get-regexp ^includeIf\.gitdir:
Shared simulation host (MSVC)	Check out source	2026-10-01T11:12:56.3728062Z [command]"C:\Program Files\Git\bin\git.exe" submodule foreach --recursive "git config --local --show-origin --name-only --get-regexp remote.origin.url"
Shared simulation host (MSVC)	Check out source	2026-10-01T11:12:56.9180134Z [command]"C:\Program Files\Git\bin\git.exe" config --file D:\a\_temp\git-credentials-22bd6c98-5447-4ea4-9f65-12159b82f32c.config http.https://github.com/.extraheader "AUTHORIZATION: basic ***"
Shared simulation host (MSVC)	Check out source	2026-10-01T11:12:56.9507470Z [command]"C:\Program Files\Git\bin\git.exe" config --local includeIf.gitdir:D:/a/The-Horde-RT-demo/The-Horde-RT-demo/.git.path D:\a\_temp\git-credentials-22bd6c98-5447-4ea4-9f65-12159b82f32c.config
Shared simulation host (MSVC)	Check out source	2026-10-01T11:12:56.9816411Z [command]"C:\Program Files\Git\bin\git.exe" config --local includeIf.gitdir:D:/a/The-Horde-RT-demo/The-Horde-RT-demo/.git/worktrees/*.path D:\a\_temp\git-credentials-22bd6c98-5447-4ea4-9f65-12159b82f32c.config
Shared simulation host (MSVC)	Check out source	2026-10-01T11:12:57.0172336Z [command]"C:\Program Files\Git\bin\git.exe" config --local includeIf.gitdir:/github/workspace/.git.path /github/runner_temp/git-credentials-22bd6c98-5447-4ea4-9f65-12159b82f32c.config
Shared simulation host (MSVC)	Check out source	2026-10-01T11:12:57.0499280Z [command]"C:\Program Files\Git\bin\git.exe" config --local includeIf.gitdir:/github/workspace/.git/worktrees/*.path /github/runner_temp/git-credentials-22bd6c98-5447-4ea4-9f65-12159b82f32c.config
Shared simulation host (MSVC)	Check out source	2026-10-01T11:12:57.0813197Z ##[endgroup]
Shared simulation host (MSVC)	Check out source	2026-10-01T11:12:57.0814063Z ##[group]Fetching the repository
Shared simulation host (MSVC)	Check out source	2026-10-01T11:12:57.0828842Z [command]"C:\Program Files\Git\bin\git.exe" -c protocol.version=2 fetch --no-tags --prune --no-recurse-submodules --depth=1 origin +4aa5e0aca0cffc3fe395b05c4db4d191b756b563:refs/remotes/pull/15/merge
Shared simulation host (MSVC)	Check out source	2026-10-01T11:12:59.1357460Z From https://github.com/Samfa12-tech/The-Horde-RT-demo
Shared simulation host (MSVC)	Check out source	2026-10-01T11:12:59.1358461Z  * [new ref]         4aa5e0aca0cffc3fe395b05c4db4d191b756b563 -> pull/15/merge
Shared simulation host (MSVC)	Check out source	2026-10-01T11:12:59.1402724Z ##[endgroup]
Shared simulation host (MSVC)	Check out source	2026-10-01T11:12:59.1403385Z ##[group]Determining the checkout info
Shared simulation host (MSVC)	Check out source	2026-10-01T11:12:59.1405835Z ##[endgroup]
Shared simulation host (MSVC)	Check out source	2026-10-01T11:12:59.1416822Z [command]"C:\Program Files\Git\bin\git.exe" sparse-checkout disable
Shared simulation host (MSVC)	Check out source	2026-10-01T11:12:59.1884747Z [command]"C:\Program Files\Git\bin\git.exe" config --local --unset-all extensions.worktreeConfig
Shared simulation host (MSVC)	Check out source	2026-10-01T11:12:59.2186046Z ##[group]Checking out the ref
Shared simulation host (MSVC)	Check out source	2026-10-01T11:12:59.2196703Z [command]"C:\Program Files\Git\bin\git.exe" checkout --progress --force refs/remotes/pull/15/merge
Shared simulation host (MSVC)	Check out source	2026-10-01T11:13:00.6145121Z Updating files:   0% (30/4665)
Shared simulation host (MSVC)	Check out source	2026-10-01T11:13:00.6490215Z Updating files:   1% (47/4665)
Shared simulation host (MSVC)	Check out source	2026-10-01T11:13:00.6954090Z Updating files:   2% (94/4665)
Shared simulation host (MSVC)	Check out source	2026-10-01T11:13:00.7196355Z Updating files:   3% (140/4665)
Shared simulation host (MSVC)	Check out source	2026-10-01T11:13:00.7415391Z Updating files:   4% (187/4665)
Shared simulation host (MSVC)	Check out source	2026-10-01T11:13:00.7671354Z Updating files:   5% (234/4665)
Shared simulation host (MSVC)	Check out source	2026-10-01T11:13:00.8786670Z Updating files:   6% (280/4665)
Shared simulation host (MSVC)	Check out source	2026-10-01T11:13:00.8968591Z Updating files:   7% (327/4665)
Shared simulation host (MSVC)	Check out source	2026-10-01T11:13:00.9109835Z Updating files:   8% (374/4665)
Shared simulation host (MSVC)	Check out source	2026-10-01T11:13:00.9311646Z Updating files:   9% (420/4665)
Shared simulation host (MSVC)	Check out source	2026-10-01T11:13:00.9552573Z Updating files:  10% (467/4665)
Shared simulation host (MSVC)	Check out source	2026-10-01T11:13:00.9716465Z Updating files:  11% (514/4665)
Shared simulation host (MSVC)	Check out source	2026-10-01T11:13:00.9911065Z Updating files:  12% (560/4665)
Shared simulation host (MSVC)	Check out source	2026-10-01T11:13:01.0123352Z Updating files:  13% (607/4665)
Shared simulation host (MSVC)	Check out source	2026-10-01T11:13:01.0279037Z Updating files:  14% (654/4665)
Shared simulation host (MSVC)	Check out source	2026-10-01T11:13:01.0421371Z Updating files:  15% (700/4665)
Shared simulation host (MSVC)	Check out source	2026-10-01T11:13:01.0581823Z Updating files:  16% (747/4665)
Shared simulation host (MSVC)	Check out source	2026-10-01T11:13:01.0752948Z Updating files:  17% (794/4665)
Shared simulation host (MSVC)	Check out source	2026-10-01T11:13:01.0929595Z Updating files:  18% (840/4665)
Shared simulation host (MSVC)	Check out source	2026-10-01T11:13:01.1092558Z Updating files:  19% (887/4665)
Shared simulation host (MSVC)	Check out source	2026-10-01T11:13:01.1273369Z Updating files:  20% (933/4665)
Shared simulation host (MSVC)	Check out source	2026-10-01T11:13:01.1448056Z Updating files:  21% (980/4665)
Shared simulation host (MSVC)	Check out source	2026-10-01T11:13:01.1602932Z Updating files:  22% (1027/4665)
Shared simulation host (MSVC)	Check out source	2026-10-01T11:13:01.1778619Z Updating files:  23% (1073/4665)
Shared simulation host (MSVC)	Check out source	2026-10-01T11:13:01.1919982Z Updating files:  24% (1120/4665)
Shared simulation host (MSVC)	Check out source	2026-10-01T11:13:01.2091689Z Updating files:  25% (1167/4665)
Shared simulation host (MSVC)	Check out source	2026-10-01T11:13:01.2251612Z Updating files:  26% (1213/4665)
Shared simulation host (MSVC)	Check out source	2026-10-01T11:13:01.2840178Z Updating files:  27% (1260/4665)
Shared simulation host (MSVC)	Check out source	2026-10-01T11:13:01.2929542Z Updating files:  27% (1287/4665)
Shared simulation host (MSVC)	Check out source	2026-10-01T11:13:01.3120422Z Updating files:  28% (1307/4665)
Shared simulation host (MSVC)	Check out source	2026-10-01T11:13:01.3332115Z Updating files:  29% (1353/4665)
Shared simulation host (MSVC)	Check out source	2026-10-01T11:13:01.3552625Z Updating files:  30% (1400/4665)
Shared simulation host (MSVC)	Check out source	2026-10-01T11:13:01.3699160Z Updating files:  31% (1447/4665)
Shared simulation host (MSVC)	Check out source	2026-10-01T11:13:01.3866094Z Updating files:  32% (1493/4665)
Shared simulation host (MSVC)	Check out source	2026-10-01T11:13:01.4080672Z Updating files:  33% (1540/4665)
Shared simulation host (MSVC)	Check out source	2026-10-01T11:13:01.4285338Z Updating files:  34% (1587/4665)
Shared simulation host (MSVC)	Check out source	2026-10-01T11:13:01.4495478Z Updating files:  35% (1633/4665)
Shared simulation host (MSVC)	Check out source	2026-10-01T11:13:01.4644845Z Updating files:  36% (1680/4665)
Shared simulation host (MSVC)	Check out source	2026-10-01T11:13:01.4822596Z Updating files:  37% (1727/4665)
Shared simulation host (MSVC)	Check out source	2026-10-01T11:13:01.4982388Z Updating files:  38% (1773/4665)
Shared simulation host (MSVC)	Check out source	2026-10-01T11:13:01.5144101Z Updating files:  39% (1820/4665)
Shared simulation host (MSVC)	Check out source	2026-10-01T11:13:01.5303365Z Updating files:  40% (1866/4665)
Shared simulation host (MSVC)	Check out source	2026-10-01T11:13:01.5474751Z Updating files:  41% (1913/4665)
Shared simulation host (MSVC)	Check out source	2026-10-01T11:13:01.5673644Z Updating files:  42% (1960/4665)
Shared simulation host (MSVC)	Check out source	2026-10-01T11:13:01.5852022Z Updating files:  43% (2006/4665)
Shared simulation host (MSVC)	Check out source	2026-10-01T11:13:01.5993130Z Updating files:  44% (2053/4665)
Shared simulation host (MSVC)	Check out source	2026-10-01T11:13:01.6164748Z Updating files:  45% (2100/4665)
Shared simulation host (MSVC)	Check out source	2026-10-01T11:13:01.6286557Z Updating files:  46% (2146/4665)
Shared simulation host (MSVC)	Check out source	2026-10-01T11:13:01.6486660Z Updating files:  47% (2193/4665)
Shared simulation host (MSVC)	Check out source	2026-10-01T11:13:01.6636189Z Updating files:  48% (2240/4665)
Shared simulation host (MSVC)	Check out source	2026-10-01T11:13:01.6792006Z Updating files:  49% (2286/4665)
Shared simulation host (MSVC)	Check out source	2026-10-01T11:13:01.7014595Z Updating files:  50% (2333/4665)
Shared simulation host (MSVC)	Check out source	2026-10-01T11:13:01.7175790Z Updating files:  51% (2380/4665)
Shared simulation host (MSVC)	Check out source	2026-10-01T11:13:01.7400627Z Updating files:  52% (2426/4665)
Shared simulation host (MSVC)	Check out source	2026-10-01T11:13:01.7567497Z Updating files:  53% (2473/4665)
Shared simulation host (MSVC)	Check out source	2026-10-01T11:13:01.7715406Z Updating files:  54% (2520/4665)
Shared simulation host (MSVC)	Check out source	2026-10-01T11:13:01.7848317Z Updating files:  55% (2566/4665)
Shared simulation host (MSVC)	Check out source	2026-10-01T11:13:01.7971105Z Updating files:  56% (2613/4665)
Shared simulation host (MSVC)	Check out source	2026-10-01T11:13:01.8081240Z Updating files:  57% (2660/4665)
Shared simulation host (MSVC)	Check out source	2026-10-01T11:13:01.8185017Z Updating files:  58% (2706/4665)
Shared simulation host (MSVC)	Check out source	2026-10-01T11:13:01.8296760Z Updating files:  59% (2753/4665)
Shared simulation host (MSVC)	Check out source	2026-10-01T11:13:01.8406808Z Updating files:  60% (2799/4665)
Shared simulation host (MSVC)	Check out source	2026-10-01T11:13:01.8588090Z Updating files:  61% (2846/4665)
Shared simulation host (MSVC)	Check out source	2026-10-01T11:13:01.8753233Z Updating files:  62% (2893/4665)
Shared simulation host (MSVC)	Check out source	2026-10-01T11:13:01.8897649Z Updating files:  63% (2939/4665)
Shared simulation host (MSVC)	Check out source	2026-10-01T11:13:01.9081292Z Updating files:  64% (2986/4665)
Shared simulation host (MSVC)	Check out source	2026-10-01T11:13:01.9243617Z Updating files:  65% (3033/4665)
Shared simulation host (MSVC)	Check out source	2026-10-01T11:13:01.9409683Z Updating files:  66% (3079/4665)
Shared simulation host (MSVC)	Check out source	2026-10-01T11:13:01.9563969Z Updating files:  67% (3126/4665)
Shared simulation host (MSVC)	Check out source	2026-10-01T11:13:01.9704403Z Updating files:  68% (3173/4665)
Shared simulation host (MSVC)	Check out source	2026-10-01T11:13:01.9853018Z Updating files:  69% (3219/4665)
Shared simulation host (MSVC)	Check out source	2026-10-01T11:13:02.0009196Z Updating files:  70% (3266/4665)
Shared simulation host (MSVC)	Check out source	2026-10-01T11:13:02.0160137Z Updating files:  71% (3313/4665)
Shared simulation host (MSVC)	Check out source	2026-10-01T11:13:02.0342832Z Updating files:  72% (3359/4665)
Shared simulation host (MSVC)	Check out source	2026-10-01T11:13:02.0513923Z Updating files:  73% (3406/4665)
Shared simulation host (MSVC)	Check out source	2026-10-01T11:13:02.0678250Z Updating files:  74% (3453/4665)
Shared simulation host (MSVC)	Check out source	2026-10-01T11:13:02.0837934Z Updating files:  75% (3499/4665)
Shared simulation host (MSVC)	Check out source	2026-10-01T11:13:02.0971183Z Updating files:  76% (3546/4665)
Shared simulation host (MSVC)	Check out source	2026-10-01T11:13:02.1116884Z Updating files:  77% (3593/4665)
Shared simulation host (MSVC)	Check out source	2026-10-01T11:13:02.1253324Z Updating files:  78% (3639/4665)
Shared simulation host (MSVC)	Check out source	2026-10-01T11:13:02.1406504Z Updating files:  79% (3686/4665)
Shared simulation host (MSVC)	Check out source	2026-10-01T11:13:02.1651853Z Updating files:  80% (3732/4665)
Shared simulation host (MSVC)	Check out source	2026-10-01T11:13:02.1803266Z Updating files:  81% (3779/4665)
Shared simulation host (MSVC)	Check out source	2026-10-01T11:13:02.1949408Z Updating files:  82% (3826/4665)
Shared simulation host (MSVC)	Check out source	2026-10-01T11:13:02.2107846Z Updating files:  83% (3872/4665)
Shared simulation host (MSVC)	Check out source	2026-10-01T11:13:02.2366600Z Updating files:  84% (3919/4665)
Shared simulation host (MSVC)	Check out source	2026-10-01T11:13:02.2503269Z Updating files:  85% (3966/4665)
Shared simulation host (MSVC)	Check out source	2026-10-01T11:13:02.2654063Z Updating files:  86% (4012/4665)
Shared simulation host (MSVC)	Check out source	2026-10-01T11:13:02.2699333Z Updating files:  87% (4059/4665)
Shared simulation host (MSVC)	Check out source	2026-10-01T11:13:02.2802022Z Updating files:  87% (4072/4665)
Shared simulation host (MSVC)	Check out source	2026-10-01T11:13:02.2945738Z Updating files:  88% (4106/4665)
Shared simulation host (MSVC)	Check out source	2026-10-01T11:13:02.3189065Z Updating files:  89% (4152/4665)
Shared simulation host (MSVC)	Check out source	2026-10-01T11:13:02.3375365Z Updating files:  90% (4199/4665)
Shared simulation host (MSVC)	Check out source	2026-10-01T11:13:02.3502398Z Updating files:  91% (4246/4665)
Shared simulation host (MSVC)	Check out source	2026-10-01T11:13:02.3665859Z Updating files:  92% (4292/4665)
Shared simulation host (MSVC)	Check out source	2026-10-01T11:13:02.3942355Z Updating files:  93% (4339/4665)
Shared simulation host (MSVC)	Check out source	2026-10-01T11:13:02.4558850Z Updating files:  94% (4386/4665)
Shared simulation host (MSVC)	Check out source	2026-10-01T11:13:02.4723218Z Updating files:  95% (4432/4665)
Shared simulation host (MSVC)	Check out source	2026-10-01T11:13:02.4891376Z Updating files:  96% (4479/4665)
Shared simulation host (MSVC)	Check out source	2026-10-01T11:13:02.5078780Z Updating files:  97% (4526/4665)
Shared simulation host (MSVC)	Check out source	2026-10-01T11:13:02.5222770Z Updating files:  98% (4572/4665)
Shared simulation host (MSVC)	Check out source	2026-10-01T11:13:02.5357897Z Updating files:  99% (4619/4665)
Shared simulation host (MSVC)	Check out source	2026-10-01T11:13:02.5361042Z Updating files: 100% (4665/4665)
Shared simulation host (MSVC)	Check out source	2026-10-01T11:13:02.5361720Z Updating files: 100% (4665/4665), done.
Shared simulation host (MSVC)	Check out source	2026-10-01T11:13:02.5531231Z Note: switching to 'refs/remotes/pull/15/merge'.
Shared simulation host (MSVC)	Check out source	2026-10-01T11:13:02.5531651Z 
Shared simulation host (MSVC)	Check out source	2026-10-01T11:13:02.5531934Z You are in 'detached HEAD' state. You can look around, make experimental
Shared simulation host (MSVC)	Check out source	2026-10-01T11:13:02.5532668Z changes and commit them, and you can discard any commits you make in this
Shared simulation host (MSVC)	Check out source	2026-10-01T11:13:02.5533396Z state without impacting any branches by switching back to a branch.
Shared simulation host (MSVC)	Check out source	2026-10-01T11:13:02.5533823Z 
Shared simulation host (MSVC)	Check out source	2026-10-01T11:13:02.5534103Z If you want to create a new branch to retain commits you create, you may
Shared simulation host (MSVC)	Check out source	2026-10-01T11:13:02.5534791Z do so (now or later) by using -c with the switch command. Example:
Shared simulation host (MSVC)	Check out source	2026-10-01T11:13:02.5535238Z 
Shared simulation host (MSVC)	Check out source	2026-10-01T11:13:02.5535434Z   git switch -c <new-branch-name>
Shared simulation host (MSVC)	Check out source	2026-10-01T11:13:02.5535622Z 
Shared simulation host (MSVC)	Check out source	2026-10-01T11:13:02.5535720Z Or undo this operation with:
Shared simulation host (MSVC)	Check out source	2026-10-01T11:13:02.5535881Z 
Shared simulation host (MSVC)	Check out source	2026-10-01T11:13:02.5535958Z   git switch -
Shared simulation host (MSVC)	Check out source	2026-10-01T11:13:02.5536077Z 
Shared simulation host (MSVC)	Check out source	2026-10-01T11:13:02.5536287Z Turn off this advice by setting config variable advice.detachedHead to false
Shared simulation host (MSVC)	Check out source	2026-10-01T11:13:02.5536613Z 
Shared simulation host (MSVC)	Check out source	2026-10-01T11:13:02.5536994Z HEAD is now at 4aa5e0a Merge ca58f0956637f9063fe1cda42989ad5f74daa47d into bda1b99a62e1de883273dd21f267bcfc92bc5490
Shared simulation host (MSVC)	Check out source	2026-10-01T11:13:02.9997041Z ##[endgroup]
Shared simulation host (MSVC)	Check out source	2026-10-01T11:13:03.0431176Z [command]"C:\Program Files\Git\bin\git.exe" log -1 --format=%H
Shared simulation host (MSVC)	Check out source	2026-10-01T11:13:03.0720279Z 4aa5e0aca0cffc3fe395b05c4db4d191b756b563
Shared simulation host (MSVC)	Fetch portable-test GLB and music PCM assets	﻿2026-10-01T11:13:03.1235535Z ##[group]Run git -c lfs.fetchexclude= lfs fetch --include="assets/models/player/runtime/*.glb,assets/models/player/viewmodel/runtime/*.glb,assets/models/props/runtime/*.glb,assets/models/props/runtime/*/*.glb,assets/models/weapons/runtime/*.glb,tests/fixtures/*/*.glb,assets/audio/music/what-the-dark-keeps/runtime/*.wav" && git lfs checkout "assets/models/player/runtime/*.glb" "assets/models/player/viewmodel/runtime/*.glb" "assets/models/props/runtime/*.glb" "assets/models/props/runtime/*/*.glb" "assets/models/weapons/runtime/*.glb" "tests/fixtures/*/*.glb" "assets/audio/music/what-the-dark-keeps/runtime/*.wav"
Shared simulation host (MSVC)	Fetch portable-test GLB and music PCM assets	2026-10-01T11:13:03.1240451Z ^[[36;1mgit -c lfs.fetchexclude= lfs fetch --include="assets/models/player/runtime/*.glb,assets/models/player/viewmodel/runtime/*.glb,assets/models/props/runtime/*.glb,assets/models/props/runtime/*/*.glb,assets/models/weapons/runtime/*.glb,tests/fixtures/*/*.glb,assets/audio/music/what-the-dark-keeps/runtime/*.wav" && git lfs checkout "assets/models/player/runtime/*.glb" "assets/models/player/viewmodel/runtime/*.glb" "assets/models/props/runtime/*.glb" "assets/models/props/runtime/*/*.glb" "assets/models/weapons/runtime/*.glb" "tests/fixtures/*/*.glb" "assets/audio/music/what-the-dark-keeps/runtime/*.wav"^[[0m
Shared simulation host (MSVC)	Fetch portable-test GLB and music PCM assets	2026-10-01T11:13:03.1905658Z shell: C:\Program Files\PowerShell\7\pwsh.EXE -command ". '{0}'"
Shared simulation host (MSVC)	Fetch portable-test GLB and music PCM assets	2026-10-01T11:13:03.1906262Z ##[endgroup]
Shared simulation host (MSVC)	Fetch portable-test GLB and music PCM assets	2026-10-01T11:13:03.8243423Z Fetching reference HEAD
Shared simulation host (MSVC)	Fetch portable-test GLB and music PCM assets	2026-10-01T11:13:05.8687403Z Checking out LFS objects: 100% (62/62), 27 MB | 0 B/s, done.
Shared simulation host (MSVC)	Configure non-hardware host tests	﻿2026-10-01T11:13:06.1569485Z ##[group]Run cmake -S . -B build/host-ci  -DBUILD_TESTING=ON -DHORDE_RT_BUILD_VULKAN_TARGETS=OFF
Shared simulation host (MSVC)	Configure non-hardware host tests	2026-10-01T11:13:06.1570306Z ^[[36;1mcmake -S . -B build/host-ci  -DBUILD_TESTING=ON -DHORDE_RT_BUILD_VULKAN_TARGETS=OFF^[[0m
Shared simulation host (MSVC)	Configure non-hardware host tests	2026-10-01T11:13:06.1647642Z shell: C:\Program Files\PowerShell\7\pwsh.EXE -command ". '{0}'"
Shared simulation host (MSVC)	Configure non-hardware host tests	2026-10-01T11:13:06.1648047Z ##[endgroup]
Shared simulation host (MSVC)	Configure non-hardware host tests	2026-10-01T11:13:16.6076753Z -- Building for: Visual Studio 18 2026
Shared simulation host (MSVC)	Configure non-hardware host tests	2026-10-01T11:13:16.6077845Z -- The CXX compiler identification is MSVC 19.51.36260.0
Shared simulation host (MSVC)	Configure non-hardware host tests	2026-10-01T11:13:16.7652253Z -- Detecting CXX compiler ABI info
Shared simulation host (MSVC)	Configure non-hardware host tests	2026-10-01T11:13:17.7999539Z -- Detecting CXX compiler ABI info - done
Shared simulation host (MSVC)	Configure non-hardware host tests	2026-10-01T11:13:17.8294347Z -- Check for working CXX compiler: C:/Program Files/Microsoft Visual Studio/18/Enterprise/VC/Tools/MSVC/14.51.36231/bin/Hostx64/x64/cl.exe - skipped
Shared simulation host (MSVC)	Configure non-hardware host tests	2026-10-01T11:13:17.8311940Z -- Detecting CXX compile features
Shared simulation host (MSVC)	Configure non-hardware host tests	2026-10-01T11:13:17.8327423Z -- Detecting CXX compile features - done
Shared simulation host (MSVC)	Configure non-hardware host tests	2026-10-01T11:13:21.0992064Z Generated RT catalog adapter is current.
Shared simulation host (MSVC)	Configure non-hardware host tests	2026-10-01T11:13:21.2673484Z -- Strict non-contracted asset-transform arithmetic enabled for GltfDocument.cpp and StaticMeshAsset.cpp: /fp:strict
Shared simulation host (MSVC)	Configure non-hardware host tests	2026-10-01T11:13:21.2946665Z -- Performing Test CMAKE_HAVE_LIBC_PTHREAD
Shared simulation host (MSVC)	Configure non-hardware host tests	2026-10-01T11:13:22.9770925Z -- Performing Test CMAKE_HAVE_LIBC_PTHREAD - Failed
Shared simulation host (MSVC)	Configure non-hardware host tests	2026-10-01T11:13:22.9771982Z -- Looking for pthread_create in pthreads
Shared simulation host (MSVC)	Configure non-hardware host tests	2026-10-01T11:13:23.7116102Z -- Looking for pthread_create in pthreads - not found
Shared simulation host (MSVC)	Configure non-hardware host tests	2026-10-01T11:13:23.7116953Z -- Looking for pthread_create in pthread
Shared simulation host (MSVC)	Configure non-hardware host tests	2026-10-01T11:13:24.3450311Z -- Looking for pthread_create in pthread - not found
Shared simulation host (MSVC)	Configure non-hardware host tests	2026-10-01T11:13:24.3604099Z -- Found Threads: TRUE
Shared simulation host (MSVC)	Configure non-hardware host tests	2026-10-01T11:13:27.9363189Z -- Legacy torch-failure identifiers were rejected by the configured MSVC compiler.
Shared simulation host (MSVC)	Configure non-hardware host tests	2026-10-01T11:13:27.9364730Z -- Horde Lantern RT: configuring shared host gameplay tests without Vulkan targets.
Shared simulation host (MSVC)	Configure non-hardware host tests	2026-10-01T11:13:27.9368081Z -- Configuring done (20.9s)
Shared simulation host (MSVC)	Configure non-hardware host tests	2026-10-01T11:13:28.3912273Z -- Generating done (0.5s)
Shared simulation host (MSVC)	Configure non-hardware host tests	2026-10-01T11:13:28.3923082Z -- Build files have been written to: D:/a/The-Horde-RT-demo/The-Horde-RT-demo/build/host-ci
Shared simulation host (MSVC)	Build shared gameplay tests	﻿2026-10-01T11:13:28.5204166Z ##[group]Run cmake --build build/host-ci --config Release --parallel 2
Shared simulation host (MSVC)	Build shared gameplay tests	2026-10-01T11:13:28.5204813Z ^[[36;1mcmake --build build/host-ci --config Release --parallel 2^[[0m
Shared simulation host (MSVC)	Build shared gameplay tests	2026-10-01T11:13:28.5277806Z shell: C:\Program Files\PowerShell\7\pwsh.EXE -command ". '{0}'"
Shared simulation host (MSVC)	Build shared gameplay tests	2026-10-01T11:13:28.5278193Z ##[endgroup]
Shared simulation host (MSVC)	Build shared gameplay tests	2026-10-01T11:13:28.9568540Z MSBuild version 18.10.1-1.26427.6+3cd27c13e for .NET Framework
Shared simulation host (MSVC)	Build shared gameplay tests	2026-10-01T11:13:29.0001232Z 
Shared simulation host (MSVC)	Build shared gameplay tests	2026-10-01T11:13:29.4268136Z   1>Checking Build System
Shared simulation host (MSVC)	Build shared gameplay tests	2026-10-01T11:13:29.6117162Z   Building Custom Rule D:/a/The-Horde-RT-demo/The-Horde-RT-demo/CMakeLists.txt
Shared simulation host (MSVC)	Build shared gameplay tests	2026-10-01T11:13:29.8245129Z   Building Custom Rule D:/a/The-Horde-RT-demo/The-Horde-RT-demo/CMakeLists.txt
Shared simulation host (MSVC)	Build shared gameplay tests	2026-10-01T11:13:29.8647256Z   RtPipelineVariantProvider.cpp
Shared simulation host (MSVC)	Build shared gameplay tests	2026-10-01T11:13:29.9237776Z   Building Custom Rule D:/a/The-Horde-RT-demo/The-Horde-RT-demo/CMakeLists.txt
Shared simulation host (MSVC)	Build shared gameplay tests	2026-10-01T11:13:30.0206344Z   RtPipelineVariantProvider.cpp
Shared simulation host (MSVC)	Build shared gameplay tests	2026-10-01T11:13:30.1193130Z   RtPipelineVariantProvider.cpp
Shared simulation host (MSVC)	Build shared gameplay tests	2026-10-01T11:13:32.3335449Z   horde_rtpv_0_1_obj.vcxproj -> D:\a\The-Horde-RT-demo\The-Horde-RT-demo\build\host-ci\horde_rtpv_0_1_obj.dir\Release\horde_rtpv_0_1_obj.lib
Shared simulation host (MSVC)	Build shared gameplay tests	2026-10-01T11:13:32.3340662Z   horde_rtpv_0_0_obj.vcxproj -> D:\a\The-Horde-RT-demo\The-Horde-RT-demo\build\host-ci\horde_rtpv_0_0_obj.dir\Release\horde_rtpv_0_0_obj.lib
Shared simulation host (MSVC)	Build shared gameplay tests	2026-10-01T11:13:32.4590800Z   horde_rtpv_1_0_obj.vcxproj -> D:\a\The-Horde-RT-demo\The-Horde-RT-demo\build\host-ci\horde_rtpv_1_0_obj.dir\Release\horde_rtpv_1_0_obj.lib
Shared simulation host (MSVC)	Build shared gameplay tests	2026-10-01T11:13:32.4783306Z   Building Custom Rule D:/a/The-Horde-RT-demo/The-Horde-RT-demo/CMakeLists.txt
Shared simulation host (MSVC)	Build shared gameplay tests	2026-10-01T11:13:32.5798058Z   RtPipelineVariantProvider.cpp
Shared simulation host (MSVC)	Build shared gameplay tests	2026-10-01T11:13:34.1826202Z   horde_rtpv_1_1_obj.vcxproj -> D:\a\The-Horde-RT-demo\The-Horde-RT-demo\build\host-ci\horde_rtpv_1_1_obj.dir\Release\horde_rtpv_1_1_obj.lib
Shared simulation host (MSVC)	Build shared gameplay tests	2026-10-01T11:13:34.3577731Z   Building Custom Rule D:/a/The-Horde-RT-demo/The-Horde-RT-demo/third_party/pocket-audio-core/native/CMakeLists.txt
Shared simulation host (MSVC)	Build shared gameplay tests	2026-10-01T11:13:34.4279878Z   Building Custom Rule D:/a/The-Horde-RT-demo/The-Horde-RT-demo/CMakeLists.txt
Shared simulation host (MSVC)	Build shared gameplay tests	2026-10-01T11:13:34.4659269Z   PcmLoopStream.cpp
Shared simulation host (MSVC)	Build shared gameplay tests	2026-10-01T11:13:34.5182580Z   Building Custom Rule D:/a/The-Horde-RT-demo/The-Horde-RT-demo/CMakeLists.txt
Shared simulation host (MSVC)	Build shared gameplay tests	2026-10-01T11:13:34.5474874Z   SwordCombatSmoke.cpp
Shared simulation host (MSVC)	Build shared gameplay tests	2026-10-01T11:13:34.6509904Z   DesktopControllerInputTests.cpp
Shared simulation host (MSVC)	Build shared gameplay tests	2026-10-01T11:13:35.2499465Z   PcmWave.cpp
Shared simulation host (MSVC)	Build shared gameplay tests	2026-10-01T11:13:36.1797065Z   Generating Code...
Shared simulation host (MSVC)	Build shared gameplay tests	2026-10-01T11:13:36.7006851Z   pocket_audio_native_pcm.vcxproj -> D:\a\The-Horde-RT-demo\The-Horde-RT-demo\build\host-ci\pocket-audio-core-native\Release\pocket_audio_native_pcm.lib
Shared simulation host (MSVC)	Build shared gameplay tests	2026-10-01T11:13:36.9947176Z   Building Custom Rule D:/a/The-Horde-RT-demo/The-Horde-RT-demo/CMakeLists.txt
Shared simulation host (MSVC)	Build shared gameplay tests	2026-10-01T11:13:37.0444254Z   Building Custom Rule D:/a/The-Horde-RT-demo/The-Horde-RT-demo/CMakeLists.txt
Shared simulation host (MSVC)	Build shared gameplay tests	2026-10-01T11:13:37.0960403Z   RtEvidencePublicationTests.cpp
Shared simulation host (MSVC)	Build shared gameplay tests	2026-10-01T11:13:38.2187192Z   RtEvidencePublication.cpp
Shared simulation host (MSVC)	Build shared gameplay tests	2026-10-01T11:13:38.3261334Z   DielectricMathTests.cpp
Shared simulation host (MSVC)	Build shared gameplay tests	2026-10-01T11:13:39.8528709Z   RtPerformanceEvidence.cpp
Shared simulation host (MSVC)	Build shared gameplay tests	2026-10-01T11:13:42.4659890Z   Generating Code...
Shared simulation host (MSVC)	Build shared gameplay tests	2026-10-01T11:13:46.9156774Z   horde_rt_desktop_controller_input_tests.vcxproj -> D:\a\The-Horde-RT-demo\The-Horde-RT-demo\build\host-ci\Release\horde_rt_desktop_controller_input_tests.exe
Shared simulation host (MSVC)	Build shared gameplay tests	2026-10-01T11:13:46.9341026Z   horde_rt_combat_smoke.vcxproj -> D:\a\The-Horde-RT-demo\The-Horde-RT-demo\build\host-ci\Release\horde_rt_combat_smoke.exe
Shared simulation host (MSVC)	Build shared gameplay tests	2026-10-01T11:13:47.0007541Z   Building Custom Rule D:/a/The-Horde-RT-demo/The-Horde-RT-demo/CMakeLists.txt
Shared simulation host (MSVC)	Build shared gameplay tests	2026-10-01T11:13:47.1941889Z   horde_rt_evidence_publication_tests.vcxproj -> D:\a\The-Horde-RT-demo\The-Horde-RT-demo\build\host-ci\Release\horde_rt_evidence_publication_tests.exe
Shared simulation host (MSVC)	Build shared gameplay tests	2026-10-01T11:13:47.2668063Z   horde_rt_dielectric_math_tests.vcxproj -> D:\a\The-Horde-RT-demo\The-Horde-RT-demo\build\host-ci\Release\horde_rt_dielectric_math_tests.exe
Shared simulation host (MSVC)	Build shared gameplay tests	2026-10-01T11:13:47.3345253Z   Building Custom Rule D:/a/The-Horde-RT-demo/The-Horde-RT-demo/CMakeLists.txt
Shared simulation host (MSVC)	Build shared gameplay tests	2026-10-01T11:13:47.3650420Z   MusicDirector.cpp
Shared simulation host (MSVC)	Build shared gameplay tests	2026-10-01T11:13:47.4157811Z   Building Custom Rule D:/a/The-Horde-RT-demo/The-Horde-RT-demo/CMakeLists.txt
Shared simulation host (MSVC)	Build shared gameplay tests	2026-10-01T11:13:47.4584929Z   GitHubReleaseUpdaterTests.cpp
Shared simulation host (MSVC)	Build shared gameplay tests	2026-10-01T11:13:47.5355326Z   GpuTimestampMathTests.cpp
Shared simulation host (MSVC)	Build shared gameplay tests	2026-10-01T11:13:48.8316815Z   GitHubReleaseUpdater.cpp
Shared simulation host (MSVC)	Build shared gameplay tests	2026-10-01T11:13:49.5054685Z   horde_rt_gpu_timestamp_math_tests.vcxproj -> D:\a\The-Horde-RT-demo\The-Horde-RT-demo\build\host-ci\Release\horde_rt_gpu_timestamp_math_tests.exe
Shared simulation host (MSVC)	Build shared gameplay tests	2026-10-01T11:13:49.7321628Z   Building Custom Rule D:/a/The-Horde-RT-demo/The-Horde-RT-demo/CMakeLists.txt
Shared simulation host (MSVC)	Build shared gameplay tests	2026-10-01T11:13:49.8535890Z   InputMailboxStress.cpp
Shared simulation host (MSVC)	Build shared gameplay tests	2026-10-01T11:13:50.4274789Z   MusicPcmStream.cpp
Shared simulation host (MSVC)	Build shared gameplay tests	2026-10-01T11:13:50.4613596Z   Generating Code...
Shared simulation host (MSVC)	Build shared gameplay tests	2026-10-01T11:13:52.8197473Z   horde_rt_github_release_updater_tests.vcxproj -> D:\a\The-Horde-RT-demo\The-Horde-RT-demo\build\host-ci\Release\horde_rt_github_release_updater_tests.exe
Shared simulation host (MSVC)	Build shared gameplay tests	2026-10-01T11:13:53.9029811Z   Building Custom Rule D:/a/The-Horde-RT-demo/The-Horde-RT-demo/CMakeLists.txt
Shared simulation host (MSVC)	Build shared gameplay tests	2026-10-01T11:13:53.9359451Z   horde_rt_input_mailbox_stress.vcxproj -> D:\a\The-Horde-RT-demo\The-Horde-RT-demo\build\host-ci\Release\horde_rt_input_mailbox_stress.exe
Shared simulation host (MSVC)	Build shared gameplay tests	2026-10-01T11:13:54.0310043Z   RtPerformanceEvidenceTests.cpp
Shared simulation host (MSVC)	Build shared gameplay tests	2026-10-01T11:13:54.0719270Z   Building Custom Rule D:/a/The-Horde-RT-demo/The-Horde-RT-demo/CMakeLists.txt
Shared simulation host (MSVC)	Build shared gameplay tests	2026-10-01T11:13:54.2016074Z   RtPipelineBundleContractsTests.cpp
Shared simulation host (MSVC)	Build shared gameplay tests	2026-10-01T11:13:54.2317182Z   MusicPcmWave.cpp
Shared simulation host (MSVC)	Build shared gameplay tests	2026-10-01T11:13:54.7671844Z   MusicPcmAssetBank.cpp
Shared simulation host (MSVC)	Build shared gameplay tests	2026-10-01T11:13:55.3947301Z   RtPipelineBundleContracts.cpp
Shared simulation host (MSVC)	Build shared gameplay tests	2026-10-01T11:13:56.8248778Z   RtPipelineVariants.cpp
Shared simulation host (MSVC)	Build shared gameplay tests	2026-10-01T11:13:57.0755635Z   RtPerformanceEvidence.cpp
Shared simulation host (MSVC)	Build shared gameplay tests	2026-10-01T11:13:57.3969319Z   MusicPlaybackSession.cpp
Shared simulation host (MSVC)	Build shared gameplay tests	2026-10-01T11:13:57.5842535Z   RtPipelineVariantProvider.cpp
Shared simulation host (MSVC)	Build shared gameplay tests	2026-10-01T11:13:58.7234350Z   Generating Code...
Shared simulation host (MSVC)	Build shared gameplay tests	2026-10-01T11:13:59.7652000Z   Generating Code...
Shared simulation host (MSVC)	Build shared gameplay tests	2026-10-01T11:14:01.6284580Z   PlaytestReport.cpp
Shared simulation host (MSVC)	Build shared gameplay tests	2026-10-01T11:14:02.7833816Z   horde_rt_pipeline_bundle_contracts_tests.vcxproj -> D:\a\The-Horde-RT-demo\The-Horde-RT-demo\build\host-ci\Release\horde_rt_pipeline_bundle_contracts_tests.exe
Shared simulation host (MSVC)	Build shared gameplay tests	2026-10-01T11:14:02.9017993Z   Building Custom Rule D:/a/The-Horde-RT-demo/The-Horde-RT-demo/CMakeLists.txt
Shared simulation host (MSVC)	Build shared gameplay tests	2026-10-01T11:14:03.0065976Z   RtPipelineVariantProviderTests.cpp
Shared simulation host (MSVC)	Build shared gameplay tests	2026-10-01T11:14:03.0756699Z   GameSimulation.cpp
Shared simulation host (MSVC)	Build shared gameplay tests	2026-10-01T11:14:03.6083912Z   horde_rt_performance_evidence_tests.vcxproj -> D:\a\The-Horde-RT-demo\The-Horde-RT-demo\build\host-ci\Release\horde_rt_performance_evidence_tests.exe
Shared simulation host (MSVC)	Build shared gameplay tests	2026-10-01T11:14:03.7379633Z   Building Custom Rule D:/a/The-Horde-RT-demo/The-Horde-RT-demo/CMakeLists.txt
Shared simulation host (MSVC)	Build shared gameplay tests	2026-10-01T11:14:03.8516281Z   RtPipelineVariantsTests.cpp
Shared simulation host (MSVC)	Build shared gameplay tests	2026-10-01T11:14:04.1173467Z   RtPipelineVariants.cpp
Shared simulation host (MSVC)	Build shared gameplay tests	2026-10-01T11:14:04.7966822Z   RtPipelineVariantProvider.cpp
Shared simulation host (MSVC)	Build shared gameplay tests	2026-10-01T11:14:04.9276446Z   RtPipelineVariants.cpp
Shared simulation host (MSVC)	Build shared gameplay tests	2026-10-01T11:14:05.6335874Z   Generating Code...
Shared simulation host (MSVC)	Build shared gameplay tests	2026-10-01T11:14:05.9225725Z   PlayerAnimationState.cpp
Shared simulation host (MSVC)	Build shared gameplay tests	2026-10-01T11:14:06.3643410Z   horde_rt_pipeline_variants_tests.vcxproj -> D:\a\The-Horde-RT-demo\The-Horde-RT-demo\build\host-ci\Release\horde_rt_pipeline_variants_tests.exe
Shared simulation host (MSVC)	Build shared gameplay tests	2026-10-01T11:14:06.5576864Z   Building Custom Rule D:/a/The-Horde-RT-demo/The-Horde-RT-demo/CMakeLists.txt
Shared simulation host (MSVC)	Build shared gameplay tests	2026-10-01T11:14:06.6601825Z   PlayerPrimitiveContractTests.cpp
Shared simulation host (MSVC)	Build shared gameplay tests	2026-10-01T11:14:06.8640107Z   Generating Code...
Shared simulation host (MSVC)	Build shared gameplay tests	2026-10-01T11:14:07.7884150Z   horde_rt_pipeline_variant_provider_tests.vcxproj -> D:\a\The-Horde-RT-demo\The-Horde-RT-demo\build\host-ci\Release\horde_rt_pipeline_variant_provider_tests.exe
Shared simulation host (MSVC)	Build shared gameplay tests	2026-10-01T11:14:08.0483193Z   Building Custom Rule D:/a/The-Horde-RT-demo/The-Horde-RT-demo/CMakeLists.txt
Shared simulation host (MSVC)	Build shared gameplay tests	2026-10-01T11:14:08.1743273Z   RtPipelineVariantFixture.cpp
Shared simulation host (MSVC)	Build shared gameplay tests	2026-10-01T11:14:09.0100829Z   PlayerIkTargets.cpp
Shared simulation host (MSVC)	Build shared gameplay tests	2026-10-01T11:14:09.5059050Z   horde_rt_player_primitive_contract_tests.vcxproj -> D:\a\The-Horde-RT-demo\The-Horde-RT-demo\build\host-ci\Release\horde_rt_player_primitive_contract_tests.exe
Shared simulation host (MSVC)	Build shared gameplay tests	2026-10-01T11:14:09.6412328Z   Building Custom Rule D:/a/The-Horde-RT-demo/The-Horde-RT-demo/CMakeLists.txt
Shared simulation host (MSVC)	Build shared gameplay tests	2026-10-01T11:14:09.6845421Z   FireEmitterState.cpp
Shared simulation host (MSVC)	Build shared gameplay tests	2026-10-01T11:14:09.7592187Z   RtPipelineVariantFixture.cpp
Shared simulation host (MSVC)	Build shared gameplay tests	2026-10-01T11:14:10.4075162Z   InteractionState.cpp
Shared simulation host (MSVC)	Build shared gameplay tests	2026-10-01T11:14:11.0494762Z   RtPipelineBundleContracts.cpp
Shared simulation host (MSVC)	Build shared gameplay tests	2026-10-01T11:14:11.0866451Z   ChestRewardSequence.cpp
Shared simulation host (MSVC)	Build shared gameplay tests	2026-10-01T11:14:11.8184702Z   FinaleSequence.cpp
Shared simulation host (MSVC)	Build shared gameplay tests	2026-10-01T11:14:12.2720919Z   RtPipelineBundleContracts.cpp
Shared simulation host (MSVC)	Build shared gameplay tests	2026-10-01T11:14:12.4300805Z   RtPipelineVariants.cpp
Shared simulation host (MSVC)	Build shared gameplay tests	2026-10-01T11:14:12.5375365Z   LanternPendulum.cpp
Shared simulation host (MSVC)	Build shared gameplay tests	2026-10-01T11:14:13.1339616Z   Generating Code...
Shared simulation host (MSVC)	Build shared gameplay tests	2026-10-01T11:14:13.2089133Z   HeldItemState.cpp
Shared simulation host (MSVC)	Build shared gameplay tests	2026-10-01T11:14:13.9003412Z   HeldItemKinematics.cpp
Shared simulation host (MSVC)	Build shared gameplay tests	2026-10-01T11:14:14.0079295Z   RtPipelineVariants.cpp
Shared simulation host (MSVC)	Build shared gameplay tests	2026-10-01T11:14:14.9169394Z   Generating Code...
Shared simulation host (MSVC)	Build shared gameplay tests	2026-10-01T11:14:15.2657936Z   horde_rt_provider_diagnostic_high_fixture.vcxproj -> D:\a\The-Horde-RT-demo\The-Horde-RT-demo\build\host-ci\Release\horde_rt_provider_diagnostic_high_fixture.exe
Shared simulation host (MSVC)	Build shared gameplay tests	2026-10-01T11:14:15.7278652Z   Building Custom Rule D:/a/The-Horde-RT-demo/The-Horde-RT-demo/CMakeLists.txt
Shared simulation host (MSVC)	Build shared gameplay tests	2026-10-01T11:14:15.8498707Z   RtPipelineVariantFixture.cpp
Shared simulation host (MSVC)	Build shared gameplay tests	2026-10-01T11:14:16.8832494Z   horde_rt_provider_diagnostic_mobile_fixture.vcxproj -> D:\a\The-Horde-RT-demo\The-Horde-RT-demo\build\host-ci\Release\horde_rt_provider_diagnostic_mobile_fixture.exe
Shared simulation host (MSVC)	Build shared gameplay tests	2026-10-01T11:14:16.9965164Z   Building Custom Rule D:/a/The-Horde-RT-demo/The-Horde-RT-demo/CMakeLists.txt
Shared simulation host (MSVC)	Build shared gameplay tests	2026-10-01T11:14:17.0922848Z   RayTracingRequirementsTests.cpp
Shared simulation host (MSVC)	Build shared gameplay tests	2026-10-01T11:14:17.3089039Z   HeldLightState.cpp
Shared simulation host (MSVC)	Build shared gameplay tests	2026-10-01T11:14:18.2630568Z   RayTracingRequirements.cpp
Shared simulation host (MSVC)	Build shared gameplay tests	2026-10-01T11:14:18.6836555Z   RtPipelineBundleContracts.cpp
Shared simulation host (MSVC)	Build shared gameplay tests	2026-10-01T11:14:19.0934247Z   Generating Code...
Shared simulation host (MSVC)	Build shared gameplay tests	2026-10-01T11:14:20.1888134Z   RtPipelineVariants.cpp
Shared simulation host (MSVC)	Build shared gameplay tests	2026-10-01T11:14:20.1915317Z   horde_rt_ray_tracing_requirements_tests.vcxproj -> D:\a\The-Horde-RT-demo\The-Horde-RT-demo\build\host-ci\Release\horde_rt_ray_tracing_requirements_tests.exe
Shared simulation host (MSVC)	Build shared gameplay tests	2026-10-01T11:14:20.1988247Z   Generating Code...
Shared simulation host (MSVC)	Build shared gameplay tests	2026-10-01T11:14:20.2629282Z   Building Custom Rule D:/a/The-Horde-RT-demo/The-Horde-RT-demo/CMakeLists.txt
Shared simulation host (MSVC)	Build shared gameplay tests	2026-10-01T11:14:20.5341080Z   RtPipelineVariantFixture.cpp
Shared simulation host (MSVC)	Build shared gameplay tests	2026-10-01T11:14:21.2244710Z   Generating Code...
Shared simulation host (MSVC)	Build shared gameplay tests	2026-10-01T11:14:23.4460525Z   horde_gameplay_simulation.vcxproj -> D:\a\The-Horde-RT-demo\The-Horde-RT-demo\build\host-ci\Release\horde_gameplay_simulation.lib
Shared simulation host (MSVC)	Build shared gameplay tests	2026-10-01T11:14:23.5590319Z   Building Custom Rule D:/a/The-Horde-RT-demo/The-Horde-RT-demo/CMakeLists.txt
Shared simulation host (MSVC)	Build shared gameplay tests	2026-10-01T11:14:23.6508619Z   horde_rt_provider_shipping_high_fixture.vcxproj -> D:\a\The-Horde-RT-demo\The-Horde-RT-demo\build\host-ci\Release\horde_rt_provider_shipping_high_fixture.exe
Shared simulation host (MSVC)	Build shared gameplay tests	2026-10-01T11:14:23.6598307Z   Building Custom Rule D:/a/The-Horde-RT-demo/The-Horde-RT-demo/CMakeLists.txt
Shared simulation host (MSVC)	Build shared gameplay tests	2026-10-01T11:14:23.7254871Z   Building Custom Rule D:/a/The-Horde-RT-demo/The-Horde-RT-demo/CMakeLists.txt
Shared simulation host (MSVC)	Build shared gameplay tests	2026-10-01T11:14:23.7658764Z   Building Custom Rule D:/a/The-Horde-RT-demo/The-Horde-RT-demo/CMakeLists.txt
Shared simulation host (MSVC)	Build shared gameplay tests	2026-10-01T11:14:23.8310320Z   Building Custom Rule D:/a/The-Horde-RT-demo/The-Horde-RT-demo/CMakeLists.txt
Shared simulation host (MSVC)	Build shared gameplay tests	2026-10-01T11:14:23.8623985Z   Building Custom Rule D:/a/The-Horde-RT-demo/The-Horde-RT-demo/CMakeLists.txt
Shared simulation host (MSVC)	Build shared gameplay tests	2026-10-01T11:14:23.9329703Z   Building Custom Rule D:/a/The-Horde-RT-demo/The-Horde-RT-demo/CMakeLists.txt
Shared simulation host (MSVC)	Build shared gameplay tests	2026-10-01T11:14:23.9602676Z   Building Custom Rule D:/a/The-Horde-RT-demo/The-Horde-RT-demo/CMakeLists.txt
Shared simulation host (MSVC)	Build shared gameplay tests	2026-10-01T11:14:24.0491640Z   Building Custom Rule D:/a/The-Horde-RT-demo/The-Horde-RT-demo/CMakeLists.txt
Shared simulation host (MSVC)	Build shared gameplay tests	2026-10-01T11:14:24.0536497Z   Building Custom Rule D:/a/The-Horde-RT-demo/The-Horde-RT-demo/CMakeLists.txt
Shared simulation host (MSVC)	Build shared gameplay tests	2026-10-01T11:14:24.1521852Z   Building Custom Rule D:/a/The-Horde-RT-demo/The-Horde-RT-demo/CMakeLists.txt
Shared simulation host (MSVC)	Build shared gameplay tests	2026-10-01T11:14:24.1589982Z   Building Custom Rule D:/a/The-Horde-RT-demo/The-Horde-RT-demo/CMakeLists.txt
Shared simulation host (MSVC)	Build shared gameplay tests	2026-10-01T11:14:24.2525502Z   Building Custom Rule D:/a/The-Horde-RT-demo/The-Horde-RT-demo/CMakeLists.txt
Shared simulation host (MSVC)	Build shared gameplay tests	2026-10-01T11:14:24.2750376Z   ProductionPropAssetTests.cpp
Shared simulation host (MSVC)	Build shared gameplay tests	2026-10-01T11:14:24.3519528Z   LanternRewardTests.cpp
Shared simulation host (MSVC)	Build shared gameplay tests	2026-10-01T11:14:24.4732350Z   RtPipelineBundleContracts.cpp
Shared simulation host (MSVC)	Build shared gameplay tests	2026-10-01T11:14:25.8520772Z   RtPipelineVariants.cpp
Shared simulation host (MSVC)	Build shared gameplay tests	2026-10-01T11:14:26.6282785Z   Generating Code...
Shared simulation host (MSVC)	Build shared gameplay tests	2026-10-01T11:14:28.0051296Z   AssetManifest.cpp
Shared simulation host (MSVC)	Build shared gameplay tests	2026-10-01T11:14:28.4754716Z   MusicPlaybackSessionTests.cpp
Shared simulation host (MSVC)	Build shared gameplay tests	2026-10-01T11:14:28.7596968Z   horde_rt_lantern_reward_tests.vcxproj -> D:\a\The-Horde-RT-demo\The-Horde-RT-demo\build\host-ci\Release\horde_rt_lantern_reward_tests.exe
Shared simulation host (MSVC)	Build shared gameplay tests	2026-10-01T11:14:28.8205929Z   MusicPcmWaveTests.cpp
Shared simulation host (MSVC)	Build shared gameplay tests	2026-10-01T11:14:30.9300524Z   AssetValidation.cpp
Shared simulation host (MSVC)	Build shared gameplay tests	2026-10-01T11:14:31.8306951Z   Generating Code...
Shared simulation host (MSVC)	Build shared gameplay tests	2026-10-01T11:14:32.6812845Z   horde_rt_music_playback_session_tests.vcxproj -> D:\a\The-Horde-RT-demo\The-Horde-RT-demo\build\host-ci\Release\horde_rt_music_playback_session_tests.exe
Shared simulation host (MSVC)	Build shared gameplay tests	2026-10-01T11:14:33.1401674Z   MusicPcmStreamTests.cpp
Shared simulation host (MSVC)	Build shared gameplay tests	2026-10-01T11:14:34.7433910Z   horde_rt_music_pcm_wave_tests.vcxproj -> D:\a\The-Horde-RT-demo\The-Horde-RT-demo\build\host-ci\Release\horde_rt_music_pcm_wave_tests.exe
Shared simulation host (MSVC)	Build shared gameplay tests	2026-10-01T11:14:34.9234338Z   MusicPcmAssetBankTests.cpp
Shared simulation host (MSVC)	Build shared gameplay tests	2026-10-01T11:14:38.0283283Z   horde_rt_music_pcm_stream_tests.vcxproj -> D:\a\The-Horde-RT-demo\The-Horde-RT-demo\build\host-ci\Release\horde_rt_music_pcm_stream_tests.exe
Shared simulation host (MSVC)	Build shared gameplay tests	2026-10-01T11:14:38.0972742Z   MusicDirectorTests.cpp
Shared simulation host (MSVC)	Build shared gameplay tests	2026-10-01T11:14:38.9016255Z   Building Custom Rule D:/a/The-Horde-RT-demo/The-Horde-RT-demo/CMakeLists.txt
Shared simulation host (MSVC)	Build shared gameplay tests	2026-10-01T11:14:38.9968451Z   LanternBenchmarkTests.cpp
Shared simulation host (MSVC)	Build shared gameplay tests	2026-10-01T11:14:39.4073068Z   horde_rt_music_pcm_asset_bank_tests.vcxproj -> D:\a\The-Horde-RT-demo\The-Horde-RT-demo\build\host-ci\Release\horde_rt_music_pcm_asset_bank_tests.exe
Shared simulation host (MSVC)	Build shared gameplay tests	2026-10-01T11:14:39.4610674Z   Building Custom Rule D:/a/The-Horde-RT-demo/The-Horde-RT-demo/CMakeLists.txt
Shared simulation host (MSVC)	Build shared gameplay tests	2026-10-01T11:14:39.5648219Z   FireEmitterTests.cpp
Shared simulation host (MSVC)	Build shared gameplay tests	2026-10-01T11:14:41.8519152Z   ShowcaseBenchmark.cpp
Shared simulation host (MSVC)	Build shared gameplay tests	2026-10-01T11:14:41.9085865Z   horde_rt_music_director_tests.vcxproj -> D:\a\The-Horde-RT-demo\The-Horde-RT-demo\build\host-ci\Release\horde_rt_music_director_tests.exe
Shared simulation host (MSVC)	Build shared gameplay tests	2026-10-01T11:14:41.9598166Z   Building Custom Rule D:/a/The-Horde-RT-demo/The-Horde-RT-demo/CMakeLists.txt
Shared simulation host (MSVC)	Build shared gameplay tests	2026-10-01T11:14:42.0659378Z   RtBenchmarkEvidenceReportTests.cpp
Shared simulation host (MSVC)	Build shared gameplay tests	2026-10-01T11:14:42.6321676Z   FireEmitterBuffer.cpp
Shared simulation host (MSVC)	Build shared gameplay tests	2026-10-01T11:14:43.4901808Z   RtBenchmarkEvidenceReport.cpp
Shared simulation host (MSVC)	Build shared gameplay tests	2026-10-01T11:14:43.5532555Z   ShowcaseBenchmark.cpp
Shared simulation host (MSVC)	Build shared gameplay tests	2026-10-01T11:14:43.5800156Z   Generating Code...
Shared simulation host (MSVC)	Build shared gameplay tests	2026-10-01T11:14:44.7147763Z   horde_rt_fire_emitter_tests.vcxproj -> D:\a\The-Horde-RT-demo\The-Horde-RT-demo\build\host-ci\Release\horde_rt_fire_emitter_tests.exe
Shared simulation host (MSVC)	Build shared gameplay tests	2026-10-01T11:14:44.9764406Z   horde_rt_provider_shipping_mobile_fixture.vcxproj -> D:\a\The-Horde-RT-demo\The-Horde-RT-demo\build\host-ci\Release\horde_rt_provider_shipping_mobile_fixture.exe
Shared simulation host (MSVC)	Build shared gameplay tests	2026-10-01T11:14:45.0681070Z   PlaytestReportTests.cpp
Shared simulation host (MSVC)	Build shared gameplay tests	2026-10-01T11:14:45.2724918Z   RtBenchmarkEvidenceRun.cpp
Shared simulation host (MSVC)	Build shared gameplay tests	2026-10-01T11:14:45.4121882Z   RtBenchmarkEvidenceReport.cpp
Shared simulation host (MSVC)	Build shared gameplay tests	2026-10-01T11:14:46.3934045Z   RtPerformanceEvidence.cpp
Shared simulation host (MSVC)	Build shared gameplay tests	2026-10-01T11:14:47.2274690Z   RtBenchmarkEvidenceRun.cpp
Shared simulation host (MSVC)	Build shared gameplay tests	2026-10-01T11:14:47.2617540Z   horde_rt_playtest_report_tests.vcxproj -> D:\a\The-Horde-RT-demo\The-Horde-RT-demo\build\host-ci\Release\horde_rt_playtest_report_tests.exe
Shared simulation host (MSVC)	Build shared gameplay tests	2026-10-01T11:14:47.3473795Z   PlayerAnimationTests.cpp
Shared simulation host (MSVC)	Build shared gameplay tests	2026-10-01T11:14:48.1096895Z   Generating Code...
Shared simulation host (MSVC)	Build shared gameplay tests	2026-10-01T11:14:48.7073018Z   RtPerformanceEvidence.cpp
Shared simulation host (MSVC)	Build shared gameplay tests	2026-10-01T11:14:51.3117070Z   Generating Code...
Shared simulation host (MSVC)	Build shared gameplay tests	2026-10-01T11:14:51.5882021Z   RtPerformanceEvidence.cpp
Shared simulation host (MSVC)	Build shared gameplay tests	2026-10-01T11:14:52.8196984Z   horde_rt_lantern_benchmark_tests.vcxproj -> D:\a\The-Horde-RT-demo\The-Horde-RT-demo\build\host-ci\Release\horde_rt_lantern_benchmark_tests.exe
Shared simulation host (MSVC)	Build shared gameplay tests	2026-10-01T11:14:53.3620116Z   LanternPendulumTests.cpp
Shared simulation host (MSVC)	Build shared gameplay tests	2026-10-01T11:14:54.3164394Z   SkinnedMeshAsset.cpp
Shared simulation host (MSVC)	Build shared gameplay tests	2026-10-01T11:14:56.4120308Z   horde_rt_benchmark_evidence_report_tests.vcxproj -> D:\a\The-Horde-RT-demo\The-Horde-RT-demo\build\host-ci\Release\horde_rt_benchmark_evidence_report_tests.exe
Shared simulation host (MSVC)	Build shared gameplay tests	2026-10-01T11:14:56.4914684Z   HeldItemSocketTests.cpp
Shared simulation host (MSVC)	Build shared gameplay tests	2026-10-01T11:14:57.4539557Z   horde_rt_lantern_pendulum_tests.vcxproj -> D:\a\The-Horde-RT-demo\The-Horde-RT-demo\build\host-ci\Release\horde_rt_lantern_pendulum_tests.exe
Shared simulation host (MSVC)	Build shared gameplay tests	2026-10-01T11:14:57.5511330Z   DevelopmentStaticAssetTests.cpp
Shared simulation host (MSVC)	Build shared gameplay tests	2026-10-01T11:14:58.0393004Z   PlayerRenderSlot.cpp
Shared simulation host (MSVC)	Build shared gameplay tests	2026-10-01T11:14:59.6916423Z   AssetManifest.cpp
Shared simulation host (MSVC)	Build shared gameplay tests	2026-10-01T11:15:01.3016474Z   Generating Code...
Shared simulation host (MSVC)	Build shared gameplay tests	2026-10-01T11:15:03.9296069Z   horde_rt_development_static_asset_tests.vcxproj -> D:\a\The-Horde-RT-demo\The-Horde-RT-demo\build\host-ci\Release\horde_rt_development_static_asset_tests.exe
Shared simulation host (MSVC)	Build shared gameplay tests	2026-10-01T11:15:03.9376514Z   AssetValidation.cpp
Shared simulation host (MSVC)	Build shared gameplay tests	2026-10-01T11:15:04.0280822Z   RtBenchmarkEvidenceRunTests.cpp
Shared simulation host (MSVC)	Build shared gameplay tests	2026-10-01T11:15:04.4485880Z   HeldItemRenderSlot.cpp
Shared simulation host (MSVC)	Build shared gameplay tests	2026-10-01T11:15:04.8341552Z   RtStaticMeshSlot.cpp
Shared simulation host (MSVC)	Build shared gameplay tests	2026-10-01T11:15:05.8265120Z   RtBenchmarkEvidenceRun.cpp
Shared simulation host (MSVC)	Build shared gameplay tests	2026-10-01T11:15:07.2786304Z   RtBenchmarkEvidenceReport.cpp
Shared simulation host (MSVC)	Build shared gameplay tests	2026-10-01T11:15:08.5335349Z   horde_rt_player_animation_tests.vcxproj -> D:\a\The-Horde-RT-demo\The-Horde-RT-demo\build\host-ci\Release\horde_rt_player_animation_tests.exe
Shared simulation host (MSVC)	Build shared gameplay tests	2026-10-01T11:15:08.6255109Z   GltfDocument.cpp
Shared simulation host (MSVC)	Build shared gameplay tests	2026-10-01T11:15:08.6303525Z   Generating Code...
Shared simulation host (MSVC)	Build shared gameplay tests	2026-10-01T11:15:09.0245809Z   RtPerformanceEvidence.cpp
Shared simulation host (MSVC)	Build shared gameplay tests	2026-10-01T11:15:11.3301569Z   ShowcaseBenchmark.cpp
Shared simulation host (MSVC)	Build shared gameplay tests	2026-10-01T11:15:12.5235354Z   StaticMeshAsset.cpp
Shared simulation host (MSVC)	Build shared gameplay tests	2026-10-01T11:15:13.7970831Z   Generating Code...
Shared simulation host (MSVC)	Build shared gameplay tests	2026-10-01T11:15:14.6205251Z   GltfDocument.cpp
Shared simulation host (MSVC)	Build shared gameplay tests	2026-10-01T11:15:17.9699953Z   Generating Code...
Shared simulation host (MSVC)	Build shared gameplay tests	2026-10-01T11:15:18.3762418Z   horde_rt_benchmark_evidence_run_tests.vcxproj -> D:\a\The-Horde-RT-demo\The-Horde-RT-demo\build\host-ci\Release\horde_rt_benchmark_evidence_run_tests.exe
Shared simulation host (MSVC)	Build shared gameplay tests	2026-10-01T11:15:20.3727615Z   StaticMeshAsset.cpp
Shared simulation host (MSVC)	Build shared gameplay tests	2026-10-01T11:15:20.5632376Z   Building Custom Rule D:/a/The-Horde-RT-demo/The-Horde-RT-demo/CMakeLists.txt
Shared simulation host (MSVC)	Build shared gameplay tests	2026-10-01T11:15:20.6695605Z   RtSceneAbiTests.cpp
Shared simulation host (MSVC)	Build shared gameplay tests	2026-10-01T11:15:23.3659037Z   Generating Code...
Shared simulation host (MSVC)	Build shared gameplay tests	2026-10-01T11:15:24.5702846Z   RtStaticMeshSlot.cpp
Shared simulation host (MSVC)	Build shared gameplay tests	2026-10-01T11:15:24.7990241Z   horde_rt_production_prop_asset_tests.vcxproj -> D:\a\The-Horde-RT-demo\The-Horde-RT-demo\build\host-ci\Release\horde_rt_production_prop_asset_tests.exe
Shared simulation host (MSVC)	Build shared gameplay tests	2026-10-01T11:15:26.1189912Z   Building Custom Rule D:/a/The-Horde-RT-demo/The-Horde-RT-demo/CMakeLists.txt
Shared simulation host (MSVC)	Build shared gameplay tests	2026-10-01T11:15:26.2297972Z   RtSceneRecordObservationTests.cpp
Shared simulation host (MSVC)	Build shared gameplay tests	2026-10-01T11:15:28.9670613Z   RtTextureArrays.cpp
Shared simulation host (MSVC)	Build shared gameplay tests	2026-10-01T11:15:29.0123009Z   RtPerformanceEvidence.cpp
Shared simulation host (MSVC)	Build shared gameplay tests	2026-10-01T11:15:29.5226048Z   horde_rt_held_item_socket_tests.vcxproj -> D:\a\The-Horde-RT-demo\The-Horde-RT-demo\build\host-ci\Release\horde_rt_held_item_socket_tests.exe
Shared simulation host (MSVC)	Build shared gameplay tests	2026-10-01T11:15:29.6653274Z   Building Custom Rule D:/a/The-Horde-RT-demo/The-Horde-RT-demo/CMakeLists.txt
Shared simulation host (MSVC)	Build shared gameplay tests	2026-10-01T11:15:29.7304382Z   Generating Code...
Shared simulation host (MSVC)	Build shared gameplay tests	2026-10-01T11:15:29.7856468Z   ShowcaseGameplaySmoke.cpp
Shared simulation host (MSVC)	Build shared gameplay tests	2026-10-01T11:15:31.2757211Z   Generating Code...
Shared simulation host (MSVC)	Build shared gameplay tests	2026-10-01T11:15:33.4458215Z   horde_rt_scene_record_observation_tests.vcxproj -> D:\a\The-Horde-RT-demo\The-Horde-RT-demo\build\host-ci\Release\horde_rt_scene_record_observation_tests.exe
Shared simulation host (MSVC)	Build shared gameplay tests	2026-10-01T11:15:33.5421628Z   Building Custom Rule D:/a/The-Horde-RT-demo/The-Horde-RT-demo/CMakeLists.txt
Shared simulation host (MSVC)	Build shared gameplay tests	2026-10-01T11:15:33.6433540Z   ShowcaseRouteSmoke.cpp
Shared simulation host (MSVC)	Build shared gameplay tests	2026-10-01T11:15:33.8645059Z   horde_rt_scene_abi_tests.vcxproj -> D:\a\The-Horde-RT-demo\The-Horde-RT-demo\build\host-ci\Release\horde_rt_scene_abi_tests.exe
Shared simulation host (MSVC)	Build shared gameplay tests	2026-10-01T11:15:33.9318164Z   Building Custom Rule D:/a/The-Horde-RT-demo/The-Horde-RT-demo/CMakeLists.txt
Shared simulation host (MSVC)	Build shared gameplay tests	2026-10-01T11:15:34.0306432Z   SimulationGameplayTests.cpp
Shared simulation host (MSVC)	Build shared gameplay tests	2026-10-01T11:15:34.1396396Z   horde_rt_showcase_gameplay_smoke.vcxproj -> D:\a\The-Horde-RT-demo\The-Horde-RT-demo\build\host-ci\Release\horde_rt_showcase_gameplay_smoke.exe
Shared simulation host (MSVC)	Build shared gameplay tests	2026-10-01T11:15:34.2775430Z   Building Custom Rule D:/a/The-Horde-RT-demo/The-Horde-RT-demo/CMakeLists.txt
Shared simulation host (MSVC)	Build shared gameplay tests	2026-10-01T11:15:34.3933448Z   SimulationTimingTests.cpp
Shared simulation host (MSVC)	Build shared gameplay tests	2026-10-01T11:15:35.4919209Z   horde_rt_showcase_route_smoke.vcxproj -> D:\a\The-Horde-RT-demo\The-Horde-RT-demo\build\host-ci\Release\horde_rt_showcase_route_smoke.exe
Shared simulation host (MSVC)	Build shared gameplay tests	2026-10-01T11:15:35.6235648Z   Building Custom Rule D:/a/The-Horde-RT-demo/The-Horde-RT-demo/CMakeLists.txt
Shared simulation host (MSVC)	Build shared gameplay tests	2026-10-01T11:15:35.7397543Z   SpatialAudioSmoke.cpp
Shared simulation host (MSVC)	Build shared gameplay tests	2026-10-01T11:15:38.1838389Z   horde_rt_simulation_timing_tests.vcxproj -> D:\a\The-Horde-RT-demo\The-Horde-RT-demo\build\host-ci\Release\horde_rt_simulation_timing_tests.exe
Shared simulation host (MSVC)	Build shared gameplay tests	2026-10-01T11:15:38.2844016Z   Building Custom Rule D:/a/The-Horde-RT-demo/The-Horde-RT-demo/CMakeLists.txt
Shared simulation host (MSVC)	Build shared gameplay tests	2026-10-01T11:15:38.3875561Z   StagedPrimaryContractTests.cpp
Shared simulation host (MSVC)	Build shared gameplay tests	2026-10-01T11:15:40.0246165Z   horde_rt_simulation_gameplay_tests.vcxproj -> D:\a\The-Horde-RT-demo\The-Horde-RT-demo\build\host-ci\Release\horde_rt_simulation_gameplay_tests.exe
Shared simulation host (MSVC)	Build shared gameplay tests	2026-10-01T11:15:40.1371159Z   Building Custom Rule D:/a/The-Horde-RT-demo/The-Horde-RT-demo/CMakeLists.txt
Shared simulation host (MSVC)	Build shared gameplay tests	2026-10-01T11:15:40.2455501Z   StaticGltfAssetTests.cpp
Shared simulation host (MSVC)	Build shared gameplay tests	2026-10-01T11:15:40.3136851Z   horde_rt_staged_primary_contract_tests.vcxproj -> D:\a\The-Horde-RT-demo\The-Horde-RT-demo\build\host-ci\Release\horde_rt_staged_primary_contract_tests.exe
Shared simulation host (MSVC)	Build shared gameplay tests	2026-10-01T11:15:40.4175018Z   Building Custom Rule D:/a/The-Horde-RT-demo/The-Horde-RT-demo/CMakeLists.txt
Shared simulation host (MSVC)	Build shared gameplay tests	2026-10-01T11:15:40.5116181Z   VersionContractIncrementalConfigureTests.cpp
Shared simulation host (MSVC)	Build shared gameplay tests	2026-10-01T11:15:40.8478489Z   horde_rt_spatial_audio_smoke.vcxproj -> D:\a\The-Horde-RT-demo\The-Horde-RT-demo\build\host-ci\Release\horde_rt_spatial_audio_smoke.exe
Shared simulation host (MSVC)	Build shared gameplay tests	2026-10-01T11:15:40.9783231Z   Building Custom Rule D:/a/The-Horde-RT-demo/The-Horde-RT-demo/CMakeLists.txt
Shared simulation host (MSVC)	Build shared gameplay tests	2026-10-01T11:15:41.0880995Z   VersionContractTests.cpp
Shared simulation host (MSVC)	Build shared gameplay tests	2026-10-01T11:15:44.2307144Z   AssetManifest.cpp
Shared simulation host (MSVC)	Build shared gameplay tests	2026-10-01T11:15:46.0130064Z   horde_rt_version_contract_incremental_configure_tests.vcxproj -> D:\a\The-Horde-RT-demo\The-Horde-RT-demo\build\host-ci\Release\horde_rt_version_contract_incremental_configure_tests.exe
Shared simulation host (MSVC)	Build shared gameplay tests	2026-10-01T11:15:46.3735376Z   Building Custom Rule D:/a/The-Horde-RT-demo/The-Horde-RT-demo/CMakeLists.txt
Shared simulation host (MSVC)	Build shared gameplay tests	2026-10-01T11:15:47.1020251Z   WindowsBenchmarkLaunchTests.cpp
Shared simulation host (MSVC)	Build shared gameplay tests	2026-10-01T11:15:48.0863727Z   AssetValidation.cpp
Shared simulation host (MSVC)	Build shared gameplay tests	2026-10-01T11:15:48.8025987Z   horde_rt_windows_benchmark_launch_tests.vcxproj -> D:\a\The-Horde-RT-demo\The-Horde-RT-demo\build\host-ci\Release\horde_rt_windows_benchmark_launch_tests.exe
Shared simulation host (MSVC)	Build shared gameplay tests	2026-10-01T11:15:48.9051096Z   horde_rt_version_contract_tests.vcxproj -> D:\a\The-Horde-RT-demo\The-Horde-RT-demo\build\host-ci\Release\horde_rt_version_contract_tests.exe
Shared simulation host (MSVC)	Build shared gameplay tests	2026-10-01T11:15:48.9464371Z   Building Custom Rule D:/a/The-Horde-RT-demo/The-Horde-RT-demo/CMakeLists.txt
Shared simulation host (MSVC)	Build shared gameplay tests	2026-10-01T11:15:48.9829889Z   RtStaticMeshSlot.cpp
Shared simulation host (MSVC)	Build shared gameplay tests	2026-10-01T11:15:49.0395830Z   Building Custom Rule D:/a/The-Horde-RT-demo/The-Horde-RT-demo/CMakeLists.txt
Shared simulation host (MSVC)	Build shared gameplay tests	2026-10-01T11:15:49.0768543Z   WindowsMusicPlayback.cpp
Shared simulation host (MSVC)	Build shared gameplay tests	2026-10-01T11:15:49.1574479Z   WindowsPlaytestReportUiTests.cpp
Shared simulation host (MSVC)	Build shared gameplay tests	2026-10-01T11:15:52.0066329Z   Generating Code...
Shared simulation host (MSVC)	Build shared gameplay tests	2026-10-01T11:15:52.6252239Z   WindowsPlaytestReport.cpp
Shared simulation host (MSVC)	Build shared gameplay tests	2026-10-01T11:15:54.6112224Z   horde_windows_music.vcxproj -> D:\a\The-Horde-RT-demo\The-Horde-RT-demo\build\host-ci\Release\horde_windows_music.lib
Shared simulation host (MSVC)	Build shared gameplay tests	2026-10-01T11:15:54.8666691Z   Building Custom Rule D:/a/The-Horde-RT-demo/The-Horde-RT-demo/third_party/pocket-audio-core/native/CMakeLists.txt
Shared simulation host (MSVC)	Build shared gameplay tests	2026-10-01T11:15:55.9074218Z   PcmNativeTests.cpp
Shared simulation host (MSVC)	Build shared gameplay tests	2026-10-01T11:15:57.1539463Z   Generating Code...
Shared simulation host (MSVC)	Build shared gameplay tests	2026-10-01T11:16:00.6965272Z   horde_rt_windows_playtest_report_ui_tests.vcxproj -> D:\a\The-Horde-RT-demo\The-Horde-RT-demo\build\host-ci\Release\horde_rt_windows_playtest_report_ui_tests.exe
Shared simulation host (MSVC)	Build shared gameplay tests	2026-10-01T11:16:01.9462201Z   Building Custom Rule D:/a/The-Horde-RT-demo/The-Horde-RT-demo/CMakeLists.txt
Shared simulation host (MSVC)	Build shared gameplay tests	2026-10-01T11:16:02.0750164Z   WindowsMusicPlaybackSmoke.cpp
Shared simulation host (MSVC)	Build shared gameplay tests	2026-10-01T11:16:02.2511528Z   pocket_audio_native_pcm_tests.vcxproj -> D:\a\The-Horde-RT-demo\The-Horde-RT-demo\build\host-ci\pocket-audio-core-native\Release\pocket_audio_native_pcm_tests.exe
Shared simulation host (MSVC)	Build shared gameplay tests	2026-10-01T11:16:03.1352786Z   GltfDocument.cpp
Shared simulation host (MSVC)	Build shared gameplay tests	2026-10-01T11:16:05.3572589Z   horde_rt_windows_music_playback_smoke.vcxproj -> D:\a\The-Horde-RT-demo\The-Horde-RT-demo\build\host-ci\Release\horde_rt_windows_music_playback_smoke.exe
Shared simulation host (MSVC)	Build shared gameplay tests	2026-10-01T11:16:05.5198598Z   StaticMeshAsset.cpp
Shared simulation host (MSVC)	Build shared gameplay tests	2026-10-01T11:16:08.1632555Z   Generating Code...
Shared simulation host (MSVC)	Build shared gameplay tests	2026-10-01T11:16:12.4883040Z   horde_rt_static_gltf_asset_tests.vcxproj -> D:\a\The-Horde-RT-demo\The-Horde-RT-demo\build\host-ci\Release\horde_rt_static_gltf_asset_tests.exe
Shared simulation host (MSVC)	Build shared gameplay tests	2026-10-01T11:16:12.6060327Z   Building Custom Rule D:/a/The-Horde-RT-demo/The-Horde-RT-demo/CMakeLists.txt
Shared simulation host (MSVC)	Run shared gameplay tests	﻿2026-10-01T11:16:12.8967349Z ##[group]Run ctest --test-dir build/host-ci --build-config Release --output-on-failure --no-tests=error -E '^(horde_rt_scene_abi_generator_tests|horde_rt_raygen_compiler_strategy_tests|horde_rt_raygen_variant_manifest_tests|horde_rt_raygen_variant_artifact_tests|horde_rt_rayquery_compute_shader_tests|horde_rt_pipeline_policy_fence_tests|horde_rt_pipeline_policy_execution_tests|horde_rt_static_texture_array_tool_tests|horde_rt_static_preparation_lod_policy_tests|horde_rt_static_preparation_skip_policy_tests|horde_rt_static_preparation_colliding_lod_policy_tests|horde_rt_dielectric_topology_tool_tests|horde_rt_version_contract_powershell_tests|horde_rt_github_release_preflight_tests|horde_rt_version_contract_windows_powershell_tests)$'
Shared simulation host (MSVC)	Run shared gameplay tests	2026-10-01T11:16:12.8973360Z ^[[36;1mctest --test-dir build/host-ci --build-config Release --output-on-failure --no-tests=error -E '^(horde_rt_scene_abi_generator_tests|horde_rt_raygen_compiler_strategy_tests|horde_rt_raygen_variant_manifest_tests|horde_rt_raygen_variant_artifact_tests|horde_rt_rayquery_compute_shader_tests|horde_rt_pipeline_policy_fence_tests|horde_rt_pipeline_policy_execution_tests|horde_rt_static_texture_array_tool_tests|horde_rt_static_preparation_lod_policy_tests|horde_rt_static_preparation_skip_policy_tests|horde_rt_static_preparation_colliding_lod_policy_tests|horde_rt_dielectric_topology_tool_tests|horde_rt_version_contract_powershell_tests|horde_rt_github_release_preflight_tests|horde_rt_version_contract_windows_powershell_tests)$'^[[0m
Shared simulation host (MSVC)	Run shared gameplay tests	2026-10-01T11:16:12.9054940Z shell: C:\Program Files\PowerShell\7\pwsh.EXE -command ". '{0}'"
Shared simulation host (MSVC)	Run shared gameplay tests	2026-10-01T11:16:12.9055371Z ##[endgroup]
Shared simulation host (MSVC)	Run shared gameplay tests	2026-10-01T11:16:13.7096945Z Test project D:/a/The-Horde-RT-demo/The-Horde-RT-demo/build/host-ci
Shared simulation host (MSVC)	Run shared gameplay tests	2026-10-01T11:16:13.7491536Z       Start  1: horde_rt_player_primitive_contract_tests
Shared simulation host (MSVC)	Run shared gameplay tests	2026-10-01T11:16:13.7690888Z  1/57 Test  #1: horde_rt_player_primitive_contract_tests ................   Passed    0.02 sec
Shared simulation host (MSVC)	Run shared gameplay tests	2026-10-01T11:16:13.7705713Z       Start  2: horde_rt_raygen_artifact_ownership_tests
Shared simulation host (MSVC)	Run shared gameplay tests	2026-10-01T11:16:14.4531079Z  2/57 Test  #2: horde_rt_raygen_artifact_ownership_tests ................   Passed    0.68 sec
Shared simulation host (MSVC)	Run shared gameplay tests	2026-10-01T11:16:14.4536153Z       Start  3: horde_rt_player_manifest_agreement_tests
Shared simulation host (MSVC)	Run shared gameplay tests	2026-10-01T11:16:15.0211451Z  3/57 Test  #3: horde_rt_player_manifest_agreement_tests ................   Passed    0.57 sec
Shared simulation host (MSVC)	Run shared gameplay tests	2026-10-01T11:16:15.0216770Z       Start  4: horde_rt_player_package_inventory_tests
Shared simulation host (MSVC)	Run shared gameplay tests	2026-10-01T11:16:15.7048258Z  4/57 Test  #4: horde_rt_player_package_inventory_tests .................   Passed    0.68 sec
Shared simulation host (MSVC)	Run shared gameplay tests	2026-10-01T11:16:15.7054344Z       Start  5: horde_rt_staged_primary_contract_tests
Shared simulation host (MSVC)	Run shared gameplay tests	2026-10-01T11:16:15.7167797Z  5/57 Test  #5: horde_rt_staged_primary_contract_tests ..................   Passed    0.01 sec
Shared simulation host (MSVC)	Run shared gameplay tests	2026-10-01T11:16:15.7172936Z       Start  6: horde_rt_lantern_benchmark_tests
Shared simulation host (MSVC)	Run shared gameplay tests	2026-10-01T11:16:15.7425926Z  6/57 Test  #6: horde_rt_lantern_benchmark_tests ........................   Passed    0.02 sec
Shared simulation host (MSVC)	Run shared gameplay tests	2026-10-01T11:16:15.7430732Z       Start  7: horde_rt_benchmark_evidence_report_tests
Shared simulation host (MSVC)	Run shared gameplay tests	2026-10-01T11:16:15.7562592Z  7/57 Test  #7: horde_rt_benchmark_evidence_report_tests ................   Passed    0.01 sec
Shared simulation host (MSVC)	Run shared gameplay tests	2026-10-01T11:16:15.7567347Z       Start  8: horde_rt_windows_benchmark_launch_tests
Shared simulation host (MSVC)	Run shared gameplay tests	2026-10-01T11:16:15.7665905Z  8/57 Test  #8: horde_rt_windows_benchmark_launch_tests .................   Passed    0.01 sec
Shared simulation host (MSVC)	Run shared gameplay tests	2026-10-01T11:16:15.7669751Z       Start  9: horde_rt_benchmark_evidence_run_tests
Shared simulation host (MSVC)	Run shared gameplay tests	2026-10-01T11:16:15.7823019Z  9/57 Test  #9: horde_rt_benchmark_evidence_run_tests ...................   Passed    0.01 sec
Shared simulation host (MSVC)	Run shared gameplay tests	2026-10-01T11:16:15.7827655Z       Start 10: horde_rt_evidence_publication_tests
Shared simulation host (MSVC)	Run shared gameplay tests	2026-10-01T11:16:15.7931670Z 10/57 Test #10: horde_rt_evidence_publication_tests .....................   Passed    0.01 sec
Shared simulation host (MSVC)	Run shared gameplay tests	2026-10-01T11:16:15.7935886Z       Start 11: horde_rt_ray_tracing_requirements_tests
Shared simulation host (MSVC)	Run shared gameplay tests	2026-10-01T11:16:15.8033086Z 11/57 Test #11: horde_rt_ray_tracing_requirements_tests .................   Passed    0.01 sec
Shared simulation host (MSVC)	Run shared gameplay tests	2026-10-01T11:16:15.8037101Z       Start 12: horde_rt_performance_evidence_tests
Shared simulation host (MSVC)	Run shared gameplay tests	2026-10-01T11:16:16.1340826Z 12/57 Test #12: horde_rt_performance_evidence_tests .....................   Passed    0.33 sec
Shared simulation host (MSVC)	Run shared gameplay tests	2026-10-01T11:16:16.1347088Z       Start 13: horde_rt_scene_record_observation_tests
Shared simulation host (MSVC)	Run shared gameplay tests	2026-10-01T11:16:16.1453692Z 13/57 Test #13: horde_rt_scene_record_observation_tests .................   Passed    0.01 sec
Shared simulation host (MSVC)	Run shared gameplay tests	2026-10-01T11:16:16.1457681Z       Start 14: horde_rt_pipeline_variants_tests
Shared simulation host (MSVC)	Run shared gameplay tests	2026-10-01T11:16:16.1552537Z 14/57 Test #14: horde_rt_pipeline_variants_tests ........................   Passed    0.01 sec
Shared simulation host (MSVC)	Run shared gameplay tests	2026-10-01T11:16:16.1556698Z       Start 15: horde_rt_pipeline_variant_provider_tests
Shared simulation host (MSVC)	Run shared gameplay tests	2026-10-01T11:16:16.1650987Z 15/57 Test #15: horde_rt_pipeline_variant_provider_tests ................   Passed    0.01 sec
Shared simulation host (MSVC)	Run shared gameplay tests	2026-10-01T11:16:16.1655154Z       Start 16: horde_rt_pipeline_bundle_contracts_tests
Shared simulation host (MSVC)	Run shared gameplay tests	2026-10-01T11:16:16.1947727Z 16/57 Test #16: horde_rt_pipeline_bundle_contracts_tests ................   Passed    0.03 sec
Shared simulation host (MSVC)	Run shared gameplay tests	2026-10-01T11:16:16.1951997Z       Start 17: horde_rt_provider_shipping_mobile_fixture
Shared simulation host (MSVC)	Run shared gameplay tests	2026-10-01T11:16:16.2101078Z 17/57 Test #17: horde_rt_provider_shipping_mobile_fixture ...............   Passed    0.01 sec
Shared simulation host (MSVC)	Run shared gameplay tests	2026-10-01T11:16:16.2105053Z       Start 18: horde_rt_provider_shipping_mobile_fixture_evidence
Shared simulation host (MSVC)	Run shared gameplay tests	2026-10-01T11:16:35.7697189Z 18/57 Test #18: horde_rt_provider_shipping_mobile_fixture_evidence ......   Passed   19.56 sec
Shared simulation host (MSVC)	Run shared gameplay tests	2026-10-01T11:16:35.7702792Z       Start 19: horde_rt_provider_shipping_high_fixture
Shared simulation host (MSVC)	Run shared gameplay tests	2026-10-01T11:16:35.7870991Z 19/57 Test #19: horde_rt_provider_shipping_high_fixture .................   Passed    0.02 sec
Shared simulation host (MSVC)	Run shared gameplay tests	2026-10-01T11:16:35.7875092Z       Start 20: horde_rt_provider_shipping_high_fixture_evidence
Shared simulation host (MSVC)	Run shared gameplay tests	2026-10-01T11:16:55.4127753Z 20/57 Test #20: horde_rt_provider_shipping_high_fixture_evidence ........   Passed   19.62 sec
Shared simulation host (MSVC)	Run shared gameplay tests	2026-10-01T11:16:55.4133398Z       Start 21: horde_rt_provider_diagnostic_mobile_fixture
Shared simulation host (MSVC)	Run shared gameplay tests	2026-10-01T11:16:55.4296821Z 21/57 Test #21: horde_rt_provider_diagnostic_mobile_fixture .............   Passed    0.02 sec
Shared simulation host (MSVC)	Run shared gameplay tests	2026-10-01T11:16:55.4300899Z       Start 22: horde_rt_provider_diagnostic_mobile_fixture_evidence
Shared simulation host (MSVC)	Run shared gameplay tests	2026-10-01T11:17:15.1804732Z 22/57 Test #22: horde_rt_provider_diagnostic_mobile_fixture_evidence ....   Passed   19.75 sec
Shared simulation host (MSVC)	Run shared gameplay tests	2026-10-01T11:17:15.1810561Z       Start 23: horde_rt_provider_diagnostic_high_fixture
Shared simulation host (MSVC)	Run shared gameplay tests	2026-10-01T11:17:15.1971790Z 23/57 Test #23: horde_rt_provider_diagnostic_high_fixture ...............   Passed    0.02 sec
Shared simulation host (MSVC)	Run shared gameplay tests	2026-10-01T11:17:15.1976254Z       Start 24: horde_rt_provider_diagnostic_high_fixture_evidence
Shared simulation host (MSVC)	Run shared gameplay tests	2026-10-01T11:17:34.4861632Z 24/57 Test #24: horde_rt_provider_diagnostic_high_fixture_evidence ......   Passed   19.29 sec
Shared simulation host (MSVC)	Run shared gameplay tests	2026-10-01T11:17:34.4868113Z       Start 25: horde_rt_github_release_updater_tests
Shared simulation host (MSVC)	Run shared gameplay tests	2026-10-01T11:17:34.4983482Z 25/57 Test #25: horde_rt_github_release_updater_tests ...................   Passed    0.01 sec
Shared simulation host (MSVC)	Run shared gameplay tests	2026-10-01T11:17:34.4988161Z       Start 26: horde_rt_version_contract_tests
Shared simulation host (MSVC)	Run shared gameplay tests	2026-10-01T11:17:34.5126950Z 26/57 Test #26: horde_rt_version_contract_tests .........................   Passed    0.01 sec
Shared simulation host (MSVC)	Run shared gameplay tests	2026-10-01T11:17:34.5131767Z       Start 27: horde_rt_version_contract_incremental_configure_tests
Shared simulation host (MSVC)	Run shared gameplay tests	2026-10-01T11:17:44.7624260Z 27/57 Test #27: horde_rt_version_contract_incremental_configure_tests ...   Passed   10.25 sec
Shared simulation host (MSVC)	Run shared gameplay tests	2026-10-01T11:17:44.7629147Z       Start 28: horde_rt_dielectric_math_tests
Shared simulation host (MSVC)	Run shared gameplay tests	2026-10-01T11:17:44.7844665Z 28/57 Test #28: horde_rt_dielectric_math_tests ..........................   Passed    0.02 sec
Shared simulation host (MSVC)	Run shared gameplay tests	2026-10-01T11:17:44.7849236Z       Start 29: horde_rt_player_animation_tests
Shared simulation host (MSVC)	Run shared gameplay tests	2026-10-01T11:17:44.7973438Z 29/57 Test #29: horde_rt_player_animation_tests .........................   Passed    0.01 sec
Shared simulation host (MSVC)	Run shared gameplay tests	2026-10-01T11:17:44.7977841Z       Start 30: horde_rt_fire_emitter_tests
Shared simulation host (MSVC)	Run shared gameplay tests	2026-10-01T11:17:44.8090756Z 30/57 Test #30: horde_rt_fire_emitter_tests .............................   Passed    0.01 sec
Shared simulation host (MSVC)	Run shared gameplay tests	2026-10-01T11:17:44.8094765Z       Start 31: horde_rt_held_item_socket_tests
Shared simulation host (MSVC)	Run shared gameplay tests	2026-10-01T11:17:44.9181648Z 31/57 Test #31: horde_rt_held_item_socket_tests .........................   Passed    0.11 sec
Shared simulation host (MSVC)	Run shared gameplay tests	2026-10-01T11:17:44.9186392Z       Start 32: horde_rt_development_static_asset_tests
Shared simulation host (MSVC)	Run shared gameplay tests	2026-10-01T11:17:44.9303373Z 32/57 Test #32: horde_rt_development_static_asset_tests .................   Passed    0.01 sec
Shared simulation host (MSVC)	Run shared gameplay tests	2026-10-01T11:17:44.9307457Z       Start 33: horde_rt_scene_abi_tests
Shared simulation host (MSVC)	Run shared gameplay tests	2026-10-01T11:17:44.9409872Z 33/57 Test #33: horde_rt_scene_abi_tests ................................   Passed    0.01 sec
Shared simulation host (MSVC)	Run shared gameplay tests	2026-10-01T11:17:44.9414618Z       Start 34: horde_rt_static_gltf_asset_tests
Shared simulation host (MSVC)	Run shared gameplay tests	2026-10-01T11:17:45.0902765Z 34/57 Test #34: horde_rt_static_gltf_asset_tests ........................   Passed    0.15 sec
Shared simulation host (MSVC)	Run shared gameplay tests	2026-10-01T11:17:45.0907883Z       Start 35: horde_rt_production_prop_asset_tests
Shared simulation host (MSVC)	Run shared gameplay tests	2026-10-01T11:17:45.1435494Z 35/57 Test #35: horde_rt_production_prop_asset_tests ....................   Passed    0.05 sec
Shared simulation host (MSVC)	Run shared gameplay tests	2026-10-01T11:17:45.1441201Z       Start 36: horde_rt_android_staged_admission_tests
Shared simulation host (MSVC)	Run shared gameplay tests	2026-10-01T11:17:45.9369004Z 36/57 Test #36: horde_rt_android_staged_admission_tests .................   Passed    0.79 sec
Shared simulation host (MSVC)	Run shared gameplay tests	2026-10-01T11:17:45.9374977Z       Start 37: horde_rt_simulation_timing_tests
Shared simulation host (MSVC)	Run shared gameplay tests	2026-10-01T11:17:45.9505895Z 37/57 Test #37: horde_rt_simulation_timing_tests ........................   Passed    0.01 sec
Shared simulation host (MSVC)	Run shared gameplay tests	2026-10-01T11:17:45.9509787Z       Start 38: horde_rt_simulation_gameplay_tests
Shared simulation host (MSVC)	Run shared gameplay tests	2026-10-01T11:17:45.9692977Z 38/57 Test #38: horde_rt_simulation_gameplay_tests ......................   Passed    0.02 sec
Shared simulation host (MSVC)	Run shared gameplay tests	2026-10-01T11:17:45.9697614Z       Start 39: horde_rt_music_director_tests
Shared simulation host (MSVC)	Run shared gameplay tests	2026-10-01T11:17:45.9805827Z 39/57 Test #39: horde_rt_music_director_tests ...........................   Passed    0.01 sec
Shared simulation host (MSVC)	Run shared gameplay tests	2026-10-01T11:17:45.9809802Z       Start 40: horde_rt_music_pcm_stream_tests
Shared simulation host (MSVC)	Run shared gameplay tests	2026-10-01T11:17:46.1631604Z 40/57 Test #40: horde_rt_music_pcm_stream_tests .........................   Passed    0.18 sec
Shared simulation host (MSVC)	Run shared gameplay tests	2026-10-01T11:17:46.1636165Z       Start 41: horde_rt_music_pcm_wave_tests
Shared simulation host (MSVC)	Run shared gameplay tests	2026-10-01T11:17:46.2154788Z 41/57 Test #41: horde_rt_music_pcm_wave_tests ...........................   Passed    0.05 sec
Shared simulation host (MSVC)	Run shared gameplay tests	2026-10-01T11:17:46.2158915Z       Start 42: horde_rt_music_pcm_asset_bank_tests
Shared simulation host (MSVC)	Run shared gameplay tests	2026-10-01T11:17:46.5398566Z 42/57 Test #42: horde_rt_music_pcm_asset_bank_tests .....................   Passed    0.32 sec
Shared simulation host (MSVC)	Run shared gameplay tests	2026-10-01T11:17:46.5402446Z       Start 43: horde_rt_music_playback_session_tests
Shared simulation host (MSVC)	Run shared gameplay tests	2026-10-01T11:17:46.7517302Z 43/57 Test #43: horde_rt_music_playback_session_tests ...................   Passed    0.21 sec
Shared simulation host (MSVC)	Run shared gameplay tests	2026-10-01T11:17:46.7522217Z       Start 44: horde_rt_playtest_report_tests
Shared simulation host (MSVC)	Run shared gameplay tests	2026-10-01T11:17:46.7632100Z 44/57 Test #44: horde_rt_playtest_report_tests ..........................   Passed    0.01 sec
Shared simulation host (MSVC)	Run shared gameplay tests	2026-10-01T11:17:46.7635725Z       Start 45: horde_rt_windows_playtest_report_ui_tests
Shared simulation host (MSVC)	Run shared gameplay tests	2026-10-01T11:17:47.3683369Z 45/57 Test #45: horde_rt_windows_playtest_report_ui_tests ...............   Passed    0.60 sec
Shared simulation host (MSVC)	Run shared gameplay tests	2026-10-01T11:17:47.3687206Z       Start 46: horde_rt_music_asset_admission_tests
Shared simulation host (MSVC)	Run shared gameplay tests	2026-10-01T11:17:55.4398106Z 46/57 Test #46: horde_rt_music_asset_admission_tests ....................   Passed    8.07 sec
Shared simulation host (MSVC)	Run shared gameplay tests	2026-10-01T11:17:55.4403381Z       Start 47: horde_rt_pocket_audio_core_pin_tests
Shared simulation host (MSVC)	Run shared gameplay tests	2026-10-01T11:17:56.6351789Z 47/57 Test #47: horde_rt_pocket_audio_core_pin_tests ....................   Passed    1.19 sec
Shared simulation host (MSVC)	Run shared gameplay tests	2026-10-01T11:17:56.6356667Z       Start 48: horde_rt_lantern_reward_tests
Shared simulation host (MSVC)	Run shared gameplay tests	2026-10-01T11:17:56.6471012Z 48/57 Test #48: horde_rt_lantern_reward_tests ...........................   Passed    0.01 sec
Shared simulation host (MSVC)	Run shared gameplay tests	2026-10-01T11:17:56.6475104Z       Start 49: horde_rt_lantern_pendulum_tests
Shared simulation host (MSVC)	Run shared gameplay tests	2026-10-01T11:17:56.6585055Z 49/57 Test #49: horde_rt_lantern_pendulum_tests .........................   Passed    0.01 sec
Shared simulation host (MSVC)	Run shared gameplay tests	2026-10-01T11:17:56.6589033Z       Start 50: horde_rt_input_mailbox_stress
Shared simulation host (MSVC)	Run shared gameplay tests	2026-10-01T11:17:56.7667072Z 50/57 Test #50: horde_rt_input_mailbox_stress ...........................   Passed    0.11 sec
Shared simulation host (MSVC)	Run shared gameplay tests	2026-10-01T11:17:56.7672601Z       Start 51: horde_rt_desktop_controller_input_tests
Shared simulation host (MSVC)	Run shared gameplay tests	2026-10-01T11:17:56.7803959Z 51/57 Test #51: horde_rt_desktop_controller_input_tests .................   Passed    0.01 sec
Shared simulation host (MSVC)	Run shared gameplay tests	2026-10-01T11:17:56.7808181Z       Start 52: horde_rt_gpu_timestamp_math_tests
Shared simulation host (MSVC)	Run shared gameplay tests	2026-10-01T11:17:56.7908007Z 52/57 Test #52: horde_rt_gpu_timestamp_math_tests .......................   Passed    0.01 sec
Shared simulation host (MSVC)	Run shared gameplay tests	2026-10-01T11:17:56.7912056Z       Start 53: horde_rt_combat_smoke
Shared simulation host (MSVC)	Run shared gameplay tests	2026-10-01T11:17:56.8013988Z 53/57 Test #53: horde_rt_combat_smoke ...................................   Passed    0.01 sec
Shared simulation host (MSVC)	Run shared gameplay tests	2026-10-01T11:17:56.8017776Z       Start 54: horde_rt_showcase_route_smoke
Shared simulation host (MSVC)	Run shared gameplay tests	2026-10-01T11:17:56.8112312Z 54/57 Test #54: horde_rt_showcase_route_smoke ...........................   Passed    0.01 sec
Shared simulation host (MSVC)	Run shared gameplay tests	2026-10-01T11:17:56.8116740Z       Start 55: horde_rt_showcase_gameplay_smoke
Shared simulation host (MSVC)	Run shared gameplay tests	2026-10-01T11:17:56.8213576Z 55/57 Test #55: horde_rt_showcase_gameplay_smoke ........................   Passed    0.01 sec
Shared simulation host (MSVC)	Run shared gameplay tests	2026-10-01T11:17:56.8217273Z       Start 56: horde_rt_spatial_audio_smoke
Shared simulation host (MSVC)	Run shared gameplay tests	2026-10-01T11:17:56.8356242Z 56/57 Test #56: horde_rt_spatial_audio_smoke ............................   Passed    0.01 sec
Shared simulation host (MSVC)	Run shared gameplay tests	2026-10-01T11:17:56.8360377Z       Start 57: pocket_audio_native_pcm_tests
Shared simulation host (MSVC)	Run shared gameplay tests	2026-10-01T11:17:56.8461422Z 57/57 Test #57: pocket_audio_native_pcm_tests ...........................   Passed    0.01 sec
Shared simulation host (MSVC)	Run shared gameplay tests	2026-10-01T11:17:56.8471933Z 
Shared simulation host (MSVC)	Run shared gameplay tests	2026-10-01T11:17:56.8472096Z 100% tests passed out of 57
Shared simulation host (MSVC)	Run shared gameplay tests	2026-10-01T11:17:56.8472582Z 
Shared simulation host (MSVC)	Run shared gameplay tests	2026-10-01T11:17:56.8473008Z Total Test time (real) = 103.13 sec
Shared simulation host (MSVC)	Check offline gauntlet chirality and UV winding	﻿2026-10-01T11:17:56.9900097Z ##[group]Run python -m unittest discover -s tests -p test_player_gauntlet_geometry.py -v
Shared simulation host (MSVC)	Check offline gauntlet chirality and UV winding	2026-10-01T11:17:56.9900834Z ^[[36;1mpython -m unittest discover -s tests -p test_player_gauntlet_geometry.py -v^[[0m
Shared simulation host (MSVC)	Check offline gauntlet chirality and UV winding	2026-10-01T11:17:56.9972623Z shell: C:\Program Files\PowerShell\7\pwsh.EXE -command ". '{0}'"
Shared simulation host (MSVC)	Check offline gauntlet chirality and UV winding	2026-10-01T11:17:56.9972993Z ##[endgroup]
Shared simulation host (MSVC)	Check offline gauntlet chirality and UV winding	2026-10-01T11:17:58.4123966Z test_invalid_chirality_is_rejected (test_player_gauntlet_geometry.GauntletGeometryTests.test_invalid_chirality_is_rejected) ... ok
Shared simulation host (MSVC)	Check offline gauntlet chirality and UV winding	2026-10-01T11:17:58.4127531Z test_legacy_uv_mode_is_explicit_not_default (test_player_gauntlet_geometry.GauntletGeometryTests.test_legacy_uv_mode_is_explicit_not_default) ... ok
Shared simulation host (MSVC)	Check offline gauntlet chirality and UV winding	2026-10-01T11:17:58.4129948Z test_mirror_preserves_vertex_to_uv_correspondence (test_player_gauntlet_geometry.GauntletGeometryTests.test_mirror_preserves_vertex_to_uv_correspondence) ... ok
Shared simulation host (MSVC)	Check offline gauntlet chirality and UV winding	2026-10-01T11:17:58.4131843Z test_mismatched_corner_roster_is_rejected (test_player_gauntlet_geometry.GauntletGeometryTests.test_mismatched_corner_roster_is_rejected) ... ok
Shared simulation host (MSVC)	Check offline gauntlet chirality and UV winding	2026-10-01T11:17:58.4133946Z test_right_source_is_mirrored_only_for_left_hand (test_player_gauntlet_geometry.GauntletGeometryTests.test_right_source_is_mirrored_only_for_left_hand) ... ok
Shared simulation host (MSVC)	Check offline gauntlet chirality and UV winding	2026-10-01T11:17:58.4135722Z test_unmirrored_source_preserves_all_corners (test_player_gauntlet_geometry.GauntletGeometryTests.test_unmirrored_source_preserves_all_corners) ... ok
Shared simulation host (MSVC)	Check offline gauntlet chirality and UV winding	2026-10-01T11:17:58.4136722Z 
Shared simulation host (MSVC)	Check offline gauntlet chirality and UV winding	2026-10-01T11:17:58.4136977Z ----------------------------------------------------------------------
Shared simulation host (MSVC)	Check offline gauntlet chirality and UV winding	2026-10-01T11:17:58.4137528Z Ran 6 tests in 0.000s
Shared simulation host (MSVC)	Check offline gauntlet chirality and UV winding	2026-10-01T11:17:58.4137754Z 
Shared simulation host (MSVC)	Check offline gauntlet chirality and UV winding	2026-10-01T11:17:58.4137914Z OK
Shared simulation host (MSVC)	Check exact player cloth seam weight transfers	﻿2026-10-01T11:17:58.5433212Z ##[group]Run python -m unittest discover -s tests -p test_player_sleeve_seams.py -v
Shared simulation host (MSVC)	Check exact player cloth seam weight transfers	2026-10-01T11:17:58.5433946Z ^[[36;1mpython -m unittest discover -s tests -p test_player_sleeve_seams.py -v^[[0m
Shared simulation host (MSVC)	Check exact player cloth seam weight transfers	2026-10-01T11:17:58.5505690Z shell: C:\Program Files\PowerShell\7\pwsh.EXE -command ". '{0}'"
Shared simulation host (MSVC)	Check exact player cloth seam weight transfers	2026-10-01T11:17:58.5506097Z ##[endgroup]
Shared simulation host (MSVC)	Check exact player cloth seam weight transfers	2026-10-01T11:17:58.9204425Z test_conflicting_coincident_view_endpoint_records_fail (test_player_sleeve_seams.PlayerSleeveSeamTests.test_conflicting_coincident_view_endpoint_records_fail) ... ok
Shared simulation host (MSVC)	Check exact player cloth seam weight transfers	2026-10-01T11:17:58.9209926Z test_explicit_body_remainder_preserves_the_same_cloth_seam (test_player_sleeve_seams.PlayerSleeveSeamTests.test_explicit_body_remainder_preserves_the_same_cloth_seam) ... ok
Shared simulation host (MSVC)	Check exact player cloth seam weight transfers	2026-10-01T11:17:58.9211802Z test_invalid_face_index_fails (test_player_sleeve_seams.PlayerSleeveSeamTests.test_invalid_face_index_fails) ... ok
Shared simulation host (MSVC)	Check exact player cloth seam weight transfers	2026-10-01T11:17:58.9218362Z test_negative_or_unnormalized_weight_fails (test_player_sleeve_seams.PlayerSleeveSeamTests.test_negative_or_unnormalized_weight_fails) ... ok
Shared simulation host (MSVC)	Check exact player cloth seam weight transfers	2026-10-01T11:17:58.9220115Z test_nonfinite_position_fails (test_player_sleeve_seams.PlayerSleeveSeamTests.test_nonfinite_position_fails) ... ok
Shared simulation host (MSVC)	Check exact player cloth seam weight transfers	2026-10-01T11:17:58.9224397Z test_nonmanifold_and_degenerate_sleeve_edges_fail (test_player_sleeve_seams.PlayerSleeveSeamTests.test_nonmanifold_and_degenerate_sleeve_edges_fail) ... ok
Shared simulation host (MSVC)	Check exact player cloth seam weight transfers	2026-10-01T11:17:58.9231417Z test_retained_world_authoring_roundoff_does_not_relax_canonical_weights (test_player_sleeve_seams.PlayerSleeveSeamTests.test_retained_world_authoring_roundoff_does_not_relax_canonical_weights) ... ok
Shared simulation host (MSVC)	Check exact player cloth seam weight transfers	2026-10-01T11:17:58.9234998Z test_transfers_canonical_shared_boundary_weights_without_mutating_inputs (test_player_sleeve_seams.PlayerSleeveSeamTests.test_transfers_canonical_shared_boundary_weights_without_mutating_inputs) ... ok
Shared simulation host (MSVC)	Check exact player cloth seam weight transfers	2026-10-01T11:17:58.9237223Z test_unknown_view_bone_name_fails (test_player_sleeve_seams.PlayerSleeveSeamTests.test_unknown_view_bone_name_fails) ... ok
Shared simulation host (MSVC)	Check exact player cloth seam weight transfers	2026-10-01T11:17:58.9241592Z test_unshared_and_no_nearface_edges_do_not_transfer (test_player_sleeve_seams.PlayerSleeveSeamTests.test_unshared_and_no_nearface_edges_do_not_transfer) ... ok
Shared simulation host (MSVC)	Check exact player cloth seam weight transfers	2026-10-01T11:17:58.9243981Z test_unused_vertices_may_have_no_deform_weights (test_player_sleeve_seams.PlayerSleeveSeamTests.test_unused_vertices_may_have_no_deform_weights) ... ok
Shared simulation host (MSVC)	Check exact player cloth seam weight transfers	2026-10-01T11:17:58.9246577Z test_vertices_shared_with_head_or_gauntlet_are_excluded (test_player_sleeve_seams.PlayerSleeveSeamTests.test_vertices_shared_with_head_or_gauntlet_are_excluded) ... ok
Shared simulation host (MSVC)	Check exact player cloth seam weight transfers	2026-10-01T11:17:58.9247690Z 
Shared simulation host (MSVC)	Check exact player cloth seam weight transfers	2026-10-01T11:17:58.9247930Z ----------------------------------------------------------------------
Shared simulation host (MSVC)	Check exact player cloth seam weight transfers	2026-10-01T11:17:58.9248696Z Ran 12 tests in 0.005s
Shared simulation host (MSVC)	Check exact player cloth seam weight transfers	2026-10-01T11:17:58.9248889Z 
Shared simulation host (MSVC)	Check exact player cloth seam weight transfers	2026-10-01T11:17:58.9249011Z OK
Shared simulation host (MSVC)	Check upper torso partition preserves the head mask	﻿2026-10-01T11:17:59.0501714Z ##[group]Run python -m unittest discover -s tests -p test_player_body_partition.py -v
Shared simulation host (MSVC)	Check upper torso partition preserves the head mask	2026-10-01T11:17:59.0502504Z ^[[36;1mpython -m unittest discover -s tests -p test_player_body_partition.py -v^[[0m
Shared simulation host (MSVC)	Check upper torso partition preserves the head mask	2026-10-01T11:17:59.0572791Z shell: C:\Program Files\PowerShell\7\pwsh.EXE -command ". '{0}'"
Shared simulation host (MSVC)	Check upper torso partition preserves the head mask	2026-10-01T11:17:59.0573168Z ##[endgroup]
Shared simulation host (MSVC)	Check upper torso partition preserves the head mask	2026-10-01T11:17:59.4084391Z test_invalid_or_incompatible_landmarks_reject (test_player_body_partition.BodyPartitionTests.test_invalid_or_incompatible_landmarks_reject) ... ok
Shared simulation host (MSVC)	Check upper torso partition preserves the head mask	2026-10-01T11:17:59.4086467Z test_origin_and_scale_are_explicit (test_player_body_partition.BodyPartitionTests.test_origin_and_scale_are_explicit) ... ok
Shared simulation host (MSVC)	Check upper torso partition preserves the head mask	2026-10-01T11:17:59.4087908Z test_retains_the_original_head_mask (test_player_body_partition.BodyPartitionTests.test_retains_the_original_head_mask) ... ok
Shared simulation host (MSVC)	Check upper torso partition preserves the head mask	2026-10-01T11:17:59.4088720Z 
Shared simulation host (MSVC)	Check upper torso partition preserves the head mask	2026-10-01T11:17:59.4088941Z ----------------------------------------------------------------------
Shared simulation host (MSVC)	Check upper torso partition preserves the head mask	2026-10-01T11:17:59.4089446Z Ran 3 tests in 0.000s
Shared simulation host (MSVC)	Check upper torso partition preserves the head mask	2026-10-01T11:17:59.4089718Z 
Shared simulation host (MSVC)	Check upper torso partition preserves the head mask	2026-10-01T11:17:59.4089822Z OK
Shared simulation host (MSVC)	Check bounded segmented cloth seam plans	﻿2026-10-01T11:17:59.5358601Z ##[group]Run python -m unittest discover -s tests -p test_player_segmented_seams.py -v
Shared simulation host (MSVC)	Check bounded segmented cloth seam plans	2026-10-01T11:17:59.5359335Z ^[[36;1mpython -m unittest discover -s tests -p test_player_segmented_seams.py -v^[[0m
Shared simulation host (MSVC)	Check bounded segmented cloth seam plans	2026-10-01T11:17:59.5430425Z shell: C:\Program Files\PowerShell\7\pwsh.EXE -command ". '{0}'"
Shared simulation host (MSVC)	Check bounded segmented cloth seam plans	2026-10-01T11:17:59.5430802Z ##[endgroup]
Shared simulation host (MSVC)	Check bounded segmented cloth seam plans	2026-10-01T11:17:59.8997717Z test_already_matching_segments_need_no_split (test_player_segmented_seams.SegmentedSeamTests.test_already_matching_segments_need_no_split) ... ok
Shared simulation host (MSVC)	Check bounded segmented cloth seam plans	2026-10-01T11:17:59.8999875Z test_nearby_but_not_coincident_edge_is_not_welded (test_player_segmented_seams.SegmentedSeamTests.test_nearby_but_not_coincident_edge_is_not_welded) ... ok
Shared simulation host (MSVC)	Check bounded segmented cloth seam plans	2026-10-01T11:17:59.9002243Z test_no_body_primary_backing_does_not_authorize_a_split (test_player_segmented_seams.SegmentedSeamTests.test_no_body_primary_backing_does_not_authorize_a_split) ... ok
Shared simulation host (MSVC)	Check bounded segmented cloth seam plans	2026-10-01T11:17:59.9004194Z test_partial_cloth_coverage_rejects (test_player_segmented_seams.SegmentedSeamTests.test_partial_cloth_coverage_rejects) ... ok
Shared simulation host (MSVC)	Check bounded segmented cloth seam plans	2026-10-01T11:17:59.9007674Z test_plans_only_canonical_midpoint_without_mutating_inputs (test_player_segmented_seams.SegmentedSeamTests.test_plans_only_canonical_midpoint_without_mutating_inputs) ... ok
Shared simulation host (MSVC)	Check bounded segmented cloth seam plans	2026-10-01T11:17:59.9010627Z test_protected_vertex_rejects (test_player_segmented_seams.SegmentedSeamTests.test_protected_vertex_rejects) ... ok
Shared simulation host (MSVC)	Check bounded segmented cloth seam plans	2026-10-01T11:17:59.9013647Z test_same_winding_rejects (test_player_segmented_seams.SegmentedSeamTests.test_same_winding_rejects) ... ok
Shared simulation host (MSVC)	Check bounded segmented cloth seam plans	2026-10-01T11:17:59.9014327Z 
Shared simulation host (MSVC)	Check bounded segmented cloth seam plans	2026-10-01T11:17:59.9014493Z ----------------------------------------------------------------------
Shared simulation host (MSVC)	Check bounded segmented cloth seam plans	2026-10-01T11:17:59.9014841Z Ran 7 tests in 0.002s
Shared simulation host (MSVC)	Check bounded segmented cloth seam plans	2026-10-01T11:17:59.9014970Z 
Shared simulation host (MSVC)	Check bounded segmented cloth seam plans	2026-10-01T11:17:59.9015051Z OK
Shared simulation host (MSVC)	Check Gradle APK artifact resolution	﻿2026-10-01T11:18:00.0319421Z ##[group]Run ./tools/test-resolve-android-apk.ps1
Shared simulation host (MSVC)	Check Gradle APK artifact resolution	2026-10-01T11:18:00.0320133Z ^[[36;1m./tools/test-resolve-android-apk.ps1^[[0m
Shared simulation host (MSVC)	Check Gradle APK artifact resolution	2026-10-01T11:18:00.0395339Z shell: C:\Program Files\PowerShell\7\pwsh.EXE -command ". '{0}'"
Shared simulation host (MSVC)	Check Gradle APK artifact resolution	2026-10-01T11:18:00.0395737Z ##[endgroup]
Shared simulation host (MSVC)	Check Gradle APK artifact resolution	2026-10-01T11:18:00.6260168Z PASS normal Gradle output
Shared simulation host (MSVC)	Check Gradle APK artifact resolution	2026-10-01T11:18:00.6459349Z PASS redirected intermediates output
Shared simulation host (MSVC)	Check Gradle APK artifact resolution	2026-10-01T11:18:00.6767096Z PASS wrong variant (rejected)
Shared simulation host (MSVC)	Check Gradle APK artifact resolution	2026-10-01T11:18:00.6928720Z PASS wrong artifact type (rejected)
Shared simulation host (MSVC)	Check Gradle APK artifact resolution	2026-10-01T11:18:00.7077868Z PASS missing output element (rejected)
Shared simulation host (MSVC)	Check Gradle APK artifact resolution	2026-10-01T11:18:00.7280177Z PASS multiple output elements (rejected)
Shared simulation host (MSVC)	Check Gradle APK artifact resolution	2026-10-01T11:18:00.7430643Z PASS missing APK file (rejected)
Shared simulation host (MSVC)	Check Gradle APK artifact resolution	2026-10-01T11:18:00.7586078Z PASS filename path traversal (rejected)
Shared simulation host (MSVC)	Check Gradle APK artifact resolution	2026-10-01T11:18:00.7912635Z PASS escaped listing path (rejected)
Shared simulation host (MSVC)	Check Gradle APK artifact resolution	2026-10-01T11:18:00.8051538Z PASS duplicate redirect entries (rejected)
Shared simulation host (MSVC)	Check Gradle APK artifact resolution	2026-10-01T11:18:00.8060217Z All 10 resolver cases passed.
Shared simulation host (MSVC)	Check Android combat capture expectations	﻿2026-10-01T11:18:00.9361226Z ##[group]Run ./tests/AndroidCombatCaptureExpectations.ps1
Shared simulation host (MSVC)	Check Android combat capture expectations	2026-10-01T11:18:00.9361773Z ^[[36;1m./tests/AndroidCombatCaptureExpectations.ps1^[[0m
Shared simulation host (MSVC)	Check Android combat capture expectations	2026-10-01T11:18:00.9436147Z shell: C:\Program Files\PowerShell\7\pwsh.EXE -command ". '{0}'"
Shared simulation host (MSVC)	Check Android combat capture expectations	2026-10-01T11:18:00.9436520Z ##[endgroup]
Shared simulation host (MSVC)	Check Android combat capture expectations	2026-10-01T11:18:01.5425484Z Android combat capture expectations: 34 cases passed.
Shared simulation host (MSVC)	Check Android combat capture expectations	2026-10-01T11:18:01.5719768Z Android gameplay versus isolated-glass ownership: 16 cases passed.
Shared simulation host (MSVC)	Post Check out source	﻿2026-10-01T11:18:01.6554457Z Post job cleanup.
Shared simulation host (MSVC)	Post Check out source	2026-10-01T11:18:01.8571416Z [command]"C:\Program Files\Git\bin\git.exe" version
Shared simulation host (MSVC)	Post Check out source	2026-10-01T11:18:01.8870979Z git version 2.55.0.windows.5
Shared simulation host (MSVC)	Post Check out source	2026-10-01T11:18:01.8957858Z Temporarily overriding HOME='D:\a\_temp\d0a99a2a-ce4f-49ac-99ec-c4ec8e48ffd2' before making global git config changes
Shared simulation host (MSVC)	Post Check out source	2026-10-01T11:18:01.8959211Z Adding repository directory to the temporary git global config as a safe directory
Shared simulation host (MSVC)	Post Check out source	2026-10-01T11:18:01.8974487Z [command]"C:\Program Files\Git\bin\git.exe" config --global --add safe.directory D:\a\The-Horde-RT-demo\The-Horde-RT-demo
Shared simulation host (MSVC)	Post Check out source	2026-10-01T11:18:01.9333383Z Removing SSH command configuration
Shared simulation host (MSVC)	Post Check out source	2026-10-01T11:18:01.9347161Z [command]"C:\Program Files\Git\bin\git.exe" config --local --name-only --get-regexp core\.sshCommand
Shared simulation host (MSVC)	Post Check out source	2026-10-01T11:18:01.9736028Z [command]"C:\Program Files\Git\bin\git.exe" submodule foreach --recursive "sh -c \"git config --local --name-only --get-regexp 'core\.sshCommand' && git config --local --unset-all 'core.sshCommand' || :\""
Shared simulation host (MSVC)	Post Check out source	2026-10-01T11:18:02.5432694Z Removing HTTP extra header
Shared simulation host (MSVC)	Post Check out source	2026-10-01T11:18:02.5444345Z [command]"C:\Program Files\Git\bin\git.exe" config --local --name-only --get-regexp http\.https\:\/\/github\.com\/\.extraheader
Shared simulation host (MSVC)	Post Check out source	2026-10-01T11:18:02.5753166Z [command]"C:\Program Files\Git\bin\git.exe" submodule foreach --recursive "sh -c \"git config --local --name-only --get-regexp 'http\.https\:\/\/github\.com\/\.extraheader' && git config --local --unset-all 'http.https://github.com/.extraheader' || :\""
Shared simulation host (MSVC)	Post Check out source	2026-10-01T11:18:03.1407707Z Removing includeIf entries pointing to credentials config files
Shared simulation host (MSVC)	Post Check out source	2026-10-01T11:18:03.1419740Z [command]"C:\Program Files\Git\bin\git.exe" config --local --name-only --get-regexp ^includeIf\.gitdir:
Shared simulation host (MSVC)	Post Check out source	2026-10-01T11:18:03.1692074Z includeif.gitdir:D:/a/The-Horde-RT-demo/The-Horde-RT-demo/.git.path
Shared simulation host (MSVC)	Post Check out source	2026-10-01T11:18:03.1692849Z includeif.gitdir:D:/a/The-Horde-RT-demo/The-Horde-RT-demo/.git/worktrees/*.path
Shared simulation host (MSVC)	Post Check out source	2026-10-01T11:18:03.1693465Z includeif.gitdir:/github/workspace/.git.path
Shared simulation host (MSVC)	Post Check out source	2026-10-01T11:18:03.1694025Z includeif.gitdir:/github/workspace/.git/worktrees/*.path
Shared simulation host (MSVC)	Post Check out source	2026-10-01T11:18:03.1736386Z [command]"C:\Program Files\Git\bin\git.exe" config --local --get-all includeif.gitdir:D:/a/The-Horde-RT-demo/The-Horde-RT-demo/.git.path
Shared simulation host (MSVC)	Post Check out source	2026-10-01T11:18:03.1999218Z D:\a\_temp\git-credentials-22bd6c98-5447-4ea4-9f65-12159b82f32c.config
Shared simulation host (MSVC)	Post Check out source	2026-10-01T11:18:03.2046108Z [command]"C:\Program Files\Git\bin\git.exe" config --local --unset includeif.gitdir:D:/a/The-Horde-RT-demo/The-Horde-RT-demo/.git.path D:\a\_temp\git-credentials-22bd6c98-5447-4ea4-9f65-12159b82f32c.config
Shared simulation host (MSVC)	Post Check out source	2026-10-01T11:18:03.2355673Z [command]"C:\Program Files\Git\bin\git.exe" config --local --get-all includeif.gitdir:D:/a/The-Horde-RT-demo/The-Horde-RT-demo/.git/worktrees/*.path
Shared simulation host (MSVC)	Post Check out source	2026-10-01T11:18:03.2622085Z D:\a\_temp\git-credentials-22bd6c98-5447-4ea4-9f65-12159b82f32c.config
Shared simulation host (MSVC)	Post Check out source	2026-10-01T11:18:03.2663484Z [command]"C:\Program Files\Git\bin\git.exe" config --local --unset includeif.gitdir:D:/a/The-Horde-RT-demo/The-Horde-RT-demo/.git/worktrees/*.path D:\a\_temp\git-credentials-22bd6c98-5447-4ea4-9f65-12159b82f32c.config
Shared simulation host (MSVC)	Post Check out source	2026-10-01T11:18:03.2979474Z [command]"C:\Program Files\Git\bin\git.exe" config --local --get-all includeif.gitdir:/github/workspace/.git.path
Shared simulation host (MSVC)	Post Check out source	2026-10-01T11:18:03.3266298Z /github/runner_temp/git-credentials-22bd6c98-5447-4ea4-9f65-12159b82f32c.config
Shared simulation host (MSVC)	Post Check out source	2026-10-01T11:18:03.3313299Z [command]"C:\Program Files\Git\bin\git.exe" config --local --unset includeif.gitdir:/github/workspace/.git.path /github/runner_temp/git-credentials-22bd6c98-5447-4ea4-9f65-12159b82f32c.config
Shared simulation host (MSVC)	Post Check out source	2026-10-01T11:18:03.3720902Z [command]"C:\Program Files\Git\bin\git.exe" config --local --get-all includeif.gitdir:/github/workspace/.git/worktrees/*.path
Shared simulation host (MSVC)	Post Check out source	2026-10-01T11:18:03.4024683Z /github/runner_temp/git-credentials-22bd6c98-5447-4ea4-9f65-12159b82f32c.config
Shared simulation host (MSVC)	Post Check out source	2026-10-01T11:18:03.4071201Z [command]"C:\Program Files\Git\bin\git.exe" config --local --unset includeif.gitdir:/github/workspace/.git/worktrees/*.path /github/runner_temp/git-credentials-22bd6c98-5447-4ea4-9f65-12159b82f32c.config
Shared simulation host (MSVC)	Post Check out source	2026-10-01T11:18:03.4416011Z [command]"C:\Program Files\Git\bin\git.exe" submodule foreach --recursive "git config --local --show-origin --name-only --get-regexp remote.origin.url"
Shared simulation host (MSVC)	Post Check out source	2026-10-01T11:18:04.0487893Z Removing credentials config 'D:\a\_temp\git-credentials-22bd6c98-5447-4ea4-9f65-12159b82f32c.config'
Shared simulation host (MSVC)	Complete job	﻿2026-10-01T11:18:04.0700792Z Cleaning up orphan processes
Shared simulation host (MSVC)	Complete job	2026-10-01T11:18:04.0855732Z Terminate orphan process: pid (5460) (vctip)
Shared simulation host (MSVC)	Complete job	2026-10-01T11:18:04.0955224Z Terminate orphan process: pid (1520) (MSBuild)
Shared simulation host (MSVC)	Complete job	2026-10-01T11:18:04.1039110Z Terminate orphan process: pid (1244) (conhost)
Shared simulation host (GCC)	Set up job	﻿2026-10-01T11:12:52.1037784Z Current runner version: '2.337.0'
Shared simulation host (GCC)	Set up job	2026-10-01T11:12:52.1089767Z ##[group]Runner Image Provisioner
Shared simulation host (GCC)	Set up job	2026-10-01T11:12:52.1090659Z Hosted Compute Agent
Shared simulation host (GCC)	Set up job	2026-10-01T11:12:52.1091461Z Version: 20260901.588
Shared simulation host (GCC)	Set up job	2026-10-01T11:12:52.1092536Z Commit: f88ec8081b781fac6c440065ac7ff9e710ce3d0b
Shared simulation host (GCC)	Set up job	2026-10-01T11:12:52.1093809Z Build Date: 2026-09-01T19:56:44Z
Shared simulation host (GCC)	Set up job	2026-10-01T11:12:52.1095080Z Worker ID: {6c2edb2f-6f31-41df-bbba-f8b80d9f70c9}
Shared simulation host (GCC)	Set up job	2026-10-01T11:12:52.1096415Z Azure Region: eastus
Shared simulation host (GCC)	Set up job	2026-10-01T11:12:52.1097372Z ##[endgroup]
Shared simulation host (GCC)	Set up job	2026-10-01T11:12:52.1099112Z ##[group]Operating System
Shared simulation host (GCC)	Set up job	2026-10-01T11:12:52.1099785Z Ubuntu
Shared simulation host (GCC)	Set up job	2026-10-01T11:12:52.1100442Z 24.04.5
Shared simulation host (GCC)	Set up job	2026-10-01T11:12:52.1100956Z LTS
Shared simulation host (GCC)	Set up job	2026-10-01T11:12:52.1101449Z ##[endgroup]
Shared simulation host (GCC)	Set up job	2026-10-01T11:12:52.1102066Z ##[group]Runner Image
Shared simulation host (GCC)	Set up job	2026-10-01T11:12:52.1102723Z Image: ubuntu-24.04
Shared simulation host (GCC)	Set up job	2026-10-01T11:12:52.1103349Z Version: 20260927.320.1
Shared simulation host (GCC)	Set up job	2026-10-01T11:12:52.1104437Z Included Software: https://github.com/actions/runner-images/blob/ubuntu24/20260927.320/images/ubuntu/Ubuntu2404-Readme.md
Shared simulation host (GCC)	Set up job	2026-10-01T11:12:52.1106616Z Image Release: https://github.com/actions/runner-images/releases/tag/ubuntu24%2F20260927.320
Shared simulation host (GCC)	Set up job	2026-10-01T11:12:52.1107750Z ##[endgroup]
Shared simulation host (GCC)	Set up job	2026-10-01T11:12:52.1108996Z ##[group]GITHUB_TOKEN Permissions
Shared simulation host (GCC)	Set up job	2026-10-01T11:12:52.1111336Z Contents: read
Shared simulation host (GCC)	Set up job	2026-10-01T11:12:52.1112091Z Metadata: read
Shared simulation host (GCC)	Set up job	2026-10-01T11:12:52.1112674Z ##[endgroup]
Shared simulation host (GCC)	Set up job	2026-10-01T11:12:52.1114868Z Secret source: Actions
Shared simulation host (GCC)	Set up job	2026-10-01T11:12:52.1115978Z Cache mode: write
Shared simulation host (GCC)	Set up job	2026-10-01T11:12:52.1116964Z Prepare workflow directory
Shared simulation host (GCC)	Set up job	2026-10-01T11:12:52.1472900Z Prepare all required actions
Shared simulation host (GCC)	Set up job	2026-10-01T11:12:52.1523165Z Getting action download info
Shared simulation host (GCC)	Set up job	2026-10-01T11:12:52.4454249Z Download action repository 'actions/checkout@v6' (SHA:d23441a48e516b6c34aea4fa41551a30e30af803)
Shared simulation host (GCC)	Set up job	2026-10-01T11:12:52.7042445Z Complete job name: Shared simulation host (GCC)
Shared simulation host (GCC)	Check out source	﻿2026-10-01T11:12:52.7951989Z ##[group]Run actions/checkout@v6
Shared simulation host (GCC)	Check out source	2026-10-01T11:12:52.7952943Z with:
Shared simulation host (GCC)	Check out source	2026-10-01T11:12:52.7953446Z   repository: Samfa12-tech/The-Horde-RT-demo
Shared simulation host (GCC)	Check out source	2026-10-01T11:12:52.7957593Z   token: ***
Shared simulation host (GCC)	Check out source	2026-10-01T11:12:52.7958067Z   ssh-strict: true
Shared simulation host (GCC)	Check out source	2026-10-01T11:12:52.7958508Z   ssh-user: git
Shared simulation host (GCC)	Check out source	2026-10-01T11:12:52.7958966Z   persist-credentials: true
Shared simulation host (GCC)	Check out source	2026-10-01T11:12:52.7959455Z   clean: true
Shared simulation host (GCC)	Check out source	2026-10-01T11:12:52.7959901Z   sparse-checkout-cone-mode: true
Shared simulation host (GCC)	Check out source	2026-10-01T11:12:52.7960425Z   fetch-depth: 1
Shared simulation host (GCC)	Check out source	2026-10-01T11:12:52.7960856Z   fetch-tags: false
Shared simulation host (GCC)	Check out source	2026-10-01T11:12:52.7961302Z   show-progress: true
Shared simulation host (GCC)	Check out source	2026-10-01T11:12:52.7961787Z   lfs: false
Shared simulation host (GCC)	Check out source	2026-10-01T11:12:52.7962206Z   submodules: false
Shared simulation host (GCC)	Check out source	2026-10-01T11:12:52.7962657Z   set-safe-directory: true
Shared simulation host (GCC)	Check out source	2026-10-01T11:12:52.7963163Z   allow-unsafe-pr-checkout: false
Shared simulation host (GCC)	Check out source	2026-10-01T11:12:52.7964083Z ##[endgroup]
Shared simulation host (GCC)	Check out source	2026-10-01T11:12:52.9227894Z Syncing repository: Samfa12-tech/The-Horde-RT-demo
Shared simulation host (GCC)	Check out source	2026-10-01T11:12:52.9231508Z ##[group]Getting Git version info
Shared simulation host (GCC)	Check out source	2026-10-01T11:12:52.9232939Z Working directory is '/home/runner/work/The-Horde-RT-demo/The-Horde-RT-demo'
Shared simulation host (GCC)	Check out source	2026-10-01T11:12:52.9235381Z [command]/usr/bin/git version
Shared simulation host (GCC)	Check out source	2026-10-01T11:12:52.9397648Z git version 2.55.0
Shared simulation host (GCC)	Check out source	2026-10-01T11:12:52.9441960Z ##[endgroup]
Shared simulation host (GCC)	Check out source	2026-10-01T11:12:52.9465158Z Temporarily overriding HOME='/home/runner/work/_temp/4fa48851-ab01-4ce0-a325-b8eb8ccc895d' before making global git config changes
Shared simulation host (GCC)	Check out source	2026-10-01T11:12:52.9469775Z Adding repository directory to the temporary git global config as a safe directory
Shared simulation host (GCC)	Check out source	2026-10-01T11:12:52.9475994Z [command]/usr/bin/git config --global --add safe.directory /home/runner/work/The-Horde-RT-demo/The-Horde-RT-demo
Shared simulation host (GCC)	Check out source	2026-10-01T11:12:52.9555815Z Deleting the contents of '/home/runner/work/The-Horde-RT-demo/The-Horde-RT-demo'
Shared simulation host (GCC)	Check out source	2026-10-01T11:12:52.9581615Z ##[group]Determining repository object format
Shared simulation host (GCC)	Check out source	2026-10-01T11:12:52.9584663Z ##[endgroup]
Shared simulation host (GCC)	Check out source	2026-10-01T11:12:52.9587235Z ##[group]Initializing the repository
Shared simulation host (GCC)	Check out source	2026-10-01T11:12:52.9589889Z [command]/usr/bin/git init /home/runner/work/The-Horde-RT-demo/The-Horde-RT-demo
Shared simulation host (GCC)	Check out source	2026-10-01T11:12:52.9745617Z hint: Using 'master' as the name for the initial branch. This default branch name
Shared simulation host (GCC)	Check out source	2026-10-01T11:12:52.9776077Z hint: will change to "main" in Git 3.0. To configure the initial branch name
Shared simulation host (GCC)	Check out source	2026-10-01T11:12:52.9807398Z hint: to use in all of your new repositories, which will suppress this warning,
Shared simulation host (GCC)	Check out source	2026-10-01T11:12:52.9809392Z hint: call:
Shared simulation host (GCC)	Check out source	2026-10-01T11:12:52.9810446Z hint:
Shared simulation host (GCC)	Check out source	2026-10-01T11:12:52.9811984Z hint: 	git config --global init.defaultBranch <name>
Shared simulation host (GCC)	Check out source	2026-10-01T11:12:52.9815187Z hint:
Shared simulation host (GCC)	Check out source	2026-10-01T11:12:52.9816643Z hint: Names commonly chosen instead of 'master' are 'main', 'trunk' and
Shared simulation host (GCC)	Check out source	2026-10-01T11:12:52.9819067Z hint: 'development'. The just-created branch can be renamed via this command:
Shared simulation host (GCC)	Check out source	2026-10-01T11:12:52.9822487Z hint:
Shared simulation host (GCC)	Check out source	2026-10-01T11:12:52.9823461Z hint: 	git branch -m <name>
Shared simulation host (GCC)	Check out source	2026-10-01T11:12:52.9824538Z hint:
Shared simulation host (GCC)	Check out source	2026-10-01T11:12:52.9829654Z hint: Disable this message with "git config set advice.defaultBranchName false"
Shared simulation host (GCC)	Check out source	2026-10-01T11:12:52.9837436Z Initialized empty Git repository in /home/runner/work/The-Horde-RT-demo/The-Horde-RT-demo/.git/
Shared simulation host (GCC)	Check out source	2026-10-01T11:12:52.9859062Z [command]/usr/bin/git remote add origin https://github.com/Samfa12-tech/The-Horde-RT-demo
Shared simulation host (GCC)	Check out source	2026-10-01T11:12:52.9861419Z ##[endgroup]
Shared simulation host (GCC)	Check out source	2026-10-01T11:12:52.9862331Z ##[group]Disabling automatic garbage collection
Shared simulation host (GCC)	Check out source	2026-10-01T11:12:52.9863153Z [command]/usr/bin/git config --local gc.auto 0
Shared simulation host (GCC)	Check out source	2026-10-01T11:12:52.9898541Z ##[endgroup]
Shared simulation host (GCC)	Check out source	2026-10-01T11:12:52.9899835Z ##[group]Setting up auth
Shared simulation host (GCC)	Check out source	2026-10-01T11:12:52.9900641Z Removing SSH command configuration
Shared simulation host (GCC)	Check out source	2026-10-01T11:12:52.9907655Z [command]/usr/bin/git config --local --name-only --get-regexp core\.sshCommand
Shared simulation host (GCC)	Check out source	2026-10-01T11:12:52.9949734Z [command]/usr/bin/git submodule foreach --recursive sh -c "git config --local --name-only --get-regexp 'core\.sshCommand' && git config --local --unset-all 'core.sshCommand' || :"
Shared simulation host (GCC)	Check out source	2026-10-01T11:12:53.0325533Z Removing HTTP extra header
Shared simulation host (GCC)	Check out source	2026-10-01T11:12:53.0334116Z [command]/usr/bin/git config --local --name-only --get-regexp http\.https\:\/\/github\.com\/\.extraheader
Shared simulation host (GCC)	Check out source	2026-10-01T11:12:53.0374759Z [command]/usr/bin/git submodule foreach --recursive sh -c "git config --local --name-only --get-regexp 'http\.https\:\/\/github\.com\/\.extraheader' && git config --local --unset-all 'http.https://github.com/.extraheader' || :"
Shared simulation host (GCC)	Check out source	2026-10-01T11:12:53.0727143Z Removing includeIf entries pointing to credentials config files
Shared simulation host (GCC)	Check out source	2026-10-01T11:12:53.0747791Z [command]/usr/bin/git config --local --name-only --get-regexp ^includeIf\.gitdir:
Shared simulation host (GCC)	Check out source	2026-10-01T11:12:53.0776640Z [command]/usr/bin/git submodule foreach --recursive git config --local --show-origin --name-only --get-regexp remote.origin.url
Shared simulation host (GCC)	Check out source	2026-10-01T11:12:53.1050752Z [command]/usr/bin/git config --file /home/runner/work/_temp/git-credentials-053d74aa-75f4-4200-a8a6-66e12c1cc234.config http.https://github.com/.extraheader AUTHORIZATION: basic ***
Shared simulation host (GCC)	Check out source	2026-10-01T11:12:53.1106579Z [command]/usr/bin/git config --local includeIf.gitdir:/home/runner/work/The-Horde-RT-demo/The-Horde-RT-demo/.git.path /home/runner/work/_temp/git-credentials-053d74aa-75f4-4200-a8a6-66e12c1cc234.config
Shared simulation host (GCC)	Check out source	2026-10-01T11:12:53.1155884Z [command]/usr/bin/git config --local includeIf.gitdir:/home/runner/work/The-Horde-RT-demo/The-Horde-RT-demo/.git/worktrees/*.path /home/runner/work/_temp/git-credentials-053d74aa-75f4-4200-a8a6-66e12c1cc234.config
Shared simulation host (GCC)	Check out source	2026-10-01T11:12:53.1199622Z [command]/usr/bin/git config --local includeIf.gitdir:/github/workspace/.git.path /github/runner_temp/git-credentials-053d74aa-75f4-4200-a8a6-66e12c1cc234.config
Shared simulation host (GCC)	Check out source	2026-10-01T11:12:53.1237337Z [command]/usr/bin/git config --local includeIf.gitdir:/github/workspace/.git/worktrees/*.path /github/runner_temp/git-credentials-053d74aa-75f4-4200-a8a6-66e12c1cc234.config
Shared simulation host (GCC)	Check out source	2026-10-01T11:12:53.1270587Z ##[endgroup]
Shared simulation host (GCC)	Check out source	2026-10-01T11:12:53.1271968Z ##[group]Fetching the repository
Shared simulation host (GCC)	Check out source	2026-10-01T11:12:53.1280371Z [command]/usr/bin/git -c protocol.version=2 fetch --no-tags --prune --no-recurse-submodules --depth=1 origin +4aa5e0aca0cffc3fe395b05c4db4d191b756b563:refs/remotes/pull/15/merge
Shared simulation host (GCC)	Check out source	2026-10-01T11:12:54.5519034Z From https://github.com/Samfa12-tech/The-Horde-RT-demo
Shared simulation host (GCC)	Check out source	2026-10-01T11:12:54.5520831Z  * [new ref]         4aa5e0aca0cffc3fe395b05c4db4d191b756b563 -> pull/15/merge
Shared simulation host (GCC)	Check out source	2026-10-01T11:12:54.5524846Z ##[endgroup]
Shared simulation host (GCC)	Check out source	2026-10-01T11:12:54.5526695Z ##[group]Determining the checkout info
Shared simulation host (GCC)	Check out source	2026-10-01T11:12:54.5528124Z ##[endgroup]
Shared simulation host (GCC)	Check out source	2026-10-01T11:12:54.5532099Z [command]/usr/bin/git sparse-checkout disable
Shared simulation host (GCC)	Check out source	2026-10-01T11:12:54.5589200Z [command]/usr/bin/git config --local --unset-all extensions.worktreeConfig
Shared simulation host (GCC)	Check out source	2026-10-01T11:12:54.5621800Z ##[group]Checking out the ref
Shared simulation host (GCC)	Check out source	2026-10-01T11:12:54.5624623Z [command]/usr/bin/git checkout --progress --force refs/remotes/pull/15/merge
Shared simulation host (GCC)	Check out source	2026-10-01T11:12:55.2704678Z Note: switching to 'refs/remotes/pull/15/merge'.
Shared simulation host (GCC)	Check out source	2026-10-01T11:12:55.2705387Z 
Shared simulation host (GCC)	Check out source	2026-10-01T11:12:55.2705893Z You are in 'detached HEAD' state. You can look around, make experimental
Shared simulation host (GCC)	Check out source	2026-10-01T11:12:55.2707118Z changes and commit them, and you can discard any commits you make in this
Shared simulation host (GCC)	Check out source	2026-10-01T11:12:55.2708070Z state without impacting any branches by switching back to a branch.
Shared simulation host (GCC)	Check out source	2026-10-01T11:12:55.2708707Z 
Shared simulation host (GCC)	Check out source	2026-10-01T11:12:55.2709125Z If you want to create a new branch to retain commits you create, you may
Shared simulation host (GCC)	Check out source	2026-10-01T11:12:55.2710098Z do so (now or later) by using -c with the switch command. Example:
Shared simulation host (GCC)	Check out source	2026-10-01T11:12:55.2710529Z 
Shared simulation host (GCC)	Check out source	2026-10-01T11:12:55.2710689Z   git switch -c <new-branch-name>
Shared simulation host (GCC)	Check out source	2026-10-01T11:12:55.2710944Z 
Shared simulation host (GCC)	Check out source	2026-10-01T11:12:55.2711099Z Or undo this operation with:
Shared simulation host (GCC)	Check out source	2026-10-01T11:12:55.2711310Z 
Shared simulation host (GCC)	Check out source	2026-10-01T11:12:55.2711420Z   git switch -
Shared simulation host (GCC)	Check out source	2026-10-01T11:12:55.2711662Z 
Shared simulation host (GCC)	Check out source	2026-10-01T11:12:55.2711941Z Turn off this advice by setting config variable advice.detachedHead to false
Shared simulation host (GCC)	Check out source	2026-10-01T11:12:55.2712285Z 
Shared simulation host (GCC)	Check out source	2026-10-01T11:12:55.2712687Z HEAD is now at 4aa5e0a Merge ca58f0956637f9063fe1cda42989ad5f74daa47d into bda1b99a62e1de883273dd21f267bcfc92bc5490
Shared simulation host (GCC)	Check out source	2026-10-01T11:12:55.3248023Z ##[endgroup]
Shared simulation host (GCC)	Check out source	2026-10-01T11:12:55.3295531Z [command]/usr/bin/git log -1 --format=%H
Shared simulation host (GCC)	Check out source	2026-10-01T11:12:55.3323287Z 4aa5e0aca0cffc3fe395b05c4db4d191b756b563
Shared simulation host (GCC)	Fetch portable-test GLB and music PCM assets	﻿2026-10-01T11:12:55.3554763Z ##[group]Run git -c lfs.fetchexclude= lfs fetch --include="assets/models/player/runtime/*.glb,assets/models/player/viewmodel/runtime/*.glb,assets/models/props/runtime/*.glb,assets/models/props/runtime/*/*.glb,assets/models/weapons/runtime/*.glb,tests/fixtures/*/*.glb,assets/audio/music/what-the-dark-keeps/runtime/*.wav" && git lfs checkout "assets/models/player/runtime/*.glb" "assets/models/player/viewmodel/runtime/*.glb" "assets/models/props/runtime/*.glb" "assets/models/props/runtime/*/*.glb" "assets/models/weapons/runtime/*.glb" "tests/fixtures/*/*.glb" "assets/audio/music/what-the-dark-keeps/runtime/*.wav"
Shared simulation host (GCC)	Fetch portable-test GLB and music PCM assets	2026-10-01T11:12:55.3559346Z ^[[36;1mgit -c lfs.fetchexclude= lfs fetch --include="assets/models/player/runtime/*.glb,assets/models/player/viewmodel/runtime/*.glb,assets/models/props/runtime/*.glb,assets/models/props/runtime/*/*.glb,assets/models/weapons/runtime/*.glb,tests/fixtures/*/*.glb,assets/audio/music/what-the-dark-keeps/runtime/*.wav" && git lfs checkout "assets/models/player/runtime/*.glb" "assets/models/player/viewmodel/runtime/*.glb" "assets/models/props/runtime/*.glb" "assets/models/props/runtime/*/*.glb" "assets/models/weapons/runtime/*.glb" "tests/fixtures/*/*.glb" "assets/audio/music/what-the-dark-keeps/runtime/*.wav"^[[0m
Shared simulation host (GCC)	Fetch portable-test GLB and music PCM assets	2026-10-01T11:12:55.3843626Z shell: /usr/bin/bash -e {0}
Shared simulation host (GCC)	Fetch portable-test GLB and music PCM assets	2026-10-01T11:12:55.3844092Z ##[endgroup]
Shared simulation host (GCC)	Fetch portable-test GLB and music PCM assets	2026-10-01T11:12:55.4177484Z Fetching reference HEAD
Shared simulation host (GCC)	Fetch portable-test GLB and music PCM assets	2026-10-01T11:12:56.1268536Z Checking out LFS objects: 100% (62/62), 27 MB | 0 B/s, done.
Shared simulation host (GCC)	Configure non-hardware host tests	﻿2026-10-01T11:12:56.5225709Z ##[group]Run cmake -S . -B build/host-ci -DCMAKE_CXX_COMPILER=g++ -DCMAKE_BUILD_TYPE=Release -DBUILD_TESTING=ON -DHORDE_RT_BUILD_VULKAN_TARGETS=OFF
Shared simulation host (GCC)	Configure non-hardware host tests	2026-10-01T11:12:56.5227139Z ^[[36;1mcmake -S . -B build/host-ci -DCMAKE_CXX_COMPILER=g++ -DCMAKE_BUILD_TYPE=Release -DBUILD_TESTING=ON -DHORDE_RT_BUILD_VULKAN_TARGETS=OFF^[[0m
Shared simulation host (GCC)	Configure non-hardware host tests	2026-10-01T11:12:56.5294354Z shell: /usr/bin/bash -e {0}
Shared simulation host (GCC)	Configure non-hardware host tests	2026-10-01T11:12:56.5294641Z ##[endgroup]
Shared simulation host (GCC)	Configure non-hardware host tests	2026-10-01T11:12:58.1978216Z -- The CXX compiler identification is GNU 13.3.0
Shared simulation host (GCC)	Configure non-hardware host tests	2026-10-01T11:12:58.3041228Z -- Detecting CXX compiler ABI info
Shared simulation host (GCC)	Configure non-hardware host tests	2026-10-01T11:12:58.5299745Z -- Detecting CXX compiler ABI info - done
Shared simulation host (GCC)	Configure non-hardware host tests	2026-10-01T11:12:58.5476001Z -- Check for working CXX compiler: /usr/bin/g++ - skipped
Shared simulation host (GCC)	Configure non-hardware host tests	2026-10-01T11:12:58.5520438Z -- Detecting CXX compile features
Shared simulation host (GCC)	Configure non-hardware host tests	2026-10-01T11:12:58.5575311Z -- Detecting CXX compile features - done
Shared simulation host (GCC)	Configure non-hardware host tests	2026-10-01T11:13:05.0833318Z Generated RT catalog adapter is current.
Shared simulation host (GCC)	Configure non-hardware host tests	2026-10-01T11:13:05.2779542Z -- Strict non-contracted asset-transform arithmetic enabled for GltfDocument.cpp and StaticMeshAsset.cpp: -fno-fast-math;-ffp-contract=off
Shared simulation host (GCC)	Configure non-hardware host tests	2026-10-01T11:13:05.3034721Z -- Performing Test CMAKE_HAVE_LIBC_PTHREAD
Shared simulation host (GCC)	Configure non-hardware host tests	2026-10-01T11:13:05.5729268Z -- Performing Test CMAKE_HAVE_LIBC_PTHREAD - Success
Shared simulation host (GCC)	Configure non-hardware host tests	2026-10-01T11:13:05.5836200Z -- Found Threads: TRUE
Shared simulation host (GCC)	Configure non-hardware host tests	2026-10-01T11:13:07.0952887Z -- Legacy torch-failure identifiers were rejected by the configured GNU compiler.
Shared simulation host (GCC)	Configure non-hardware host tests	2026-10-01T11:13:07.0954456Z -- Horde Lantern RT: configuring shared host gameplay tests without Vulkan targets.
Shared simulation host (GCC)	Configure non-hardware host tests	2026-10-01T11:13:07.0961106Z -- Configuring done (10.1s)
Shared simulation host (GCC)	Configure non-hardware host tests	2026-10-01T11:13:07.2078006Z -- Generating done (0.1s)
Shared simulation host (GCC)	Configure non-hardware host tests	2026-10-01T11:13:07.2081610Z -- Build files have been written to: /home/runner/work/The-Horde-RT-demo/The-Horde-RT-demo/build/host-ci
Shared simulation host (GCC)	Build shared gameplay tests	﻿2026-10-01T11:13:07.2346058Z ##[group]Run cmake --build build/host-ci --config Release --parallel 2
Shared simulation host (GCC)	Build shared gameplay tests	2026-10-01T11:13:07.2346949Z ^[[36;1mcmake --build build/host-ci --config Release --parallel 2^[[0m
Shared simulation host (GCC)	Build shared gameplay tests	2026-10-01T11:13:07.2410689Z shell: /usr/bin/bash -e {0}
Shared simulation host (GCC)	Build shared gameplay tests	2026-10-01T11:13:07.2410968Z ##[endgroup]
Shared simulation host (GCC)	Build shared gameplay tests	2026-10-01T11:13:07.2702063Z [  1%] Building CXX object CMakeFiles/horde_rt_player_primitive_contract_tests.dir/tests/PlayerPrimitiveContractTests.cpp.o
Shared simulation host (GCC)	Build shared gameplay tests	2026-10-01T11:13:07.2704083Z [  1%] Building CXX object pocket-audio-core-native/CMakeFiles/pocket_audio_native_pcm.dir/src/PcmLoopStream.cpp.o
Shared simulation host (GCC)	Build shared gameplay tests	2026-10-01T11:13:07.9230671Z [  2%] Building CXX object pocket-audio-core-native/CMakeFiles/pocket_audio_native_pcm.dir/src/PcmWave.cpp.o
Shared simulation host (GCC)	Build shared gameplay tests	2026-10-01T11:13:08.3528579Z [  2%] Linking CXX static library libpocket_audio_native_pcm.a
Shared simulation host (GCC)	Build shared gameplay tests	2026-10-01T11:13:08.5940453Z [  3%] Linking CXX executable horde_rt_player_primitive_contract_tests
Shared simulation host (GCC)	Build shared gameplay tests	2026-10-01T11:13:08.6448929Z [  3%] Built target horde_rt_player_primitive_contract_tests
Shared simulation host (GCC)	Build shared gameplay tests	2026-10-01T11:13:08.6524575Z [  4%] Building CXX object CMakeFiles/horde_rt_staged_primary_contract_tests.dir/tests/StagedPrimaryContractTests.cpp.o
Shared simulation host (GCC)	Build shared gameplay tests	2026-10-01T11:13:09.0200753Z [  5%] Linking CXX executable horde_rt_staged_primary_contract_tests
Shared simulation host (GCC)	Build shared gameplay tests	2026-10-01T11:13:09.0723916Z [  5%] Built target horde_rt_staged_primary_contract_tests
Shared simulation host (GCC)	Build shared gameplay tests	2026-10-01T11:13:09.0797256Z [  6%] Building CXX object CMakeFiles/horde_rt_windows_benchmark_launch_tests.dir/tests/WindowsBenchmarkLaunchTests.cpp.o
Shared simulation host (GCC)	Build shared gameplay tests	2026-10-01T11:13:09.1439662Z [  6%] Built target pocket_audio_native_pcm
Shared simulation host (GCC)	Build shared gameplay tests	2026-10-01T11:13:09.1511987Z [  6%] Building CXX object CMakeFiles/horde_rt_evidence_publication_tests.dir/tests/RtEvidencePublicationTests.cpp.o
Shared simulation host (GCC)	Build shared gameplay tests	2026-10-01T11:13:09.6271452Z [  6%] Linking CXX executable horde_rt_windows_benchmark_launch_tests
Shared simulation host (GCC)	Build shared gameplay tests	2026-10-01T11:13:09.6844500Z [  6%] Built target horde_rt_windows_benchmark_launch_tests
Shared simulation host (GCC)	Build shared gameplay tests	2026-10-01T11:13:09.6915065Z [  6%] Building CXX object CMakeFiles/horde_rt_ray_tracing_requirements_tests.dir/tests/RayTracingRequirementsTests.cpp.o
Shared simulation host (GCC)	Build shared gameplay tests	2026-10-01T11:13:09.8429170Z [  7%] Building CXX object CMakeFiles/horde_rt_evidence_publication_tests.dir/src/telemetry/RtEvidencePublication.cpp.o
Shared simulation host (GCC)	Build shared gameplay tests	2026-10-01T11:13:10.2644725Z [  8%] Building CXX object CMakeFiles/horde_rt_ray_tracing_requirements_tests.dir/src/vulkan/raytracing/RayTracingRequirements.cpp.o
Shared simulation host (GCC)	Build shared gameplay tests	2026-10-01T11:13:10.4063142Z [  9%] Building CXX object CMakeFiles/horde_rt_evidence_publication_tests.dir/src/telemetry/RtPerformanceEvidence.cpp.o
Shared simulation host (GCC)	Build shared gameplay tests	2026-10-01T11:13:10.5271728Z [  9%] Linking CXX executable horde_rt_ray_tracing_requirements_tests
Shared simulation host (GCC)	Build shared gameplay tests	2026-10-01T11:13:10.5784120Z [  9%] Built target horde_rt_ray_tracing_requirements_tests
Shared simulation host (GCC)	Build shared gameplay tests	2026-10-01T11:13:10.5857101Z [  9%] Building CXX object CMakeFiles/horde_rt_performance_evidence_tests.dir/tests/RtPerformanceEvidenceTests.cpp.o
Shared simulation host (GCC)	Build shared gameplay tests	2026-10-01T11:13:11.7308647Z [  9%] Linking CXX executable horde_rt_evidence_publication_tests
Shared simulation host (GCC)	Build shared gameplay tests	2026-10-01T11:13:11.7861481Z [  9%] Built target horde_rt_evidence_publication_tests
Shared simulation host (GCC)	Build shared gameplay tests	2026-10-01T11:13:11.7891093Z [ 10%] Building CXX object CMakeFiles/horde_rt_performance_evidence_tests.dir/src/telemetry/RtPerformanceEvidence.cpp.o
Shared simulation host (GCC)	Build shared gameplay tests	2026-10-01T11:13:12.5925927Z [ 10%] Building CXX object CMakeFiles/horde_rt_scene_record_observation_tests.dir/tests/RtSceneRecordObservationTests.cpp.o
Shared simulation host (GCC)	Build shared gameplay tests	2026-10-01T11:13:13.1929297Z [ 10%] Linking CXX executable horde_rt_performance_evidence_tests
Shared simulation host (GCC)	Build shared gameplay tests	2026-10-01T11:13:13.2508872Z [ 10%] Built target horde_rt_performance_evidence_tests
Shared simulation host (GCC)	Build shared gameplay tests	2026-10-01T11:13:13.2587196Z [ 10%] Building CXX object CMakeFiles/horde_rt_pipeline_variants_tests.dir/tests/RtPipelineVariantsTests.cpp.o
Shared simulation host (GCC)	Build shared gameplay tests	2026-10-01T11:13:13.6924006Z [ 11%] Building CXX object CMakeFiles/horde_rt_pipeline_variants_tests.dir/src/vulkan/raytracing/RtPipelineVariants.cpp.o
Shared simulation host (GCC)	Build shared gameplay tests	2026-10-01T11:13:13.8456944Z [ 12%] Building CXX object CMakeFiles/horde_rt_scene_record_observation_tests.dir/src/telemetry/RtPerformanceEvidence.cpp.o
Shared simulation host (GCC)	Build shared gameplay tests	2026-10-01T11:13:14.0604962Z [ 12%] Linking CXX executable horde_rt_pipeline_variants_tests
Shared simulation host (GCC)	Build shared gameplay tests	2026-10-01T11:13:14.1083152Z [ 12%] Built target horde_rt_pipeline_variants_tests
Shared simulation host (GCC)	Build shared gameplay tests	2026-10-01T11:13:14.1158764Z [ 13%] Building CXX object CMakeFiles/horde_rt_pipeline_variant_provider_tests.dir/tests/RtPipelineVariantProviderTests.cpp.o
Shared simulation host (GCC)	Build shared gameplay tests	2026-10-01T11:13:14.5133070Z [ 13%] Building CXX object CMakeFiles/horde_rt_pipeline_variant_provider_tests.dir/src/vulkan/raytracing/RtPipelineVariants.cpp.o
Shared simulation host (GCC)	Build shared gameplay tests	2026-10-01T11:13:14.8688605Z [ 14%] Building CXX object CMakeFiles/horde_rt_pipeline_variant_provider_tests.dir/src/vulkan/raytracing/RtPipelineVariantProvider.cpp.o
Shared simulation host (GCC)	Build shared gameplay tests	2026-10-01T11:13:15.1384813Z [ 15%] Linking CXX executable horde_rt_scene_record_observation_tests
Shared simulation host (GCC)	Build shared gameplay tests	2026-10-01T11:13:15.1952308Z [ 15%] Built target horde_rt_scene_record_observation_tests
Shared simulation host (GCC)	Build shared gameplay tests	2026-10-01T11:13:15.2024801Z [ 16%] Building CXX object CMakeFiles/horde_rt_pipeline_bundle_contracts_tests.dir/tests/RtPipelineBundleContractsTests.cpp.o
Shared simulation host (GCC)	Build shared gameplay tests	2026-10-01T11:13:15.6336085Z [ 17%] Linking CXX executable horde_rt_pipeline_variant_provider_tests
Shared simulation host (GCC)	Build shared gameplay tests	2026-10-01T11:13:15.6844740Z [ 17%] Built target horde_rt_pipeline_variant_provider_tests
Shared simulation host (GCC)	Build shared gameplay tests	2026-10-01T11:13:15.6914518Z [ 18%] Building CXX object CMakeFiles/horde_rtpv_0_0_obj.dir/src/vulkan/raytracing/RtPipelineVariantProvider.cpp.o
Shared simulation host (GCC)	Build shared gameplay tests	2026-10-01T11:13:15.7311480Z [ 19%] Building CXX object CMakeFiles/horde_rt_pipeline_bundle_contracts_tests.dir/src/vulkan/raytracing/RtPipelineBundleContracts.cpp.o
Shared simulation host (GCC)	Build shared gameplay tests	2026-10-01T11:13:16.4326612Z [ 19%] Built target horde_rtpv_0_0_obj
Shared simulation host (GCC)	Build shared gameplay tests	2026-10-01T11:13:16.4398917Z [ 19%] Building CXX object CMakeFiles/horde_rtpv_0_1_obj.dir/src/vulkan/raytracing/RtPipelineVariantProvider.cpp.o
Shared simulation host (GCC)	Build shared gameplay tests	2026-10-01T11:13:16.6757182Z [ 19%] Building CXX object CMakeFiles/horde_rt_pipeline_bundle_contracts_tests.dir/src/vulkan/raytracing/RtPipelineVariants.cpp.o
Shared simulation host (GCC)	Build shared gameplay tests	2026-10-01T11:13:17.0295247Z [ 20%] Building CXX object CMakeFiles/horde_rt_pipeline_bundle_contracts_tests.dir/src/vulkan/raytracing/RtPipelineVariantProvider.cpp.o
Shared simulation host (GCC)	Build shared gameplay tests	2026-10-01T11:13:17.1873290Z [ 20%] Built target horde_rtpv_0_1_obj
Shared simulation host (GCC)	Build shared gameplay tests	2026-10-01T11:13:17.1947247Z [ 21%] Building CXX object CMakeFiles/horde_rtpv_1_0_obj.dir/src/vulkan/raytracing/RtPipelineVariantProvider.cpp.o
Shared simulation host (GCC)	Build shared gameplay tests	2026-10-01T11:13:17.7699123Z [ 21%] Linking CXX executable horde_rt_pipeline_bundle_contracts_tests
Shared simulation host (GCC)	Build shared gameplay tests	2026-10-01T11:13:17.8200265Z [ 21%] Built target horde_rt_pipeline_bundle_contracts_tests
Shared simulation host (GCC)	Build shared gameplay tests	2026-10-01T11:13:17.8270234Z [ 22%] Building CXX object CMakeFiles/horde_rtpv_1_1_obj.dir/src/vulkan/raytracing/RtPipelineVariantProvider.cpp.o
Shared simulation host (GCC)	Build shared gameplay tests	2026-10-01T11:13:17.9521892Z [ 22%] Built target horde_rtpv_1_0_obj
Shared simulation host (GCC)	Build shared gameplay tests	2026-10-01T11:13:17.9597243Z [ 23%] Building CXX object CMakeFiles/horde_rt_github_release_updater_tests.dir/tests/GitHubReleaseUpdaterTests.cpp.o
Shared simulation host (GCC)	Build shared gameplay tests	2026-10-01T11:13:18.5834612Z [ 23%] Built target horde_rtpv_1_1_obj
Shared simulation host (GCC)	Build shared gameplay tests	2026-10-01T11:13:18.5908092Z [ 23%] Building CXX object CMakeFiles/horde_rt_version_contract_tests.dir/tests/VersionContractTests.cpp.o
Shared simulation host (GCC)	Build shared gameplay tests	2026-10-01T11:13:18.7426735Z [ 23%] Building CXX object CMakeFiles/horde_rt_github_release_updater_tests.dir/src/update/GitHubReleaseUpdater.cpp.o
Shared simulation host (GCC)	Build shared gameplay tests	2026-10-01T11:13:20.6136368Z [ 24%] Linking CXX executable horde_rt_github_release_updater_tests
Shared simulation host (GCC)	Build shared gameplay tests	2026-10-01T11:13:20.6634448Z [ 24%] Built target horde_rt_github_release_updater_tests
Shared simulation host (GCC)	Build shared gameplay tests	2026-10-01T11:13:20.6706012Z [ 24%] Building CXX object CMakeFiles/horde_rt_version_contract_incremental_configure_tests.dir/tests/VersionContractIncrementalConfigureTests.cpp.o
Shared simulation host (GCC)	Build shared gameplay tests	2026-10-01T11:13:22.4672360Z [ 25%] Linking CXX executable horde_rt_version_contract_incremental_configure_tests
Shared simulation host (GCC)	Build shared gameplay tests	2026-10-01T11:13:22.5171435Z [ 25%] Built target horde_rt_version_contract_incremental_configure_tests
Shared simulation host (GCC)	Build shared gameplay tests	2026-10-01T11:13:22.5242102Z [ 25%] Building CXX object CMakeFiles/horde_rt_dielectric_math_tests.dir/tests/DielectricMathTests.cpp.o
Shared simulation host (GCC)	Build shared gameplay tests	2026-10-01T11:13:23.5552205Z [ 26%] Linking CXX executable horde_rt_version_contract_tests
Shared simulation host (GCC)	Build shared gameplay tests	2026-10-01T11:13:23.6072090Z [ 26%] Built target horde_rt_version_contract_tests
Shared simulation host (GCC)	Build shared gameplay tests	2026-10-01T11:13:23.6144584Z [ 27%] Building CXX object CMakeFiles/horde_rt_scene_abi_tests.dir/tests/RtSceneAbiTests.cpp.o
Shared simulation host (GCC)	Build shared gameplay tests	2026-10-01T11:13:24.0298411Z [ 28%] Linking CXX executable horde_rt_dielectric_math_tests
Shared simulation host (GCC)	Build shared gameplay tests	2026-10-01T11:13:24.0819646Z [ 28%] Built target horde_rt_dielectric_math_tests
Shared simulation host (GCC)	Build shared gameplay tests	2026-10-01T11:13:24.0893327Z [ 28%] Building CXX object CMakeFiles/horde_rt_static_gltf_asset_tests.dir/tests/StaticGltfAssetTests.cpp.o
Shared simulation host (GCC)	Build shared gameplay tests	2026-10-01T11:13:24.8532423Z [ 29%] Building CXX object CMakeFiles/horde_rt_scene_abi_tests.dir/src/vulkan/raytracing/RtStaticMeshSlot.cpp.o
Shared simulation host (GCC)	Build shared gameplay tests	2026-10-01T11:13:26.8232140Z [ 29%] Building CXX object CMakeFiles/horde_rt_scene_abi_tests.dir/src/vulkan/raytracing/RtTextureArrays.cpp.o
Shared simulation host (GCC)	Build shared gameplay tests	2026-10-01T11:13:27.0881943Z [ 30%] Linking CXX executable horde_rt_scene_abi_tests
Shared simulation host (GCC)	Build shared gameplay tests	2026-10-01T11:13:27.1397451Z [ 30%] Built target horde_rt_scene_abi_tests
Shared simulation host (GCC)	Build shared gameplay tests	2026-10-01T11:13:27.1454816Z [ 30%] Building CXX object CMakeFiles/horde_rt_input_mailbox_stress.dir/tests/InputMailboxStress.cpp.o
Shared simulation host (GCC)	Build shared gameplay tests	2026-10-01T11:13:28.2108314Z [ 31%] Linking CXX executable horde_rt_input_mailbox_stress
Shared simulation host (GCC)	Build shared gameplay tests	2026-10-01T11:13:28.2605011Z [ 31%] Built target horde_rt_input_mailbox_stress
Shared simulation host (GCC)	Build shared gameplay tests	2026-10-01T11:13:28.2679663Z [ 32%] Building CXX object CMakeFiles/horde_rt_desktop_controller_input_tests.dir/tests/DesktopControllerInputTests.cpp.o
Shared simulation host (GCC)	Build shared gameplay tests	2026-10-01T11:13:29.1272723Z [ 33%] Linking CXX executable horde_rt_desktop_controller_input_tests
Shared simulation host (GCC)	Build shared gameplay tests	2026-10-01T11:13:29.1759402Z [ 33%] Built target horde_rt_desktop_controller_input_tests
Shared simulation host (GCC)	Build shared gameplay tests	2026-10-01T11:13:29.1829363Z [ 33%] Building CXX object CMakeFiles/horde_rt_gpu_timestamp_math_tests.dir/tests/GpuTimestampMathTests.cpp.o
Shared simulation host (GCC)	Build shared gameplay tests	2026-10-01T11:13:29.5693636Z [ 34%] Building CXX object CMakeFiles/horde_rt_static_gltf_asset_tests.dir/src/scene/assets/AssetManifest.cpp.o
Shared simulation host (GCC)	Build shared gameplay tests	2026-10-01T11:13:29.6257867Z [ 35%] Linking CXX executable horde_rt_gpu_timestamp_math_tests
Shared simulation host (GCC)	Build shared gameplay tests	2026-10-01T11:13:29.6762636Z [ 35%] Built target horde_rt_gpu_timestamp_math_tests
Shared simulation host (GCC)	Build shared gameplay tests	2026-10-01T11:13:29.6835390Z [ 36%] Building CXX object CMakeFiles/horde_rt_combat_smoke.dir/tests/SwordCombatSmoke.cpp.o
Shared simulation host (GCC)	Build shared gameplay tests	2026-10-01T11:13:31.2757786Z [ 36%] Linking CXX executable horde_rt_combat_smoke
Shared simulation host (GCC)	Build shared gameplay tests	2026-10-01T11:13:31.3304065Z [ 36%] Built target horde_rt_combat_smoke
Shared simulation host (GCC)	Build shared gameplay tests	2026-10-01T11:13:31.3374495Z [ 36%] Building CXX object CMakeFiles/horde_rt_showcase_route_smoke.dir/tests/ShowcaseRouteSmoke.cpp.o
Shared simulation host (GCC)	Build shared gameplay tests	2026-10-01T11:13:32.4926616Z [ 36%] Building CXX object CMakeFiles/horde_rt_static_gltf_asset_tests.dir/src/scene/assets/AssetValidation.cpp.o
Shared simulation host (GCC)	Build shared gameplay tests	2026-10-01T11:13:32.5423420Z [ 37%] Linking CXX executable horde_rt_showcase_route_smoke
Shared simulation host (GCC)	Build shared gameplay tests	2026-10-01T11:13:32.5953679Z [ 37%] Built target horde_rt_showcase_route_smoke
Shared simulation host (GCC)	Build shared gameplay tests	2026-10-01T11:13:32.6023575Z [ 38%] Building CXX object CMakeFiles/horde_rt_spatial_audio_smoke.dir/tests/SpatialAudioSmoke.cpp.o
Shared simulation host (GCC)	Build shared gameplay tests	2026-10-01T11:13:33.0351244Z [ 39%] Building CXX object CMakeFiles/horde_rt_static_gltf_asset_tests.dir/src/scene/assets/GltfDocument.cpp.o
Shared simulation host (GCC)	Build shared gameplay tests	2026-10-01T11:13:33.8749523Z [ 39%] Linking CXX executable horde_rt_spatial_audio_smoke
Shared simulation host (GCC)	Build shared gameplay tests	2026-10-01T11:13:33.9308627Z [ 39%] Built target horde_rt_spatial_audio_smoke
Shared simulation host (GCC)	Build shared gameplay tests	2026-10-01T11:13:33.9380456Z [ 40%] Building CXX object pocket-audio-core-native/CMakeFiles/pocket_audio_native_pcm_tests.dir/tests/PcmNativeTests.cpp.o
Shared simulation host (GCC)	Build shared gameplay tests	2026-10-01T11:13:35.2343338Z [ 41%] Linking CXX executable pocket_audio_native_pcm_tests
Shared simulation host (GCC)	Build shared gameplay tests	2026-10-01T11:13:35.2887898Z [ 41%] Built target pocket_audio_native_pcm_tests
Shared simulation host (GCC)	Build shared gameplay tests	2026-10-01T11:13:35.2911300Z [ 42%] Building CXX object CMakeFiles/horde_rt_static_gltf_asset_tests.dir/src/scene/assets/StaticMeshAsset.cpp.o
Shared simulation host (GCC)	Build shared gameplay tests	2026-10-01T11:13:35.7233723Z [ 42%] Building CXX object CMakeFiles/horde_rt_static_gltf_asset_tests.dir/src/vulkan/raytracing/RtStaticMeshSlot.cpp.o
Shared simulation host (GCC)	Build shared gameplay tests	2026-10-01T11:13:37.6884395Z [ 42%] Building CXX object CMakeFiles/horde_gameplay_simulation.dir/src/audio/MusicDirector.cpp.o
Shared simulation host (GCC)	Build shared gameplay tests	2026-10-01T11:13:38.5049307Z [ 43%] Building CXX object CMakeFiles/horde_gameplay_simulation.dir/src/audio/MusicPcmStream.cpp.o
Shared simulation host (GCC)	Build shared gameplay tests	2026-10-01T11:13:39.2399375Z [ 44%] Linking CXX executable horde_rt_static_gltf_asset_tests
Shared simulation host (GCC)	Build shared gameplay tests	2026-10-01T11:13:39.2501400Z [ 44%] Building CXX object CMakeFiles/horde_gameplay_simulation.dir/src/audio/MusicPcmWave.cpp.o
Shared simulation host (GCC)	Build shared gameplay tests	2026-10-01T11:13:39.2958437Z [ 44%] Built target horde_rt_static_gltf_asset_tests
Shared simulation host (GCC)	Build shared gameplay tests	2026-10-01T11:13:39.3031312Z [ 45%] Building CXX object CMakeFiles/horde_rt_provider_shipping_mobile_fixture.dir/tests/RtPipelineVariantFixture.cpp.o
Shared simulation host (GCC)	Build shared gameplay tests	2026-10-01T11:13:39.4131071Z [ 46%] Building CXX object CMakeFiles/horde_gameplay_simulation.dir/src/audio/MusicPcmAssetBank.cpp.o
Shared simulation host (GCC)	Build shared gameplay tests	2026-10-01T11:13:39.9396319Z [ 46%] Building CXX object CMakeFiles/horde_rt_provider_shipping_mobile_fixture.dir/src/vulkan/raytracing/RtPipelineBundleContracts.cpp.o
Shared simulation host (GCC)	Build shared gameplay tests	2026-10-01T11:13:40.2189228Z [ 46%] Building CXX object CMakeFiles/horde_gameplay_simulation.dir/src/audio/MusicPlaybackSession.cpp.o
Shared simulation host (GCC)	Build shared gameplay tests	2026-10-01T11:13:40.9109077Z [ 47%] Building CXX object CMakeFiles/horde_rt_provider_shipping_mobile_fixture.dir/src/vulkan/raytracing/RtPipelineVariants.cpp.o
Shared simulation host (GCC)	Build shared gameplay tests	2026-10-01T11:13:41.0116853Z [ 48%] Building CXX object CMakeFiles/horde_gameplay_simulation.dir/src/reporting/PlaytestReport.cpp.o
Shared simulation host (GCC)	Build shared gameplay tests	2026-10-01T11:13:41.2750298Z [ 49%] Linking CXX executable horde_rt_provider_shipping_mobile_fixture
Shared simulation host (GCC)	Build shared gameplay tests	2026-10-01T11:13:41.3282667Z [ 49%] Built target horde_rt_provider_shipping_mobile_fixture
Shared simulation host (GCC)	Build shared gameplay tests	2026-10-01T11:13:41.3357911Z [ 50%] Building CXX object CMakeFiles/horde_rt_provider_shipping_high_fixture.dir/tests/RtPipelineVariantFixture.cpp.o
Shared simulation host (GCC)	Build shared gameplay tests	2026-10-01T11:13:41.9509212Z [ 50%] Building CXX object CMakeFiles/horde_rt_provider_shipping_high_fixture.dir/src/vulkan/raytracing/RtPipelineBundleContracts.cpp.o
Shared simulation host (GCC)	Build shared gameplay tests	2026-10-01T11:13:42.1159823Z [ 51%] Building CXX object CMakeFiles/horde_gameplay_simulation.dir/src/gameplay/simulation/GameSimulation.cpp.o
Shared simulation host (GCC)	Build shared gameplay tests	2026-10-01T11:13:42.9070115Z [ 52%] Building CXX object CMakeFiles/horde_rt_provider_shipping_high_fixture.dir/src/vulkan/raytracing/RtPipelineVariants.cpp.o
Shared simulation host (GCC)	Build shared gameplay tests	2026-10-01T11:13:43.2737170Z [ 52%] Linking CXX executable horde_rt_provider_shipping_high_fixture
Shared simulation host (GCC)	Build shared gameplay tests	2026-10-01T11:13:43.3268099Z [ 52%] Built target horde_rt_provider_shipping_high_fixture
Shared simulation host (GCC)	Build shared gameplay tests	2026-10-01T11:13:43.3340022Z [ 52%] Building CXX object CMakeFiles/horde_rt_provider_diagnostic_mobile_fixture.dir/tests/RtPipelineVariantFixture.cpp.o
Shared simulation host (GCC)	Build shared gameplay tests	2026-10-01T11:13:43.9350269Z [ 53%] Building CXX object CMakeFiles/horde_rt_provider_diagnostic_mobile_fixture.dir/src/vulkan/raytracing/RtPipelineBundleContracts.cpp.o
Shared simulation host (GCC)	Build shared gameplay tests	2026-10-01T11:13:44.5842211Z [ 53%] Building CXX object CMakeFiles/horde_gameplay_simulation.dir/src/gameplay/animation/PlayerAnimationState.cpp.o
Shared simulation host (GCC)	Build shared gameplay tests	2026-10-01T11:13:44.8941922Z [ 53%] Building CXX object CMakeFiles/horde_rt_provider_diagnostic_mobile_fixture.dir/src/vulkan/raytracing/RtPipelineVariants.cpp.o
Shared simulation host (GCC)	Build shared gameplay tests	2026-10-01T11:13:45.2591266Z [ 54%] Linking CXX executable horde_rt_provider_diagnostic_mobile_fixture
Shared simulation host (GCC)	Build shared gameplay tests	2026-10-01T11:13:45.3130485Z [ 54%] Built target horde_rt_provider_diagnostic_mobile_fixture
Shared simulation host (GCC)	Build shared gameplay tests	2026-10-01T11:13:45.3203296Z [ 55%] Building CXX object CMakeFiles/horde_rt_provider_diagnostic_high_fixture.dir/tests/RtPipelineVariantFixture.cpp.o
Shared simulation host (GCC)	Build shared gameplay tests	2026-10-01T11:13:45.3341588Z [ 56%] Building CXX object CMakeFiles/horde_gameplay_simulation.dir/src/gameplay/animation/PlayerIkTargets.cpp.o
Shared simulation host (GCC)	Build shared gameplay tests	2026-10-01T11:13:45.6030206Z [ 56%] Building CXX object CMakeFiles/horde_gameplay_simulation.dir/src/gameplay/effects/FireEmitterState.cpp.o
Shared simulation host (GCC)	Build shared gameplay tests	2026-10-01T11:13:45.9094547Z [ 57%] Building CXX object CMakeFiles/horde_gameplay_simulation.dir/src/gameplay/interactions/InteractionState.cpp.o
Shared simulation host (GCC)	Build shared gameplay tests	2026-10-01T11:13:45.9346994Z [ 57%] Building CXX object CMakeFiles/horde_rt_provider_diagnostic_high_fixture.dir/src/vulkan/raytracing/RtPipelineBundleContracts.cpp.o
Shared simulation host (GCC)	Build shared gameplay tests	2026-10-01T11:13:46.1521328Z [ 58%] Building CXX object CMakeFiles/horde_gameplay_simulation.dir/src/gameplay/interactions/ChestRewardSequence.cpp.o
Shared simulation host (GCC)	Build shared gameplay tests	2026-10-01T11:13:46.3997855Z [ 58%] Building CXX object CMakeFiles/horde_gameplay_simulation.dir/src/gameplay/interactions/FinaleSequence.cpp.o
Shared simulation host (GCC)	Build shared gameplay tests	2026-10-01T11:13:46.6402374Z [ 59%] Building CXX object CMakeFiles/horde_gameplay_simulation.dir/src/gameplay/items/LanternPendulum.cpp.o
Shared simulation host (GCC)	Build shared gameplay tests	2026-10-01T11:13:46.8960234Z [ 60%] Building CXX object CMakeFiles/horde_rt_provider_diagnostic_high_fixture.dir/src/vulkan/raytracing/RtPipelineVariants.cpp.o
Shared simulation host (GCC)	Build shared gameplay tests	2026-10-01T11:13:46.9935178Z [ 60%] Building CXX object CMakeFiles/horde_gameplay_simulation.dir/src/gameplay/items/HeldItemState.cpp.o
Shared simulation host (GCC)	Build shared gameplay tests	2026-10-01T11:13:47.0924667Z [ 61%] Building CXX object CMakeFiles/horde_gameplay_simulation.dir/src/gameplay/items/HeldItemKinematics.cpp.o
Shared simulation host (GCC)	Build shared gameplay tests	2026-10-01T11:13:47.2636593Z [ 62%] Linking CXX executable horde_rt_provider_diagnostic_high_fixture
Shared simulation host (GCC)	Build shared gameplay tests	2026-10-01T11:13:47.3169065Z [ 62%] Built target horde_rt_provider_diagnostic_high_fixture
Shared simulation host (GCC)	Build shared gameplay tests	2026-10-01T11:13:47.3192374Z [ 63%] Building CXX object CMakeFiles/horde_gameplay_simulation.dir/src/gameplay/items/HeldLightState.cpp.o
Shared simulation host (GCC)	Build shared gameplay tests	2026-10-01T11:13:48.2645023Z [ 63%] Linking CXX static library libhorde_gameplay_simulation.a
Shared simulation host (GCC)	Build shared gameplay tests	2026-10-01T11:13:48.3621322Z [ 63%] Built target horde_gameplay_simulation
Shared simulation host (GCC)	Build shared gameplay tests	2026-10-01T11:13:48.3696104Z [ 63%] Building CXX object CMakeFiles/horde_rt_lantern_benchmark_tests.dir/tests/LanternBenchmarkTests.cpp.o
Shared simulation host (GCC)	Build shared gameplay tests	2026-10-01T11:13:48.3700010Z [ 64%] Building CXX object CMakeFiles/horde_rt_benchmark_evidence_report_tests.dir/tests/RtBenchmarkEvidenceReportTests.cpp.o
Shared simulation host (GCC)	Build shared gameplay tests	2026-10-01T11:13:49.3668993Z [ 65%] Building CXX object CMakeFiles/horde_rt_lantern_benchmark_tests.dir/src/gameplay/ShowcaseBenchmark.cpp.o
Shared simulation host (GCC)	Build shared gameplay tests	2026-10-01T11:13:49.4836503Z [ 65%] Building CXX object CMakeFiles/horde_rt_benchmark_evidence_report_tests.dir/src/gameplay/ShowcaseBenchmark.cpp.o
Shared simulation host (GCC)	Build shared gameplay tests	2026-10-01T11:13:50.9677501Z [ 66%] Building CXX object CMakeFiles/horde_rt_lantern_benchmark_tests.dir/src/telemetry/RtBenchmarkEvidenceReport.cpp.o
Shared simulation host (GCC)	Build shared gameplay tests	2026-10-01T11:13:51.0962585Z [ 67%] Building CXX object CMakeFiles/horde_rt_benchmark_evidence_report_tests.dir/src/telemetry/RtBenchmarkEvidenceReport.cpp.o
Shared simulation host (GCC)	Build shared gameplay tests	2026-10-01T11:13:52.1359444Z [ 67%] Building CXX object CMakeFiles/horde_rt_lantern_benchmark_tests.dir/src/telemetry/RtBenchmarkEvidenceRun.cpp.o
Shared simulation host (GCC)	Build shared gameplay tests	2026-10-01T11:13:52.2806507Z [ 67%] Building CXX object CMakeFiles/horde_rt_benchmark_evidence_report_tests.dir/src/telemetry/RtBenchmarkEvidenceRun.cpp.o
Shared simulation host (GCC)	Build shared gameplay tests	2026-10-01T11:13:52.8538358Z [ 68%] Building CXX object CMakeFiles/horde_rt_lantern_benchmark_tests.dir/src/telemetry/RtPerformanceEvidence.cpp.o
Shared simulation host (GCC)	Build shared gameplay tests	2026-10-01T11:13:52.9963523Z [ 69%] Building CXX object CMakeFiles/horde_rt_benchmark_evidence_report_tests.dir/src/telemetry/RtPerformanceEvidence.cpp.o
Shared simulation host (GCC)	Build shared gameplay tests	2026-10-01T11:13:54.1557775Z [ 69%] Linking CXX executable horde_rt_lantern_benchmark_tests
Shared simulation host (GCC)	Build shared gameplay tests	2026-10-01T11:13:54.2126644Z [ 69%] Built target horde_rt_lantern_benchmark_tests
Shared simulation host (GCC)	Build shared gameplay tests	2026-10-01T11:13:54.2199593Z [ 69%] Building CXX object CMakeFiles/horde_rt_benchmark_evidence_run_tests.dir/tests/RtBenchmarkEvidenceRunTests.cpp.o
Shared simulation host (GCC)	Build shared gameplay tests	2026-10-01T11:13:54.3030093Z [ 70%] Linking CXX executable horde_rt_benchmark_evidence_report_tests
Shared simulation host (GCC)	Build shared gameplay tests	2026-10-01T11:13:54.3579593Z [ 70%] Built target horde_rt_benchmark_evidence_report_tests
Shared simulation host (GCC)	Build shared gameplay tests	2026-10-01T11:13:54.3652349Z [ 71%] Building CXX object CMakeFiles/horde_rt_player_animation_tests.dir/tests/PlayerAnimationTests.cpp.o
Shared simulation host (GCC)	Build shared gameplay tests	2026-10-01T11:13:55.3962895Z [ 72%] Building CXX object CMakeFiles/horde_rt_benchmark_evidence_run_tests.dir/src/telemetry/RtBenchmarkEvidenceRun.cpp.o
Shared simulation host (GCC)	Build shared gameplay tests	2026-10-01T11:13:55.6705804Z [ 73%] Building CXX object CMakeFiles/horde_rt_player_animation_tests.dir/src/telemetry/RtPerformanceEvidence.cpp.o
Shared simulation host (GCC)	Build shared gameplay tests	2026-10-01T11:13:56.1194023Z [ 73%] Building CXX object CMakeFiles/horde_rt_benchmark_evidence_run_tests.dir/src/telemetry/RtBenchmarkEvidenceReport.cpp.o
Shared simulation host (GCC)	Build shared gameplay tests	2026-10-01T11:13:56.9688050Z [ 73%] Building CXX object CMakeFiles/horde_rt_player_animation_tests.dir/src/scene/assets/SkinnedMeshAsset.cpp.o
Shared simulation host (GCC)	Build shared gameplay tests	2026-10-01T11:13:57.2917908Z [ 74%] Building CXX object CMakeFiles/horde_rt_benchmark_evidence_run_tests.dir/src/telemetry/RtPerformanceEvidence.cpp.o
Shared simulation host (GCC)	Build shared gameplay tests	2026-10-01T11:13:58.5884289Z [ 75%] Building CXX object CMakeFiles/horde_rt_benchmark_evidence_run_tests.dir/src/gameplay/ShowcaseBenchmark.cpp.o
Shared simulation host (GCC)	Build shared gameplay tests	2026-10-01T11:14:00.1849404Z [ 75%] Linking CXX executable horde_rt_benchmark_evidence_run_tests
Shared simulation host (GCC)	Build shared gameplay tests	2026-10-01T11:14:00.2394204Z [ 75%] Built target horde_rt_benchmark_evidence_run_tests
Shared simulation host (GCC)	Build shared gameplay tests	2026-10-01T11:14:00.2466407Z [ 76%] Building CXX object CMakeFiles/horde_rt_fire_emitter_tests.dir/tests/FireEmitterTests.cpp.o
Shared simulation host (GCC)	Build shared gameplay tests	2026-10-01T11:14:00.4240023Z [ 77%] Building CXX object CMakeFiles/horde_rt_player_animation_tests.dir/src/vulkan/raytracing/PlayerRenderSlot.cpp.o
Shared simulation host (GCC)	Build shared gameplay tests	2026-10-01T11:14:01.1544324Z [ 77%] Building CXX object CMakeFiles/horde_rt_fire_emitter_tests.dir/src/vulkan/raytracing/FireEmitterBuffer.cpp.o
Shared simulation host (GCC)	Build shared gameplay tests	2026-10-01T11:14:02.0494490Z [ 78%] Linking CXX executable horde_rt_fire_emitter_tests
Shared simulation host (GCC)	Build shared gameplay tests	2026-10-01T11:14:02.1065960Z [ 78%] Built target horde_rt_fire_emitter_tests
Shared simulation host (GCC)	Build shared gameplay tests	2026-10-01T11:14:02.1141926Z [ 79%] Building CXX object CMakeFiles/horde_rt_held_item_socket_tests.dir/tests/HeldItemSocketTests.cpp.o
Shared simulation host (GCC)	Build shared gameplay tests	2026-10-01T11:14:02.4404061Z [ 79%] Linking CXX executable horde_rt_player_animation_tests
Shared simulation host (GCC)	Build shared gameplay tests	2026-10-01T11:14:02.4967205Z [ 79%] Built target horde_rt_player_animation_tests
Shared simulation host (GCC)	Build shared gameplay tests	2026-10-01T11:14:02.5038050Z [ 79%] Building CXX object CMakeFiles/horde_rt_development_static_asset_tests.dir/tests/DevelopmentStaticAssetTests.cpp.o
Shared simulation host (GCC)	Build shared gameplay tests	2026-10-01T11:14:03.5494029Z [ 80%] Linking CXX executable horde_rt_development_static_asset_tests
Shared simulation host (GCC)	Build shared gameplay tests	2026-10-01T11:14:03.6081705Z [ 80%] Built target horde_rt_development_static_asset_tests
Shared simulation host (GCC)	Build shared gameplay tests	2026-10-01T11:14:03.6153365Z [ 80%] Building CXX object CMakeFiles/horde_rt_production_prop_asset_tests.dir/tests/ProductionPropAssetTests.cpp.o
Shared simulation host (GCC)	Build shared gameplay tests	2026-10-01T11:14:03.7349504Z [ 80%] Building CXX object CMakeFiles/horde_rt_held_item_socket_tests.dir/src/scene/assets/AssetManifest.cpp.o
Shared simulation host (GCC)	Build shared gameplay tests	2026-10-01T11:14:06.3548769Z [ 81%] Building CXX object CMakeFiles/horde_rt_held_item_socket_tests.dir/src/scene/assets/AssetValidation.cpp.o
Shared simulation host (GCC)	Build shared gameplay tests	2026-10-01T11:14:06.9101033Z [ 81%] Building CXX object CMakeFiles/horde_rt_held_item_socket_tests.dir/src/scene/assets/GltfDocument.cpp.o
Shared simulation host (GCC)	Build shared gameplay tests	2026-10-01T11:14:06.9538860Z [ 82%] Building CXX object CMakeFiles/horde_rt_production_prop_asset_tests.dir/src/scene/assets/AssetManifest.cpp.o
Shared simulation host (GCC)	Build shared gameplay tests	2026-10-01T11:14:09.5901342Z [ 83%] Building CXX object CMakeFiles/horde_rt_held_item_socket_tests.dir/src/scene/assets/StaticMeshAsset.cpp.o
Shared simulation host (GCC)	Build shared gameplay tests	2026-10-01T11:14:09.6135675Z [ 83%] Building CXX object CMakeFiles/horde_rt_production_prop_asset_tests.dir/src/scene/assets/AssetValidation.cpp.o
Shared simulation host (GCC)	Build shared gameplay tests	2026-10-01T11:14:10.1472682Z [ 84%] Building CXX object CMakeFiles/horde_rt_production_prop_asset_tests.dir/src/scene/assets/GltfDocument.cpp.o
Shared simulation host (GCC)	Build shared gameplay tests	2026-10-01T11:14:12.8050414Z [ 85%] Building CXX object CMakeFiles/horde_rt_production_prop_asset_tests.dir/src/scene/assets/StaticMeshAsset.cpp.o
Shared simulation host (GCC)	Build shared gameplay tests	2026-10-01T11:14:13.4363240Z [ 85%] Building CXX object CMakeFiles/horde_rt_held_item_socket_tests.dir/src/vulkan/raytracing/HeldItemRenderSlot.cpp.o
Shared simulation host (GCC)	Build shared gameplay tests	2026-10-01T11:14:13.5132981Z [ 86%] Building CXX object CMakeFiles/horde_rt_held_item_socket_tests.dir/src/vulkan/raytracing/RtStaticMeshSlot.cpp.o
Shared simulation host (GCC)	Build shared gameplay tests	2026-10-01T11:14:15.4663714Z [ 87%] Linking CXX executable horde_rt_held_item_socket_tests
Shared simulation host (GCC)	Build shared gameplay tests	2026-10-01T11:14:15.5250496Z [ 87%] Built target horde_rt_held_item_socket_tests
Shared simulation host (GCC)	Build shared gameplay tests	2026-10-01T11:14:15.5322426Z [ 88%] Building CXX object CMakeFiles/horde_rt_simulation_timing_tests.dir/tests/SimulationTimingTests.cpp.o
Shared simulation host (GCC)	Build shared gameplay tests	2026-10-01T11:14:16.3997382Z [ 88%] Linking CXX executable horde_rt_simulation_timing_tests
Shared simulation host (GCC)	Build shared gameplay tests	2026-10-01T11:14:16.4544987Z [ 88%] Built target horde_rt_simulation_timing_tests
Shared simulation host (GCC)	Build shared gameplay tests	2026-10-01T11:14:16.4616008Z [ 88%] Building CXX object CMakeFiles/horde_rt_simulation_gameplay_tests.dir/tests/SimulationGameplayTests.cpp.o
Shared simulation host (GCC)	Build shared gameplay tests	2026-10-01T11:14:16.7122896Z [ 88%] Linking CXX executable horde_rt_production_prop_asset_tests
Shared simulation host (GCC)	Build shared gameplay tests	2026-10-01T11:14:16.7687138Z [ 88%] Built target horde_rt_production_prop_asset_tests
Shared simulation host (GCC)	Build shared gameplay tests	2026-10-01T11:14:16.7758693Z [ 88%] Building CXX object CMakeFiles/horde_rt_music_director_tests.dir/tests/MusicDirectorTests.cpp.o
Shared simulation host (GCC)	Build shared gameplay tests	2026-10-01T11:14:17.7912050Z [ 89%] Linking CXX executable horde_rt_music_director_tests
Shared simulation host (GCC)	Build shared gameplay tests	2026-10-01T11:14:17.8462343Z [ 89%] Built target horde_rt_music_director_tests
Shared simulation host (GCC)	Build shared gameplay tests	2026-10-01T11:14:17.8533515Z [ 90%] Building CXX object CMakeFiles/horde_rt_music_pcm_stream_tests.dir/tests/MusicPcmStreamTests.cpp.o
Shared simulation host (GCC)	Build shared gameplay tests	2026-10-01T11:14:18.0115667Z [ 91%] Linking CXX executable horde_rt_simulation_gameplay_tests
Shared simulation host (GCC)	Build shared gameplay tests	2026-10-01T11:14:18.0655785Z [ 91%] Built target horde_rt_simulation_gameplay_tests
Shared simulation host (GCC)	Build shared gameplay tests	2026-10-01T11:14:18.0725457Z [ 92%] Building CXX object CMakeFiles/horde_rt_music_pcm_wave_tests.dir/tests/MusicPcmWaveTests.cpp.o
Shared simulation host (GCC)	Build shared gameplay tests	2026-10-01T11:14:18.9045875Z [ 92%] Linking CXX executable horde_rt_music_pcm_stream_tests
Shared simulation host (GCC)	Build shared gameplay tests	2026-10-01T11:14:18.9571806Z [ 92%] Built target horde_rt_music_pcm_stream_tests
Shared simulation host (GCC)	Build shared gameplay tests	2026-10-01T11:14:18.9644379Z [ 92%] Building CXX object CMakeFiles/horde_rt_music_pcm_asset_bank_tests.dir/tests/MusicPcmAssetBankTests.cpp.o
Shared simulation host (GCC)	Build shared gameplay tests	2026-10-01T11:14:19.7147233Z [ 92%] Linking CXX executable horde_rt_music_pcm_wave_tests
Shared simulation host (GCC)	Build shared gameplay tests	2026-10-01T11:14:19.7699451Z [ 92%] Built target horde_rt_music_pcm_wave_tests
Shared simulation host (GCC)	Build shared gameplay tests	2026-10-01T11:14:19.7771508Z [ 93%] Building CXX object CMakeFiles/horde_rt_music_playback_session_tests.dir/tests/MusicPlaybackSessionTests.cpp.o
Shared simulation host (GCC)	Build shared gameplay tests	2026-10-01T11:14:19.9564182Z [ 94%] Linking CXX executable horde_rt_music_pcm_asset_bank_tests
Shared simulation host (GCC)	Build shared gameplay tests	2026-10-01T11:14:20.0130870Z [ 94%] Built target horde_rt_music_pcm_asset_bank_tests
Shared simulation host (GCC)	Build shared gameplay tests	2026-10-01T11:14:20.0204215Z [ 94%] Building CXX object CMakeFiles/horde_rt_playtest_report_tests.dir/tests/PlaytestReportTests.cpp.o
Shared simulation host (GCC)	Build shared gameplay tests	2026-10-01T11:14:20.6612072Z [ 95%] Linking CXX executable horde_rt_playtest_report_tests
Shared simulation host (GCC)	Build shared gameplay tests	2026-10-01T11:14:20.7138024Z [ 95%] Built target horde_rt_playtest_report_tests
Shared simulation host (GCC)	Build shared gameplay tests	2026-10-01T11:14:20.7209943Z [ 95%] Building CXX object CMakeFiles/horde_rt_lantern_reward_tests.dir/tests/LanternRewardTests.cpp.o
Shared simulation host (GCC)	Build shared gameplay tests	2026-10-01T11:14:21.0217906Z [ 96%] Linking CXX executable horde_rt_music_playback_session_tests
Shared simulation host (GCC)	Build shared gameplay tests	2026-10-01T11:14:21.0778002Z [ 96%] Built target horde_rt_music_playback_session_tests
Shared simulation host (GCC)	Build shared gameplay tests	2026-10-01T11:14:21.0853066Z [ 97%] Building CXX object CMakeFiles/horde_rt_lantern_pendulum_tests.dir/tests/LanternPendulumTests.cpp.o
Shared simulation host (GCC)	Build shared gameplay tests	2026-10-01T11:14:21.7962461Z [ 98%] Linking CXX executable horde_rt_lantern_reward_tests
Shared simulation host (GCC)	Build shared gameplay tests	2026-10-01T11:14:21.8531440Z [ 98%] Built target horde_rt_lantern_reward_tests
Shared simulation host (GCC)	Build shared gameplay tests	2026-10-01T11:14:21.8603752Z [ 98%] Building CXX object CMakeFiles/horde_rt_showcase_gameplay_smoke.dir/tests/ShowcaseGameplaySmoke.cpp.o
Shared simulation host (GCC)	Build shared gameplay tests	2026-10-01T11:14:21.9520672Z [ 99%] Linking CXX executable horde_rt_lantern_pendulum_tests
Shared simulation host (GCC)	Build shared gameplay tests	2026-10-01T11:14:22.0116792Z [ 99%] Built target horde_rt_lantern_pendulum_tests
Shared simulation host (GCC)	Build shared gameplay tests	2026-10-01T11:14:23.3283310Z [100%] Linking CXX executable horde_rt_showcase_gameplay_smoke
Shared simulation host (GCC)	Build shared gameplay tests	2026-10-01T11:14:23.3812588Z [100%] Built target horde_rt_showcase_gameplay_smoke
Shared simulation host (GCC)	Run shared gameplay tests	﻿2026-10-01T11:14:23.3970734Z ##[group]Run ctest --test-dir build/host-ci --build-config Release --output-on-failure --no-tests=error 
Shared simulation host (GCC)	Run shared gameplay tests	2026-10-01T11:14:23.3971518Z ^[[36;1mctest --test-dir build/host-ci --build-config Release --output-on-failure --no-tests=error ^[[0m
Shared simulation host (GCC)	Run shared gameplay tests	2026-10-01T11:14:23.4038258Z shell: /usr/bin/bash -e {0}
Shared simulation host (GCC)	Run shared gameplay tests	2026-10-01T11:14:23.4038531Z ##[endgroup]
Shared simulation host (GCC)	Run shared gameplay tests	2026-10-01T11:14:23.8918138Z Internal ctest changing into directory: /home/runner/work/The-Horde-RT-demo/The-Horde-RT-demo/build/host-ci
Shared simulation host (GCC)	Run shared gameplay tests	2026-10-01T11:14:23.9591805Z Test project /home/runner/work/The-Horde-RT-demo/The-Horde-RT-demo/build/host-ci
Shared simulation host (GCC)	Run shared gameplay tests	2026-10-01T11:14:24.0336827Z       Start  1: horde_rt_player_primitive_contract_tests
Shared simulation host (GCC)	Run shared gameplay tests	2026-10-01T11:14:24.0411799Z  1/55 Test  #1: horde_rt_player_primitive_contract_tests ................   Passed    0.00 sec
Shared simulation host (GCC)	Run shared gameplay tests	2026-10-01T11:14:24.0480733Z       Start  2: horde_rt_raygen_artifact_ownership_tests
Shared simulation host (GCC)	Run shared gameplay tests	2026-10-01T11:14:25.1112520Z  2/55 Test  #2: horde_rt_raygen_artifact_ownership_tests ................   Passed    1.06 sec
Shared simulation host (GCC)	Run shared gameplay tests	2026-10-01T11:14:25.1115985Z       Start  3: horde_rt_player_manifest_agreement_tests
Shared simulation host (GCC)	Run shared gameplay tests	2026-10-01T11:14:26.0518758Z  3/55 Test  #3: horde_rt_player_manifest_agreement_tests ................   Passed    0.94 sec
Shared simulation host (GCC)	Run shared gameplay tests	2026-10-01T11:14:26.0520122Z       Start  4: horde_rt_player_package_inventory_tests
Shared simulation host (GCC)	Run shared gameplay tests	2026-10-01T11:14:27.1082896Z  4/55 Test  #4: horde_rt_player_package_inventory_tests .................   Passed    1.06 sec
Shared simulation host (GCC)	Run shared gameplay tests	2026-10-01T11:14:27.1084315Z       Start  5: horde_rt_staged_primary_contract_tests
Shared simulation host (GCC)	Run shared gameplay tests	2026-10-01T11:14:27.1102391Z  5/55 Test  #5: horde_rt_staged_primary_contract_tests ..................   Passed    0.00 sec
Shared simulation host (GCC)	Run shared gameplay tests	2026-10-01T11:14:27.1103889Z       Start  6: horde_rt_lantern_benchmark_tests
Shared simulation host (GCC)	Run shared gameplay tests	2026-10-01T11:14:27.1239308Z  6/55 Test  #6: horde_rt_lantern_benchmark_tests ........................   Passed    0.01 sec
Shared simulation host (GCC)	Run shared gameplay tests	2026-10-01T11:14:27.1240495Z       Start  7: horde_rt_benchmark_evidence_report_tests
Shared simulation host (GCC)	Run shared gameplay tests	2026-10-01T11:14:27.1268041Z  7/55 Test  #7: horde_rt_benchmark_evidence_report_tests ................   Passed    0.00 sec
Shared simulation host (GCC)	Run shared gameplay tests	2026-10-01T11:14:27.1269515Z       Start  8: horde_rt_windows_benchmark_launch_tests
Shared simulation host (GCC)	Run shared gameplay tests	2026-10-01T11:14:27.1284444Z  8/55 Test  #8: horde_rt_windows_benchmark_launch_tests .................   Passed    0.00 sec
Shared simulation host (GCC)	Run shared gameplay tests	2026-10-01T11:14:27.1285583Z       Start  9: horde_rt_benchmark_evidence_run_tests
Shared simulation host (GCC)	Run shared gameplay tests	2026-10-01T11:14:27.1367236Z  9/55 Test  #9: horde_rt_benchmark_evidence_run_tests ...................   Passed    0.01 sec
Shared simulation host (GCC)	Run shared gameplay tests	2026-10-01T11:14:27.1368683Z       Start 10: horde_rt_evidence_publication_tests
Shared simulation host (GCC)	Run shared gameplay tests	2026-10-01T11:14:27.1385512Z 10/55 Test #10: horde_rt_evidence_publication_tests .....................   Passed    0.00 sec
Shared simulation host (GCC)	Run shared gameplay tests	2026-10-01T11:14:27.1387151Z       Start 11: horde_rt_ray_tracing_requirements_tests
Shared simulation host (GCC)	Run shared gameplay tests	2026-10-01T11:14:27.1402143Z 11/55 Test #11: horde_rt_ray_tracing_requirements_tests .................   Passed    0.00 sec
Shared simulation host (GCC)	Run shared gameplay tests	2026-10-01T11:14:27.1403516Z       Start 12: horde_rt_performance_evidence_tests
Shared simulation host (GCC)	Run shared gameplay tests	2026-10-01T11:14:27.4259730Z 12/55 Test #12: horde_rt_performance_evidence_tests .....................   Passed    0.29 sec
Shared simulation host (GCC)	Run shared gameplay tests	2026-10-01T11:14:27.4261417Z       Start 13: horde_rt_scene_record_observation_tests
Shared simulation host (GCC)	Run shared gameplay tests	2026-10-01T11:14:27.4282046Z 13/55 Test #13: horde_rt_scene_record_observation_tests .................   Passed    0.00 sec
Shared simulation host (GCC)	Run shared gameplay tests	2026-10-01T11:14:27.4283289Z       Start 14: horde_rt_pipeline_variants_tests
Shared simulation host (GCC)	Run shared gameplay tests	2026-10-01T11:14:27.4298961Z 14/55 Test #14: horde_rt_pipeline_variants_tests ........................   Passed    0.00 sec
Shared simulation host (GCC)	Run shared gameplay tests	2026-10-01T11:14:27.4300366Z       Start 15: horde_rt_pipeline_variant_provider_tests
Shared simulation host (GCC)	Run shared gameplay tests	2026-10-01T11:14:27.4315329Z 15/55 Test #15: horde_rt_pipeline_variant_provider_tests ................   Passed    0.00 sec
Shared simulation host (GCC)	Run shared gameplay tests	2026-10-01T11:14:27.4316663Z       Start 16: horde_rt_pipeline_bundle_contracts_tests
Shared simulation host (GCC)	Run shared gameplay tests	2026-10-01T11:14:27.4484398Z 16/55 Test #16: horde_rt_pipeline_bundle_contracts_tests ................   Passed    0.02 sec
Shared simulation host (GCC)	Run shared gameplay tests	2026-10-01T11:14:27.4485645Z       Start 17: horde_rt_provider_shipping_mobile_fixture
Shared simulation host (GCC)	Run shared gameplay tests	2026-10-01T11:14:27.4538762Z 17/55 Test #17: horde_rt_provider_shipping_mobile_fixture ...............   Passed    0.01 sec
Shared simulation host (GCC)	Run shared gameplay tests	2026-10-01T11:14:27.4540280Z       Start 18: horde_rt_provider_shipping_mobile_fixture_evidence
Shared simulation host (GCC)	Run shared gameplay tests	2026-10-01T11:14:44.1281586Z 18/55 Test #18: horde_rt_provider_shipping_mobile_fixture_evidence ......   Passed   16.67 sec
Shared simulation host (GCC)	Run shared gameplay tests	2026-10-01T11:14:44.1282726Z       Start 19: horde_rt_provider_shipping_high_fixture
Shared simulation host (GCC)	Run shared gameplay tests	2026-10-01T11:14:44.1341431Z 19/55 Test #19: horde_rt_provider_shipping_high_fixture .................   Passed    0.01 sec
Shared simulation host (GCC)	Run shared gameplay tests	2026-10-01T11:14:44.1342797Z       Start 20: horde_rt_provider_shipping_high_fixture_evidence
Shared simulation host (GCC)	Run shared gameplay tests	2026-10-01T11:14:59.9842803Z 20/55 Test #20: horde_rt_provider_shipping_high_fixture_evidence ........   Passed   15.85 sec
Shared simulation host (GCC)	Run shared gameplay tests	2026-10-01T11:14:59.9846854Z       Start 21: horde_rt_provider_diagnostic_mobile_fixture
Shared simulation host (GCC)	Run shared gameplay tests	2026-10-01T11:14:59.9903590Z 21/55 Test #21: horde_rt_provider_diagnostic_mobile_fixture .............   Passed    0.01 sec
Shared simulation host (GCC)	Run shared gameplay tests	2026-10-01T11:14:59.9905022Z       Start 22: horde_rt_provider_diagnostic_mobile_fixture_evidence
Shared simulation host (GCC)	Run shared gameplay tests	2026-10-01T11:15:15.8807070Z 22/55 Test #22: horde_rt_provider_diagnostic_mobile_fixture_evidence ....   Passed   15.89 sec
Shared simulation host (GCC)	Run shared gameplay tests	2026-10-01T11:15:15.8808383Z       Start 23: horde_rt_provider_diagnostic_high_fixture
Shared simulation host (GCC)	Run shared gameplay tests	2026-10-01T11:15:15.8867375Z 23/55 Test #23: horde_rt_provider_diagnostic_high_fixture ...............   Passed    0.01 sec
Shared simulation host (GCC)	Run shared gameplay tests	2026-10-01T11:15:15.8869014Z       Start 24: horde_rt_provider_diagnostic_high_fixture_evidence
Shared simulation host (GCC)	Run shared gameplay tests	2026-10-01T11:15:31.6272150Z 24/55 Test #24: horde_rt_provider_diagnostic_high_fixture_evidence ......   Passed   15.74 sec
Shared simulation host (GCC)	Run shared gameplay tests	2026-10-01T11:15:31.6273199Z       Start 25: horde_rt_github_release_updater_tests
Shared simulation host (GCC)	Run shared gameplay tests	2026-10-01T11:15:31.6295023Z 25/55 Test #25: horde_rt_github_release_updater_tests ...................   Passed    0.00 sec
Shared simulation host (GCC)	Run shared gameplay tests	2026-10-01T11:15:31.6296391Z       Start 26: horde_rt_version_contract_tests
Shared simulation host (GCC)	Run shared gameplay tests	2026-10-01T11:15:31.6405666Z 26/55 Test #26: horde_rt_version_contract_tests .........................   Passed    0.01 sec
Shared simulation host (GCC)	Run shared gameplay tests	2026-10-01T11:15:31.6407310Z       Start 27: horde_rt_version_contract_incremental_configure_tests
Shared simulation host (GCC)	Run shared gameplay tests	2026-10-01T11:15:33.9511958Z 27/55 Test #27: horde_rt_version_contract_incremental_configure_tests ...   Passed    2.31 sec
Shared simulation host (GCC)	Run shared gameplay tests	2026-10-01T11:15:33.9662645Z       Start 28: horde_rt_dielectric_math_tests
Shared simulation host (GCC)	Run shared gameplay tests	2026-10-01T11:15:33.9736987Z 28/55 Test #28: horde_rt_dielectric_math_tests ..........................   Passed    0.01 sec
Shared simulation host (GCC)	Run shared gameplay tests	2026-10-01T11:15:33.9738526Z       Start 29: horde_rt_player_animation_tests
Shared simulation host (GCC)	Run shared gameplay tests	2026-10-01T11:15:33.9764746Z 29/55 Test #29: horde_rt_player_animation_tests .........................   Passed    0.00 sec
Shared simulation host (GCC)	Run shared gameplay tests	2026-10-01T11:15:33.9766622Z       Start 30: horde_rt_fire_emitter_tests
Shared simulation host (GCC)	Run shared gameplay tests	2026-10-01T11:15:33.9788180Z 30/55 Test #30: horde_rt_fire_emitter_tests .............................   Passed    0.00 sec
Shared simulation host (GCC)	Run shared gameplay tests	2026-10-01T11:15:33.9789655Z       Start 31: horde_rt_held_item_socket_tests
Shared simulation host (GCC)	Run shared gameplay tests	2026-10-01T11:15:34.0331863Z 31/55 Test #31: horde_rt_held_item_socket_tests .........................   Passed    0.05 sec
Shared simulation host (GCC)	Run shared gameplay tests	2026-10-01T11:15:34.0332999Z       Start 32: horde_rt_development_static_asset_tests
Shared simulation host (GCC)	Run shared gameplay tests	2026-10-01T11:15:34.0356780Z 32/55 Test #32: horde_rt_development_static_asset_tests .................   Passed    0.00 sec
Shared simulation host (GCC)	Run shared gameplay tests	2026-10-01T11:15:34.0357967Z       Start 33: horde_rt_scene_abi_tests
Shared simulation host (GCC)	Run shared gameplay tests	2026-10-01T11:15:34.0374689Z 33/55 Test #33: horde_rt_scene_abi_tests ................................   Passed    0.00 sec
Shared simulation host (GCC)	Run shared gameplay tests	2026-10-01T11:15:34.0376271Z       Start 34: horde_rt_static_gltf_asset_tests
Shared simulation host (GCC)	Run shared gameplay tests	2026-10-01T11:15:34.0772311Z 34/55 Test #34: horde_rt_static_gltf_asset_tests ........................   Passed    0.04 sec
Shared simulation host (GCC)	Run shared gameplay tests	2026-10-01T11:15:34.0773644Z       Start 35: horde_rt_production_prop_asset_tests
Shared simulation host (GCC)	Run shared gameplay tests	2026-10-01T11:15:34.1094205Z 35/55 Test #35: horde_rt_production_prop_asset_tests ....................   Passed    0.03 sec
Shared simulation host (GCC)	Run shared gameplay tests	2026-10-01T11:15:34.1096642Z       Start 36: horde_rt_simulation_timing_tests
Shared simulation host (GCC)	Run shared gameplay tests	2026-10-01T11:15:34.1130649Z 36/55 Test #36: horde_rt_simulation_timing_tests ........................   Passed    0.00 sec
Shared simulation host (GCC)	Run shared gameplay tests	2026-10-01T11:15:34.1132191Z       Start 37: horde_rt_simulation_gameplay_tests
Shared simulation host (GCC)	Run shared gameplay tests	2026-10-01T11:15:34.1194913Z 37/55 Test #37: horde_rt_simulation_gameplay_tests ......................   Passed    0.01 sec
Shared simulation host (GCC)	Run shared gameplay tests	2026-10-01T11:15:34.1196619Z       Start 38: horde_rt_music_director_tests
Shared simulation host (GCC)	Run shared gameplay tests	2026-10-01T11:15:34.1219349Z 38/55 Test #38: horde_rt_music_director_tests ...........................   Passed    0.00 sec
Shared simulation host (GCC)	Run shared gameplay tests	2026-10-01T11:15:34.1220994Z       Start 39: horde_rt_music_pcm_stream_tests
Shared simulation host (GCC)	Run shared gameplay tests	2026-10-01T11:15:34.3304608Z 39/55 Test #39: horde_rt_music_pcm_stream_tests .........................   Passed    0.21 sec
Shared simulation host (GCC)	Run shared gameplay tests	2026-10-01T11:15:34.3306041Z       Start 40: horde_rt_music_pcm_wave_tests
Shared simulation host (GCC)	Run shared gameplay tests	2026-10-01T11:15:34.3515346Z 40/55 Test #40: horde_rt_music_pcm_wave_tests ...........................   Passed    0.02 sec
Shared simulation host (GCC)	Run shared gameplay tests	2026-10-01T11:15:34.3518474Z       Start 41: horde_rt_music_pcm_asset_bank_tests
Shared simulation host (GCC)	Run shared gameplay tests	2026-10-01T11:15:34.5200237Z 41/55 Test #41: horde_rt_music_pcm_asset_bank_tests .....................   Passed    0.17 sec
Shared simulation host (GCC)	Run shared gameplay tests	2026-10-01T11:15:34.5201480Z       Start 42: horde_rt_music_playback_session_tests
Shared simulation host (GCC)	Run shared gameplay tests	2026-10-01T11:15:34.7972899Z 42/55 Test #42: horde_rt_music_playback_session_tests ...................   Passed    0.28 sec
Shared simulation host (GCC)	Run shared gameplay tests	2026-10-01T11:15:34.7974730Z       Start 43: horde_rt_playtest_report_tests
Shared simulation host (GCC)	Run shared gameplay tests	2026-10-01T11:15:34.7995909Z 43/55 Test #43: horde_rt_playtest_report_tests ..........................   Passed    0.00 sec
Shared simulation host (GCC)	Run shared gameplay tests	2026-10-01T11:15:34.7997600Z       Start 44: horde_rt_music_asset_admission_tests
Shared simulation host (GCC)	Run shared gameplay tests	2026-10-01T11:15:40.8356855Z 44/55 Test #44: horde_rt_music_asset_admission_tests ....................   Passed    6.04 sec
Shared simulation host (GCC)	Run shared gameplay tests	2026-10-01T11:15:40.8358341Z       Start 45: horde_rt_pocket_audio_core_pin_tests
Shared simulation host (GCC)	Run shared gameplay tests	2026-10-01T11:15:41.4992515Z 45/55 Test #45: horde_rt_pocket_audio_core_pin_tests ....................   Passed    0.66 sec
Shared simulation host (GCC)	Run shared gameplay tests	2026-10-01T11:15:41.4993988Z       Start 46: horde_rt_lantern_reward_tests
Shared simulation host (GCC)	Run shared gameplay tests	2026-10-01T11:15:41.5015384Z 46/55 Test #46: horde_rt_lantern_reward_tests ...........................   Passed    0.00 sec
Shared simulation host (GCC)	Run shared gameplay tests	2026-10-01T11:15:41.5017401Z       Start 47: horde_rt_lantern_pendulum_tests
Shared simulation host (GCC)	Run shared gameplay tests	2026-10-01T11:15:41.5042274Z 47/55 Test #47: horde_rt_lantern_pendulum_tests .........................   Passed    0.00 sec
Shared simulation host (GCC)	Run shared gameplay tests	2026-10-01T11:15:41.5043669Z       Start 48: horde_rt_input_mailbox_stress
Shared simulation host (GCC)	Run shared gameplay tests	2026-10-01T11:15:41.5600648Z 48/55 Test #48: horde_rt_input_mailbox_stress ...........................   Passed    0.06 sec
Shared simulation host (GCC)	Run shared gameplay tests	2026-10-01T11:15:41.5601967Z       Start 49: horde_rt_desktop_controller_input_tests
Shared simulation host (GCC)	Run shared gameplay tests	2026-10-01T11:15:41.5634766Z 49/55 Test #49: horde_rt_desktop_controller_input_tests .................   Passed    0.00 sec
Shared simulation host (GCC)	Run shared gameplay tests	2026-10-01T11:15:41.5637003Z       Start 50: horde_rt_gpu_timestamp_math_tests
Shared simulation host (GCC)	Run shared gameplay tests	2026-10-01T11:15:41.5652362Z 50/55 Test #50: horde_rt_gpu_timestamp_math_tests .......................   Passed    0.00 sec
Shared simulation host (GCC)	Run shared gameplay tests	2026-10-01T11:15:41.5653684Z       Start 51: horde_rt_combat_smoke
Shared simulation host (GCC)	Run shared gameplay tests	2026-10-01T11:15:41.5674423Z 51/55 Test #51: horde_rt_combat_smoke ...................................   Passed    0.00 sec
Shared simulation host (GCC)	Run shared gameplay tests	2026-10-01T11:15:41.5675876Z       Start 52: horde_rt_showcase_route_smoke
Shared simulation host (GCC)	Run shared gameplay tests	2026-10-01T11:15:41.5691535Z 52/55 Test #52: horde_rt_showcase_route_smoke ...........................   Passed    0.00 sec
Shared simulation host (GCC)	Run shared gameplay tests	2026-10-01T11:15:41.5692946Z       Start 53: horde_rt_showcase_gameplay_smoke
Shared simulation host (GCC)	Run shared gameplay tests	2026-10-01T11:15:41.5710186Z 53/55 Test #53: horde_rt_showcase_gameplay_smoke ........................   Passed    0.00 sec
Shared simulation host (GCC)	Run shared gameplay tests	2026-10-01T11:15:41.5711466Z       Start 54: horde_rt_spatial_audio_smoke
Shared simulation host (GCC)	Run shared gameplay tests	2026-10-01T11:15:41.5745185Z 54/55 Test #54: horde_rt_spatial_audio_smoke ............................   Passed    0.00 sec
Shared simulation host (GCC)	Run shared gameplay tests	2026-10-01T11:15:41.5746479Z       Start 55: pocket_audio_native_pcm_tests
Shared simulation host (GCC)	Run shared gameplay tests	2026-10-01T11:15:41.5761878Z 55/55 Test #55: pocket_audio_native_pcm_tests ...........................   Passed    0.00 sec
Shared simulation host (GCC)	Run shared gameplay tests	2026-10-01T11:15:41.5766398Z 
Shared simulation host (GCC)	Run shared gameplay tests	2026-10-01T11:15:41.5766807Z 100% tests passed, 0 tests failed out of 55
Shared simulation host (GCC)	Run shared gameplay tests	2026-10-01T11:15:41.5767161Z 
Shared simulation host (GCC)	Run shared gameplay tests	2026-10-01T11:15:41.5767266Z Total Test time (real) =  77.62 sec
Shared simulation host (GCC)	Check offline gauntlet chirality and UV winding	﻿2026-10-01T11:15:41.6660256Z ##[group]Run python -m unittest discover -s tests -p test_player_gauntlet_geometry.py -v
Shared simulation host (GCC)	Check offline gauntlet chirality and UV winding	2026-10-01T11:15:41.6660920Z ^[[36;1mpython -m unittest discover -s tests -p test_player_gauntlet_geometry.py -v^[[0m
Shared simulation host (GCC)	Check offline gauntlet chirality and UV winding	2026-10-01T11:15:41.6722849Z shell: /usr/bin/bash -e {0}
Shared simulation host (GCC)	Check offline gauntlet chirality and UV winding	2026-10-01T11:15:41.6723115Z ##[endgroup]
Shared simulation host (GCC)	Check offline gauntlet chirality and UV winding	2026-10-01T11:15:41.7521113Z test_invalid_chirality_is_rejected (test_player_gauntlet_geometry.GauntletGeometryTests.test_invalid_chirality_is_rejected) ... ok
Shared simulation host (GCC)	Check offline gauntlet chirality and UV winding	2026-10-01T11:15:41.7523023Z test_legacy_uv_mode_is_explicit_not_default (test_player_gauntlet_geometry.GauntletGeometryTests.test_legacy_uv_mode_is_explicit_not_default) ... ok
Shared simulation host (GCC)	Check offline gauntlet chirality and UV winding	2026-10-01T11:15:41.7524913Z test_mirror_preserves_vertex_to_uv_correspondence (test_player_gauntlet_geometry.GauntletGeometryTests.test_mirror_preserves_vertex_to_uv_correspondence) ... ok
Shared simulation host (GCC)	Check offline gauntlet chirality and UV winding	2026-10-01T11:15:41.7527313Z test_mismatched_corner_roster_is_rejected (test_player_gauntlet_geometry.GauntletGeometryTests.test_mismatched_corner_roster_is_rejected) ... ok
Shared simulation host (GCC)	Check offline gauntlet chirality and UV winding	2026-10-01T11:15:41.7529265Z test_right_source_is_mirrored_only_for_left_hand (test_player_gauntlet_geometry.GauntletGeometryTests.test_right_source_is_mirrored_only_for_left_hand) ... ok
Shared simulation host (GCC)	Check offline gauntlet chirality and UV winding	2026-10-01T11:15:41.7531157Z test_unmirrored_source_preserves_all_corners (test_player_gauntlet_geometry.GauntletGeometryTests.test_unmirrored_source_preserves_all_corners) ... ok
Shared simulation host (GCC)	Check offline gauntlet chirality and UV winding	2026-10-01T11:15:41.7532202Z 
Shared simulation host (GCC)	Check offline gauntlet chirality and UV winding	2026-10-01T11:15:41.7532524Z ----------------------------------------------------------------------
Shared simulation host (GCC)	Check offline gauntlet chirality and UV winding	2026-10-01T11:15:41.7533088Z Ran 6 tests in 0.000s
Shared simulation host (GCC)	Check offline gauntlet chirality and UV winding	2026-10-01T11:15:41.7533324Z 
Shared simulation host (GCC)	Check offline gauntlet chirality and UV winding	2026-10-01T11:15:41.7533451Z OK
Shared simulation host (GCC)	Check exact player cloth seam weight transfers	﻿2026-10-01T11:15:41.7615209Z ##[group]Run python -m unittest discover -s tests -p test_player_sleeve_seams.py -v
Shared simulation host (GCC)	Check exact player cloth seam weight transfers	2026-10-01T11:15:41.7615823Z ^[[36;1mpython -m unittest discover -s tests -p test_player_sleeve_seams.py -v^[[0m
Shared simulation host (GCC)	Check exact player cloth seam weight transfers	2026-10-01T11:15:41.7674510Z shell: /usr/bin/bash -e {0}
Shared simulation host (GCC)	Check exact player cloth seam weight transfers	2026-10-01T11:15:41.7674783Z ##[endgroup]
Shared simulation host (GCC)	Check exact player cloth seam weight transfers	2026-10-01T11:15:41.8261563Z test_conflicting_coincident_view_endpoint_records_fail (test_player_sleeve_seams.PlayerSleeveSeamTests.test_conflicting_coincident_view_endpoint_records_fail) ... ok
Shared simulation host (GCC)	Check exact player cloth seam weight transfers	2026-10-01T11:15:41.8265844Z test_explicit_body_remainder_preserves_the_same_cloth_seam (test_player_sleeve_seams.PlayerSleeveSeamTests.test_explicit_body_remainder_preserves_the_same_cloth_seam) ... ok
Shared simulation host (GCC)	Check exact player cloth seam weight transfers	2026-10-01T11:15:41.8267830Z test_invalid_face_index_fails (test_player_sleeve_seams.PlayerSleeveSeamTests.test_invalid_face_index_fails) ... ok
Shared simulation host (GCC)	Check exact player cloth seam weight transfers	2026-10-01T11:15:41.8270271Z test_negative_or_unnormalized_weight_fails (test_player_sleeve_seams.PlayerSleeveSeamTests.test_negative_or_unnormalized_weight_fails) ... ok
Shared simulation host (GCC)	Check exact player cloth seam weight transfers	2026-10-01T11:15:41.8271973Z test_nonfinite_position_fails (test_player_sleeve_seams.PlayerSleeveSeamTests.test_nonfinite_position_fails) ... ok
Shared simulation host (GCC)	Check exact player cloth seam weight transfers	2026-10-01T11:15:41.8274611Z test_nonmanifold_and_degenerate_sleeve_edges_fail (test_player_sleeve_seams.PlayerSleeveSeamTests.test_nonmanifold_and_degenerate_sleeve_edges_fail) ... ok
Shared simulation host (GCC)	Check exact player cloth seam weight transfers	2026-10-01T11:15:41.8281554Z test_retained_world_authoring_roundoff_does_not_relax_canonical_weights (test_player_sleeve_seams.PlayerSleeveSeamTests.test_retained_world_authoring_roundoff_does_not_relax_canonical_weights) ... ok
Shared simulation host (GCC)	Check exact player cloth seam weight transfers	2026-10-01T11:15:41.8284458Z test_transfers_canonical_shared_boundary_weights_without_mutating_inputs (test_player_sleeve_seams.PlayerSleeveSeamTests.test_transfers_canonical_shared_boundary_weights_without_mutating_inputs) ... ok
Shared simulation host (GCC)	Check exact player cloth seam weight transfers	2026-10-01T11:15:41.8286042Z test_unknown_view_bone_name_fails (test_player_sleeve_seams.PlayerSleeveSeamTests.test_unknown_view_bone_name_fails) ... ok
Shared simulation host (GCC)	Check exact player cloth seam weight transfers	2026-10-01T11:15:41.8290334Z test_unshared_and_no_nearface_edges_do_not_transfer (test_player_sleeve_seams.PlayerSleeveSeamTests.test_unshared_and_no_nearface_edges_do_not_transfer) ... ok
Shared simulation host (GCC)	Check exact player cloth seam weight transfers	2026-10-01T11:15:41.8292145Z test_unused_vertices_may_have_no_deform_weights (test_player_sleeve_seams.PlayerSleeveSeamTests.test_unused_vertices_may_have_no_deform_weights) ... ok
Shared simulation host (GCC)	Check exact player cloth seam weight transfers	2026-10-01T11:15:41.8294132Z test_vertices_shared_with_head_or_gauntlet_are_excluded (test_player_sleeve_seams.PlayerSleeveSeamTests.test_vertices_shared_with_head_or_gauntlet_are_excluded) ... ok
Shared simulation host (GCC)	Check exact player cloth seam weight transfers	2026-10-01T11:15:41.8295224Z 
Shared simulation host (GCC)	Check exact player cloth seam weight transfers	2026-10-01T11:15:41.8295476Z ----------------------------------------------------------------------
Shared simulation host (GCC)	Check exact player cloth seam weight transfers	2026-10-01T11:15:41.8296027Z Ran 12 tests in 0.004s
Shared simulation host (GCC)	Check exact player cloth seam weight transfers	2026-10-01T11:15:41.8296458Z 
Shared simulation host (GCC)	Check exact player cloth seam weight transfers	2026-10-01T11:15:41.8296582Z OK
Shared simulation host (GCC)	Check upper torso partition preserves the head mask	﻿2026-10-01T11:15:41.8392206Z ##[group]Run python -m unittest discover -s tests -p test_player_body_partition.py -v
Shared simulation host (GCC)	Check upper torso partition preserves the head mask	2026-10-01T11:15:41.8392851Z ^[[36;1mpython -m unittest discover -s tests -p test_player_body_partition.py -v^[[0m
Shared simulation host (GCC)	Check upper torso partition preserves the head mask	2026-10-01T11:15:41.8452024Z shell: /usr/bin/bash -e {0}
Shared simulation host (GCC)	Check upper torso partition preserves the head mask	2026-10-01T11:15:41.8452310Z ##[endgroup]
Shared simulation host (GCC)	Check upper torso partition preserves the head mask	2026-10-01T11:15:41.8969950Z test_invalid_or_incompatible_landmarks_reject (test_player_body_partition.BodyPartitionTests.test_invalid_or_incompatible_landmarks_reject) ... ok
Shared simulation host (GCC)	Check upper torso partition preserves the head mask	2026-10-01T11:15:41.8971972Z test_origin_and_scale_are_explicit (test_player_body_partition.BodyPartitionTests.test_origin_and_scale_are_explicit) ... ok
Shared simulation host (GCC)	Check upper torso partition preserves the head mask	2026-10-01T11:15:41.8973508Z test_retains_the_original_head_mask (test_player_body_partition.BodyPartitionTests.test_retains_the_original_head_mask) ... ok
Shared simulation host (GCC)	Check upper torso partition preserves the head mask	2026-10-01T11:15:41.8974372Z 
Shared simulation host (GCC)	Check upper torso partition preserves the head mask	2026-10-01T11:15:41.8974630Z ----------------------------------------------------------------------
Shared simulation host (GCC)	Check upper torso partition preserves the head mask	2026-10-01T11:15:41.8975202Z Ran 3 tests in 0.000s
Shared simulation host (GCC)	Check upper torso partition preserves the head mask	2026-10-01T11:15:41.8975425Z 
Shared simulation host (GCC)	Check upper torso partition preserves the head mask	2026-10-01T11:15:41.8975552Z OK
Shared simulation host (GCC)	Check bounded segmented cloth seam plans	﻿2026-10-01T11:15:41.9063959Z ##[group]Run python -m unittest discover -s tests -p test_player_segmented_seams.py -v
Shared simulation host (GCC)	Check bounded segmented cloth seam plans	2026-10-01T11:15:41.9064612Z ^[[36;1mpython -m unittest discover -s tests -p test_player_segmented_seams.py -v^[[0m
Shared simulation host (GCC)	Check bounded segmented cloth seam plans	2026-10-01T11:15:41.9123832Z shell: /usr/bin/bash -e {0}
Shared simulation host (GCC)	Check bounded segmented cloth seam plans	2026-10-01T11:15:41.9124089Z ##[endgroup]
Shared simulation host (GCC)	Check bounded segmented cloth seam plans	2026-10-01T11:15:41.9680871Z test_already_matching_segments_need_no_split (test_player_segmented_seams.SegmentedSeamTests.test_already_matching_segments_need_no_split) ... ok
Shared simulation host (GCC)	Check bounded segmented cloth seam plans	2026-10-01T11:15:41.9682704Z test_nearby_but_not_coincident_edge_is_not_welded (test_player_segmented_seams.SegmentedSeamTests.test_nearby_but_not_coincident_edge_is_not_welded) ... ok
Shared simulation host (GCC)	Check bounded segmented cloth seam plans	2026-10-01T11:15:41.9684488Z test_no_body_primary_backing_does_not_authorize_a_split (test_player_segmented_seams.SegmentedSeamTests.test_no_body_primary_backing_does_not_authorize_a_split) ... ok
Shared simulation host (GCC)	Check bounded segmented cloth seam plans	2026-10-01T11:15:41.9685906Z test_partial_cloth_coverage_rejects (test_player_segmented_seams.SegmentedSeamTests.test_partial_cloth_coverage_rejects) ... ok
Shared simulation host (GCC)	Check bounded segmented cloth seam plans	2026-10-01T11:15:41.9688417Z test_plans_only_canonical_midpoint_without_mutating_inputs (test_player_segmented_seams.SegmentedSeamTests.test_plans_only_canonical_midpoint_without_mutating_inputs) ... ok
Shared simulation host (GCC)	Check bounded segmented cloth seam plans	2026-10-01T11:15:41.9690211Z test_protected_vertex_rejects (test_player_segmented_seams.SegmentedSeamTests.test_protected_vertex_rejects) ... ok
Shared simulation host (GCC)	Check bounded segmented cloth seam plans	2026-10-01T11:15:41.9692085Z test_same_winding_rejects (test_player_segmented_seams.SegmentedSeamTests.test_same_winding_rejects) ... ok
Shared simulation host (GCC)	Check bounded segmented cloth seam plans	2026-10-01T11:15:41.9692693Z 
Shared simulation host (GCC)	Check bounded segmented cloth seam plans	2026-10-01T11:15:41.9693090Z ----------------------------------------------------------------------
Shared simulation host (GCC)	Check bounded segmented cloth seam plans	2026-10-01T11:15:41.9693720Z Ran 7 tests in 0.001s
Shared simulation host (GCC)	Check bounded segmented cloth seam plans	2026-10-01T11:15:41.9693874Z 
Shared simulation host (GCC)	Check bounded segmented cloth seam plans	2026-10-01T11:15:41.9693960Z OK
Shared simulation host (GCC)	Check Gradle APK artifact resolution	﻿2026-10-01T11:15:41.9789852Z ##[group]Run ./tools/test-resolve-android-apk.ps1
Shared simulation host (GCC)	Check Gradle APK artifact resolution	2026-10-01T11:15:41.9790268Z ^[[36;1m./tools/test-resolve-android-apk.ps1^[[0m
Shared simulation host (GCC)	Check Gradle APK artifact resolution	2026-10-01T11:15:41.9815678Z shell: /usr/bin/pwsh -command ". '{0}'"
Shared simulation host (GCC)	Check Gradle APK artifact resolution	2026-10-01T11:15:41.9815977Z ##[endgroup]
Shared simulation host (GCC)	Check Gradle APK artifact resolution	2026-10-01T11:15:42.4010330Z PASS normal Gradle output
Shared simulation host (GCC)	Check Gradle APK artifact resolution	2026-10-01T11:15:42.4208957Z PASS redirected intermediates output
Shared simulation host (GCC)	Check Gradle APK artifact resolution	2026-10-01T11:15:42.4362253Z PASS wrong variant (rejected)
Shared simulation host (GCC)	Check Gradle APK artifact resolution	2026-10-01T11:15:42.4417730Z PASS wrong artifact type (rejected)
Shared simulation host (GCC)	Check Gradle APK artifact resolution	2026-10-01T11:15:42.4467026Z PASS missing output element (rejected)
Shared simulation host (GCC)	Check Gradle APK artifact resolution	2026-10-01T11:15:42.4521859Z PASS multiple output elements (rejected)
Shared simulation host (GCC)	Check Gradle APK artifact resolution	2026-10-01T11:15:42.4573959Z PASS missing APK file (rejected)
Shared simulation host (GCC)	Check Gradle APK artifact resolution	2026-10-01T11:15:42.4622499Z PASS filename path traversal (rejected)
Shared simulation host (GCC)	Check Gradle APK artifact resolution	2026-10-01T11:15:42.4669414Z PASS escaped listing path (rejected)
Shared simulation host (GCC)	Check Gradle APK artifact resolution	2026-10-01T11:15:42.4718216Z PASS duplicate redirect entries (rejected)
Shared simulation host (GCC)	Check Gradle APK artifact resolution	2026-10-01T11:15:42.4726903Z All 10 resolver cases passed.
Shared simulation host (GCC)	Check Android combat capture expectations	﻿2026-10-01T11:15:42.5282834Z ##[group]Run ./tests/AndroidCombatCaptureExpectations.ps1
Shared simulation host (GCC)	Check Android combat capture expectations	2026-10-01T11:15:42.5283333Z ^[[36;1m./tests/AndroidCombatCaptureExpectations.ps1^[[0m
Shared simulation host (GCC)	Check Android combat capture expectations	2026-10-01T11:15:42.5307324Z shell: /usr/bin/pwsh -command ". '{0}'"
Shared simulation host (GCC)	Check Android combat capture expectations	2026-10-01T11:15:42.5307615Z ##[endgroup]
Shared simulation host (GCC)	Check Android combat capture expectations	2026-10-01T11:15:43.0215818Z Android combat capture expectations: 34 cases passed.
Shared simulation host (GCC)	Check Android combat capture expectations	2026-10-01T11:15:43.0504361Z Android gameplay versus isolated-glass ownership: 16 cases passed.
Shared simulation host (GCC)	Post Check out source	﻿2026-10-01T11:15:43.1104868Z Post job cleanup.
Shared simulation host (GCC)	Post Check out source	2026-10-01T11:15:43.1949554Z [command]/usr/bin/git version
Shared simulation host (GCC)	Post Check out source	2026-10-01T11:15:43.1994392Z git version 2.55.0
Shared simulation host (GCC)	Post Check out source	2026-10-01T11:15:43.2041620Z Temporarily overriding HOME='/home/runner/work/_temp/9b3961a9-30c0-42dd-82d0-6c43b0634ff7' before making global git config changes
Shared simulation host (GCC)	Post Check out source	2026-10-01T11:15:43.2043213Z Adding repository directory to the temporary git global config as a safe directory
Shared simulation host (GCC)	Post Check out source	2026-10-01T11:15:43.2048160Z [command]/usr/bin/git config --global --add safe.directory /home/runner/work/The-Horde-RT-demo/The-Horde-RT-demo
Shared simulation host (GCC)	Post Check out source	2026-10-01T11:15:43.2079751Z Removing SSH command configuration
Shared simulation host (GCC)	Post Check out source	2026-10-01T11:15:43.2086755Z [command]/usr/bin/git config --local --name-only --get-regexp core\.sshCommand
Shared simulation host (GCC)	Post Check out source	2026-10-01T11:15:43.2123683Z [command]/usr/bin/git submodule foreach --recursive sh -c "git config --local --name-only --get-regexp 'core\.sshCommand' && git config --local --unset-all 'core.sshCommand' || :"
Shared simulation host (GCC)	Post Check out source	2026-10-01T11:15:43.2374027Z Removing HTTP extra header
Shared simulation host (GCC)	Post Check out source	2026-10-01T11:15:43.2380030Z [command]/usr/bin/git config --local --name-only --get-regexp http\.https\:\/\/github\.com\/\.extraheader
Shared simulation host (GCC)	Post Check out source	2026-10-01T11:15:43.2421416Z [command]/usr/bin/git submodule foreach --recursive sh -c "git config --local --name-only --get-regexp 'http\.https\:\/\/github\.com\/\.extraheader' && git config --local --unset-all 'http.https://github.com/.extraheader' || :"
Shared simulation host (GCC)	Post Check out source	2026-10-01T11:15:43.2677396Z Removing includeIf entries pointing to credentials config files
Shared simulation host (GCC)	Post Check out source	2026-10-01T11:15:43.2685657Z [command]/usr/bin/git config --local --name-only --get-regexp ^includeIf\.gitdir:
Shared simulation host (GCC)	Post Check out source	2026-10-01T11:15:43.2718759Z includeif.gitdir:/home/runner/work/The-Horde-RT-demo/The-Horde-RT-demo/.git.path
Shared simulation host (GCC)	Post Check out source	2026-10-01T11:15:43.2720007Z includeif.gitdir:/home/runner/work/The-Horde-RT-demo/The-Horde-RT-demo/.git/worktrees/*.path
Shared simulation host (GCC)	Post Check out source	2026-10-01T11:15:43.2721091Z includeif.gitdir:/github/workspace/.git.path
Shared simulation host (GCC)	Post Check out source	2026-10-01T11:15:43.2721901Z includeif.gitdir:/github/workspace/.git/worktrees/*.path
Shared simulation host (GCC)	Post Check out source	2026-10-01T11:15:43.2730100Z [command]/usr/bin/git config --local --get-all includeif.gitdir:/home/runner/work/The-Horde-RT-demo/The-Horde-RT-demo/.git.path
Shared simulation host (GCC)	Post Check out source	2026-10-01T11:15:43.2757898Z /home/runner/work/_temp/git-credentials-053d74aa-75f4-4200-a8a6-66e12c1cc234.config
Shared simulation host (GCC)	Post Check out source	2026-10-01T11:15:43.2770247Z [command]/usr/bin/git config --local --unset includeif.gitdir:/home/runner/work/The-Horde-RT-demo/The-Horde-RT-demo/.git.path /home/runner/work/_temp/git-credentials-053d74aa-75f4-4200-a8a6-66e12c1cc234.config
Shared simulation host (GCC)	Post Check out source	2026-10-01T11:15:43.2812102Z [command]/usr/bin/git config --local --get-all includeif.gitdir:/home/runner/work/The-Horde-RT-demo/The-Horde-RT-demo/.git/worktrees/*.path
Shared simulation host (GCC)	Post Check out source	2026-10-01T11:15:43.2839614Z /home/runner/work/_temp/git-credentials-053d74aa-75f4-4200-a8a6-66e12c1cc234.config
Shared simulation host (GCC)	Post Check out source	2026-10-01T11:15:43.2851565Z [command]/usr/bin/git config --local --unset includeif.gitdir:/home/runner/work/The-Horde-RT-demo/The-Horde-RT-demo/.git/worktrees/*.path /home/runner/work/_temp/git-credentials-053d74aa-75f4-4200-a8a6-66e12c1cc234.config
Shared simulation host (GCC)	Post Check out source	2026-10-01T11:15:43.2891952Z [command]/usr/bin/git config --local --get-all includeif.gitdir:/github/workspace/.git.path
Shared simulation host (GCC)	Post Check out source	2026-10-01T11:15:43.2919697Z /github/runner_temp/git-credentials-053d74aa-75f4-4200-a8a6-66e12c1cc234.config
Shared simulation host (GCC)	Post Check out source	2026-10-01T11:15:43.2929358Z [command]/usr/bin/git config --local --unset includeif.gitdir:/github/workspace/.git.path /github/runner_temp/git-credentials-053d74aa-75f4-4200-a8a6-66e12c1cc234.config
Shared simulation host (GCC)	Post Check out source	2026-10-01T11:15:43.2971713Z [command]/usr/bin/git config --local --get-all includeif.gitdir:/github/workspace/.git/worktrees/*.path
Shared simulation host (GCC)	Post Check out source	2026-10-01T11:15:43.2999033Z /github/runner_temp/git-credentials-053d74aa-75f4-4200-a8a6-66e12c1cc234.config
Shared simulation host (GCC)	Post Check out source	2026-10-01T11:15:43.3008801Z [command]/usr/bin/git config --local --unset includeif.gitdir:/github/workspace/.git/worktrees/*.path /github/runner_temp/git-credentials-053d74aa-75f4-4200-a8a6-66e12c1cc234.config
Shared simulation host (GCC)	Post Check out source	2026-10-01T11:15:43.3055137Z [command]/usr/bin/git submodule foreach --recursive git config --local --show-origin --name-only --get-regexp remote.origin.url
Shared simulation host (GCC)	Post Check out source	2026-10-01T11:15:43.3289519Z Removing credentials config '/home/runner/work/_temp/git-credentials-053d74aa-75f4-4200-a8a6-66e12c1cc234.config'
Shared simulation host (GCC)	Complete job	﻿2026-10-01T11:15:43.3450004Z Cleaning up orphan processes
