shared-gameplay	Set up job	﻿2026-09-29T22:25:26.5759456Z Current runner version: '2.337.0'
shared-gameplay	Set up job	2026-09-29T22:25:26.5781139Z ##[group]Runner Image Provisioner
shared-gameplay	Set up job	2026-09-29T22:25:26.5781928Z Hosted Compute Agent
shared-gameplay	Set up job	2026-09-29T22:25:26.5782422Z Version: 20260828.587
shared-gameplay	Set up job	2026-09-29T22:25:26.5782961Z Commit: abac92662cab4cc7352de4f9f9d2e2419aad9c29
shared-gameplay	Set up job	2026-09-29T22:25:26.5783617Z Build Date: 2026-08-28T16:44:25Z
shared-gameplay	Set up job	2026-09-29T22:25:26.5784167Z Worker ID: {755347b9-6c27-4c7a-8956-352f2fa89295}
shared-gameplay	Set up job	2026-09-29T22:25:26.5784771Z Azure Region: westus
shared-gameplay	Set up job	2026-09-29T22:25:26.5785256Z ##[endgroup]
shared-gameplay	Set up job	2026-09-29T22:25:26.5786429Z ##[group]Operating System
shared-gameplay	Set up job	2026-09-29T22:25:26.5787042Z Ubuntu
shared-gameplay	Set up job	2026-09-29T22:25:26.5787486Z 24.04.5
shared-gameplay	Set up job	2026-09-29T22:25:26.5787947Z LTS
shared-gameplay	Set up job	2026-09-29T22:25:26.5788386Z ##[endgroup]
shared-gameplay	Set up job	2026-09-29T22:25:26.5789010Z ##[group]Runner Image
shared-gameplay	Set up job	2026-09-29T22:25:26.5789550Z Image: ubuntu-24.04
shared-gameplay	Set up job	2026-09-29T22:25:26.5790024Z Version: 20260920.314.1
shared-gameplay	Set up job	2026-09-29T22:25:26.5790877Z Included Software: https://github.com/actions/runner-images/blob/ubuntu24/20260920.314/images/ubuntu/Ubuntu2404-Readme.md
shared-gameplay	Set up job	2026-09-29T22:25:26.5792367Z Image Release: https://github.com/actions/runner-images/releases/tag/ubuntu24%2F20260920.314
shared-gameplay	Set up job	2026-09-29T22:25:26.5793462Z ##[endgroup]
shared-gameplay	Set up job	2026-09-29T22:25:26.5794372Z ##[group]GITHUB_TOKEN Permissions
shared-gameplay	Set up job	2026-09-29T22:25:26.5796141Z Contents: read
shared-gameplay	Set up job	2026-09-29T22:25:26.5796683Z Metadata: read
shared-gameplay	Set up job	2026-09-29T22:25:26.5797137Z ##[endgroup]
shared-gameplay	Set up job	2026-09-29T22:25:26.5799035Z Secret source: Actions
shared-gameplay	Set up job	2026-09-29T22:25:26.5799792Z Cache mode: write
shared-gameplay	Set up job	2026-09-29T22:25:26.5800467Z Prepare workflow directory
shared-gameplay	Set up job	2026-09-29T22:25:26.6054362Z Prepare all required actions
shared-gameplay	Set up job	2026-09-29T22:25:26.6092866Z Getting action download info
shared-gameplay	Set up job	2026-09-29T22:25:26.9527922Z Download action repository 'actions/checkout@v6' (SHA:d23441a48e516b6c34aea4fa41551a30e30af803)
shared-gameplay	Set up job	2026-09-29T22:25:27.3459834Z Complete job name: shared-gameplay
shared-gameplay	Check out source	﻿2026-09-29T22:25:27.4090857Z ##[group]Run actions/checkout@v6
shared-gameplay	Check out source	2026-09-29T22:25:27.4091535Z with:
shared-gameplay	Check out source	2026-09-29T22:25:27.4091971Z   repository: Samfa12-tech/The-Horde-RT-demo
shared-gameplay	Check out source	2026-09-29T22:25:27.4095307Z   token: ***
shared-gameplay	Check out source	2026-09-29T22:25:27.4095682Z   ssh-strict: true
shared-gameplay	Check out source	2026-09-29T22:25:27.4096043Z   ssh-user: git
shared-gameplay	Check out source	2026-09-29T22:25:27.4096396Z   persist-credentials: true
shared-gameplay	Check out source	2026-09-29T22:25:27.4096781Z   clean: true
shared-gameplay	Check out source	2026-09-29T22:25:27.4097135Z   sparse-checkout-cone-mode: true
shared-gameplay	Check out source	2026-09-29T22:25:27.4097538Z   fetch-depth: 1
shared-gameplay	Check out source	2026-09-29T22:25:27.4097877Z   fetch-tags: false
shared-gameplay	Check out source	2026-09-29T22:25:27.4098226Z   show-progress: true
shared-gameplay	Check out source	2026-09-29T22:25:27.4098576Z   lfs: false
shared-gameplay	Check out source	2026-09-29T22:25:27.4099210Z   submodules: false
shared-gameplay	Check out source	2026-09-29T22:25:27.4099569Z   set-safe-directory: true
shared-gameplay	Check out source	2026-09-29T22:25:27.4099985Z   allow-unsafe-pr-checkout: false
shared-gameplay	Check out source	2026-09-29T22:25:27.4100620Z ##[endgroup]
shared-gameplay	Check out source	2026-09-29T22:25:27.4954447Z Syncing repository: Samfa12-tech/The-Horde-RT-demo
shared-gameplay	Check out source	2026-09-29T22:25:27.4956221Z ##[group]Getting Git version info
shared-gameplay	Check out source	2026-09-29T22:25:27.4956866Z Working directory is '/home/runner/work/The-Horde-RT-demo/The-Horde-RT-demo'
shared-gameplay	Check out source	2026-09-29T22:25:27.4957885Z [command]/usr/bin/git version
shared-gameplay	Check out source	2026-09-29T22:25:27.5021392Z git version 2.55.0
shared-gameplay	Check out source	2026-09-29T22:25:27.5047209Z ##[endgroup]
shared-gameplay	Check out source	2026-09-29T22:25:27.5060928Z Temporarily overriding HOME='/home/runner/work/_temp/a08684bb-8768-4b7c-9b85-96f1e9029b51' before making global git config changes
shared-gameplay	Check out source	2026-09-29T22:25:27.5063071Z Adding repository directory to the temporary git global config as a safe directory
shared-gameplay	Check out source	2026-09-29T22:25:27.5064974Z [command]/usr/bin/git config --global --add safe.directory /home/runner/work/The-Horde-RT-demo/The-Horde-RT-demo
shared-gameplay	Check out source	2026-09-29T22:25:27.5110910Z Deleting the contents of '/home/runner/work/The-Horde-RT-demo/The-Horde-RT-demo'
shared-gameplay	Check out source	2026-09-29T22:25:27.5114622Z ##[group]Determining repository object format
shared-gameplay	Check out source	2026-09-29T22:25:27.5116049Z ##[endgroup]
shared-gameplay	Check out source	2026-09-29T22:25:27.5117023Z ##[group]Initializing the repository
shared-gameplay	Check out source	2026-09-29T22:25:27.5121102Z [command]/usr/bin/git init /home/runner/work/The-Horde-RT-demo/The-Horde-RT-demo
shared-gameplay	Check out source	2026-09-29T22:25:27.5261865Z hint: Using 'master' as the name for the initial branch. This default branch name
shared-gameplay	Check out source	2026-09-29T22:25:27.5263343Z hint: will change to "main" in Git 3.0. To configure the initial branch name
shared-gameplay	Check out source	2026-09-29T22:25:27.5265388Z hint: to use in all of your new repositories, which will suppress this warning,
shared-gameplay	Check out source	2026-09-29T22:25:27.5266314Z hint: call:
shared-gameplay	Check out source	2026-09-29T22:25:27.5266801Z hint:
shared-gameplay	Check out source	2026-09-29T22:25:27.5267448Z hint: 	git config --global init.defaultBranch <name>
shared-gameplay	Check out source	2026-09-29T22:25:27.5270209Z hint:
shared-gameplay	Check out source	2026-09-29T22:25:27.5270986Z hint: Names commonly chosen instead of 'master' are 'main', 'trunk' and
shared-gameplay	Check out source	2026-09-29T22:25:27.5272073Z hint: 'development'. The just-created branch can be renamed via this command:
shared-gameplay	Check out source	2026-09-29T22:25:27.5272670Z hint:
shared-gameplay	Check out source	2026-09-29T22:25:27.5273007Z hint: 	git branch -m <name>
shared-gameplay	Check out source	2026-09-29T22:25:27.5273387Z hint:
shared-gameplay	Check out source	2026-09-29T22:25:27.5273878Z hint: Disable this message with "git config set advice.defaultBranchName false"
shared-gameplay	Check out source	2026-09-29T22:25:27.5275342Z Initialized empty Git repository in /home/runner/work/The-Horde-RT-demo/The-Horde-RT-demo/.git/
shared-gameplay	Check out source	2026-09-29T22:25:27.5277807Z [command]/usr/bin/git remote add origin https://github.com/Samfa12-tech/The-Horde-RT-demo
shared-gameplay	Check out source	2026-09-29T22:25:27.5313921Z ##[endgroup]
shared-gameplay	Check out source	2026-09-29T22:25:27.5314931Z ##[group]Disabling automatic garbage collection
shared-gameplay	Check out source	2026-09-29T22:25:27.5316815Z [command]/usr/bin/git config --local gc.auto 0
shared-gameplay	Check out source	2026-09-29T22:25:27.5346514Z ##[endgroup]
shared-gameplay	Check out source	2026-09-29T22:25:27.5347481Z ##[group]Setting up auth
shared-gameplay	Check out source	2026-09-29T22:25:27.5348202Z Removing SSH command configuration
shared-gameplay	Check out source	2026-09-29T22:25:27.5353064Z [command]/usr/bin/git config --local --name-only --get-regexp core\.sshCommand
shared-gameplay	Check out source	2026-09-29T22:25:27.5386475Z [command]/usr/bin/git submodule foreach --recursive sh -c "git config --local --name-only --get-regexp 'core\.sshCommand' && git config --local --unset-all 'core.sshCommand' || :"
shared-gameplay	Check out source	2026-09-29T22:25:27.5814694Z Removing HTTP extra header
shared-gameplay	Check out source	2026-09-29T22:25:27.5820837Z [command]/usr/bin/git config --local --name-only --get-regexp http\.https\:\/\/github\.com\/\.extraheader
shared-gameplay	Check out source	2026-09-29T22:25:27.5851907Z [command]/usr/bin/git submodule foreach --recursive sh -c "git config --local --name-only --get-regexp 'http\.https\:\/\/github\.com\/\.extraheader' && git config --local --unset-all 'http.https://github.com/.extraheader' || :"
shared-gameplay	Check out source	2026-09-29T22:25:27.6041327Z Removing includeIf entries pointing to credentials config files
shared-gameplay	Check out source	2026-09-29T22:25:27.6046420Z [command]/usr/bin/git config --local --name-only --get-regexp ^includeIf\.gitdir:
shared-gameplay	Check out source	2026-09-29T22:25:27.6077368Z [command]/usr/bin/git submodule foreach --recursive git config --local --show-origin --name-only --get-regexp remote.origin.url
shared-gameplay	Check out source	2026-09-29T22:25:27.6280057Z [command]/usr/bin/git config --file /home/runner/work/_temp/git-credentials-9436f740-ae8c-4d50-9ffd-826f86c28bcc.config http.https://github.com/.extraheader AUTHORIZATION: basic ***
shared-gameplay	Check out source	2026-09-29T22:25:27.6320921Z [command]/usr/bin/git config --local includeIf.gitdir:/home/runner/work/The-Horde-RT-demo/The-Horde-RT-demo/.git.path /home/runner/work/_temp/git-credentials-9436f740-ae8c-4d50-9ffd-826f86c28bcc.config
shared-gameplay	Check out source	2026-09-29T22:25:27.6353401Z [command]/usr/bin/git config --local includeIf.gitdir:/home/runner/work/The-Horde-RT-demo/The-Horde-RT-demo/.git/worktrees/*.path /home/runner/work/_temp/git-credentials-9436f740-ae8c-4d50-9ffd-826f86c28bcc.config
shared-gameplay	Check out source	2026-09-29T22:25:27.6390628Z [command]/usr/bin/git config --local includeIf.gitdir:/github/workspace/.git.path /github/runner_temp/git-credentials-9436f740-ae8c-4d50-9ffd-826f86c28bcc.config
shared-gameplay	Check out source	2026-09-29T22:25:27.6425172Z [command]/usr/bin/git config --local includeIf.gitdir:/github/workspace/.git/worktrees/*.path /github/runner_temp/git-credentials-9436f740-ae8c-4d50-9ffd-826f86c28bcc.config
shared-gameplay	Check out source	2026-09-29T22:25:27.6464738Z ##[endgroup]
shared-gameplay	Check out source	2026-09-29T22:25:27.6465801Z ##[group]Fetching the repository
shared-gameplay	Check out source	2026-09-29T22:25:27.6472965Z [command]/usr/bin/git -c protocol.version=2 fetch --no-tags --prune --no-recurse-submodules --depth=1 origin +cbc135ffb7b98167a20a40a72b3e39b96cf36d34:refs/remotes/origin/codex/horde-1.6.1-engineering-pass
shared-gameplay	Check out source	2026-09-29T22:25:30.0170174Z From https://github.com/Samfa12-tech/The-Horde-RT-demo
shared-gameplay	Check out source	2026-09-29T22:25:30.0172427Z  * [new ref]         cbc135ffb7b98167a20a40a72b3e39b96cf36d34 -> origin/codex/horde-1.6.1-engineering-pass
shared-gameplay	Check out source	2026-09-29T22:25:30.0180533Z [command]/usr/bin/git branch --list --remote origin/codex/horde-1.6.1-engineering-pass
shared-gameplay	Check out source	2026-09-29T22:25:30.0208223Z   origin/codex/horde-1.6.1-engineering-pass
shared-gameplay	Check out source	2026-09-29T22:25:30.0216438Z [command]/usr/bin/git rev-parse refs/remotes/origin/codex/horde-1.6.1-engineering-pass
shared-gameplay	Check out source	2026-09-29T22:25:30.0240861Z cbc135ffb7b98167a20a40a72b3e39b96cf36d34
shared-gameplay	Check out source	2026-09-29T22:25:30.0244956Z ##[endgroup]
shared-gameplay	Check out source	2026-09-29T22:25:30.0246424Z ##[group]Determining the checkout info
shared-gameplay	Check out source	2026-09-29T22:25:30.0248120Z ##[endgroup]
shared-gameplay	Check out source	2026-09-29T22:25:30.0249806Z [command]/usr/bin/git sparse-checkout disable
shared-gameplay	Check out source	2026-09-29T22:25:30.0328759Z [command]/usr/bin/git config --local --unset-all extensions.worktreeConfig
shared-gameplay	Check out source	2026-09-29T22:25:30.0357243Z ##[group]Checking out the ref
shared-gameplay	Check out source	2026-09-29T22:25:30.0360446Z [command]/usr/bin/git checkout --progress --force -B codex/horde-1.6.1-engineering-pass refs/remotes/origin/codex/horde-1.6.1-engineering-pass
shared-gameplay	Check out source	2026-09-29T22:25:31.0451368Z Updating files:  87% (1463/1665)
shared-gameplay	Check out source	2026-09-29T22:25:31.0520107Z Updating files:  88% (1466/1665)
shared-gameplay	Check out source	2026-09-29T22:25:31.0531219Z Updating files:  89% (1482/1665)
shared-gameplay	Check out source	2026-09-29T22:25:31.0548380Z Updating files:  90% (1499/1665)
shared-gameplay	Check out source	2026-09-29T22:25:31.0559988Z Updating files:  91% (1516/1665)
shared-gameplay	Check out source	2026-09-29T22:25:31.0581631Z Updating files:  92% (1532/1665)
shared-gameplay	Check out source	2026-09-29T22:25:31.0601664Z Updating files:  93% (1549/1665)
shared-gameplay	Check out source	2026-09-29T22:25:31.0620783Z Updating files:  94% (1566/1665)
shared-gameplay	Check out source	2026-09-29T22:25:31.0630765Z Updating files:  95% (1582/1665)
shared-gameplay	Check out source	2026-09-29T22:25:31.0645466Z Updating files:  96% (1599/1665)
shared-gameplay	Check out source	2026-09-29T22:25:31.0653921Z Updating files:  97% (1616/1665)
shared-gameplay	Check out source	2026-09-29T22:25:31.0666040Z Updating files:  98% (1632/1665)
shared-gameplay	Check out source	2026-09-29T22:25:31.0676532Z Updating files:  99% (1649/1665)
shared-gameplay	Check out source	2026-09-29T22:25:31.0677004Z Updating files: 100% (1665/1665)
shared-gameplay	Check out source	2026-09-29T22:25:31.0677770Z Updating files: 100% (1665/1665), done.
shared-gameplay	Check out source	2026-09-29T22:25:31.0969402Z Switched to a new branch 'codex/horde-1.6.1-engineering-pass'
shared-gameplay	Check out source	2026-09-29T22:25:31.1028896Z branch 'codex/horde-1.6.1-engineering-pass' set up to track 'origin/codex/horde-1.6.1-engineering-pass'.
shared-gameplay	Check out source	2026-09-29T22:25:31.1392296Z ##[endgroup]
shared-gameplay	Check out source	2026-09-29T22:25:31.1436375Z [command]/usr/bin/git log -1 --format=%H
shared-gameplay	Check out source	2026-09-29T22:25:31.1461333Z cbc135ffb7b98167a20a40a72b3e39b96cf36d34
shared-gameplay	Fetch portable-test GLB assets	﻿2026-09-29T22:25:31.1655916Z ##[group]Run git -c lfs.fetchexclude= lfs fetch --include="assets/models/player/runtime/*.glb,assets/models/player/viewmodel/runtime/*.glb,assets/models/props/runtime/*.glb,assets/models/props/runtime/*/*.glb,assets/models/weapons/runtime/*.glb,tests/fixtures/*/*.glb" && git lfs checkout "assets/models/player/runtime/*.glb" "assets/models/player/viewmodel/runtime/*.glb" "assets/models/props/runtime/*.glb" "assets/models/props/runtime/*/*.glb" "assets/models/weapons/runtime/*.glb" "tests/fixtures/*/*.glb"
shared-gameplay	Fetch portable-test GLB assets	2026-09-29T22:25:31.1658901Z ^[[36;1mgit -c lfs.fetchexclude= lfs fetch --include="assets/models/player/runtime/*.glb,assets/models/player/viewmodel/runtime/*.glb,assets/models/props/runtime/*.glb,assets/models/props/runtime/*/*.glb,assets/models/weapons/runtime/*.glb,tests/fixtures/*/*.glb" && git lfs checkout "assets/models/player/runtime/*.glb" "assets/models/player/viewmodel/runtime/*.glb" "assets/models/props/runtime/*.glb" "assets/models/props/runtime/*/*.glb" "assets/models/weapons/runtime/*.glb" "tests/fixtures/*/*.glb"^[[0m
shared-gameplay	Fetch portable-test GLB assets	2026-09-29T22:25:31.1896087Z shell: /usr/bin/bash -e {0}
shared-gameplay	Fetch portable-test GLB assets	2026-09-29T22:25:31.1896457Z ##[endgroup]
shared-gameplay	Fetch portable-test GLB assets	2026-09-29T22:25:31.2175307Z Fetching reference refs/heads/codex/horde-1.6.1-engineering-pass
shared-gameplay	Fetch portable-test GLB assets	2026-09-29T22:25:32.7622055Z Checking out LFS objects: 100% (46/46), 6.9 MB | 0 B/s, done.
shared-gameplay	Configure non-hardware host tests	﻿2026-09-29T22:25:32.8964537Z ##[group]Run cmake -S . -B build/host-ci -DCMAKE_BUILD_TYPE=Release -DBUILD_TESTING=ON -DHORDE_RT_BUILD_VULKAN_TARGETS=OFF
shared-gameplay	Configure non-hardware host tests	2026-09-29T22:25:32.8965248Z ^[[36;1mcmake -S . -B build/host-ci -DCMAKE_BUILD_TYPE=Release -DBUILD_TESTING=ON -DHORDE_RT_BUILD_VULKAN_TARGETS=OFF^[[0m
shared-gameplay	Configure non-hardware host tests	2026-09-29T22:25:32.9025474Z shell: /usr/bin/bash -e {0}
shared-gameplay	Configure non-hardware host tests	2026-09-29T22:25:32.9025719Z ##[endgroup]
shared-gameplay	Configure non-hardware host tests	2026-09-29T22:25:35.4312789Z -- The CXX compiler identification is GNU 13.3.0
shared-gameplay	Configure non-hardware host tests	2026-09-29T22:25:35.5884062Z -- Detecting CXX compiler ABI info
shared-gameplay	Configure non-hardware host tests	2026-09-29T22:25:35.9219791Z -- Detecting CXX compiler ABI info - done
shared-gameplay	Configure non-hardware host tests	2026-09-29T22:25:35.9359595Z -- Check for working CXX compiler: /usr/bin/c++ - skipped
shared-gameplay	Configure non-hardware host tests	2026-09-29T22:25:35.9425634Z -- Detecting CXX compile features
shared-gameplay	Configure non-hardware host tests	2026-09-29T22:25:35.9478541Z -- Detecting CXX compile features - done
shared-gameplay	Configure non-hardware host tests	2026-09-29T22:25:43.7116624Z Generated RT catalog adapter is current.
shared-gameplay	Configure non-hardware host tests	2026-09-29T22:25:43.8896612Z -- Strict non-contracted asset-transform arithmetic enabled for GltfDocument.cpp and StaticMeshAsset.cpp: -fno-fast-math;-ffp-contract=off
shared-gameplay	Configure non-hardware host tests	2026-09-29T22:25:47.2173174Z -- Legacy torch-failure identifiers were rejected by the configured GNU compiler.
shared-gameplay	Configure non-hardware host tests	2026-09-29T22:25:47.2174402Z -- Horde Lantern RT: configuring shared host gameplay tests without Vulkan targets.
shared-gameplay	Configure non-hardware host tests	2026-09-29T22:25:47.2175890Z -- Configuring done (13.8s)
shared-gameplay	Configure non-hardware host tests	2026-09-29T22:25:47.2935736Z -- Generating done (0.1s)
shared-gameplay	Configure non-hardware host tests	2026-09-29T22:25:47.2941666Z -- Build files have been written to: /home/runner/work/The-Horde-RT-demo/The-Horde-RT-demo/build/host-ci
shared-gameplay	Build shared gameplay tests	﻿2026-09-29T22:25:47.3060025Z ##[group]Run cmake --build build/host-ci --config Release --parallel 2
shared-gameplay	Build shared gameplay tests	2026-09-29T22:25:47.3060444Z ^[[36;1mcmake --build build/host-ci --config Release --parallel 2^[[0m
shared-gameplay	Build shared gameplay tests	2026-09-29T22:25:47.3117152Z shell: /usr/bin/bash -e {0}
shared-gameplay	Build shared gameplay tests	2026-09-29T22:25:47.3117392Z ##[endgroup]
shared-gameplay	Build shared gameplay tests	2026-09-29T22:25:47.3373329Z [  1%] Building CXX object CMakeFiles/horde_rt_player_primitive_contract_tests.dir/tests/PlayerPrimitiveContractTests.cpp.o
shared-gameplay	Build shared gameplay tests	2026-09-29T22:25:47.3376218Z [  1%] Building CXX object CMakeFiles/horde_gameplay_simulation.dir/src/gameplay/simulation/GameSimulation.cpp.o
shared-gameplay	Build shared gameplay tests	2026-09-29T22:25:48.7268013Z [  2%] Linking CXX executable horde_rt_player_primitive_contract_tests
shared-gameplay	Build shared gameplay tests	2026-09-29T22:25:48.7952654Z [  2%] Built target horde_rt_player_primitive_contract_tests
shared-gameplay	Build shared gameplay tests	2026-09-29T22:25:48.8016306Z [  3%] Building CXX object CMakeFiles/horde_rt_windows_benchmark_launch_tests.dir/tests/WindowsBenchmarkLaunchTests.cpp.o
shared-gameplay	Build shared gameplay tests	2026-09-29T22:25:49.2548304Z [  4%] Linking CXX executable horde_rt_windows_benchmark_launch_tests
shared-gameplay	Build shared gameplay tests	2026-09-29T22:25:49.4193061Z [  4%] Built target horde_rt_windows_benchmark_launch_tests
shared-gameplay	Build shared gameplay tests	2026-09-29T22:25:49.4259437Z [  4%] Building CXX object CMakeFiles/horde_rt_evidence_publication_tests.dir/tests/RtEvidencePublicationTests.cpp.o
shared-gameplay	Build shared gameplay tests	2026-09-29T22:25:49.9069933Z [  5%] Building CXX object CMakeFiles/horde_gameplay_simulation.dir/src/gameplay/animation/PlayerAnimationState.cpp.o
shared-gameplay	Build shared gameplay tests	2026-09-29T22:25:49.9790232Z [  6%] Building CXX object CMakeFiles/horde_rt_evidence_publication_tests.dir/src/telemetry/RtEvidencePublication.cpp.o
shared-gameplay	Build shared gameplay tests	2026-09-29T22:25:50.4540901Z [  7%] Building CXX object CMakeFiles/horde_gameplay_simulation.dir/src/gameplay/animation/PlayerIkTargets.cpp.o
shared-gameplay	Build shared gameplay tests	2026-09-29T22:25:50.4545730Z [  8%] Building CXX object CMakeFiles/horde_rt_evidence_publication_tests.dir/src/telemetry/RtPerformanceEvidence.cpp.o
shared-gameplay	Build shared gameplay tests	2026-09-29T22:25:50.7079354Z [  8%] Building CXX object CMakeFiles/horde_gameplay_simulation.dir/src/gameplay/effects/FireEmitterState.cpp.o
shared-gameplay	Build shared gameplay tests	2026-09-29T22:25:51.0518852Z [  9%] Building CXX object CMakeFiles/horde_gameplay_simulation.dir/src/gameplay/interactions/InteractionState.cpp.o
shared-gameplay	Build shared gameplay tests	2026-09-29T22:25:51.2429906Z [ 10%] Building CXX object CMakeFiles/horde_gameplay_simulation.dir/src/gameplay/interactions/ChestRewardSequence.cpp.o
shared-gameplay	Build shared gameplay tests	2026-09-29T22:25:51.4611841Z [ 10%] Building CXX object CMakeFiles/horde_gameplay_simulation.dir/src/gameplay/interactions/FinaleSequence.cpp.o
shared-gameplay	Build shared gameplay tests	2026-09-29T22:25:51.6275649Z [ 10%] Linking CXX executable horde_rt_evidence_publication_tests
shared-gameplay	Build shared gameplay tests	2026-09-29T22:25:51.7402505Z [ 11%] Building CXX object CMakeFiles/horde_gameplay_simulation.dir/src/gameplay/items/LanternPendulum.cpp.o
shared-gameplay	Build shared gameplay tests	2026-09-29T22:25:51.7812754Z [ 11%] Built target horde_rt_evidence_publication_tests
shared-gameplay	Build shared gameplay tests	2026-09-29T22:25:51.7882473Z [ 12%] Building CXX object CMakeFiles/horde_rt_ray_tracing_requirements_tests.dir/tests/RayTracingRequirementsTests.cpp.o
shared-gameplay	Build shared gameplay tests	2026-09-29T22:25:52.0340873Z [ 13%] Building CXX object CMakeFiles/horde_gameplay_simulation.dir/src/gameplay/items/HeldItemState.cpp.o
shared-gameplay	Build shared gameplay tests	2026-09-29T22:25:52.1111139Z [ 13%] Building CXX object CMakeFiles/horde_gameplay_simulation.dir/src/gameplay/items/HeldItemKinematics.cpp.o
shared-gameplay	Build shared gameplay tests	2026-09-29T22:25:52.2869261Z [ 13%] Building CXX object CMakeFiles/horde_rt_ray_tracing_requirements_tests.dir/src/vulkan/raytracing/RayTracingRequirements.cpp.o
shared-gameplay	Build shared gameplay tests	2026-09-29T22:25:52.4889169Z [ 14%] Linking CXX executable horde_rt_ray_tracing_requirements_tests
shared-gameplay	Build shared gameplay tests	2026-09-29T22:25:52.5320079Z [ 14%] Built target horde_rt_ray_tracing_requirements_tests
shared-gameplay	Build shared gameplay tests	2026-09-29T22:25:52.5380487Z [ 14%] Building CXX object CMakeFiles/horde_rt_performance_evidence_tests.dir/tests/RtPerformanceEvidenceTests.cpp.o
shared-gameplay	Build shared gameplay tests	2026-09-29T22:25:53.0456967Z [ 15%] Building CXX object CMakeFiles/horde_gameplay_simulation.dir/src/gameplay/items/HeldLightState.cpp.o
shared-gameplay	Build shared gameplay tests	2026-09-29T22:25:53.6406814Z [ 16%] Linking CXX static library libhorde_gameplay_simulation.a
shared-gameplay	Build shared gameplay tests	2026-09-29T22:25:54.1891259Z [ 17%] Building CXX object CMakeFiles/horde_rt_performance_evidence_tests.dir/src/telemetry/RtPerformanceEvidence.cpp.o
shared-gameplay	Build shared gameplay tests	2026-09-29T22:25:55.1606633Z [ 18%] Linking CXX executable horde_rt_performance_evidence_tests
shared-gameplay	Build shared gameplay tests	2026-09-29T22:25:55.2041838Z [ 18%] Built target horde_rt_performance_evidence_tests
shared-gameplay	Build shared gameplay tests	2026-09-29T22:25:55.2102477Z [ 19%] Building CXX object CMakeFiles/horde_rt_scene_record_observation_tests.dir/tests/RtSceneRecordObservationTests.cpp.o
shared-gameplay	Build shared gameplay tests	2026-09-29T22:25:55.8720007Z [ 19%] Building CXX object CMakeFiles/horde_rt_scene_record_observation_tests.dir/src/telemetry/RtPerformanceEvidence.cpp.o
shared-gameplay	Build shared gameplay tests	2026-09-29T22:25:56.8484804Z [ 20%] Linking CXX executable horde_rt_scene_record_observation_tests
shared-gameplay	Build shared gameplay tests	2026-09-29T22:25:56.9009649Z [ 20%] Built target horde_rt_scene_record_observation_tests
shared-gameplay	Build shared gameplay tests	2026-09-29T22:25:56.9070506Z [ 21%] Building CXX object CMakeFiles/horde_rt_pipeline_variants_tests.dir/tests/RtPipelineVariantsTests.cpp.o
shared-gameplay	Build shared gameplay tests	2026-09-29T22:25:57.1890391Z [ 21%] Building CXX object CMakeFiles/horde_rt_pipeline_variants_tests.dir/src/vulkan/raytracing/RtPipelineVariants.cpp.o
shared-gameplay	Build shared gameplay tests	2026-09-29T22:25:57.4481030Z [ 22%] Linking CXX executable horde_rt_pipeline_variants_tests
shared-gameplay	Build shared gameplay tests	2026-09-29T22:25:57.4917216Z [ 22%] Built target horde_rt_pipeline_variants_tests
shared-gameplay	Build shared gameplay tests	2026-09-29T22:25:57.4978987Z [ 23%] Building CXX object CMakeFiles/horde_rt_pipeline_variant_provider_tests.dir/tests/RtPipelineVariantProviderTests.cpp.o
shared-gameplay	Build shared gameplay tests	2026-09-29T22:25:57.7837852Z [ 24%] Building CXX object CMakeFiles/horde_rt_pipeline_variant_provider_tests.dir/src/vulkan/raytracing/RtPipelineVariants.cpp.o
shared-gameplay	Build shared gameplay tests	2026-09-29T22:25:58.0490716Z [ 24%] Building CXX object CMakeFiles/horde_rt_pipeline_variant_provider_tests.dir/src/vulkan/raytracing/RtPipelineVariantProvider.cpp.o
shared-gameplay	Build shared gameplay tests	2026-09-29T22:25:58.6171918Z [ 25%] Linking CXX executable horde_rt_pipeline_variant_provider_tests
shared-gameplay	Build shared gameplay tests	2026-09-29T22:25:58.6595976Z [ 25%] Built target horde_rt_pipeline_variant_provider_tests
shared-gameplay	Build shared gameplay tests	2026-09-29T22:25:58.6655489Z [ 25%] Building CXX object CMakeFiles/horde_rt_pipeline_bundle_contracts_tests.dir/tests/RtPipelineBundleContractsTests.cpp.o
shared-gameplay	Build shared gameplay tests	2026-09-29T22:25:59.0520621Z [ 26%] Building CXX object CMakeFiles/horde_rt_pipeline_bundle_contracts_tests.dir/src/vulkan/raytracing/RtPipelineBundleContracts.cpp.o
shared-gameplay	Build shared gameplay tests	2026-09-29T22:25:59.7798486Z [ 27%] Building CXX object CMakeFiles/horde_rt_pipeline_bundle_contracts_tests.dir/src/vulkan/raytracing/RtPipelineVariants.cpp.o
shared-gameplay	Build shared gameplay tests	2026-09-29T22:26:00.0556582Z [ 27%] Building CXX object CMakeFiles/horde_rt_pipeline_bundle_contracts_tests.dir/src/vulkan/raytracing/RtPipelineVariantProvider.cpp.o
shared-gameplay	Build shared gameplay tests	2026-09-29T22:26:00.7124838Z [ 28%] Linking CXX executable horde_rt_pipeline_bundle_contracts_tests
shared-gameplay	Build shared gameplay tests	2026-09-29T22:26:00.7582216Z [ 28%] Built target horde_rt_pipeline_bundle_contracts_tests
shared-gameplay	Build shared gameplay tests	2026-09-29T22:26:00.7640437Z [ 28%] Building CXX object CMakeFiles/horde_rtpv_0_0_obj.dir/src/vulkan/raytracing/RtPipelineVariantProvider.cpp.o
shared-gameplay	Build shared gameplay tests	2026-09-29T22:26:01.3255424Z [ 28%] Built target horde_rtpv_0_0_obj
shared-gameplay	Build shared gameplay tests	2026-09-29T22:26:01.3313463Z [ 29%] Building CXX object CMakeFiles/horde_rtpv_0_1_obj.dir/src/vulkan/raytracing/RtPipelineVariantProvider.cpp.o
shared-gameplay	Build shared gameplay tests	2026-09-29T22:26:01.8934558Z [ 29%] Built target horde_rtpv_0_1_obj
shared-gameplay	Build shared gameplay tests	2026-09-29T22:26:01.9001482Z [ 30%] Building CXX object CMakeFiles/horde_rtpv_1_0_obj.dir/src/vulkan/raytracing/RtPipelineVariantProvider.cpp.o
shared-gameplay	Build shared gameplay tests	2026-09-29T22:26:02.4647405Z [ 30%] Built target horde_rtpv_1_0_obj
shared-gameplay	Build shared gameplay tests	2026-09-29T22:26:02.4707400Z [ 31%] Building CXX object CMakeFiles/horde_rtpv_1_1_obj.dir/src/vulkan/raytracing/RtPipelineVariantProvider.cpp.o
shared-gameplay	Build shared gameplay tests	2026-09-29T22:26:03.0661942Z [ 31%] Built target horde_rtpv_1_1_obj
shared-gameplay	Build shared gameplay tests	2026-09-29T22:26:03.0722274Z [ 32%] Building CXX object CMakeFiles/horde_rt_github_release_updater_tests.dir/tests/GitHubReleaseUpdaterTests.cpp.o
shared-gameplay	Build shared gameplay tests	2026-09-29T22:26:03.1429687Z [ 32%] Built target horde_gameplay_simulation
shared-gameplay	Build shared gameplay tests	2026-09-29T22:26:03.1490638Z [ 33%] Building CXX object CMakeFiles/horde_rt_version_contract_tests.dir/tests/VersionContractTests.cpp.o
shared-gameplay	Build shared gameplay tests	2026-09-29T22:26:03.6797798Z [ 34%] Building CXX object CMakeFiles/horde_rt_github_release_updater_tests.dir/src/update/GitHubReleaseUpdater.cpp.o
shared-gameplay	Build shared gameplay tests	2026-09-29T22:26:05.1848477Z [ 34%] Linking CXX executable horde_rt_github_release_updater_tests
shared-gameplay	Build shared gameplay tests	2026-09-29T22:26:05.2259631Z [ 34%] Built target horde_rt_github_release_updater_tests
shared-gameplay	Build shared gameplay tests	2026-09-29T22:26:05.2319858Z [ 34%] Building CXX object CMakeFiles/horde_rt_version_contract_incremental_configure_tests.dir/tests/VersionContractIncrementalConfigureTests.cpp.o
shared-gameplay	Build shared gameplay tests	2026-09-29T22:26:06.5870326Z [ 35%] Linking CXX executable horde_rt_version_contract_incremental_configure_tests
shared-gameplay	Build shared gameplay tests	2026-09-29T22:26:06.6340680Z [ 35%] Built target horde_rt_version_contract_incremental_configure_tests
shared-gameplay	Build shared gameplay tests	2026-09-29T22:26:06.6401138Z [ 36%] Building CXX object CMakeFiles/horde_rt_dielectric_math_tests.dir/tests/DielectricMathTests.cpp.o
shared-gameplay	Build shared gameplay tests	2026-09-29T22:26:06.8317582Z [ 36%] Linking CXX executable horde_rt_version_contract_tests
shared-gameplay	Build shared gameplay tests	2026-09-29T22:26:06.8774298Z [ 36%] Built target horde_rt_version_contract_tests
shared-gameplay	Build shared gameplay tests	2026-09-29T22:26:06.8837032Z [ 37%] Building CXX object CMakeFiles/horde_rt_player_animation_tests.dir/tests/PlayerAnimationTests.cpp.o
shared-gameplay	Build shared gameplay tests	2026-09-29T22:26:07.6106620Z [ 38%] Linking CXX executable horde_rt_dielectric_math_tests
shared-gameplay	Build shared gameplay tests	2026-09-29T22:26:07.6579691Z [ 38%] Built target horde_rt_dielectric_math_tests
shared-gameplay	Build shared gameplay tests	2026-09-29T22:26:07.6641507Z [ 39%] Building CXX object CMakeFiles/horde_rt_fire_emitter_tests.dir/tests/FireEmitterTests.cpp.o
shared-gameplay	Build shared gameplay tests	2026-09-29T22:26:07.8849091Z [ 39%] Building CXX object CMakeFiles/horde_rt_player_animation_tests.dir/src/telemetry/RtPerformanceEvidence.cpp.o
shared-gameplay	Build shared gameplay tests	2026-09-29T22:26:08.3257181Z [ 40%] Building CXX object CMakeFiles/horde_rt_fire_emitter_tests.dir/src/vulkan/raytracing/FireEmitterBuffer.cpp.o
shared-gameplay	Build shared gameplay tests	2026-09-29T22:26:08.8570939Z [ 41%] Building CXX object CMakeFiles/horde_rt_player_animation_tests.dir/src/scene/assets/SkinnedMeshAsset.cpp.o
shared-gameplay	Build shared gameplay tests	2026-09-29T22:26:08.9776645Z [ 41%] Linking CXX executable horde_rt_fire_emitter_tests
shared-gameplay	Build shared gameplay tests	2026-09-29T22:26:09.0227812Z [ 41%] Built target horde_rt_fire_emitter_tests
shared-gameplay	Build shared gameplay tests	2026-09-29T22:26:09.0291717Z [ 42%] Building CXX object CMakeFiles/horde_rt_held_item_socket_tests.dir/tests/HeldItemSocketTests.cpp.o
shared-gameplay	Build shared gameplay tests	2026-09-29T22:26:10.2240293Z [ 42%] Building CXX object CMakeFiles/horde_rt_held_item_socket_tests.dir/src/scene/assets/AssetManifest.cpp.o
shared-gameplay	Build shared gameplay tests	2026-09-29T22:26:11.4878316Z [ 43%] Building CXX object CMakeFiles/horde_rt_player_animation_tests.dir/src/vulkan/raytracing/PlayerRenderSlot.cpp.o
shared-gameplay	Build shared gameplay tests	2026-09-29T22:26:12.2069151Z [ 44%] Building CXX object CMakeFiles/horde_rt_held_item_socket_tests.dir/src/scene/assets/AssetValidation.cpp.o
shared-gameplay	Build shared gameplay tests	2026-09-29T22:26:12.6007548Z [ 45%] Building CXX object CMakeFiles/horde_rt_held_item_socket_tests.dir/src/scene/assets/GltfDocument.cpp.o
shared-gameplay	Build shared gameplay tests	2026-09-29T22:26:12.9847862Z [ 45%] Linking CXX executable horde_rt_player_animation_tests
shared-gameplay	Build shared gameplay tests	2026-09-29T22:26:13.0349381Z [ 45%] Built target horde_rt_player_animation_tests
shared-gameplay	Build shared gameplay tests	2026-09-29T22:26:13.0409015Z [ 46%] Building CXX object CMakeFiles/horde_rt_development_static_asset_tests.dir/tests/DevelopmentStaticAssetTests.cpp.o
shared-gameplay	Build shared gameplay tests	2026-09-29T22:26:13.8108805Z [ 46%] Linking CXX executable horde_rt_development_static_asset_tests
shared-gameplay	Build shared gameplay tests	2026-09-29T22:26:13.8573194Z [ 46%] Built target horde_rt_development_static_asset_tests
shared-gameplay	Build shared gameplay tests	2026-09-29T22:26:13.8633843Z [ 47%] Building CXX object CMakeFiles/horde_rt_scene_abi_tests.dir/tests/RtSceneAbiTests.cpp.o
shared-gameplay	Build shared gameplay tests	2026-09-29T22:26:14.6108366Z [ 47%] Building CXX object CMakeFiles/horde_rt_held_item_socket_tests.dir/src/scene/assets/StaticMeshAsset.cpp.o
shared-gameplay	Build shared gameplay tests	2026-09-29T22:26:14.7823391Z [ 47%] Building CXX object CMakeFiles/horde_rt_scene_abi_tests.dir/src/vulkan/raytracing/RtStaticMeshSlot.cpp.o
shared-gameplay	Build shared gameplay tests	2026-09-29T22:26:16.2523905Z [ 48%] Building CXX object CMakeFiles/horde_rt_scene_abi_tests.dir/src/vulkan/raytracing/RtTextureArrays.cpp.o
shared-gameplay	Build shared gameplay tests	2026-09-29T22:26:16.5182279Z [ 49%] Linking CXX executable horde_rt_scene_abi_tests
shared-gameplay	Build shared gameplay tests	2026-09-29T22:26:16.5624120Z [ 49%] Built target horde_rt_scene_abi_tests
shared-gameplay	Build shared gameplay tests	2026-09-29T22:26:16.5685934Z [ 49%] Building CXX object CMakeFiles/horde_rt_static_gltf_asset_tests.dir/tests/StaticGltfAssetTests.cpp.o
shared-gameplay	Build shared gameplay tests	2026-09-29T22:26:17.3751754Z [ 50%] Building CXX object CMakeFiles/horde_rt_held_item_socket_tests.dir/src/vulkan/raytracing/HeldItemRenderSlot.cpp.o
shared-gameplay	Build shared gameplay tests	2026-09-29T22:26:17.4309461Z [ 51%] Building CXX object CMakeFiles/horde_rt_held_item_socket_tests.dir/src/vulkan/raytracing/RtStaticMeshSlot.cpp.o
shared-gameplay	Build shared gameplay tests	2026-09-29T22:26:18.8804507Z [ 51%] Linking CXX executable horde_rt_held_item_socket_tests
shared-gameplay	Build shared gameplay tests	2026-09-29T22:26:18.9312992Z [ 51%] Built target horde_rt_held_item_socket_tests
shared-gameplay	Build shared gameplay tests	2026-09-29T22:26:18.9375422Z [ 52%] Building CXX object CMakeFiles/horde_rt_production_prop_asset_tests.dir/tests/ProductionPropAssetTests.cpp.o
shared-gameplay	Build shared gameplay tests	2026-09-29T22:26:19.9354465Z [ 53%] Building CXX object CMakeFiles/horde_rt_static_gltf_asset_tests.dir/src/scene/assets/AssetManifest.cpp.o
shared-gameplay	Build shared gameplay tests	2026-09-29T22:26:21.4612871Z [ 53%] Building CXX object CMakeFiles/horde_rt_production_prop_asset_tests.dir/src/scene/assets/AssetManifest.cpp.o
shared-gameplay	Build shared gameplay tests	2026-09-29T22:26:21.9689405Z [ 54%] Building CXX object CMakeFiles/horde_rt_static_gltf_asset_tests.dir/src/scene/assets/AssetValidation.cpp.o
shared-gameplay	Build shared gameplay tests	2026-09-29T22:26:22.3737323Z [ 55%] Building CXX object CMakeFiles/horde_rt_static_gltf_asset_tests.dir/src/scene/assets/GltfDocument.cpp.o
shared-gameplay	Build shared gameplay tests	2026-09-29T22:26:23.4613913Z [ 56%] Building CXX object CMakeFiles/horde_rt_production_prop_asset_tests.dir/src/scene/assets/AssetValidation.cpp.o
shared-gameplay	Build shared gameplay tests	2026-09-29T22:26:23.8565687Z [ 57%] Building CXX object CMakeFiles/horde_rt_production_prop_asset_tests.dir/src/scene/assets/GltfDocument.cpp.o
shared-gameplay	Build shared gameplay tests	2026-09-29T22:26:24.3995908Z [ 57%] Building CXX object CMakeFiles/horde_rt_static_gltf_asset_tests.dir/src/scene/assets/StaticMeshAsset.cpp.o
shared-gameplay	Build shared gameplay tests	2026-09-29T22:26:25.8809047Z [ 57%] Building CXX object CMakeFiles/horde_rt_production_prop_asset_tests.dir/src/scene/assets/StaticMeshAsset.cpp.o
shared-gameplay	Build shared gameplay tests	2026-09-29T22:26:27.1726717Z [ 58%] Building CXX object CMakeFiles/horde_rt_static_gltf_asset_tests.dir/src/vulkan/raytracing/RtStaticMeshSlot.cpp.o
shared-gameplay	Build shared gameplay tests	2026-09-29T22:26:28.6366042Z [ 59%] Linking CXX executable horde_rt_production_prop_asset_tests
shared-gameplay	Build shared gameplay tests	2026-09-29T22:26:28.6486965Z [ 60%] Linking CXX executable horde_rt_static_gltf_asset_tests
shared-gameplay	Build shared gameplay tests	2026-09-29T22:26:28.6832974Z [ 60%] Built target horde_rt_production_prop_asset_tests
shared-gameplay	Build shared gameplay tests	2026-09-29T22:26:28.6891994Z [ 61%] Building CXX object CMakeFiles/horde_rt_simulation_timing_tests.dir/tests/SimulationTimingTests.cpp.o
shared-gameplay	Build shared gameplay tests	2026-09-29T22:26:28.6982434Z [ 61%] Built target horde_rt_static_gltf_asset_tests
shared-gameplay	Build shared gameplay tests	2026-09-29T22:26:28.7042236Z [ 61%] Building CXX object CMakeFiles/horde_rt_simulation_gameplay_tests.dir/tests/SimulationGameplayTests.cpp.o
shared-gameplay	Build shared gameplay tests	2026-09-29T22:26:29.3407966Z [ 61%] Linking CXX executable horde_rt_simulation_timing_tests
shared-gameplay	Build shared gameplay tests	2026-09-29T22:26:29.3868067Z [ 61%] Built target horde_rt_simulation_timing_tests
shared-gameplay	Build shared gameplay tests	2026-09-29T22:26:29.3929101Z [ 62%] Building CXX object CMakeFiles/horde_rt_lantern_reward_tests.dir/tests/LanternRewardTests.cpp.o
shared-gameplay	Build shared gameplay tests	2026-09-29T22:26:29.8774869Z [ 63%] Linking CXX executable horde_rt_simulation_gameplay_tests
shared-gameplay	Build shared gameplay tests	2026-09-29T22:26:29.9248487Z [ 63%] Built target horde_rt_simulation_gameplay_tests
shared-gameplay	Build shared gameplay tests	2026-09-29T22:26:29.9308826Z [ 64%] Building CXX object CMakeFiles/horde_rt_lantern_pendulum_tests.dir/tests/LanternPendulumTests.cpp.o
shared-gameplay	Build shared gameplay tests	2026-09-29T22:26:30.1645770Z [ 65%] Linking CXX executable horde_rt_lantern_reward_tests
shared-gameplay	Build shared gameplay tests	2026-09-29T22:26:30.2112013Z [ 65%] Built target horde_rt_lantern_reward_tests
shared-gameplay	Build shared gameplay tests	2026-09-29T22:26:30.2171997Z [ 66%] Building CXX object CMakeFiles/horde_rt_input_mailbox_stress.dir/tests/InputMailboxStress.cpp.o
shared-gameplay	Build shared gameplay tests	2026-09-29T22:26:30.5589149Z [ 66%] Linking CXX executable horde_rt_lantern_pendulum_tests
shared-gameplay	Build shared gameplay tests	2026-09-29T22:26:30.6057804Z [ 66%] Built target horde_rt_lantern_pendulum_tests
shared-gameplay	Build shared gameplay tests	2026-09-29T22:26:30.6118361Z [ 67%] Building CXX object CMakeFiles/horde_rt_desktop_controller_input_tests.dir/tests/DesktopControllerInputTests.cpp.o
shared-gameplay	Build shared gameplay tests	2026-09-29T22:26:30.9987222Z [ 68%] Linking CXX executable horde_rt_input_mailbox_stress
shared-gameplay	Build shared gameplay tests	2026-09-29T22:26:31.0435480Z [ 68%] Built target horde_rt_input_mailbox_stress
shared-gameplay	Build shared gameplay tests	2026-09-29T22:26:31.0495229Z [ 69%] Building CXX object CMakeFiles/horde_rt_gpu_timestamp_math_tests.dir/tests/GpuTimestampMathTests.cpp.o
shared-gameplay	Build shared gameplay tests	2026-09-29T22:26:31.2678293Z [ 70%] Linking CXX executable horde_rt_desktop_controller_input_tests
shared-gameplay	Build shared gameplay tests	2026-09-29T22:26:31.3113876Z [ 70%] Built target horde_rt_desktop_controller_input_tests
shared-gameplay	Build shared gameplay tests	2026-09-29T22:26:31.3175433Z [ 71%] Building CXX object CMakeFiles/horde_rt_combat_smoke.dir/tests/SwordCombatSmoke.cpp.o
shared-gameplay	Build shared gameplay tests	2026-09-29T22:26:31.3646932Z [ 72%] Linking CXX executable horde_rt_gpu_timestamp_math_tests
shared-gameplay	Build shared gameplay tests	2026-09-29T22:26:31.4095240Z [ 72%] Built target horde_rt_gpu_timestamp_math_tests
shared-gameplay	Build shared gameplay tests	2026-09-29T22:26:31.4155696Z [ 73%] Building CXX object CMakeFiles/horde_rt_showcase_route_smoke.dir/tests/ShowcaseRouteSmoke.cpp.o
shared-gameplay	Build shared gameplay tests	2026-09-29T22:26:32.3164487Z [ 74%] Linking CXX executable horde_rt_showcase_route_smoke
shared-gameplay	Build shared gameplay tests	2026-09-29T22:26:32.3636837Z [ 74%] Built target horde_rt_showcase_route_smoke
shared-gameplay	Build shared gameplay tests	2026-09-29T22:26:32.3699346Z [ 75%] Building CXX object CMakeFiles/horde_rt_showcase_gameplay_smoke.dir/tests/ShowcaseGameplaySmoke.cpp.o
shared-gameplay	Build shared gameplay tests	2026-09-29T22:26:32.5359508Z [ 75%] Linking CXX executable horde_rt_combat_smoke
shared-gameplay	Build shared gameplay tests	2026-09-29T22:26:32.5829538Z [ 75%] Built target horde_rt_combat_smoke
shared-gameplay	Build shared gameplay tests	2026-09-29T22:26:32.5889798Z [ 76%] Building CXX object CMakeFiles/horde_rt_spatial_audio_smoke.dir/tests/SpatialAudioSmoke.cpp.o
shared-gameplay	Build shared gameplay tests	2026-09-29T22:26:33.4731777Z [ 76%] Linking CXX executable horde_rt_showcase_gameplay_smoke
shared-gameplay	Build shared gameplay tests	2026-09-29T22:26:33.5182605Z [ 76%] Built target horde_rt_showcase_gameplay_smoke
shared-gameplay	Build shared gameplay tests	2026-09-29T22:26:33.5245225Z [ 76%] Building CXX object CMakeFiles/horde_rt_lantern_benchmark_tests.dir/tests/LanternBenchmarkTests.cpp.o
shared-gameplay	Build shared gameplay tests	2026-09-29T22:26:33.5458265Z [ 77%] Linking CXX executable horde_rt_spatial_audio_smoke
shared-gameplay	Build shared gameplay tests	2026-09-29T22:26:33.5901307Z [ 77%] Built target horde_rt_spatial_audio_smoke
shared-gameplay	Build shared gameplay tests	2026-09-29T22:26:33.5963114Z [ 77%] Building CXX object CMakeFiles/horde_rt_benchmark_evidence_report_tests.dir/tests/RtBenchmarkEvidenceReportTests.cpp.o
shared-gameplay	Build shared gameplay tests	2026-09-29T22:26:34.2456315Z [ 78%] Building CXX object CMakeFiles/horde_rt_lantern_benchmark_tests.dir/src/gameplay/ShowcaseBenchmark.cpp.o
shared-gameplay	Build shared gameplay tests	2026-09-29T22:26:34.2980256Z [ 79%] Building CXX object CMakeFiles/horde_rt_benchmark_evidence_report_tests.dir/src/gameplay/ShowcaseBenchmark.cpp.o
shared-gameplay	Build shared gameplay tests	2026-09-29T22:26:35.3959831Z [ 80%] Building CXX object CMakeFiles/horde_rt_lantern_benchmark_tests.dir/src/telemetry/RtBenchmarkEvidenceReport.cpp.o
shared-gameplay	Build shared gameplay tests	2026-09-29T22:26:35.4610140Z [ 81%] Building CXX object CMakeFiles/horde_rt_benchmark_evidence_report_tests.dir/src/telemetry/RtBenchmarkEvidenceReport.cpp.o
shared-gameplay	Build shared gameplay tests	2026-09-29T22:26:36.2440819Z [ 82%] Building CXX object CMakeFiles/horde_rt_lantern_benchmark_tests.dir/src/telemetry/RtBenchmarkEvidenceRun.cpp.o
shared-gameplay	Build shared gameplay tests	2026-09-29T22:26:36.3281179Z [ 83%] Building CXX object CMakeFiles/horde_rt_benchmark_evidence_report_tests.dir/src/telemetry/RtBenchmarkEvidenceRun.cpp.o
shared-gameplay	Build shared gameplay tests	2026-09-29T22:26:36.7673585Z [ 83%] Building CXX object CMakeFiles/horde_rt_lantern_benchmark_tests.dir/src/telemetry/RtPerformanceEvidence.cpp.o
shared-gameplay	Build shared gameplay tests	2026-09-29T22:26:36.8556694Z [ 83%] Building CXX object CMakeFiles/horde_rt_benchmark_evidence_report_tests.dir/src/telemetry/RtPerformanceEvidence.cpp.o
shared-gameplay	Build shared gameplay tests	2026-09-29T22:26:37.7334028Z [ 84%] Linking CXX executable horde_rt_lantern_benchmark_tests
shared-gameplay	Build shared gameplay tests	2026-09-29T22:26:37.7830389Z [ 84%] Built target horde_rt_lantern_benchmark_tests
shared-gameplay	Build shared gameplay tests	2026-09-29T22:26:37.7892978Z [ 85%] Building CXX object CMakeFiles/horde_rt_benchmark_evidence_run_tests.dir/tests/RtBenchmarkEvidenceRunTests.cpp.o
shared-gameplay	Build shared gameplay tests	2026-09-29T22:26:37.8257149Z [ 86%] Linking CXX executable horde_rt_benchmark_evidence_report_tests
shared-gameplay	Build shared gameplay tests	2026-09-29T22:26:37.8722280Z [ 86%] Built target horde_rt_benchmark_evidence_report_tests
shared-gameplay	Build shared gameplay tests	2026-09-29T22:26:37.8783909Z [ 87%] Building CXX object CMakeFiles/horde_rt_provider_shipping_mobile_fixture.dir/tests/RtPipelineVariantFixture.cpp.o
shared-gameplay	Build shared gameplay tests	2026-09-29T22:26:38.3178551Z [ 88%] Building CXX object CMakeFiles/horde_rt_provider_shipping_mobile_fixture.dir/src/vulkan/raytracing/RtPipelineBundleContracts.cpp.o
shared-gameplay	Build shared gameplay tests	2026-09-29T22:26:38.6024090Z [ 88%] Building CXX object CMakeFiles/horde_rt_benchmark_evidence_run_tests.dir/src/telemetry/RtBenchmarkEvidenceRun.cpp.o
shared-gameplay	Build shared gameplay tests	2026-09-29T22:26:39.0296052Z [ 88%] Building CXX object CMakeFiles/horde_rt_provider_shipping_mobile_fixture.dir/src/vulkan/raytracing/RtPipelineVariants.cpp.o
shared-gameplay	Build shared gameplay tests	2026-09-29T22:26:39.1273739Z [ 89%] Building CXX object CMakeFiles/horde_rt_benchmark_evidence_run_tests.dir/src/telemetry/RtBenchmarkEvidenceReport.cpp.o
shared-gameplay	Build shared gameplay tests	2026-09-29T22:26:39.2972106Z [ 90%] Linking CXX executable horde_rt_provider_shipping_mobile_fixture
shared-gameplay	Build shared gameplay tests	2026-09-29T22:26:39.3424784Z [ 90%] Built target horde_rt_provider_shipping_mobile_fixture
shared-gameplay	Build shared gameplay tests	2026-09-29T22:26:39.3486175Z [ 91%] Building CXX object CMakeFiles/horde_rt_provider_shipping_high_fixture.dir/tests/RtPipelineVariantFixture.cpp.o
shared-gameplay	Build shared gameplay tests	2026-09-29T22:26:39.8237138Z [ 92%] Building CXX object CMakeFiles/horde_rt_provider_shipping_high_fixture.dir/src/vulkan/raytracing/RtPipelineBundleContracts.cpp.o
shared-gameplay	Build shared gameplay tests	2026-09-29T22:26:39.9853929Z [ 93%] Building CXX object CMakeFiles/horde_rt_benchmark_evidence_run_tests.dir/src/telemetry/RtPerformanceEvidence.cpp.o
shared-gameplay	Build shared gameplay tests	2026-09-29T22:26:40.5438063Z [ 94%] Building CXX object CMakeFiles/horde_rt_provider_shipping_high_fixture.dir/src/vulkan/raytracing/RtPipelineVariants.cpp.o
shared-gameplay	Build shared gameplay tests	2026-09-29T22:26:40.8064228Z [ 94%] Linking CXX executable horde_rt_provider_shipping_high_fixture
shared-gameplay	Build shared gameplay tests	2026-09-29T22:26:40.8503537Z [ 94%] Built target horde_rt_provider_shipping_high_fixture
shared-gameplay	Build shared gameplay tests	2026-09-29T22:26:40.8566108Z [ 94%] Building CXX object CMakeFiles/horde_rt_provider_diagnostic_mobile_fixture.dir/tests/RtPipelineVariantFixture.cpp.o
shared-gameplay	Build shared gameplay tests	2026-09-29T22:26:40.9568425Z [ 94%] Building CXX object CMakeFiles/horde_rt_benchmark_evidence_run_tests.dir/src/gameplay/ShowcaseBenchmark.cpp.o
shared-gameplay	Build shared gameplay tests	2026-09-29T22:26:41.3020173Z [ 95%] Building CXX object CMakeFiles/horde_rt_provider_diagnostic_mobile_fixture.dir/src/vulkan/raytracing/RtPipelineBundleContracts.cpp.o
shared-gameplay	Build shared gameplay tests	2026-09-29T22:26:42.0151144Z [ 96%] Building CXX object CMakeFiles/horde_rt_provider_diagnostic_mobile_fixture.dir/src/vulkan/raytracing/RtPipelineVariants.cpp.o
shared-gameplay	Build shared gameplay tests	2026-09-29T22:26:42.1279524Z [ 97%] Linking CXX executable horde_rt_benchmark_evidence_run_tests
shared-gameplay	Build shared gameplay tests	2026-09-29T22:26:42.1735500Z [ 97%] Built target horde_rt_benchmark_evidence_run_tests
shared-gameplay	Build shared gameplay tests	2026-09-29T22:26:42.1798405Z [ 98%] Building CXX object CMakeFiles/horde_rt_provider_diagnostic_high_fixture.dir/tests/RtPipelineVariantFixture.cpp.o
shared-gameplay	Build shared gameplay tests	2026-09-29T22:26:42.2842187Z [ 98%] Linking CXX executable horde_rt_provider_diagnostic_mobile_fixture
shared-gameplay	Build shared gameplay tests	2026-09-29T22:26:42.3288990Z [ 98%] Built target horde_rt_provider_diagnostic_mobile_fixture
shared-gameplay	Build shared gameplay tests	2026-09-29T22:26:42.3308383Z [ 98%] Building CXX object CMakeFiles/horde_rt_provider_diagnostic_high_fixture.dir/src/vulkan/raytracing/RtPipelineBundleContracts.cpp.o
shared-gameplay	Build shared gameplay tests	2026-09-29T22:26:42.6093477Z [ 99%] Building CXX object CMakeFiles/horde_rt_provider_diagnostic_high_fixture.dir/src/vulkan/raytracing/RtPipelineVariants.cpp.o
shared-gameplay	Build shared gameplay tests	2026-09-29T22:26:43.0367561Z [100%] Linking CXX executable horde_rt_provider_diagnostic_high_fixture
shared-gameplay	Build shared gameplay tests	2026-09-29T22:26:43.0807302Z [100%] Built target horde_rt_provider_diagnostic_high_fixture
shared-gameplay	Run shared gameplay tests	﻿2026-09-29T22:26:43.1001795Z ##[group]Run ctest --test-dir build/host-ci --build-config Release --output-on-failure
shared-gameplay	Run shared gameplay tests	2026-09-29T22:26:43.1002286Z ^[[36;1mctest --test-dir build/host-ci --build-config Release --output-on-failure^[[0m
shared-gameplay	Run shared gameplay tests	2026-09-29T22:26:43.1057319Z shell: /usr/bin/bash -e {0}
shared-gameplay	Run shared gameplay tests	2026-09-29T22:26:43.1057684Z ##[endgroup]
shared-gameplay	Run shared gameplay tests	2026-09-29T22:26:43.8973538Z Internal ctest changing into directory: /home/runner/work/The-Horde-RT-demo/The-Horde-RT-demo/build/host-ci
shared-gameplay	Run shared gameplay tests	2026-09-29T22:26:44.0698125Z Test project /home/runner/work/The-Horde-RT-demo/The-Horde-RT-demo/build/host-ci
shared-gameplay	Run shared gameplay tests	2026-09-29T22:26:44.2571002Z       Start  1: horde_rt_player_primitive_contract_tests
shared-gameplay	Run shared gameplay tests	2026-09-29T22:26:44.2636974Z  1/45 Test  #1: horde_rt_player_primitive_contract_tests ................   Passed    0.00 sec
shared-gameplay	Run shared gameplay tests	2026-09-29T22:26:44.2689621Z       Start  2: horde_rt_raygen_artifact_ownership_tests
shared-gameplay	Run shared gameplay tests	2026-09-29T22:26:45.1361870Z  2/45 Test  #2: horde_rt_raygen_artifact_ownership_tests ................   Passed    0.87 sec
shared-gameplay	Run shared gameplay tests	2026-09-29T22:26:45.1365071Z       Start  3: horde_rt_player_manifest_agreement_tests
shared-gameplay	Run shared gameplay tests	2026-09-29T22:26:45.8960866Z  3/45 Test  #3: horde_rt_player_manifest_agreement_tests ................   Passed    0.76 sec
shared-gameplay	Run shared gameplay tests	2026-09-29T22:26:45.8962275Z       Start  4: horde_rt_player_package_inventory_tests
shared-gameplay	Run shared gameplay tests	2026-09-29T22:26:46.7738394Z  4/45 Test  #4: horde_rt_player_package_inventory_tests .................   Passed    0.88 sec
shared-gameplay	Run shared gameplay tests	2026-09-29T22:26:46.7739558Z       Start  5: horde_rt_lantern_benchmark_tests
shared-gameplay	Run shared gameplay tests	2026-09-29T22:26:46.7871185Z  5/45 Test  #5: horde_rt_lantern_benchmark_tests ........................   Passed    0.01 sec
shared-gameplay	Run shared gameplay tests	2026-09-29T22:26:46.7872060Z       Start  6: horde_rt_benchmark_evidence_report_tests
shared-gameplay	Run shared gameplay tests	2026-09-29T22:26:46.7895909Z  6/45 Test  #6: horde_rt_benchmark_evidence_report_tests ................   Passed    0.00 sec
shared-gameplay	Run shared gameplay tests	2026-09-29T22:26:46.7897056Z       Start  7: horde_rt_windows_benchmark_launch_tests
shared-gameplay	Run shared gameplay tests	2026-09-29T22:26:46.7909996Z  7/45 Test  #7: horde_rt_windows_benchmark_launch_tests .................   Passed    0.00 sec
shared-gameplay	Run shared gameplay tests	2026-09-29T22:26:46.7911079Z       Start  8: horde_rt_benchmark_evidence_run_tests
shared-gameplay	Run shared gameplay tests	2026-09-29T22:26:46.7966502Z  8/45 Test  #8: horde_rt_benchmark_evidence_run_tests ...................   Passed    0.01 sec
shared-gameplay	Run shared gameplay tests	2026-09-29T22:26:46.7967712Z       Start  9: horde_rt_evidence_publication_tests
shared-gameplay	Run shared gameplay tests	2026-09-29T22:26:46.7982227Z  9/45 Test  #9: horde_rt_evidence_publication_tests .....................   Passed    0.00 sec
shared-gameplay	Run shared gameplay tests	2026-09-29T22:26:46.7983362Z       Start 10: horde_rt_ray_tracing_requirements_tests
shared-gameplay	Run shared gameplay tests	2026-09-29T22:26:46.7996368Z 10/45 Test #10: horde_rt_ray_tracing_requirements_tests .................   Passed    0.00 sec
shared-gameplay	Run shared gameplay tests	2026-09-29T22:26:46.7997645Z       Start 11: horde_rt_performance_evidence_tests
shared-gameplay	Run shared gameplay tests	2026-09-29T22:26:47.0085539Z 11/45 Test #11: horde_rt_performance_evidence_tests .....................   Passed    0.21 sec
shared-gameplay	Run shared gameplay tests	2026-09-29T22:26:47.0086531Z       Start 12: horde_rt_scene_record_observation_tests
shared-gameplay	Run shared gameplay tests	2026-09-29T22:26:47.0103346Z 12/45 Test #12: horde_rt_scene_record_observation_tests .................   Passed    0.00 sec
shared-gameplay	Run shared gameplay tests	2026-09-29T22:26:47.0104373Z       Start 13: horde_rt_pipeline_variants_tests
shared-gameplay	Run shared gameplay tests	2026-09-29T22:26:47.0117053Z 13/45 Test #13: horde_rt_pipeline_variants_tests ........................   Passed    0.00 sec
shared-gameplay	Run shared gameplay tests	2026-09-29T22:26:47.0118287Z       Start 14: horde_rt_pipeline_variant_provider_tests
shared-gameplay	Run shared gameplay tests	2026-09-29T22:26:47.0130866Z 14/45 Test #14: horde_rt_pipeline_variant_provider_tests ................   Passed    0.00 sec
shared-gameplay	Run shared gameplay tests	2026-09-29T22:26:47.0132312Z       Start 15: horde_rt_pipeline_bundle_contracts_tests
shared-gameplay	Run shared gameplay tests	2026-09-29T22:26:47.0269863Z 15/45 Test #15: horde_rt_pipeline_bundle_contracts_tests ................   Passed    0.01 sec
shared-gameplay	Run shared gameplay tests	2026-09-29T22:26:47.0270996Z       Start 16: horde_rt_provider_shipping_mobile_fixture
shared-gameplay	Run shared gameplay tests	2026-09-29T22:26:47.0312858Z 16/45 Test #16: horde_rt_provider_shipping_mobile_fixture ...............   Passed    0.00 sec
shared-gameplay	Run shared gameplay tests	2026-09-29T22:26:47.0314096Z       Start 17: horde_rt_provider_shipping_mobile_fixture_evidence
shared-gameplay	Run shared gameplay tests	2026-09-29T22:26:59.4328926Z 17/45 Test #17: horde_rt_provider_shipping_mobile_fixture_evidence ......   Passed   12.40 sec
shared-gameplay	Run shared gameplay tests	2026-09-29T22:26:59.4330043Z       Start 18: horde_rt_provider_shipping_high_fixture
shared-gameplay	Run shared gameplay tests	2026-09-29T22:26:59.4376344Z 18/45 Test #18: horde_rt_provider_shipping_high_fixture .................   Passed    0.00 sec
shared-gameplay	Run shared gameplay tests	2026-09-29T22:26:59.4377540Z       Start 19: horde_rt_provider_shipping_high_fixture_evidence
shared-gameplay	Run shared gameplay tests	2026-09-29T22:27:11.1665293Z 19/45 Test #19: horde_rt_provider_shipping_high_fixture_evidence ........   Passed   11.73 sec
shared-gameplay	Run shared gameplay tests	2026-09-29T22:27:11.1666175Z       Start 20: horde_rt_provider_diagnostic_mobile_fixture
shared-gameplay	Run shared gameplay tests	2026-09-29T22:27:11.1712730Z 20/45 Test #20: horde_rt_provider_diagnostic_mobile_fixture .............   Passed    0.00 sec
shared-gameplay	Run shared gameplay tests	2026-09-29T22:27:11.1713868Z       Start 21: horde_rt_provider_diagnostic_mobile_fixture_evidence
shared-gameplay	Run shared gameplay tests	2026-09-29T22:27:23.0256572Z 21/45 Test #21: horde_rt_provider_diagnostic_mobile_fixture_evidence ....   Passed   11.85 sec
shared-gameplay	Run shared gameplay tests	2026-09-29T22:27:23.0257490Z       Start 22: horde_rt_provider_diagnostic_high_fixture
shared-gameplay	Run shared gameplay tests	2026-09-29T22:27:23.0303694Z 22/45 Test #22: horde_rt_provider_diagnostic_high_fixture ...............   Passed    0.00 sec
shared-gameplay	Run shared gameplay tests	2026-09-29T22:27:23.0304965Z       Start 23: horde_rt_provider_diagnostic_high_fixture_evidence
shared-gameplay	Run shared gameplay tests	2026-09-29T22:27:34.9690116Z 23/45 Test #23: horde_rt_provider_diagnostic_high_fixture_evidence ......   Passed   11.94 sec
shared-gameplay	Run shared gameplay tests	2026-09-29T22:27:34.9691194Z       Start 24: horde_rt_github_release_updater_tests
shared-gameplay	Run shared gameplay tests	2026-09-29T22:27:34.9709947Z 24/45 Test #24: horde_rt_github_release_updater_tests ...................   Passed    0.00 sec
shared-gameplay	Run shared gameplay tests	2026-09-29T22:27:34.9711374Z       Start 25: horde_rt_version_contract_tests
shared-gameplay	Run shared gameplay tests	2026-09-29T22:27:34.9789310Z 25/45 Test #25: horde_rt_version_contract_tests .........................   Passed    0.01 sec
shared-gameplay	Run shared gameplay tests	2026-09-29T22:27:34.9790489Z       Start 26: horde_rt_version_contract_incremental_configure_tests
shared-gameplay	Run shared gameplay tests	2026-09-29T22:27:37.2967155Z 26/45 Test #26: horde_rt_version_contract_incremental_configure_tests ...   Passed    2.32 sec
shared-gameplay	Run shared gameplay tests	2026-09-29T22:27:37.3199203Z       Start 27: horde_rt_dielectric_math_tests
shared-gameplay	Run shared gameplay tests	2026-09-29T22:27:37.3262254Z 27/45 Test #27: horde_rt_dielectric_math_tests ..........................   Passed    0.01 sec
shared-gameplay	Run shared gameplay tests	2026-09-29T22:27:37.3263595Z       Start 28: horde_rt_player_animation_tests
shared-gameplay	Run shared gameplay tests	2026-09-29T22:27:37.3285195Z 28/45 Test #28: horde_rt_player_animation_tests .........................   Passed    0.00 sec
shared-gameplay	Run shared gameplay tests	2026-09-29T22:27:37.3286593Z       Start 29: horde_rt_fire_emitter_tests
shared-gameplay	Run shared gameplay tests	2026-09-29T22:27:37.3304593Z 29/45 Test #29: horde_rt_fire_emitter_tests .............................   Passed    0.00 sec
shared-gameplay	Run shared gameplay tests	2026-09-29T22:27:37.3305597Z       Start 30: horde_rt_held_item_socket_tests
shared-gameplay	Run shared gameplay tests	2026-09-29T22:27:37.3670097Z 30/45 Test #30: horde_rt_held_item_socket_tests .........................   Passed    0.04 sec
shared-gameplay	Run shared gameplay tests	2026-09-29T22:27:37.3671094Z       Start 31: horde_rt_development_static_asset_tests
shared-gameplay	Run shared gameplay tests	2026-09-29T22:27:37.3690995Z 31/45 Test #31: horde_rt_development_static_asset_tests .................   Passed    0.00 sec
shared-gameplay	Run shared gameplay tests	2026-09-29T22:27:37.3692104Z       Start 32: horde_rt_scene_abi_tests
shared-gameplay	Run shared gameplay tests	2026-09-29T22:27:37.3704989Z 32/45 Test #32: horde_rt_scene_abi_tests ................................   Passed    0.00 sec
shared-gameplay	Run shared gameplay tests	2026-09-29T22:27:37.3706174Z       Start 33: horde_rt_static_gltf_asset_tests
shared-gameplay	Run shared gameplay tests	2026-09-29T22:27:37.4038358Z 33/45 Test #33: horde_rt_static_gltf_asset_tests ........................   Passed    0.03 sec
shared-gameplay	Run shared gameplay tests	2026-09-29T22:27:37.4039702Z       Start 34: horde_rt_production_prop_asset_tests
shared-gameplay	Run shared gameplay tests	2026-09-29T22:27:37.4278360Z 34/45 Test #34: horde_rt_production_prop_asset_tests ....................   Passed    0.02 sec
shared-gameplay	Run shared gameplay tests	2026-09-29T22:27:37.4280529Z       Start 35: horde_rt_simulation_timing_tests
shared-gameplay	Run shared gameplay tests	2026-09-29T22:27:37.4305876Z 35/45 Test #35: horde_rt_simulation_timing_tests ........................   Passed    0.00 sec
shared-gameplay	Run shared gameplay tests	2026-09-29T22:27:37.4307275Z       Start 36: horde_rt_simulation_gameplay_tests
shared-gameplay	Run shared gameplay tests	2026-09-29T22:27:37.4356108Z 36/45 Test #36: horde_rt_simulation_gameplay_tests ......................   Passed    0.00 sec
shared-gameplay	Run shared gameplay tests	2026-09-29T22:27:37.4357275Z       Start 37: horde_rt_lantern_reward_tests
shared-gameplay	Run shared gameplay tests	2026-09-29T22:27:37.4372444Z 37/45 Test #37: horde_rt_lantern_reward_tests ...........................   Passed    0.00 sec
shared-gameplay	Run shared gameplay tests	2026-09-29T22:27:37.4374058Z       Start 38: horde_rt_lantern_pendulum_tests
shared-gameplay	Run shared gameplay tests	2026-09-29T22:27:37.4392631Z 38/45 Test #38: horde_rt_lantern_pendulum_tests .........................   Passed    0.00 sec
shared-gameplay	Run shared gameplay tests	2026-09-29T22:27:37.4394905Z       Start 39: horde_rt_input_mailbox_stress
shared-gameplay	Run shared gameplay tests	2026-09-29T22:27:37.4938148Z 39/45 Test #39: horde_rt_input_mailbox_stress ...........................   Passed    0.05 sec
shared-gameplay	Run shared gameplay tests	2026-09-29T22:27:37.4939295Z       Start 40: horde_rt_desktop_controller_input_tests
shared-gameplay	Run shared gameplay tests	2026-09-29T22:27:37.4966432Z 40/45 Test #40: horde_rt_desktop_controller_input_tests .................   Passed    0.00 sec
shared-gameplay	Run shared gameplay tests	2026-09-29T22:27:37.4967503Z       Start 41: horde_rt_gpu_timestamp_math_tests
shared-gameplay	Run shared gameplay tests	2026-09-29T22:27:37.4980574Z 41/45 Test #41: horde_rt_gpu_timestamp_math_tests .......................   Passed    0.00 sec
shared-gameplay	Run shared gameplay tests	2026-09-29T22:27:37.4981817Z       Start 42: horde_rt_combat_smoke
shared-gameplay	Run shared gameplay tests	2026-09-29T22:27:37.4999058Z 42/45 Test #42: horde_rt_combat_smoke ...................................   Passed    0.00 sec
shared-gameplay	Run shared gameplay tests	2026-09-29T22:27:37.5000213Z       Start 43: horde_rt_showcase_route_smoke
shared-gameplay	Run shared gameplay tests	2026-09-29T22:27:37.5013418Z 43/45 Test #43: horde_rt_showcase_route_smoke ...........................   Passed    0.00 sec
shared-gameplay	Run shared gameplay tests	2026-09-29T22:27:37.5014657Z       Start 44: horde_rt_showcase_gameplay_smoke
shared-gameplay	Run shared gameplay tests	2026-09-29T22:27:37.5028944Z 44/45 Test #44: horde_rt_showcase_gameplay_smoke ........................   Passed    0.00 sec
shared-gameplay	Run shared gameplay tests	2026-09-29T22:27:37.5030374Z       Start 45: horde_rt_spatial_audio_smoke
shared-gameplay	Run shared gameplay tests	2026-09-29T22:27:37.5057314Z 45/45 Test #45: horde_rt_spatial_audio_smoke ............................   Passed    0.00 sec
shared-gameplay	Run shared gameplay tests	2026-09-29T22:27:37.5062100Z 
shared-gameplay	Run shared gameplay tests	2026-09-29T22:27:37.5062246Z 100% tests passed, 0 tests failed out of 45
shared-gameplay	Run shared gameplay tests	2026-09-29T22:27:37.5062467Z 
shared-gameplay	Run shared gameplay tests	2026-09-29T22:27:37.5062579Z Total Test time (real) =  53.44 sec
shared-gameplay	Check offline gauntlet chirality and UV winding	﻿2026-09-29T22:27:37.6461260Z ##[group]Run python3 -m unittest discover -s tests -p test_player_gauntlet_geometry.py -v
shared-gameplay	Check offline gauntlet chirality and UV winding	2026-09-29T22:27:37.6461768Z ^[[36;1mpython3 -m unittest discover -s tests -p test_player_gauntlet_geometry.py -v^[[0m
shared-gameplay	Check offline gauntlet chirality and UV winding	2026-09-29T22:27:37.6515509Z shell: /usr/bin/bash -e {0}
shared-gameplay	Check offline gauntlet chirality and UV winding	2026-09-29T22:27:37.6515724Z ##[endgroup]
shared-gameplay	Check offline gauntlet chirality and UV winding	2026-09-29T22:27:37.7443864Z test_invalid_chirality_is_rejected (test_player_gauntlet_geometry.GauntletGeometryTests.test_invalid_chirality_is_rejected) ... ok
shared-gameplay	Check offline gauntlet chirality and UV winding	2026-09-29T22:27:37.7445172Z test_legacy_uv_mode_is_explicit_not_default (test_player_gauntlet_geometry.GauntletGeometryTests.test_legacy_uv_mode_is_explicit_not_default) ... ok
shared-gameplay	Check offline gauntlet chirality and UV winding	2026-09-29T22:27:37.7446489Z test_mirror_preserves_vertex_to_uv_correspondence (test_player_gauntlet_geometry.GauntletGeometryTests.test_mirror_preserves_vertex_to_uv_correspondence) ... ok
shared-gameplay	Check offline gauntlet chirality and UV winding	2026-09-29T22:27:37.7447763Z test_mismatched_corner_roster_is_rejected (test_player_gauntlet_geometry.GauntletGeometryTests.test_mismatched_corner_roster_is_rejected) ... ok
shared-gameplay	Check offline gauntlet chirality and UV winding	2026-09-29T22:27:37.7449222Z test_right_source_is_mirrored_only_for_left_hand (test_player_gauntlet_geometry.GauntletGeometryTests.test_right_source_is_mirrored_only_for_left_hand) ... ok
shared-gameplay	Check offline gauntlet chirality and UV winding	2026-09-29T22:27:37.7450427Z test_unmirrored_source_preserves_all_corners (test_player_gauntlet_geometry.GauntletGeometryTests.test_unmirrored_source_preserves_all_corners) ... ok
shared-gameplay	Check offline gauntlet chirality and UV winding	2026-09-29T22:27:37.7451176Z 
shared-gameplay	Check offline gauntlet chirality and UV winding	2026-09-29T22:27:37.7451372Z ----------------------------------------------------------------------
shared-gameplay	Check offline gauntlet chirality and UV winding	2026-09-29T22:27:37.7451819Z Ran 6 tests in 0.000s
shared-gameplay	Check offline gauntlet chirality and UV winding	2026-09-29T22:27:37.7451995Z 
shared-gameplay	Check offline gauntlet chirality and UV winding	2026-09-29T22:27:37.7452083Z OK
shared-gameplay	Check exact player cloth seam weight transfers	﻿2026-09-29T22:27:37.7544340Z ##[group]Run python3 -m unittest discover -s tests -p test_player_sleeve_seams.py -v
shared-gameplay	Check exact player cloth seam weight transfers	2026-09-29T22:27:37.7544813Z ^[[36;1mpython3 -m unittest discover -s tests -p test_player_sleeve_seams.py -v^[[0m
shared-gameplay	Check exact player cloth seam weight transfers	2026-09-29T22:27:37.7598377Z shell: /usr/bin/bash -e {0}
shared-gameplay	Check exact player cloth seam weight transfers	2026-09-29T22:27:37.7598746Z ##[endgroup]
shared-gameplay	Check exact player cloth seam weight transfers	2026-09-29T22:27:37.8075456Z test_conflicting_coincident_view_endpoint_records_fail (test_player_sleeve_seams.PlayerSleeveSeamTests.test_conflicting_coincident_view_endpoint_records_fail) ... ok
shared-gameplay	Check exact player cloth seam weight transfers	2026-09-29T22:27:37.8079296Z test_explicit_body_remainder_preserves_the_same_cloth_seam (test_player_sleeve_seams.PlayerSleeveSeamTests.test_explicit_body_remainder_preserves_the_same_cloth_seam) ... ok
shared-gameplay	Check exact player cloth seam weight transfers	2026-09-29T22:27:37.8080621Z test_invalid_face_index_fails (test_player_sleeve_seams.PlayerSleeveSeamTests.test_invalid_face_index_fails) ... ok
shared-gameplay	Check exact player cloth seam weight transfers	2026-09-29T22:27:37.8082871Z test_negative_or_unnormalized_weight_fails (test_player_sleeve_seams.PlayerSleeveSeamTests.test_negative_or_unnormalized_weight_fails) ... ok
shared-gameplay	Check exact player cloth seam weight transfers	2026-09-29T22:27:37.8084146Z test_nonfinite_position_fails (test_player_sleeve_seams.PlayerSleeveSeamTests.test_nonfinite_position_fails) ... ok
shared-gameplay	Check exact player cloth seam weight transfers	2026-09-29T22:27:37.8086970Z test_nonmanifold_and_degenerate_sleeve_edges_fail (test_player_sleeve_seams.PlayerSleeveSeamTests.test_nonmanifold_and_degenerate_sleeve_edges_fail) ... ok
shared-gameplay	Check exact player cloth seam weight transfers	2026-09-29T22:27:37.8092572Z test_retained_world_authoring_roundoff_does_not_relax_canonical_weights (test_player_sleeve_seams.PlayerSleeveSeamTests.test_retained_world_authoring_roundoff_does_not_relax_canonical_weights) ... ok
shared-gameplay	Check exact player cloth seam weight transfers	2026-09-29T22:27:37.8095059Z test_transfers_canonical_shared_boundary_weights_without_mutating_inputs (test_player_sleeve_seams.PlayerSleeveSeamTests.test_transfers_canonical_shared_boundary_weights_without_mutating_inputs) ... ok
shared-gameplay	Check exact player cloth seam weight transfers	2026-09-29T22:27:37.8096528Z test_unknown_view_bone_name_fails (test_player_sleeve_seams.PlayerSleeveSeamTests.test_unknown_view_bone_name_fails) ... ok
shared-gameplay	Check exact player cloth seam weight transfers	2026-09-29T22:27:37.8099969Z test_unshared_and_no_nearface_edges_do_not_transfer (test_player_sleeve_seams.PlayerSleeveSeamTests.test_unshared_and_no_nearface_edges_do_not_transfer) ... ok
shared-gameplay	Check exact player cloth seam weight transfers	2026-09-29T22:27:37.8101398Z test_unused_vertices_may_have_no_deform_weights (test_player_sleeve_seams.PlayerSleeveSeamTests.test_unused_vertices_may_have_no_deform_weights) ... ok
shared-gameplay	Check exact player cloth seam weight transfers	2026-09-29T22:27:37.8102915Z test_vertices_shared_with_head_or_gauntlet_are_excluded (test_player_sleeve_seams.PlayerSleeveSeamTests.test_vertices_shared_with_head_or_gauntlet_are_excluded) ... ok
shared-gameplay	Check exact player cloth seam weight transfers	2026-09-29T22:27:37.8103713Z 
shared-gameplay	Check exact player cloth seam weight transfers	2026-09-29T22:27:37.8103892Z ----------------------------------------------------------------------
shared-gameplay	Check exact player cloth seam weight transfers	2026-09-29T22:27:37.8104271Z Ran 12 tests in 0.003s
shared-gameplay	Check exact player cloth seam weight transfers	2026-09-29T22:27:37.8104417Z 
shared-gameplay	Check exact player cloth seam weight transfers	2026-09-29T22:27:37.8104508Z OK
shared-gameplay	Check upper torso partition preserves the head mask	﻿2026-09-29T22:27:37.8191937Z ##[group]Run python3 -m unittest discover -s tests -p test_player_body_partition.py -v
shared-gameplay	Check upper torso partition preserves the head mask	2026-09-29T22:27:37.8192440Z ^[[36;1mpython3 -m unittest discover -s tests -p test_player_body_partition.py -v^[[0m
shared-gameplay	Check upper torso partition preserves the head mask	2026-09-29T22:27:37.8245944Z shell: /usr/bin/bash -e {0}
shared-gameplay	Check upper torso partition preserves the head mask	2026-09-29T22:27:37.8246151Z ##[endgroup]
shared-gameplay	Check upper torso partition preserves the head mask	2026-09-29T22:27:37.8662389Z test_invalid_or_incompatible_landmarks_reject (test_player_body_partition.BodyPartitionTests.test_invalid_or_incompatible_landmarks_reject) ... ok
shared-gameplay	Check upper torso partition preserves the head mask	2026-09-29T22:27:37.8663401Z test_origin_and_scale_are_explicit (test_player_body_partition.BodyPartitionTests.test_origin_and_scale_are_explicit) ... ok
shared-gameplay	Check upper torso partition preserves the head mask	2026-09-29T22:27:37.8664082Z test_retains_the_original_head_mask (test_player_body_partition.BodyPartitionTests.test_retains_the_original_head_mask) ... ok
shared-gameplay	Check upper torso partition preserves the head mask	2026-09-29T22:27:37.8664449Z 
shared-gameplay	Check upper torso partition preserves the head mask	2026-09-29T22:27:37.8664579Z ----------------------------------------------------------------------
shared-gameplay	Check upper torso partition preserves the head mask	2026-09-29T22:27:37.8664851Z Ran 3 tests in 0.000s
shared-gameplay	Check upper torso partition preserves the head mask	2026-09-29T22:27:37.8689032Z 
shared-gameplay	Check upper torso partition preserves the head mask	2026-09-29T22:27:37.8689230Z OK
shared-gameplay	Check bounded segmented cloth seam plans	﻿2026-09-29T22:27:37.8740473Z ##[group]Run python3 -m unittest discover -s tests -p test_player_segmented_seams.py -v
shared-gameplay	Check bounded segmented cloth seam plans	2026-09-29T22:27:37.8740966Z ^[[36;1mpython3 -m unittest discover -s tests -p test_player_segmented_seams.py -v^[[0m
shared-gameplay	Check bounded segmented cloth seam plans	2026-09-29T22:27:37.8793374Z shell: /usr/bin/bash -e {0}
shared-gameplay	Check bounded segmented cloth seam plans	2026-09-29T22:27:37.8793589Z ##[endgroup]
shared-gameplay	Check bounded segmented cloth seam plans	2026-09-29T22:27:37.9242319Z test_already_matching_segments_need_no_split (test_player_segmented_seams.SegmentedSeamTests.test_already_matching_segments_need_no_split) ... ok
shared-gameplay	Check bounded segmented cloth seam plans	2026-09-29T22:27:37.9243561Z test_nearby_but_not_coincident_edge_is_not_welded (test_player_segmented_seams.SegmentedSeamTests.test_nearby_but_not_coincident_edge_is_not_welded) ... ok
shared-gameplay	Check bounded segmented cloth seam plans	2026-09-29T22:27:37.9244905Z test_no_body_primary_backing_does_not_authorize_a_split (test_player_segmented_seams.SegmentedSeamTests.test_no_body_primary_backing_does_not_authorize_a_split) ... ok
shared-gameplay	Check bounded segmented cloth seam plans	2026-09-29T22:27:37.9246121Z test_partial_cloth_coverage_rejects (test_player_segmented_seams.SegmentedSeamTests.test_partial_cloth_coverage_rejects) ... ok
shared-gameplay	Check bounded segmented cloth seam plans	2026-09-29T22:27:37.9247557Z test_plans_only_canonical_midpoint_without_mutating_inputs (test_player_segmented_seams.SegmentedSeamTests.test_plans_only_canonical_midpoint_without_mutating_inputs) ... ok
shared-gameplay	Check bounded segmented cloth seam plans	2026-09-29T22:27:37.9249139Z test_protected_vertex_rejects (test_player_segmented_seams.SegmentedSeamTests.test_protected_vertex_rejects) ... ok
shared-gameplay	Check bounded segmented cloth seam plans	2026-09-29T22:27:37.9250187Z test_same_winding_rejects (test_player_segmented_seams.SegmentedSeamTests.test_same_winding_rejects) ... ok
shared-gameplay	Check bounded segmented cloth seam plans	2026-09-29T22:27:37.9250707Z 
shared-gameplay	Check bounded segmented cloth seam plans	2026-09-29T22:27:37.9250893Z ----------------------------------------------------------------------
shared-gameplay	Check bounded segmented cloth seam plans	2026-09-29T22:27:37.9251288Z Ran 7 tests in 0.001s
shared-gameplay	Check bounded segmented cloth seam plans	2026-09-29T22:27:37.9251446Z 
shared-gameplay	Check bounded segmented cloth seam plans	2026-09-29T22:27:37.9251546Z OK
shared-gameplay	Check Gradle APK artifact resolution	﻿2026-09-29T22:27:37.9340982Z ##[group]Run ./tools/test-resolve-android-apk.ps1
shared-gameplay	Check Gradle APK artifact resolution	2026-09-29T22:27:37.9341314Z ^[[36;1m./tools/test-resolve-android-apk.ps1^[[0m
shared-gameplay	Check Gradle APK artifact resolution	2026-09-29T22:27:37.9363812Z shell: /usr/bin/pwsh -command ". '{0}'"
shared-gameplay	Check Gradle APK artifact resolution	2026-09-29T22:27:37.9364057Z ##[endgroup]
shared-gameplay	Check Gradle APK artifact resolution	2026-09-29T22:27:38.6905634Z PASS normal Gradle output
shared-gameplay	Check Gradle APK artifact resolution	2026-09-29T22:27:38.7231433Z PASS redirected intermediates output
shared-gameplay	Check Gradle APK artifact resolution	2026-09-29T22:27:38.7409088Z PASS wrong variant (rejected)
shared-gameplay	Check Gradle APK artifact resolution	2026-09-29T22:27:38.7450960Z PASS wrong artifact type (rejected)
shared-gameplay	Check Gradle APK artifact resolution	2026-09-29T22:27:38.7484790Z PASS missing output element (rejected)
shared-gameplay	Check Gradle APK artifact resolution	2026-09-29T22:27:38.7522441Z PASS multiple output elements (rejected)
shared-gameplay	Check Gradle APK artifact resolution	2026-09-29T22:27:38.7558503Z PASS missing APK file (rejected)
shared-gameplay	Check Gradle APK artifact resolution	2026-09-29T22:27:38.7604037Z PASS filename path traversal (rejected)
shared-gameplay	Check Gradle APK artifact resolution	2026-09-29T22:27:38.7646030Z PASS escaped listing path (rejected)
shared-gameplay	Check Gradle APK artifact resolution	2026-09-29T22:27:38.7686774Z PASS duplicate redirect entries (rejected)
shared-gameplay	Check Gradle APK artifact resolution	2026-09-29T22:27:38.7695142Z All 10 resolver cases passed.
shared-gameplay	Check Android combat capture expectations	﻿2026-09-29T22:27:38.8196115Z ##[group]Run ./tests/AndroidCombatCaptureExpectations.ps1
shared-gameplay	Check Android combat capture expectations	2026-09-29T22:27:38.8196507Z ^[[36;1m./tests/AndroidCombatCaptureExpectations.ps1^[[0m
shared-gameplay	Check Android combat capture expectations	2026-09-29T22:27:38.8216555Z shell: /usr/bin/pwsh -command ". '{0}'"
shared-gameplay	Check Android combat capture expectations	2026-09-29T22:27:38.8216788Z ##[endgroup]
shared-gameplay	Check Android combat capture expectations	2026-09-29T22:27:39.6038820Z Android combat capture expectations: 34 cases passed.
shared-gameplay	Check Android combat capture expectations	2026-09-29T22:27:39.6272365Z Android gameplay versus isolated-glass ownership: 16 cases passed.
shared-gameplay	Post Check out source	﻿2026-09-29T22:27:39.6738047Z Post job cleanup.
shared-gameplay	Post Check out source	2026-09-29T22:27:39.7454483Z [command]/usr/bin/git version
shared-gameplay	Post Check out source	2026-09-29T22:27:39.7491836Z git version 2.55.0
shared-gameplay	Post Check out source	2026-09-29T22:27:39.7528097Z Temporarily overriding HOME='/home/runner/work/_temp/5be57415-e943-40d6-8255-fffa603cff64' before making global git config changes
shared-gameplay	Post Check out source	2026-09-29T22:27:39.7529139Z Adding repository directory to the temporary git global config as a safe directory
shared-gameplay	Post Check out source	2026-09-29T22:27:39.7533523Z [command]/usr/bin/git config --global --add safe.directory /home/runner/work/The-Horde-RT-demo/The-Horde-RT-demo
shared-gameplay	Post Check out source	2026-09-29T22:27:39.7563320Z Removing SSH command configuration
shared-gameplay	Post Check out source	2026-09-29T22:27:39.7569505Z [command]/usr/bin/git config --local --name-only --get-regexp core\.sshCommand
shared-gameplay	Post Check out source	2026-09-29T22:27:39.7602302Z [command]/usr/bin/git submodule foreach --recursive sh -c "git config --local --name-only --get-regexp 'core\.sshCommand' && git config --local --unset-all 'core.sshCommand' || :"
shared-gameplay	Post Check out source	2026-09-29T22:27:39.7812946Z Removing HTTP extra header
shared-gameplay	Post Check out source	2026-09-29T22:27:39.7818230Z [command]/usr/bin/git config --local --name-only --get-regexp http\.https\:\/\/github\.com\/\.extraheader
shared-gameplay	Post Check out source	2026-09-29T22:27:39.7850143Z [command]/usr/bin/git submodule foreach --recursive sh -c "git config --local --name-only --get-regexp 'http\.https\:\/\/github\.com\/\.extraheader' && git config --local --unset-all 'http.https://github.com/.extraheader' || :"
shared-gameplay	Post Check out source	2026-09-29T22:27:39.8061579Z Removing includeIf entries pointing to credentials config files
shared-gameplay	Post Check out source	2026-09-29T22:27:39.8068535Z [command]/usr/bin/git config --local --name-only --get-regexp ^includeIf\.gitdir:
shared-gameplay	Post Check out source	2026-09-29T22:27:39.8101763Z includeif.gitdir:/home/runner/work/The-Horde-RT-demo/The-Horde-RT-demo/.git.path
shared-gameplay	Post Check out source	2026-09-29T22:27:39.8102700Z includeif.gitdir:/home/runner/work/The-Horde-RT-demo/The-Horde-RT-demo/.git/worktrees/*.path
shared-gameplay	Post Check out source	2026-09-29T22:27:39.8103643Z includeif.gitdir:/github/workspace/.git.path
shared-gameplay	Post Check out source	2026-09-29T22:27:39.8104242Z includeif.gitdir:/github/workspace/.git/worktrees/*.path
shared-gameplay	Post Check out source	2026-09-29T22:27:39.8112997Z [command]/usr/bin/git config --local --get-all includeif.gitdir:/home/runner/work/The-Horde-RT-demo/The-Horde-RT-demo/.git.path
shared-gameplay	Post Check out source	2026-09-29T22:27:39.8134171Z /home/runner/work/_temp/git-credentials-9436f740-ae8c-4d50-9ffd-826f86c28bcc.config
shared-gameplay	Post Check out source	2026-09-29T22:27:39.8151635Z [command]/usr/bin/git config --local --unset includeif.gitdir:/home/runner/work/The-Horde-RT-demo/The-Horde-RT-demo/.git.path /home/runner/work/_temp/git-credentials-9436f740-ae8c-4d50-9ffd-826f86c28bcc.config
shared-gameplay	Post Check out source	2026-09-29T22:27:39.8177561Z [command]/usr/bin/git config --local --get-all includeif.gitdir:/home/runner/work/The-Horde-RT-demo/The-Horde-RT-demo/.git/worktrees/*.path
shared-gameplay	Post Check out source	2026-09-29T22:27:39.8200280Z /home/runner/work/_temp/git-credentials-9436f740-ae8c-4d50-9ffd-826f86c28bcc.config
shared-gameplay	Post Check out source	2026-09-29T22:27:39.8209204Z [command]/usr/bin/git config --local --unset includeif.gitdir:/home/runner/work/The-Horde-RT-demo/The-Horde-RT-demo/.git/worktrees/*.path /home/runner/work/_temp/git-credentials-9436f740-ae8c-4d50-9ffd-826f86c28bcc.config
shared-gameplay	Post Check out source	2026-09-29T22:27:39.8241867Z [command]/usr/bin/git config --local --get-all includeif.gitdir:/github/workspace/.git.path
shared-gameplay	Post Check out source	2026-09-29T22:27:39.8263040Z /github/runner_temp/git-credentials-9436f740-ae8c-4d50-9ffd-826f86c28bcc.config
shared-gameplay	Post Check out source	2026-09-29T22:27:39.8269894Z [command]/usr/bin/git config --local --unset includeif.gitdir:/github/workspace/.git.path /github/runner_temp/git-credentials-9436f740-ae8c-4d50-9ffd-826f86c28bcc.config
shared-gameplay	Post Check out source	2026-09-29T22:27:39.8303362Z [command]/usr/bin/git config --local --get-all includeif.gitdir:/github/workspace/.git/worktrees/*.path
shared-gameplay	Post Check out source	2026-09-29T22:27:39.8325319Z /github/runner_temp/git-credentials-9436f740-ae8c-4d50-9ffd-826f86c28bcc.config
shared-gameplay	Post Check out source	2026-09-29T22:27:39.8333136Z [command]/usr/bin/git config --local --unset includeif.gitdir:/github/workspace/.git/worktrees/*.path /github/runner_temp/git-credentials-9436f740-ae8c-4d50-9ffd-826f86c28bcc.config
shared-gameplay	Post Check out source	2026-09-29T22:27:39.8366817Z [command]/usr/bin/git submodule foreach --recursive git config --local --show-origin --name-only --get-regexp remote.origin.url
shared-gameplay	Post Check out source	2026-09-29T22:27:39.8559965Z Removing credentials config '/home/runner/work/_temp/git-credentials-9436f740-ae8c-4d50-9ffd-826f86c28bcc.config'
shared-gameplay	Complete job	﻿2026-09-29T22:27:39.8686964Z Cleaning up orphan processes
player-vulkan-host	Set up job	﻿2026-09-29T22:25:25.7729554Z Current runner version: '2.337.0'
player-vulkan-host	Set up job	2026-09-29T22:25:25.7765363Z ##[group]Runner Image Provisioner
player-vulkan-host	Set up job	2026-09-29T22:25:25.7766737Z Hosted Compute Agent
player-vulkan-host	Set up job	2026-09-29T22:25:25.7767789Z Version: 20260828.587
player-vulkan-host	Set up job	2026-09-29T22:25:25.7769308Z Commit: abac92662cab4cc7352de4f9f9d2e2419aad9c29
player-vulkan-host	Set up job	2026-09-29T22:25:25.7770763Z Build Date: 2026-08-28T16:44:25Z
player-vulkan-host	Set up job	2026-09-29T22:25:25.7772034Z Worker ID: {e8123f0b-f116-40c0-8aa7-90ff8d2e154b}
player-vulkan-host	Set up job	2026-09-29T22:25:25.7773376Z Azure Region: eastus2
player-vulkan-host	Set up job	2026-09-29T22:25:25.7774590Z ##[endgroup]
player-vulkan-host	Set up job	2026-09-29T22:25:25.7777366Z ##[group]Operating System
player-vulkan-host	Set up job	2026-09-29T22:25:25.7778878Z Ubuntu
player-vulkan-host	Set up job	2026-09-29T22:25:25.7779877Z 24.04.5
player-vulkan-host	Set up job	2026-09-29T22:25:25.7781159Z LTS
player-vulkan-host	Set up job	2026-09-29T22:25:25.7782280Z ##[endgroup]
player-vulkan-host	Set up job	2026-09-29T22:25:25.7783238Z ##[group]Runner Image
player-vulkan-host	Set up job	2026-09-29T22:25:25.7784347Z Image: ubuntu-24.04
player-vulkan-host	Set up job	2026-09-29T22:25:25.7785277Z Version: 20260920.314.1
player-vulkan-host	Set up job	2026-09-29T22:25:25.7787256Z Included Software: https://github.com/actions/runner-images/blob/ubuntu24/20260920.314/images/ubuntu/Ubuntu2404-Readme.md
player-vulkan-host	Set up job	2026-09-29T22:25:25.7790707Z Image Release: https://github.com/actions/runner-images/releases/tag/ubuntu24%2F20260920.314
player-vulkan-host	Set up job	2026-09-29T22:25:25.7792569Z ##[endgroup]
player-vulkan-host	Set up job	2026-09-29T22:25:25.7794601Z ##[group]GITHUB_TOKEN Permissions
player-vulkan-host	Set up job	2026-09-29T22:25:25.7797694Z Contents: read
player-vulkan-host	Set up job	2026-09-29T22:25:25.7799087Z Metadata: read
player-vulkan-host	Set up job	2026-09-29T22:25:25.7800141Z ##[endgroup]
player-vulkan-host	Set up job	2026-09-29T22:25:25.7803297Z Secret source: Actions
player-vulkan-host	Set up job	2026-09-29T22:25:25.7804953Z Cache mode: write
player-vulkan-host	Set up job	2026-09-29T22:25:25.7806571Z Prepare workflow directory
player-vulkan-host	Set up job	2026-09-29T22:25:25.8287542Z Prepare all required actions
player-vulkan-host	Set up job	2026-09-29T22:25:25.8361928Z Getting action download info
player-vulkan-host	Set up job	2026-09-29T22:25:26.0256198Z Download action repository 'actions/checkout@v6' (SHA:d23441a48e516b6c34aea4fa41551a30e30af803)
player-vulkan-host	Set up job	2026-09-29T22:25:26.2120888Z Complete job name: player-vulkan-host
player-vulkan-host	Check out source	﻿2026-09-29T22:25:26.2966522Z ##[group]Run actions/checkout@v6
player-vulkan-host	Check out source	2026-09-29T22:25:26.2967427Z with:
player-vulkan-host	Check out source	2026-09-29T22:25:26.2967933Z   repository: Samfa12-tech/The-Horde-RT-demo
player-vulkan-host	Check out source	2026-09-29T22:25:26.2972237Z   token: ***
player-vulkan-host	Check out source	2026-09-29T22:25:26.2972708Z   ssh-strict: true
player-vulkan-host	Check out source	2026-09-29T22:25:26.2973158Z   ssh-user: git
player-vulkan-host	Check out source	2026-09-29T22:25:26.2973611Z   persist-credentials: true
player-vulkan-host	Check out source	2026-09-29T22:25:26.2974192Z   clean: true
player-vulkan-host	Check out source	2026-09-29T22:25:26.2974796Z   sparse-checkout-cone-mode: true
player-vulkan-host	Check out source	2026-09-29T22:25:26.2975348Z   fetch-depth: 1
player-vulkan-host	Check out source	2026-09-29T22:25:26.2975839Z   fetch-tags: false
player-vulkan-host	Check out source	2026-09-29T22:25:26.2976296Z   show-progress: true
player-vulkan-host	Check out source	2026-09-29T22:25:26.2976777Z   lfs: false
player-vulkan-host	Check out source	2026-09-29T22:25:26.2977204Z   submodules: false
player-vulkan-host	Check out source	2026-09-29T22:25:26.2977669Z   set-safe-directory: true
player-vulkan-host	Check out source	2026-09-29T22:25:26.2978222Z   allow-unsafe-pr-checkout: false
player-vulkan-host	Check out source	2026-09-29T22:25:26.2979379Z ##[endgroup]
player-vulkan-host	Check out source	2026-09-29T22:25:26.3965545Z Syncing repository: Samfa12-tech/The-Horde-RT-demo
player-vulkan-host	Check out source	2026-09-29T22:25:26.3968113Z ##[group]Getting Git version info
player-vulkan-host	Check out source	2026-09-29T22:25:26.3969666Z Working directory is '/home/runner/work/The-Horde-RT-demo/The-Horde-RT-demo'
player-vulkan-host	Check out source	2026-09-29T22:25:26.3971808Z [command]/usr/bin/git version
player-vulkan-host	Check out source	2026-09-29T22:25:26.4109990Z git version 2.55.0
player-vulkan-host	Check out source	2026-09-29T22:25:26.4130494Z ##[endgroup]
player-vulkan-host	Check out source	2026-09-29T22:25:26.4139838Z Temporarily overriding HOME='/home/runner/work/_temp/61ddd2db-e39b-4874-9bbd-1afdc0f92f57' before making global git config changes
player-vulkan-host	Check out source	2026-09-29T22:25:26.4142122Z Adding repository directory to the temporary git global config as a safe directory
player-vulkan-host	Check out source	2026-09-29T22:25:26.4144308Z [command]/usr/bin/git config --global --add safe.directory /home/runner/work/The-Horde-RT-demo/The-Horde-RT-demo
player-vulkan-host	Check out source	2026-09-29T22:25:26.4198125Z Deleting the contents of '/home/runner/work/The-Horde-RT-demo/The-Horde-RT-demo'
player-vulkan-host	Check out source	2026-09-29T22:25:26.4202611Z ##[group]Determining repository object format
player-vulkan-host	Check out source	2026-09-29T22:25:26.4204716Z ##[endgroup]
player-vulkan-host	Check out source	2026-09-29T22:25:26.4205981Z ##[group]Initializing the repository
player-vulkan-host	Check out source	2026-09-29T22:25:26.4209340Z [command]/usr/bin/git init /home/runner/work/The-Horde-RT-demo/The-Horde-RT-demo
player-vulkan-host	Check out source	2026-09-29T22:25:26.4329551Z hint: Using 'master' as the name for the initial branch. This default branch name
player-vulkan-host	Check out source	2026-09-29T22:25:26.4331206Z hint: will change to "main" in Git 3.0. To configure the initial branch name
player-vulkan-host	Check out source	2026-09-29T22:25:26.4333321Z hint: to use in all of your new repositories, which will suppress this warning,
player-vulkan-host	Check out source	2026-09-29T22:25:26.4334538Z hint: call:
player-vulkan-host	Check out source	2026-09-29T22:25:26.4335178Z hint:
player-vulkan-host	Check out source	2026-09-29T22:25:26.4336000Z hint: 	git config --global init.defaultBranch <name>
player-vulkan-host	Check out source	2026-09-29T22:25:26.4337079Z hint:
player-vulkan-host	Check out source	2026-09-29T22:25:26.4338026Z hint: Names commonly chosen instead of 'master' are 'main', 'trunk' and
player-vulkan-host	Check out source	2026-09-29T22:25:26.4339823Z hint: 'development'. The just-created branch can be renamed via this command:
player-vulkan-host	Check out source	2026-09-29T22:25:26.4341055Z hint:
player-vulkan-host	Check out source	2026-09-29T22:25:26.4341782Z hint: 	git branch -m <name>
player-vulkan-host	Check out source	2026-09-29T22:25:26.4342603Z hint:
player-vulkan-host	Check out source	2026-09-29T22:25:26.4343630Z hint: Disable this message with "git config set advice.defaultBranchName false"
player-vulkan-host	Check out source	2026-09-29T22:25:26.4345452Z Initialized empty Git repository in /home/runner/work/The-Horde-RT-demo/The-Horde-RT-demo/.git/
player-vulkan-host	Check out source	2026-09-29T22:25:26.4355681Z [command]/usr/bin/git remote add origin https://github.com/Samfa12-tech/The-Horde-RT-demo
player-vulkan-host	Check out source	2026-09-29T22:25:26.4405686Z ##[endgroup]
player-vulkan-host	Check out source	2026-09-29T22:25:26.4407020Z ##[group]Disabling automatic garbage collection
player-vulkan-host	Check out source	2026-09-29T22:25:26.4409492Z [command]/usr/bin/git config --local gc.auto 0
player-vulkan-host	Check out source	2026-09-29T22:25:26.4442077Z ##[endgroup]
player-vulkan-host	Check out source	2026-09-29T22:25:26.4443341Z ##[group]Setting up auth
player-vulkan-host	Check out source	2026-09-29T22:25:26.4444291Z Removing SSH command configuration
player-vulkan-host	Check out source	2026-09-29T22:25:26.4450019Z [command]/usr/bin/git config --local --name-only --get-regexp core\.sshCommand
player-vulkan-host	Check out source	2026-09-29T22:25:26.4483828Z [command]/usr/bin/git submodule foreach --recursive sh -c "git config --local --name-only --get-regexp 'core\.sshCommand' && git config --local --unset-all 'core.sshCommand' || :"
player-vulkan-host	Check out source	2026-09-29T22:25:26.4879711Z Removing HTTP extra header
player-vulkan-host	Check out source	2026-09-29T22:25:26.4888029Z [command]/usr/bin/git config --local --name-only --get-regexp http\.https\:\/\/github\.com\/\.extraheader
player-vulkan-host	Check out source	2026-09-29T22:25:26.4925481Z [command]/usr/bin/git submodule foreach --recursive sh -c "git config --local --name-only --get-regexp 'http\.https\:\/\/github\.com\/\.extraheader' && git config --local --unset-all 'http.https://github.com/.extraheader' || :"
player-vulkan-host	Check out source	2026-09-29T22:25:26.5139343Z Removing includeIf entries pointing to credentials config files
player-vulkan-host	Check out source	2026-09-29T22:25:26.5146017Z [command]/usr/bin/git config --local --name-only --get-regexp ^includeIf\.gitdir:
player-vulkan-host	Check out source	2026-09-29T22:25:26.5181581Z [command]/usr/bin/git submodule foreach --recursive git config --local --show-origin --name-only --get-regexp remote.origin.url
player-vulkan-host	Check out source	2026-09-29T22:25:26.5408832Z [command]/usr/bin/git config --file /home/runner/work/_temp/git-credentials-c248e74b-4a8f-434d-9495-1327108168d4.config http.https://github.com/.extraheader AUTHORIZATION: basic ***
player-vulkan-host	Check out source	2026-09-29T22:25:26.5450394Z [command]/usr/bin/git config --local includeIf.gitdir:/home/runner/work/The-Horde-RT-demo/The-Horde-RT-demo/.git.path /home/runner/work/_temp/git-credentials-c248e74b-4a8f-434d-9495-1327108168d4.config
player-vulkan-host	Check out source	2026-09-29T22:25:26.5484883Z [command]/usr/bin/git config --local includeIf.gitdir:/home/runner/work/The-Horde-RT-demo/The-Horde-RT-demo/.git/worktrees/*.path /home/runner/work/_temp/git-credentials-c248e74b-4a8f-434d-9495-1327108168d4.config
player-vulkan-host	Check out source	2026-09-29T22:25:26.5523036Z [command]/usr/bin/git config --local includeIf.gitdir:/github/workspace/.git.path /github/runner_temp/git-credentials-c248e74b-4a8f-434d-9495-1327108168d4.config
player-vulkan-host	Check out source	2026-09-29T22:25:26.5558239Z [command]/usr/bin/git config --local includeIf.gitdir:/github/workspace/.git/worktrees/*.path /github/runner_temp/git-credentials-c248e74b-4a8f-434d-9495-1327108168d4.config
player-vulkan-host	Check out source	2026-09-29T22:25:26.5595322Z ##[endgroup]
player-vulkan-host	Check out source	2026-09-29T22:25:26.5596110Z ##[group]Fetching the repository
player-vulkan-host	Check out source	2026-09-29T22:25:26.5603641Z [command]/usr/bin/git -c protocol.version=2 fetch --no-tags --prune --no-recurse-submodules --depth=1 origin +cbc135ffb7b98167a20a40a72b3e39b96cf36d34:refs/remotes/origin/codex/horde-1.6.1-engineering-pass
player-vulkan-host	Check out source	2026-09-29T22:25:28.2563007Z From https://github.com/Samfa12-tech/The-Horde-RT-demo
player-vulkan-host	Check out source	2026-09-29T22:25:28.2564590Z  * [new ref]         cbc135ffb7b98167a20a40a72b3e39b96cf36d34 -> origin/codex/horde-1.6.1-engineering-pass
player-vulkan-host	Check out source	2026-09-29T22:25:28.2574138Z [command]/usr/bin/git branch --list --remote origin/codex/horde-1.6.1-engineering-pass
player-vulkan-host	Check out source	2026-09-29T22:25:28.2601991Z   origin/codex/horde-1.6.1-engineering-pass
player-vulkan-host	Check out source	2026-09-29T22:25:28.2611629Z [command]/usr/bin/git rev-parse refs/remotes/origin/codex/horde-1.6.1-engineering-pass
player-vulkan-host	Check out source	2026-09-29T22:25:28.2637076Z cbc135ffb7b98167a20a40a72b3e39b96cf36d34
player-vulkan-host	Check out source	2026-09-29T22:25:28.2642020Z ##[endgroup]
player-vulkan-host	Check out source	2026-09-29T22:25:28.2643385Z ##[group]Determining the checkout info
player-vulkan-host	Check out source	2026-09-29T22:25:28.2644947Z ##[endgroup]
player-vulkan-host	Check out source	2026-09-29T22:25:28.2646277Z [command]/usr/bin/git sparse-checkout disable
player-vulkan-host	Check out source	2026-09-29T22:25:28.2701309Z [command]/usr/bin/git config --local --unset-all extensions.worktreeConfig
player-vulkan-host	Check out source	2026-09-29T22:25:28.2731900Z ##[group]Checking out the ref
player-vulkan-host	Check out source	2026-09-29T22:25:28.2735514Z [command]/usr/bin/git checkout --progress --force -B codex/horde-1.6.1-engineering-pass refs/remotes/origin/codex/horde-1.6.1-engineering-pass
player-vulkan-host	Check out source	2026-09-29T22:25:29.1339533Z Switched to a new branch 'codex/horde-1.6.1-engineering-pass'
player-vulkan-host	Check out source	2026-09-29T22:25:29.1347123Z branch 'codex/horde-1.6.1-engineering-pass' set up to track 'origin/codex/horde-1.6.1-engineering-pass'.
player-vulkan-host	Check out source	2026-09-29T22:25:29.1763074Z ##[endgroup]
player-vulkan-host	Check out source	2026-09-29T22:25:29.1821605Z [command]/usr/bin/git log -1 --format=%H
player-vulkan-host	Check out source	2026-09-29T22:25:29.1848058Z cbc135ffb7b98167a20a40a72b3e39b96cf36d34
player-vulkan-host	Install Vulkan host development package	﻿2026-09-29T22:25:29.2063963Z ##[group]Run sudo apt-get update && sudo apt-get install --yes libvulkan-dev
player-vulkan-host	Install Vulkan host development package	2026-09-29T22:25:29.2064677Z ^[[36;1msudo apt-get update && sudo apt-get install --yes libvulkan-dev^[[0m
player-vulkan-host	Install Vulkan host development package	2026-09-29T22:25:29.2342821Z shell: /usr/bin/bash -e {0}
player-vulkan-host	Install Vulkan host development package	2026-09-29T22:25:29.2343381Z ##[endgroup]
player-vulkan-host	Install Vulkan host development package	2026-09-29T22:25:29.3678092Z Get:1 file:/etc/apt/apt-mirrors.txt Mirrorlist [144 B]
player-vulkan-host	Install Vulkan host development package	2026-09-29T22:25:29.3890246Z Get:6 https://packages.microsoft.com/ubuntu/24.04/prod noble InRelease [3600 B]
player-vulkan-host	Install Vulkan host development package	2026-09-29T22:25:29.4056121Z Hit:2 http://azure.archive.ubuntu.com/ubuntu noble InRelease
player-vulkan-host	Install Vulkan host development package	2026-09-29T22:25:29.4070888Z Get:3 http://azure.archive.ubuntu.com/ubuntu noble-updates InRelease [126 kB]
player-vulkan-host	Install Vulkan host development package	2026-09-29T22:25:29.4121204Z Get:4 http://azure.archive.ubuntu.com/ubuntu noble-backports InRelease [126 kB]
player-vulkan-host	Install Vulkan host development package	2026-09-29T22:25:29.4142324Z Get:5 http://azure.archive.ubuntu.com/ubuntu noble-security InRelease [126 kB]
player-vulkan-host	Install Vulkan host development package	2026-09-29T22:25:29.5092762Z Get:7 https://packages.microsoft.com/ubuntu/24.04/prod noble/main amd64 Packages [503 kB]
player-vulkan-host	Install Vulkan host development package	2026-09-29T22:25:29.5369294Z Get:8 https://packages.microsoft.com/ubuntu/24.04/prod noble/main arm64 Packages [454 kB]
player-vulkan-host	Install Vulkan host development package	2026-09-29T22:25:29.6300974Z Get:9 http://azure.archive.ubuntu.com/ubuntu noble-updates/main amd64 Packages [1318 kB]
player-vulkan-host	Install Vulkan host development package	2026-09-29T22:25:29.6379731Z Get:10 http://azure.archive.ubuntu.com/ubuntu noble-updates/main Translation-en [299 kB]
player-vulkan-host	Install Vulkan host development package	2026-09-29T22:25:29.6395859Z Get:11 http://azure.archive.ubuntu.com/ubuntu noble-updates/main amd64 Components [181 kB]
player-vulkan-host	Install Vulkan host development package	2026-09-29T22:25:29.6419667Z Get:12 http://azure.archive.ubuntu.com/ubuntu noble-updates/universe amd64 Packages [1698 kB]
player-vulkan-host	Install Vulkan host development package	2026-09-29T22:25:29.6520930Z Get:13 http://azure.archive.ubuntu.com/ubuntu noble-updates/universe Translation-en [340 kB]
player-vulkan-host	Install Vulkan host development package	2026-09-29T22:25:29.6526756Z Get:14 http://azure.archive.ubuntu.com/ubuntu noble-updates/universe amd64 Components [388 kB]
player-vulkan-host	Install Vulkan host development package	2026-09-29T22:25:29.6554684Z Get:15 http://azure.archive.ubuntu.com/ubuntu noble-updates/restricted amd64 Packages [1654 kB]
player-vulkan-host	Install Vulkan host development package	2026-09-29T22:25:29.6650040Z Get:16 http://azure.archive.ubuntu.com/ubuntu noble-updates/restricted Translation-en [377 kB]
player-vulkan-host	Install Vulkan host development package	2026-09-29T22:25:29.6674487Z Get:17 http://azure.archive.ubuntu.com/ubuntu noble-updates/multiverse amd64 Components [940 B]
player-vulkan-host	Install Vulkan host development package	2026-09-29T22:25:29.6904556Z Get:18 http://azure.archive.ubuntu.com/ubuntu noble-backports/main amd64 Packages [40.6 kB]
player-vulkan-host	Install Vulkan host development package	2026-09-29T22:25:29.7327607Z Get:19 http://azure.archive.ubuntu.com/ubuntu noble-backports/main amd64 Components [5788 B]
player-vulkan-host	Install Vulkan host development package	2026-09-29T22:25:29.7338120Z Get:20 http://azure.archive.ubuntu.com/ubuntu noble-backports/universe amd64 Packages [31.0 kB]
player-vulkan-host	Install Vulkan host development package	2026-09-29T22:25:29.7342819Z Get:21 http://azure.archive.ubuntu.com/ubuntu noble-backports/universe Translation-en [18.6 kB]
player-vulkan-host	Install Vulkan host development package	2026-09-29T22:25:29.7404057Z Get:22 http://azure.archive.ubuntu.com/ubuntu noble-backports/universe amd64 Components [12.6 kB]
player-vulkan-host	Install Vulkan host development package	2026-09-29T22:25:29.7414537Z Get:23 http://azure.archive.ubuntu.com/ubuntu noble-security/main amd64 Packages [1063 kB]
player-vulkan-host	Install Vulkan host development package	2026-09-29T22:25:29.7465721Z Get:24 http://azure.archive.ubuntu.com/ubuntu noble-security/main Translation-en [220 kB]
player-vulkan-host	Install Vulkan host development package	2026-09-29T22:25:29.7481085Z Get:25 http://azure.archive.ubuntu.com/ubuntu noble-security/main amd64 Components [46.3 kB]
player-vulkan-host	Install Vulkan host development package	2026-09-29T22:25:29.7489722Z Get:26 http://azure.archive.ubuntu.com/ubuntu noble-security/universe amd64 Packages [1216 kB]
player-vulkan-host	Install Vulkan host development package	2026-09-29T22:25:29.7544451Z Get:27 http://azure.archive.ubuntu.com/ubuntu noble-security/universe Translation-en [244 kB]
player-vulkan-host	Install Vulkan host development package	2026-09-29T22:25:29.7559912Z Get:28 http://azure.archive.ubuntu.com/ubuntu noble-security/universe amd64 Components [76.3 kB]
player-vulkan-host	Install Vulkan host development package	2026-09-29T22:25:29.7569210Z Get:29 http://azure.archive.ubuntu.com/ubuntu noble-security/restricted amd64 Packages [1559 kB]
player-vulkan-host	Install Vulkan host development package	2026-09-29T22:25:29.7638766Z Get:30 http://azure.archive.ubuntu.com/ubuntu noble-security/restricted Translation-en [359 kB]
player-vulkan-host	Install Vulkan host development package	2026-09-29T22:25:34.4814001Z Fetched 12.5 MB in 1s (8892 kB/s)
player-vulkan-host	Install Vulkan host development package	2026-09-29T22:25:35.2712448Z Reading package lists...
player-vulkan-host	Install Vulkan host development package	2026-09-29T22:25:35.3022418Z Reading package lists...
player-vulkan-host	Install Vulkan host development package	2026-09-29T22:25:35.4649020Z Building dependency tree...
player-vulkan-host	Install Vulkan host development package	2026-09-29T22:25:35.4656334Z Reading state information...
player-vulkan-host	Install Vulkan host development package	2026-09-29T22:25:35.6212032Z The following NEW packages will be installed:
player-vulkan-host	Install Vulkan host development package	2026-09-29T22:25:35.6213017Z   libvulkan-dev
player-vulkan-host	Install Vulkan host development package	2026-09-29T22:25:35.6381562Z 0 upgraded, 1 newly installed, 0 to remove and 42 not upgraded.
player-vulkan-host	Install Vulkan host development package	2026-09-29T22:25:35.6382397Z Need to get 1239 kB of archives.
player-vulkan-host	Install Vulkan host development package	2026-09-29T22:25:35.6383052Z After this operation, 26.5 MB of additional disk space will be used.
player-vulkan-host	Install Vulkan host development package	2026-09-29T22:25:35.6383855Z Get:1 file:/etc/apt/apt-mirrors.txt Mirrorlist [144 B]
player-vulkan-host	Install Vulkan host development package	2026-09-29T22:25:35.6556888Z Get:2 http://azure.archive.ubuntu.com/ubuntu noble/main amd64 libvulkan-dev amd64 1.3.275.0-1build1 [1239 kB]
player-vulkan-host	Install Vulkan host development package	2026-09-29T22:25:35.9629572Z Fetched 1239 kB in 0s (14.1 MB/s)
player-vulkan-host	Install Vulkan host development package	2026-09-29T22:25:36.0019713Z Selecting previously unselected package libvulkan-dev:amd64.
player-vulkan-host	Install Vulkan host development package	2026-09-29T22:25:36.0935421Z (Reading database ... 
player-vulkan-host	Install Vulkan host development package	2026-09-29T22:25:36.0935932Z (Reading database ... 5%
player-vulkan-host	Install Vulkan host development package	2026-09-29T22:25:36.0936698Z (Reading database ... 10%
player-vulkan-host	Install Vulkan host development package	2026-09-29T22:25:36.0937237Z (Reading database ... 15%
player-vulkan-host	Install Vulkan host development package	2026-09-29T22:25:36.0937605Z (Reading database ... 20%
player-vulkan-host	Install Vulkan host development package	2026-09-29T22:25:36.0938118Z (Reading database ... 25%
player-vulkan-host	Install Vulkan host development package	2026-09-29T22:25:36.0939045Z (Reading database ... 30%
player-vulkan-host	Install Vulkan host development package	2026-09-29T22:25:36.0939561Z (Reading database ... 35%
player-vulkan-host	Install Vulkan host development package	2026-09-29T22:25:36.0940069Z (Reading database ... 40%
player-vulkan-host	Install Vulkan host development package	2026-09-29T22:25:36.0940573Z (Reading database ... 45%
player-vulkan-host	Install Vulkan host development package	2026-09-29T22:25:36.0941051Z (Reading database ... 50%
player-vulkan-host	Install Vulkan host development package	2026-09-29T22:25:36.1056837Z (Reading database ... 55%
player-vulkan-host	Install Vulkan host development package	2026-09-29T22:25:36.7648328Z (Reading database ... 60%
player-vulkan-host	Install Vulkan host development package	2026-09-29T22:25:37.9799636Z (Reading database ... 65%
player-vulkan-host	Install Vulkan host development package	2026-09-29T22:25:38.3035547Z (Reading database ... 70%
player-vulkan-host	Install Vulkan host development package	2026-09-29T22:25:38.5985670Z (Reading database ... 75%
player-vulkan-host	Install Vulkan host development package	2026-09-29T22:25:38.9668007Z (Reading database ... 80%
player-vulkan-host	Install Vulkan host development package	2026-09-29T22:25:39.6208258Z (Reading database ... 85%
player-vulkan-host	Install Vulkan host development package	2026-09-29T22:25:40.4047059Z (Reading database ... 90%
player-vulkan-host	Install Vulkan host development package	2026-09-29T22:25:41.1771611Z (Reading database ... 95%
player-vulkan-host	Install Vulkan host development package	2026-09-29T22:25:41.1772054Z (Reading database ... 100%
player-vulkan-host	Install Vulkan host development package	2026-09-29T22:25:41.1772541Z (Reading database ... 202190 files and directories currently installed.)
player-vulkan-host	Install Vulkan host development package	2026-09-29T22:25:41.1816100Z Preparing to unpack .../libvulkan-dev_1.3.275.0-1build1_amd64.deb ...
player-vulkan-host	Install Vulkan host development package	2026-09-29T22:25:41.1867305Z Unpacking libvulkan-dev:amd64 (1.3.275.0-1build1) ...
player-vulkan-host	Install Vulkan host development package	2026-09-29T22:25:41.3051995Z Setting up libvulkan-dev:amd64 (1.3.275.0-1build1) ...
player-vulkan-host	Install Vulkan host development package	2026-09-29T22:25:42.4567153Z 
player-vulkan-host	Install Vulkan host development package	2026-09-29T22:25:42.4568201Z Running kernel seems to be up-to-date.
player-vulkan-host	Install Vulkan host development package	2026-09-29T22:25:42.4568822Z 
player-vulkan-host	Install Vulkan host development package	2026-09-29T22:25:42.4569004Z No services need to be restarted.
player-vulkan-host	Install Vulkan host development package	2026-09-29T22:25:42.4569302Z 
player-vulkan-host	Install Vulkan host development package	2026-09-29T22:25:42.4569465Z No containers need to be restarted.
player-vulkan-host	Install Vulkan host development package	2026-09-29T22:25:42.4569763Z 
player-vulkan-host	Install Vulkan host development package	2026-09-29T22:25:42.4569976Z No user sessions are running outdated binaries.
player-vulkan-host	Install Vulkan host development package	2026-09-29T22:25:42.4570708Z 
player-vulkan-host	Install Vulkan host development package	2026-09-29T22:25:42.4571030Z No VM guests are running outdated hypervisor (qemu) binaries on this host.
player-vulkan-host	Fetch player smoke GLB and texture assets	﻿2026-09-29T22:25:43.2546839Z ##[group]Run git -c lfs.fetchexclude= lfs fetch --include="assets/models/enemies/meshy/*.glb,assets/models/player/runtime/*.glb,assets/models/player/viewmodel/runtime/*.glb,assets/models/props/runtime/*.glb,assets/models/props/runtime/*/*.glb,assets/models/weapons/runtime/*.glb,assets/textures/meshy/lich_placeholder_v01/*.ktx2,tests/fixtures/*/*.glb" && git lfs checkout "assets/models/enemies/meshy/*.glb" "assets/models/player/runtime/*.glb" "assets/models/player/viewmodel/runtime/*.glb" "assets/models/props/runtime/*.glb" "assets/models/props/runtime/*/*.glb" "assets/models/weapons/runtime/*.glb" "assets/textures/meshy/lich_placeholder_v01/*.ktx2" "tests/fixtures/*/*.glb"
player-vulkan-host	Fetch player smoke GLB and texture assets	2026-09-29T22:25:43.2552886Z ^[[36;1mgit -c lfs.fetchexclude= lfs fetch --include="assets/models/enemies/meshy/*.glb,assets/models/player/runtime/*.glb,assets/models/player/viewmodel/runtime/*.glb,assets/models/props/runtime/*.glb,assets/models/props/runtime/*/*.glb,assets/models/weapons/runtime/*.glb,assets/textures/meshy/lich_placeholder_v01/*.ktx2,tests/fixtures/*/*.glb" && git lfs checkout "assets/models/enemies/meshy/*.glb" "assets/models/player/runtime/*.glb" "assets/models/player/viewmodel/runtime/*.glb" "assets/models/props/runtime/*.glb" "assets/models/props/runtime/*/*.glb" "assets/models/weapons/runtime/*.glb" "assets/textures/meshy/lich_placeholder_v01/*.ktx2" "tests/fixtures/*/*.glb"^[[0m
player-vulkan-host	Fetch player smoke GLB and texture assets	2026-09-29T22:25:43.2620131Z shell: /usr/bin/bash -e {0}
player-vulkan-host	Fetch player smoke GLB and texture assets	2026-09-29T22:25:43.2620416Z ##[endgroup]
player-vulkan-host	Fetch player smoke GLB and texture assets	2026-09-29T22:25:43.2975517Z Fetching reference refs/heads/codex/horde-1.6.1-engineering-pass
player-vulkan-host	Fetch player smoke GLB and texture assets	2026-09-29T22:25:45.2604923Z Checking out LFS objects: 100% (52/52), 91 MB | 0 B/s, done.
player-vulkan-host	Configure Vulkan CPU-host player lane	﻿2026-09-29T22:25:45.5750661Z ##[group]Run cmake -S . -B build/player-vulkan-host -DCMAKE_BUILD_TYPE=Release -DBUILD_TESTING=ON -DHORDE_RT_BUILD_VULKAN_TARGETS=ON -DHORDE_RT_BUILD_CAPABILITY_PROBE_EXECUTABLE=OFF -DHORDE_RT_BUILD_WINDOWS_DIAGNOSTIC_WINDOW=OFF -DHORDE_RT_INSTRUMENTATION_OVERRIDE=Shipping -DHORDE_RT_DIELECTRIC_QUALITY_OVERRIDE=Mobile
player-vulkan-host	Configure Vulkan CPU-host player lane	2026-09-29T22:25:45.5752927Z ^[[36;1mcmake -S . -B build/player-vulkan-host -DCMAKE_BUILD_TYPE=Release -DBUILD_TESTING=ON -DHORDE_RT_BUILD_VULKAN_TARGETS=ON -DHORDE_RT_BUILD_CAPABILITY_PROBE_EXECUTABLE=OFF -DHORDE_RT_BUILD_WINDOWS_DIAGNOSTIC_WINDOW=OFF -DHORDE_RT_INSTRUMENTATION_OVERRIDE=Shipping -DHORDE_RT_DIELECTRIC_QUALITY_OVERRIDE=Mobile^[[0m
player-vulkan-host	Configure Vulkan CPU-host player lane	2026-09-29T22:25:45.5816169Z shell: /usr/bin/bash -e {0}
player-vulkan-host	Configure Vulkan CPU-host player lane	2026-09-29T22:25:45.5816434Z ##[endgroup]
player-vulkan-host	Configure Vulkan CPU-host player lane	2026-09-29T22:25:47.5842342Z -- The CXX compiler identification is GNU 13.3.0
player-vulkan-host	Configure Vulkan CPU-host player lane	2026-09-29T22:25:47.6740057Z -- Detecting CXX compiler ABI info
player-vulkan-host	Configure Vulkan CPU-host player lane	2026-09-29T22:25:47.9052229Z -- Detecting CXX compiler ABI info - done
player-vulkan-host	Configure Vulkan CPU-host player lane	2026-09-29T22:25:47.9229620Z -- Check for working CXX compiler: /usr/bin/c++ - skipped
player-vulkan-host	Configure Vulkan CPU-host player lane	2026-09-29T22:25:47.9274027Z -- Detecting CXX compile features
player-vulkan-host	Configure Vulkan CPU-host player lane	2026-09-29T22:25:47.9321534Z -- Detecting CXX compile features - done
player-vulkan-host	Configure Vulkan CPU-host player lane	2026-09-29T22:25:54.1574169Z Generated RT catalog adapter is current.
player-vulkan-host	Configure Vulkan CPU-host player lane	2026-09-29T22:25:54.3265326Z -- Strict non-contracted asset-transform arithmetic enabled for GltfDocument.cpp and StaticMeshAsset.cpp: -fno-fast-math;-ffp-contract=off
player-vulkan-host	Configure Vulkan CPU-host player lane	2026-09-29T22:25:54.4116462Z -- Found Vulkan: /usr/lib/x86_64-linux-gnu/libvulkan.so (found version "1.3.275")  missing components: glslc glslangValidator
player-vulkan-host	Configure Vulkan CPU-host player lane	2026-09-29T22:25:54.4119478Z -- Vulkan SDK found: 1.3.275
player-vulkan-host	Configure Vulkan CPU-host player lane	2026-09-29T22:25:56.0472442Z -- Legacy torch-failure identifiers were rejected by the configured GNU compiler.
player-vulkan-host	Configure Vulkan CPU-host player lane	2026-09-29T22:25:56.0486198Z -- Horde Lantern RT: Vulkan capability probe and Windows diagnostic targets are available; Android builds from android/.
player-vulkan-host	Configure Vulkan CPU-host player lane	2026-09-29T22:25:56.0487483Z -- Configuring done (10.0s)
player-vulkan-host	Configure Vulkan CPU-host player lane	2026-09-29T22:25:56.1829175Z -- Generating done (0.1s)
player-vulkan-host	Configure Vulkan CPU-host player lane	2026-09-29T22:25:56.1833495Z -- Build files have been written to: /home/runner/work/The-Horde-RT-demo/The-Horde-RT-demo/build/player-vulkan-host
player-vulkan-host	Build focused player Vulkan-host targets	﻿2026-09-29T22:25:56.1946285Z ##[group]Run cmake --build build/player-vulkan-host --config Release --parallel 2 --target horde_rt_player_primitive_contract_tests horde_rt_player_animation_tests horde_rt_held_item_socket_tests horde_rt_scene_abi_tests horde_rt_static_gltf_asset_tests horde_rt_skinned_character_smoke horde_rt_skinned_arm_reference_tests
player-vulkan-host	Build focused player Vulkan-host targets	2026-09-29T22:25:56.1949055Z ^[[36;1mcmake --build build/player-vulkan-host --config Release --parallel 2 --target horde_rt_player_primitive_contract_tests horde_rt_player_animation_tests horde_rt_held_item_socket_tests horde_rt_scene_abi_tests horde_rt_static_gltf_asset_tests horde_rt_skinned_character_smoke horde_rt_skinned_arm_reference_tests^[[0m
player-vulkan-host	Build focused player Vulkan-host targets	2026-09-29T22:25:56.2012485Z shell: /usr/bin/bash -e {0}
player-vulkan-host	Build focused player Vulkan-host targets	2026-09-29T22:25:56.2012764Z ##[endgroup]
player-vulkan-host	Build focused player Vulkan-host targets	2026-09-29T22:25:56.2352394Z [100%] Building CXX object CMakeFiles/horde_rt_player_primitive_contract_tests.dir/tests/PlayerPrimitiveContractTests.cpp.o
player-vulkan-host	Build focused player Vulkan-host targets	2026-09-29T22:25:57.6052033Z [100%] Linking CXX executable horde_rt_player_primitive_contract_tests
player-vulkan-host	Build focused player Vulkan-host targets	2026-09-29T22:25:57.6504897Z [100%] Built target horde_rt_player_primitive_contract_tests
player-vulkan-host	Build focused player Vulkan-host targets	2026-09-29T22:25:57.6702239Z [  0%] Building CXX object CMakeFiles/horde_gameplay_simulation.dir/src/gameplay/simulation/GameSimulation.cpp.o
player-vulkan-host	Build focused player Vulkan-host targets	2026-09-29T22:25:57.6703905Z [  0%] Building CXX object CMakeFiles/horde_gameplay_simulation.dir/src/gameplay/animation/PlayerAnimationState.cpp.o
player-vulkan-host	Build focused player Vulkan-host targets	2026-09-29T22:25:58.4446766Z [ 14%] Building CXX object CMakeFiles/horde_gameplay_simulation.dir/src/gameplay/animation/PlayerIkTargets.cpp.o
player-vulkan-host	Build focused player Vulkan-host targets	2026-09-29T22:25:58.6969897Z [ 14%] Building CXX object CMakeFiles/horde_gameplay_simulation.dir/src/gameplay/effects/FireEmitterState.cpp.o
player-vulkan-host	Build focused player Vulkan-host targets	2026-09-29T22:25:58.9904178Z [ 28%] Building CXX object CMakeFiles/horde_gameplay_simulation.dir/src/gameplay/interactions/InteractionState.cpp.o
player-vulkan-host	Build focused player Vulkan-host targets	2026-09-29T22:25:59.2236944Z [ 28%] Building CXX object CMakeFiles/horde_gameplay_simulation.dir/src/gameplay/interactions/ChestRewardSequence.cpp.o
player-vulkan-host	Build focused player Vulkan-host targets	2026-09-29T22:25:59.4567617Z [ 42%] Building CXX object CMakeFiles/horde_gameplay_simulation.dir/src/gameplay/interactions/FinaleSequence.cpp.o
player-vulkan-host	Build focused player Vulkan-host targets	2026-09-29T22:25:59.6819049Z [ 42%] Building CXX object CMakeFiles/horde_gameplay_simulation.dir/src/gameplay/items/LanternPendulum.cpp.o
player-vulkan-host	Build focused player Vulkan-host targets	2026-09-29T22:26:00.0919856Z [ 57%] Building CXX object CMakeFiles/horde_gameplay_simulation.dir/src/gameplay/items/HeldItemState.cpp.o
player-vulkan-host	Build focused player Vulkan-host targets	2026-09-29T22:26:00.1057724Z [ 57%] Building CXX object CMakeFiles/horde_gameplay_simulation.dir/src/gameplay/items/HeldItemKinematics.cpp.o
player-vulkan-host	Build focused player Vulkan-host targets	2026-09-29T22:26:00.1851692Z [ 71%] Building CXX object CMakeFiles/horde_gameplay_simulation.dir/src/gameplay/items/HeldLightState.cpp.o
player-vulkan-host	Build focused player Vulkan-host targets	2026-09-29T22:26:01.2119912Z [ 71%] Linking CXX static library libhorde_gameplay_simulation.a
player-vulkan-host	Build focused player Vulkan-host targets	2026-09-29T22:26:09.3098884Z [ 71%] Built target horde_gameplay_simulation
player-vulkan-host	Build focused player Vulkan-host targets	2026-09-29T22:26:09.3167770Z [ 71%] Building CXX object CMakeFiles/horde_rt_player_animation_tests.dir/tests/PlayerAnimationTests.cpp.o
player-vulkan-host	Build focused player Vulkan-host targets	2026-09-29T22:26:09.3170424Z [ 85%] Building CXX object CMakeFiles/horde_rt_player_animation_tests.dir/src/telemetry/RtPerformanceEvidence.cpp.o
player-vulkan-host	Build focused player Vulkan-host targets	2026-09-29T22:26:10.5510711Z [ 85%] Building CXX object CMakeFiles/horde_rt_player_animation_tests.dir/src/scene/assets/SkinnedMeshAsset.cpp.o
player-vulkan-host	Build focused player Vulkan-host targets	2026-09-29T22:26:10.6392326Z [100%] Building CXX object CMakeFiles/horde_rt_player_animation_tests.dir/src/vulkan/raytracing/PlayerRenderSlot.cpp.o
player-vulkan-host	Build focused player Vulkan-host targets	2026-09-29T22:26:13.8771667Z [100%] Linking CXX executable horde_rt_player_animation_tests
player-vulkan-host	Build focused player Vulkan-host targets	2026-09-29T22:26:13.9313810Z [100%] Built target horde_rt_player_animation_tests
player-vulkan-host	Build focused player Vulkan-host targets	2026-09-29T22:26:13.9625406Z [ 55%] Built target horde_gameplay_simulation
player-vulkan-host	Build focused player Vulkan-host targets	2026-09-29T22:26:13.9694217Z [ 66%] Building CXX object CMakeFiles/horde_rt_held_item_socket_tests.dir/tests/HeldItemSocketTests.cpp.o
player-vulkan-host	Build focused player Vulkan-host targets	2026-09-29T22:26:13.9696784Z [ 66%] Building CXX object CMakeFiles/horde_rt_held_item_socket_tests.dir/src/scene/assets/AssetManifest.cpp.o
player-vulkan-host	Build focused player Vulkan-host targets	2026-09-29T22:26:15.5007923Z [ 77%] Building CXX object CMakeFiles/horde_rt_held_item_socket_tests.dir/src/scene/assets/AssetValidation.cpp.o
player-vulkan-host	Build focused player Vulkan-host targets	2026-09-29T22:26:16.0149423Z [ 77%] Building CXX object CMakeFiles/horde_rt_held_item_socket_tests.dir/src/scene/assets/GltfDocument.cpp.o
player-vulkan-host	Build focused player Vulkan-host targets	2026-09-29T22:26:16.5034238Z [ 88%] Building CXX object CMakeFiles/horde_rt_held_item_socket_tests.dir/src/scene/assets/StaticMeshAsset.cpp.o
player-vulkan-host	Build focused player Vulkan-host targets	2026-09-29T22:26:18.5783899Z [ 88%] Building CXX object CMakeFiles/horde_rt_held_item_socket_tests.dir/src/vulkan/raytracing/HeldItemRenderSlot.cpp.o
player-vulkan-host	Build focused player Vulkan-host targets	2026-09-29T22:26:18.6505822Z [100%] Building CXX object CMakeFiles/horde_rt_held_item_socket_tests.dir/src/vulkan/raytracing/RtStaticMeshSlot.cpp.o
player-vulkan-host	Build focused player Vulkan-host targets	2026-09-29T22:26:20.4760940Z [100%] Linking CXX executable horde_rt_held_item_socket_tests
player-vulkan-host	Build focused player Vulkan-host targets	2026-09-29T22:26:20.5292464Z [100%] Built target horde_rt_held_item_socket_tests
player-vulkan-host	Build focused player Vulkan-host targets	2026-09-29T22:26:20.5489794Z [  0%] Building CXX object CMakeFiles/horde_rt_scene_abi_tests.dir/tests/RtSceneAbiTests.cpp.o
player-vulkan-host	Build focused player Vulkan-host targets	2026-09-29T22:26:20.5492489Z [ 50%] Building CXX object CMakeFiles/horde_rt_scene_abi_tests.dir/src/vulkan/raytracing/RtStaticMeshSlot.cpp.o
player-vulkan-host	Build focused player Vulkan-host targets	2026-09-29T22:26:21.7227591Z [ 50%] Building CXX object CMakeFiles/horde_rt_scene_abi_tests.dir/src/vulkan/raytracing/RtTextureArrays.cpp.o
player-vulkan-host	Build focused player Vulkan-host targets	2026-09-29T22:26:22.3795130Z [100%] Linking CXX executable horde_rt_scene_abi_tests
player-vulkan-host	Build focused player Vulkan-host targets	2026-09-29T22:26:22.4282529Z [100%] Built target horde_rt_scene_abi_tests
player-vulkan-host	Build focused player Vulkan-host targets	2026-09-29T22:26:22.4477882Z [ 25%] Building CXX object CMakeFiles/horde_rt_static_gltf_asset_tests.dir/tests/StaticGltfAssetTests.cpp.o
player-vulkan-host	Build focused player Vulkan-host targets	2026-09-29T22:26:22.4479879Z [ 25%] Building CXX object CMakeFiles/horde_rt_static_gltf_asset_tests.dir/src/scene/assets/AssetManifest.cpp.o
player-vulkan-host	Build focused player Vulkan-host targets	2026-09-29T22:26:25.0194340Z [ 50%] Building CXX object CMakeFiles/horde_rt_static_gltf_asset_tests.dir/src/scene/assets/AssetValidation.cpp.o
player-vulkan-host	Build focused player Vulkan-host targets	2026-09-29T22:26:25.5476220Z [ 50%] Building CXX object CMakeFiles/horde_rt_static_gltf_asset_tests.dir/src/scene/assets/GltfDocument.cpp.o
player-vulkan-host	Build focused player Vulkan-host targets	2026-09-29T22:26:26.6777929Z [ 75%] Building CXX object CMakeFiles/horde_rt_static_gltf_asset_tests.dir/src/scene/assets/StaticMeshAsset.cpp.o
player-vulkan-host	Build focused player Vulkan-host targets	2026-09-29T22:26:28.1619219Z [ 75%] Building CXX object CMakeFiles/horde_rt_static_gltf_asset_tests.dir/src/vulkan/raytracing/RtStaticMeshSlot.cpp.o
player-vulkan-host	Build focused player Vulkan-host targets	2026-09-29T22:26:30.1480828Z [100%] Linking CXX executable horde_rt_static_gltf_asset_tests
player-vulkan-host	Build focused player Vulkan-host targets	2026-09-29T22:26:30.2002236Z [100%] Built target horde_rt_static_gltf_asset_tests
player-vulkan-host	Build focused player Vulkan-host targets	2026-09-29T22:26:30.2251151Z [ 25%] Built target horde_gameplay_simulation
player-vulkan-host	Build focused player Vulkan-host targets	2026-09-29T22:26:30.2331314Z [ 30%] Building CXX object CMakeFiles/horde_rt_probe_core.dir/src/telemetry/RtPerformanceEvidence.cpp.o
player-vulkan-host	Build focused player Vulkan-host targets	2026-09-29T22:26:30.2332926Z [ 30%] Building CXX object CMakeFiles/horde_rt_probe_core.dir/src/telemetry/RtEvidencePublication.cpp.o
player-vulkan-host	Build focused player Vulkan-host targets	2026-09-29T22:26:30.7619641Z [ 35%] Building CXX object CMakeFiles/horde_rt_probe_core.dir/src/telemetry/RtBenchmarkEvidenceRun.cpp.o
player-vulkan-host	Build focused player Vulkan-host targets	2026-09-29T22:26:31.4569018Z [ 35%] Building CXX object CMakeFiles/horde_rt_probe_core.dir/src/telemetry/RtBenchmarkEvidenceReport.cpp.o
player-vulkan-host	Build focused player Vulkan-host targets	2026-09-29T22:26:31.4865437Z [ 35%] Building CXX object CMakeFiles/horde_rt_probe_core.dir/src/gameplay/ShowcaseBenchmark.cpp.o
player-vulkan-host	Build focused player Vulkan-host targets	2026-09-29T22:26:32.5754938Z [ 40%] Building CXX object CMakeFiles/horde_rt_probe_core.dir/src/scene/assets/AssetManifest.cpp.o
player-vulkan-host	Build focused player Vulkan-host targets	2026-09-29T22:26:32.9972764Z [ 40%] Building CXX object CMakeFiles/horde_rt_probe_core.dir/src/scene/assets/AssetValidation.cpp.o
player-vulkan-host	Build focused player Vulkan-host targets	2026-09-29T22:26:33.5209526Z [ 45%] Building CXX object CMakeFiles/horde_rt_probe_core.dir/src/scene/assets/GltfDocument.cpp.o
player-vulkan-host	Build focused player Vulkan-host targets	2026-09-29T22:26:35.1642557Z [ 45%] Building CXX object CMakeFiles/horde_rt_probe_core.dir/src/scene/assets/StaticMeshAsset.cpp.o
player-vulkan-host	Build focused player Vulkan-host targets	2026-09-29T22:26:36.0946351Z [ 50%] Building CXX object CMakeFiles/horde_rt_probe_core.dir/src/update/GitHubReleaseUpdater.cpp.o
player-vulkan-host	Build focused player Vulkan-host targets	2026-09-29T22:26:37.8641157Z [ 50%] Building CXX object CMakeFiles/horde_rt_probe_core.dir/src/vulkan/DeviceCapabilities.cpp.o
player-vulkan-host	Build focused player Vulkan-host targets	2026-09-29T22:26:38.1735275Z [ 55%] Building CXX object CMakeFiles/horde_rt_probe_core.dir/src/vulkan/RtCapabilityReport.cpp.o
player-vulkan-host	Build focused player Vulkan-host targets	2026-09-29T22:26:38.6596758Z [ 55%] Building CXX object CMakeFiles/horde_rt_probe_core.dir/src/vulkan/GpuFrameTimer.cpp.o
player-vulkan-host	Build focused player Vulkan-host targets	2026-09-29T22:26:39.0473181Z [ 60%] Building CXX object CMakeFiles/horde_rt_probe_core.dir/src/vulkan/VulkanContext.cpp.o
player-vulkan-host	Build focused player Vulkan-host targets	2026-09-29T22:26:39.5044791Z [ 60%] Building CXX object CMakeFiles/horde_rt_probe_core.dir/src/vulkan/raytracing/RayTracingRequirements.cpp.o
player-vulkan-host	Build focused player Vulkan-host targets	2026-09-29T22:26:39.7631078Z [ 65%] Building CXX object CMakeFiles/horde_rt_probe_core.dir/src/vulkan/raytracing/RtGpuResources.cpp.o
player-vulkan-host	Build focused player Vulkan-host targets	2026-09-29T22:26:40.7714126Z [ 65%] Building CXX object CMakeFiles/horde_rt_probe_core.dir/src/vulkan/raytracing/HeldItemRenderSlot.cpp.o
player-vulkan-host	Build focused player Vulkan-host targets	2026-09-29T22:26:40.8469809Z [ 70%] Building CXX object CMakeFiles/horde_rt_probe_core.dir/src/vulkan/raytracing/FireEmitterBuffer.cpp.o
player-vulkan-host	Build focused player Vulkan-host targets	2026-09-29T22:26:40.9913462Z [ 70%] Building CXX object CMakeFiles/horde_rt_probe_core.dir/src/vulkan/raytracing/RtStaticMeshSlot.cpp.o
player-vulkan-host	Build focused player Vulkan-host targets	2026-09-29T22:26:41.6975160Z [ 75%] Building CXX object CMakeFiles/horde_rt_probe_core.dir/src/vulkan/raytracing/RtTextureArrays.cpp.o
player-vulkan-host	Build focused player Vulkan-host targets	2026-09-29T22:26:41.9557514Z [ 75%] Building CXX object CMakeFiles/horde_rt_probe_core.dir/src/vulkan/raytracing/CharacterRenderSlot.cpp.o
player-vulkan-host	Build focused player Vulkan-host targets	2026-09-29T22:26:42.8456830Z [ 80%] Building CXX object CMakeFiles/horde_rt_probe_core.dir/src/vulkan/raytracing/PlayerRenderSlot.cpp.o
player-vulkan-host	Build focused player Vulkan-host targets	2026-09-29T22:26:43.3681446Z [ 80%] Building CXX object CMakeFiles/horde_rt_probe_core.dir/src/vulkan/raytracing/RtPipelineVariants.cpp.o
player-vulkan-host	Build focused player Vulkan-host targets	2026-09-29T22:26:43.7211658Z [ 80%] Building CXX object CMakeFiles/horde_rt_probe_core.dir/src/vulkan/raytracing/RtPipelineVariantProvider.cpp.o
player-vulkan-host	Build focused player Vulkan-host targets	2026-09-29T22:26:44.4445954Z [ 85%] Building CXX object CMakeFiles/horde_rt_probe_core.dir/src/vulkan/raytracing/RtPipelineBundleContracts.cpp.o
player-vulkan-host	Build focused player Vulkan-host targets	2026-09-29T22:26:44.7640286Z [ 85%] Building CXX object CMakeFiles/horde_rt_probe_core.dir/src/vulkan/raytracing/RtPipelineBundle.cpp.o
player-vulkan-host	Build focused player Vulkan-host targets	2026-09-29T22:26:45.3611117Z [ 90%] Building CXX object CMakeFiles/horde_rt_probe_core.dir/src/vulkan/raytracing/RtFrameEvidenceCoordinator.cpp.o
player-vulkan-host	Build focused player Vulkan-host targets	2026-09-29T22:26:45.4142224Z [ 90%] Building CXX object CMakeFiles/horde_rt_probe_core.dir/src/vulkan/raytracing/PresentableTinyRtScene.cpp.o
player-vulkan-host	Build focused player Vulkan-host targets	2026-09-29T22:26:46.5557467Z [ 95%] Building CXX object CMakeFiles/horde_rt_probe_core.dir/src/vulkan/raytracing/SimulationFrameAdapter.cpp.o
player-vulkan-host	Build focused player Vulkan-host targets	2026-09-29T22:26:47.4686343Z [ 95%] Building CXX object CMakeFiles/horde_rt_probe_core.dir/src/scene/assets/SkinnedMeshAsset.cpp.o
player-vulkan-host	Build focused player Vulkan-host targets	2026-09-29T22:26:51.3620898Z [100%] Linking CXX static library libhorde_rt_probe_core.a
player-vulkan-host	Build focused player Vulkan-host targets	2026-09-29T22:26:51.4727893Z [100%] Built target horde_rt_probe_core
player-vulkan-host	Build focused player Vulkan-host targets	2026-09-29T22:26:51.4796224Z [100%] Building CXX object CMakeFiles/horde_rt_skinned_character_smoke.dir/tests/SkinnedCharacterModelSmoke.cpp.o
player-vulkan-host	Build focused player Vulkan-host targets	2026-09-29T22:26:55.6000053Z [100%] Linking CXX executable horde_rt_skinned_character_smoke
player-vulkan-host	Build focused player Vulkan-host targets	2026-09-29T22:26:55.6544275Z [100%] Built target horde_rt_skinned_character_smoke
player-vulkan-host	Build focused player Vulkan-host targets	2026-09-29T22:26:55.6811074Z [ 23%] Built target horde_gameplay_simulation
player-vulkan-host	Build focused player Vulkan-host targets	2026-09-29T22:26:55.7197621Z [ 95%] Built target horde_rt_probe_core
player-vulkan-host	Build focused player Vulkan-host targets	2026-09-29T22:26:55.7263826Z [ 95%] Building CXX object CMakeFiles/horde_rt_skinned_arm_reference_tests.dir/tests/SkinnedArmReferenceTests.cpp.o
player-vulkan-host	Build focused player Vulkan-host targets	2026-09-29T22:26:57.7648987Z [100%] Linking CXX executable horde_rt_skinned_arm_reference_tests
player-vulkan-host	Build focused player Vulkan-host targets	2026-09-29T22:26:57.8161145Z [100%] Built target horde_rt_skinned_arm_reference_tests
player-vulkan-host	Run focused player contract and semantic fixtures	﻿2026-09-29T22:26:57.8228710Z ##[group]Run ctest --test-dir build/player-vulkan-host --build-config Release --output-on-failure --no-tests=error -R "^(horde_rt_player_primitive_contract_tests|horde_rt_player_manifest_agreement_tests|horde_rt_player_animation_tests|horde_rt_held_item_socket_tests|horde_rt_scene_abi_tests|horde_rt_static_gltf_asset_tests|horde_rt_skinned_character_smoke|horde_rt_skinned_arm_reference_tests|horde_rt_player_skinned_semantic_fixtures|horde_rt_player_viewmodel_admission|horde_rt_player_viewmodel_pose_fixtures)$"
player-vulkan-host	Run focused player contract and semantic fixtures	2026-09-29T22:26:57.8232259Z ^[[36;1mctest --test-dir build/player-vulkan-host --build-config Release --output-on-failure --no-tests=error -R "^(horde_rt_player_primitive_contract_tests|horde_rt_player_manifest_agreement_tests|horde_rt_player_animation_tests|horde_rt_held_item_socket_tests|horde_rt_scene_abi_tests|horde_rt_static_gltf_asset_tests|horde_rt_skinned_character_smoke|horde_rt_skinned_arm_reference_tests|horde_rt_player_skinned_semantic_fixtures|horde_rt_player_viewmodel_admission|horde_rt_player_viewmodel_pose_fixtures)$"^[[0m
player-vulkan-host	Run focused player contract and semantic fixtures	2026-09-29T22:26:57.8294491Z shell: /usr/bin/bash -e {0}
player-vulkan-host	Run focused player contract and semantic fixtures	2026-09-29T22:26:57.8294753Z ##[endgroup]
player-vulkan-host	Run focused player contract and semantic fixtures	2026-09-29T22:26:58.1515432Z Internal ctest changing into directory: /home/runner/work/The-Horde-RT-demo/The-Horde-RT-demo/build/player-vulkan-host
player-vulkan-host	Run focused player contract and semantic fixtures	2026-09-29T22:26:58.2248595Z Test project /home/runner/work/The-Horde-RT-demo/The-Horde-RT-demo/build/player-vulkan-host
player-vulkan-host	Run focused player contract and semantic fixtures	2026-09-29T22:26:58.2699643Z       Start  1: horde_rt_player_primitive_contract_tests
player-vulkan-host	Run focused player contract and semantic fixtures	2026-09-29T22:26:58.2771272Z  1/11 Test  #1: horde_rt_player_primitive_contract_tests ....   Passed    0.00 sec
player-vulkan-host	Run focused player contract and semantic fixtures	2026-09-29T22:26:58.2833629Z       Start  3: horde_rt_player_manifest_agreement_tests
player-vulkan-host	Run focused player contract and semantic fixtures	2026-09-29T22:26:59.1827552Z  2/11 Test  #3: horde_rt_player_manifest_agreement_tests ....   Passed    0.90 sec
player-vulkan-host	Run focused player contract and semantic fixtures	2026-09-29T22:26:59.1834123Z       Start 28: horde_rt_player_animation_tests
player-vulkan-host	Run focused player contract and semantic fixtures	2026-09-29T22:26:59.1863627Z  3/11 Test #28: horde_rt_player_animation_tests .............   Passed    0.00 sec
player-vulkan-host	Run focused player contract and semantic fixtures	2026-09-29T22:26:59.1865230Z       Start 30: horde_rt_held_item_socket_tests
player-vulkan-host	Run focused player contract and semantic fixtures	2026-09-29T22:26:59.2380803Z  4/11 Test #30: horde_rt_held_item_socket_tests .............   Passed    0.05 sec
player-vulkan-host	Run focused player contract and semantic fixtures	2026-09-29T22:26:59.2382049Z       Start 32: horde_rt_scene_abi_tests
player-vulkan-host	Run focused player contract and semantic fixtures	2026-09-29T22:26:59.2398528Z  5/11 Test #32: horde_rt_scene_abi_tests ....................   Passed    0.00 sec
player-vulkan-host	Run focused player contract and semantic fixtures	2026-09-29T22:26:59.2399936Z       Start 33: horde_rt_static_gltf_asset_tests
player-vulkan-host	Run focused player contract and semantic fixtures	2026-09-29T22:26:59.2776089Z  6/11 Test #33: horde_rt_static_gltf_asset_tests ............   Passed    0.04 sec
player-vulkan-host	Run focused player contract and semantic fixtures	2026-09-29T22:26:59.2777276Z       Start 52: horde_rt_skinned_arm_reference_tests
player-vulkan-host	Run focused player contract and semantic fixtures	2026-09-29T22:26:59.2795767Z  7/11 Test #52: horde_rt_skinned_arm_reference_tests ........   Passed    0.00 sec
player-vulkan-host	Run focused player contract and semantic fixtures	2026-09-29T22:26:59.2797064Z       Start 53: horde_rt_skinned_character_smoke
player-vulkan-host	Run focused player contract and semantic fixtures	2026-09-29T22:27:01.5166161Z  8/11 Test #53: horde_rt_skinned_character_smoke ............   Passed    2.24 sec
player-vulkan-host	Run focused player contract and semantic fixtures	2026-09-29T22:27:01.5214307Z       Start 54: horde_rt_player_skinned_semantic_fixtures
player-vulkan-host	Run focused player contract and semantic fixtures	2026-09-29T22:27:04.6211603Z  9/11 Test #54: horde_rt_player_skinned_semantic_fixtures ...   Passed    3.10 sec
player-vulkan-host	Run focused player contract and semantic fixtures	2026-09-29T22:27:04.6212622Z       Start 55: horde_rt_player_viewmodel_admission
player-vulkan-host	Run focused player contract and semantic fixtures	2026-09-29T22:27:04.6742912Z 10/11 Test #55: horde_rt_player_viewmodel_admission .........   Passed    0.05 sec
player-vulkan-host	Run focused player contract and semantic fixtures	2026-09-29T22:27:04.6744135Z       Start 56: horde_rt_player_viewmodel_pose_fixtures
player-vulkan-host	Run focused player contract and semantic fixtures	2026-09-29T22:27:06.0359562Z 11/11 Test #56: horde_rt_player_viewmodel_pose_fixtures .....   Passed    1.36 sec
player-vulkan-host	Run focused player contract and semantic fixtures	2026-09-29T22:27:06.0362433Z 
player-vulkan-host	Run focused player contract and semantic fixtures	2026-09-29T22:27:06.0362604Z 100% tests passed, 0 tests failed out of 11
player-vulkan-host	Run focused player contract and semantic fixtures	2026-09-29T22:27:06.0362932Z 
player-vulkan-host	Run focused player contract and semantic fixtures	2026-09-29T22:27:06.0363090Z Total Test time (real) =   7.81 sec
player-vulkan-host	Post Check out source	﻿2026-09-29T22:27:06.0920296Z Post job cleanup.
player-vulkan-host	Post Check out source	2026-09-29T22:27:06.1747945Z [command]/usr/bin/git version
player-vulkan-host	Post Check out source	2026-09-29T22:27:06.1789610Z git version 2.55.0
player-vulkan-host	Post Check out source	2026-09-29T22:27:06.1827408Z Temporarily overriding HOME='/home/runner/work/_temp/1f57a382-f29c-4f7f-9669-4a5500c95482' before making global git config changes
player-vulkan-host	Post Check out source	2026-09-29T22:27:06.1828978Z Adding repository directory to the temporary git global config as a safe directory
player-vulkan-host	Post Check out source	2026-09-29T22:27:06.1832307Z [command]/usr/bin/git config --global --add safe.directory /home/runner/work/The-Horde-RT-demo/The-Horde-RT-demo
player-vulkan-host	Post Check out source	2026-09-29T22:27:06.1864736Z Removing SSH command configuration
player-vulkan-host	Post Check out source	2026-09-29T22:27:06.1871508Z [command]/usr/bin/git config --local --name-only --get-regexp core\.sshCommand
player-vulkan-host	Post Check out source	2026-09-29T22:27:06.1906673Z [command]/usr/bin/git submodule foreach --recursive sh -c "git config --local --name-only --get-regexp 'core\.sshCommand' && git config --local --unset-all 'core.sshCommand' || :"
player-vulkan-host	Post Check out source	2026-09-29T22:27:06.2156896Z Removing HTTP extra header
player-vulkan-host	Post Check out source	2026-09-29T22:27:06.2162591Z [command]/usr/bin/git config --local --name-only --get-regexp http\.https\:\/\/github\.com\/\.extraheader
player-vulkan-host	Post Check out source	2026-09-29T22:27:06.2197246Z [command]/usr/bin/git submodule foreach --recursive sh -c "git config --local --name-only --get-regexp 'http\.https\:\/\/github\.com\/\.extraheader' && git config --local --unset-all 'http.https://github.com/.extraheader' || :"
player-vulkan-host	Post Check out source	2026-09-29T22:27:06.2445689Z Removing includeIf entries pointing to credentials config files
player-vulkan-host	Post Check out source	2026-09-29T22:27:06.2453780Z [command]/usr/bin/git config --local --name-only --get-regexp ^includeIf\.gitdir:
player-vulkan-host	Post Check out source	2026-09-29T22:27:06.2492467Z includeif.gitdir:/home/runner/work/The-Horde-RT-demo/The-Horde-RT-demo/.git.path
player-vulkan-host	Post Check out source	2026-09-29T22:27:06.2494143Z includeif.gitdir:/home/runner/work/The-Horde-RT-demo/The-Horde-RT-demo/.git/worktrees/*.path
player-vulkan-host	Post Check out source	2026-09-29T22:27:06.2495364Z includeif.gitdir:/github/workspace/.git.path
player-vulkan-host	Post Check out source	2026-09-29T22:27:06.2496255Z includeif.gitdir:/github/workspace/.git/worktrees/*.path
player-vulkan-host	Post Check out source	2026-09-29T22:27:06.2512206Z [command]/usr/bin/git config --local --get-all includeif.gitdir:/home/runner/work/The-Horde-RT-demo/The-Horde-RT-demo/.git.path
player-vulkan-host	Post Check out source	2026-09-29T22:27:06.2539786Z /home/runner/work/_temp/git-credentials-c248e74b-4a8f-434d-9495-1327108168d4.config
player-vulkan-host	Post Check out source	2026-09-29T22:27:06.2551777Z [command]/usr/bin/git config --local --unset includeif.gitdir:/home/runner/work/The-Horde-RT-demo/The-Horde-RT-demo/.git.path /home/runner/work/_temp/git-credentials-c248e74b-4a8f-434d-9495-1327108168d4.config
player-vulkan-host	Post Check out source	2026-09-29T22:27:06.2592732Z [command]/usr/bin/git config --local --get-all includeif.gitdir:/home/runner/work/The-Horde-RT-demo/The-Horde-RT-demo/.git/worktrees/*.path
player-vulkan-host	Post Check out source	2026-09-29T22:27:06.2620835Z /home/runner/work/_temp/git-credentials-c248e74b-4a8f-434d-9495-1327108168d4.config
player-vulkan-host	Post Check out source	2026-09-29T22:27:06.2632331Z [command]/usr/bin/git config --local --unset includeif.gitdir:/home/runner/work/The-Horde-RT-demo/The-Horde-RT-demo/.git/worktrees/*.path /home/runner/work/_temp/git-credentials-c248e74b-4a8f-434d-9495-1327108168d4.config
player-vulkan-host	Post Check out source	2026-09-29T22:27:06.2671655Z [command]/usr/bin/git config --local --get-all includeif.gitdir:/github/workspace/.git.path
player-vulkan-host	Post Check out source	2026-09-29T22:27:06.2697170Z /github/runner_temp/git-credentials-c248e74b-4a8f-434d-9495-1327108168d4.config
player-vulkan-host	Post Check out source	2026-09-29T22:27:06.2706039Z [command]/usr/bin/git config --local --unset includeif.gitdir:/github/workspace/.git.path /github/runner_temp/git-credentials-c248e74b-4a8f-434d-9495-1327108168d4.config
player-vulkan-host	Post Check out source	2026-09-29T22:27:06.2750194Z [command]/usr/bin/git config --local --get-all includeif.gitdir:/github/workspace/.git/worktrees/*.path
player-vulkan-host	Post Check out source	2026-09-29T22:27:06.2771290Z /github/runner_temp/git-credentials-c248e74b-4a8f-434d-9495-1327108168d4.config
player-vulkan-host	Post Check out source	2026-09-29T22:27:06.2780283Z [command]/usr/bin/git config --local --unset includeif.gitdir:/github/workspace/.git/worktrees/*.path /github/runner_temp/git-credentials-c248e74b-4a8f-434d-9495-1327108168d4.config
player-vulkan-host	Post Check out source	2026-09-29T22:27:06.2823689Z [command]/usr/bin/git submodule foreach --recursive git config --local --show-origin --name-only --get-regexp remote.origin.url
player-vulkan-host	Post Check out source	2026-09-29T22:27:06.3067015Z Removing credentials config '/home/runner/work/_temp/git-credentials-c248e74b-4a8f-434d-9495-1327108168d4.config'
player-vulkan-host	Complete job	﻿2026-09-29T22:27:06.3247358Z Cleaning up orphan processes
