shared-gameplay	Set up job	﻿2026-09-30T07:36:25.6535781Z Current runner version: '2.337.0'
shared-gameplay	Set up job	2026-09-30T07:36:25.6562117Z ##[group]Runner Image Provisioner
shared-gameplay	Set up job	2026-09-30T07:36:25.6563159Z Hosted Compute Agent
shared-gameplay	Set up job	2026-09-30T07:36:25.6563779Z Version: 20260901.588
shared-gameplay	Set up job	2026-09-30T07:36:25.6564405Z Commit: f88ec8081b781fac6c440065ac7ff9e710ce3d0b
shared-gameplay	Set up job	2026-09-30T07:36:25.6565209Z Build Date: 2026-09-01T19:56:44Z
shared-gameplay	Set up job	2026-09-30T07:36:25.6565916Z Worker ID: {7c3bba02-7532-4948-886e-6fb929db04cd}
shared-gameplay	Set up job	2026-09-30T07:36:25.6566672Z Azure Region: westus
shared-gameplay	Set up job	2026-09-30T07:36:25.6567258Z ##[endgroup]
shared-gameplay	Set up job	2026-09-30T07:36:25.6568827Z ##[group]Operating System
shared-gameplay	Set up job	2026-09-30T07:36:25.6569611Z Ubuntu
shared-gameplay	Set up job	2026-09-30T07:36:25.6570177Z 24.04.5
shared-gameplay	Set up job	2026-09-30T07:36:25.6570731Z LTS
shared-gameplay	Set up job	2026-09-30T07:36:25.6571258Z ##[endgroup]
shared-gameplay	Set up job	2026-09-30T07:36:25.6572014Z ##[group]Runner Image
shared-gameplay	Set up job	2026-09-30T07:36:25.6572701Z Image: ubuntu-24.04
shared-gameplay	Set up job	2026-09-30T07:36:25.6573312Z Version: 20260927.320.1
shared-gameplay	Set up job	2026-09-30T07:36:25.6574374Z Included Software: https://github.com/actions/runner-images/blob/ubuntu24/20260927.320/images/ubuntu/Ubuntu2404-Readme.md
shared-gameplay	Set up job	2026-09-30T07:36:25.6576194Z Image Release: https://github.com/actions/runner-images/releases/tag/ubuntu24%2F20260927.320
shared-gameplay	Set up job	2026-09-30T07:36:25.6577586Z ##[endgroup]
shared-gameplay	Set up job	2026-09-30T07:36:25.6578788Z ##[group]GITHUB_TOKEN Permissions
shared-gameplay	Set up job	2026-09-30T07:36:25.6580899Z Contents: read
shared-gameplay	Set up job	2026-09-30T07:36:25.6581544Z Metadata: read
shared-gameplay	Set up job	2026-09-30T07:36:25.6582292Z ##[endgroup]
shared-gameplay	Set up job	2026-09-30T07:36:25.6584468Z Secret source: Actions
shared-gameplay	Set up job	2026-09-30T07:36:25.6585455Z Cache mode: write
shared-gameplay	Set up job	2026-09-30T07:36:25.6586254Z Prepare workflow directory
shared-gameplay	Set up job	2026-09-30T07:36:25.6921015Z Prepare all required actions
shared-gameplay	Set up job	2026-09-30T07:36:25.6970260Z Getting action download info
shared-gameplay	Set up job	2026-09-30T07:36:26.0523553Z Download action repository 'actions/checkout@v6' (SHA:d23441a48e516b6c34aea4fa41551a30e30af803)
shared-gameplay	Set up job	2026-09-30T07:36:26.5869957Z Complete job name: shared-gameplay
shared-gameplay	Check out source	﻿2026-09-30T07:36:26.6680346Z ##[group]Run actions/checkout@v6
shared-gameplay	Check out source	2026-09-30T07:36:26.6681239Z with:
shared-gameplay	Check out source	2026-09-30T07:36:26.6681924Z   repository: Samfa12-tech/The-Horde-RT-demo
shared-gameplay	Check out source	2026-09-30T07:36:26.6686077Z   token: ***
shared-gameplay	Check out source	2026-09-30T07:36:26.6686540Z   ssh-strict: true
shared-gameplay	Check out source	2026-09-30T07:36:26.6686974Z   ssh-user: git
shared-gameplay	Check out source	2026-09-30T07:36:26.6687417Z   persist-credentials: true
shared-gameplay	Check out source	2026-09-30T07:36:26.6687908Z   clean: true
shared-gameplay	Check out source	2026-09-30T07:36:26.6688345Z   sparse-checkout-cone-mode: true
shared-gameplay	Check out source	2026-09-30T07:36:26.6688861Z   fetch-depth: 1
shared-gameplay	Check out source	2026-09-30T07:36:26.6689287Z   fetch-tags: false
shared-gameplay	Check out source	2026-09-30T07:36:26.6689730Z   show-progress: true
shared-gameplay	Check out source	2026-09-30T07:36:26.6690176Z   lfs: false
shared-gameplay	Check out source	2026-09-30T07:36:26.6690584Z   submodules: false
shared-gameplay	Check out source	2026-09-30T07:36:26.6691034Z   set-safe-directory: true
shared-gameplay	Check out source	2026-09-30T07:36:26.6691543Z   allow-unsafe-pr-checkout: false
shared-gameplay	Check out source	2026-09-30T07:36:26.6692465Z ##[endgroup]
shared-gameplay	Check out source	2026-09-30T07:36:26.7683213Z Syncing repository: Samfa12-tech/The-Horde-RT-demo
shared-gameplay	Check out source	2026-09-30T07:36:26.7685814Z ##[group]Getting Git version info
shared-gameplay	Check out source	2026-09-30T07:36:26.7687124Z Working directory is '/home/runner/work/The-Horde-RT-demo/The-Horde-RT-demo'
shared-gameplay	Check out source	2026-09-30T07:36:26.7689115Z [command]/usr/bin/git version
shared-gameplay	Check out source	2026-09-30T07:36:27.1422487Z git version 2.55.0
shared-gameplay	Check out source	2026-09-30T07:36:27.1449209Z ##[endgroup]
shared-gameplay	Check out source	2026-09-30T07:36:27.1468258Z Temporarily overriding HOME='/home/runner/work/_temp/a5178e04-b41c-4321-bf40-fc33d4429da2' before making global git config changes
shared-gameplay	Check out source	2026-09-30T07:36:27.1470840Z Adding repository directory to the temporary git global config as a safe directory
shared-gameplay	Check out source	2026-09-30T07:36:27.1476595Z [command]/usr/bin/git config --global --add safe.directory /home/runner/work/The-Horde-RT-demo/The-Horde-RT-demo
shared-gameplay	Check out source	2026-09-30T07:36:27.1822946Z Deleting the contents of '/home/runner/work/The-Horde-RT-demo/The-Horde-RT-demo'
shared-gameplay	Check out source	2026-09-30T07:36:27.1827485Z ##[group]Determining repository object format
shared-gameplay	Check out source	2026-09-30T07:36:27.1830299Z ##[endgroup]
shared-gameplay	Check out source	2026-09-30T07:36:27.1832031Z ##[group]Initializing the repository
shared-gameplay	Check out source	2026-09-30T07:36:27.1836696Z [command]/usr/bin/git init /home/runner/work/The-Horde-RT-demo/The-Horde-RT-demo
shared-gameplay	Check out source	2026-09-30T07:36:27.2671554Z hint: Using 'master' as the name for the initial branch. This default branch name
shared-gameplay	Check out source	2026-09-30T07:36:27.2674441Z hint: will change to "main" in Git 3.0. To configure the initial branch name
shared-gameplay	Check out source	2026-09-30T07:36:27.2677292Z hint: to use in all of your new repositories, which will suppress this warning,
shared-gameplay	Check out source	2026-09-30T07:36:27.2679142Z hint: call:
shared-gameplay	Check out source	2026-09-30T07:36:27.2680299Z hint:
shared-gameplay	Check out source	2026-09-30T07:36:27.2681568Z hint: 	git config --global init.defaultBranch <name>
shared-gameplay	Check out source	2026-09-30T07:36:27.2682946Z hint:
shared-gameplay	Check out source	2026-09-30T07:36:27.2683840Z hint: Names commonly chosen instead of 'master' are 'main', 'trunk' and
shared-gameplay	Check out source	2026-09-30T07:36:27.2685026Z hint: 'development'. The just-created branch can be renamed via this command:
shared-gameplay	Check out source	2026-09-30T07:36:27.2685854Z hint:
shared-gameplay	Check out source	2026-09-30T07:36:27.2686393Z hint: 	git branch -m <name>
shared-gameplay	Check out source	2026-09-30T07:36:27.2687040Z hint:
shared-gameplay	Check out source	2026-09-30T07:36:27.2687922Z hint: Disable this message with "git config set advice.defaultBranchName false"
shared-gameplay	Check out source	2026-09-30T07:36:27.2689079Z Initialized empty Git repository in /home/runner/work/The-Horde-RT-demo/The-Horde-RT-demo/.git/
shared-gameplay	Check out source	2026-09-30T07:36:27.2691030Z [command]/usr/bin/git remote add origin https://github.com/Samfa12-tech/The-Horde-RT-demo
shared-gameplay	Check out source	2026-09-30T07:36:27.3168110Z ##[endgroup]
shared-gameplay	Check out source	2026-09-30T07:36:27.3169295Z ##[group]Disabling automatic garbage collection
shared-gameplay	Check out source	2026-09-30T07:36:27.3172479Z [command]/usr/bin/git config --local gc.auto 0
shared-gameplay	Check out source	2026-09-30T07:36:27.3207918Z ##[endgroup]
shared-gameplay	Check out source	2026-09-30T07:36:27.3208891Z ##[group]Setting up auth
shared-gameplay	Check out source	2026-09-30T07:36:27.3209785Z Removing SSH command configuration
shared-gameplay	Check out source	2026-09-30T07:36:27.3215660Z [command]/usr/bin/git config --local --name-only --get-regexp core\.sshCommand
shared-gameplay	Check out source	2026-09-30T07:36:27.3251170Z [command]/usr/bin/git submodule foreach --recursive sh -c "git config --local --name-only --get-regexp 'core\.sshCommand' && git config --local --unset-all 'core.sshCommand' || :"
shared-gameplay	Check out source	2026-09-30T07:36:27.5209310Z Removing HTTP extra header
shared-gameplay	Check out source	2026-09-30T07:36:27.5216643Z [command]/usr/bin/git config --local --name-only --get-regexp http\.https\:\/\/github\.com\/\.extraheader
shared-gameplay	Check out source	2026-09-30T07:36:27.5254578Z [command]/usr/bin/git submodule foreach --recursive sh -c "git config --local --name-only --get-regexp 'http\.https\:\/\/github\.com\/\.extraheader' && git config --local --unset-all 'http.https://github.com/.extraheader' || :"
shared-gameplay	Check out source	2026-09-30T07:36:27.5476322Z Removing includeIf entries pointing to credentials config files
shared-gameplay	Check out source	2026-09-30T07:36:27.5482956Z [command]/usr/bin/git config --local --name-only --get-regexp ^includeIf\.gitdir:
shared-gameplay	Check out source	2026-09-30T07:36:27.5523153Z [command]/usr/bin/git submodule foreach --recursive git config --local --show-origin --name-only --get-regexp remote.origin.url
shared-gameplay	Check out source	2026-09-30T07:36:27.5754214Z [command]/usr/bin/git config --file /home/runner/work/_temp/git-credentials-db596988-d881-4ac7-b1e4-15f1a5b4e465.config http.https://github.com/.extraheader AUTHORIZATION: basic ***
shared-gameplay	Check out source	2026-09-30T07:36:27.5795586Z [command]/usr/bin/git config --local includeIf.gitdir:/home/runner/work/The-Horde-RT-demo/The-Horde-RT-demo/.git.path /home/runner/work/_temp/git-credentials-db596988-d881-4ac7-b1e4-15f1a5b4e465.config
shared-gameplay	Check out source	2026-09-30T07:36:27.5832578Z [command]/usr/bin/git config --local includeIf.gitdir:/home/runner/work/The-Horde-RT-demo/The-Horde-RT-demo/.git/worktrees/*.path /home/runner/work/_temp/git-credentials-db596988-d881-4ac7-b1e4-15f1a5b4e465.config
shared-gameplay	Check out source	2026-09-30T07:36:27.5870196Z [command]/usr/bin/git config --local includeIf.gitdir:/github/workspace/.git.path /github/runner_temp/git-credentials-db596988-d881-4ac7-b1e4-15f1a5b4e465.config
shared-gameplay	Check out source	2026-09-30T07:36:27.5905983Z [command]/usr/bin/git config --local includeIf.gitdir:/github/workspace/.git/worktrees/*.path /github/runner_temp/git-credentials-db596988-d881-4ac7-b1e4-15f1a5b4e465.config
shared-gameplay	Check out source	2026-09-30T07:36:27.5944570Z ##[endgroup]
shared-gameplay	Check out source	2026-09-30T07:36:27.5946467Z ##[group]Fetching the repository
shared-gameplay	Check out source	2026-09-30T07:36:27.5954081Z [command]/usr/bin/git -c protocol.version=2 fetch --no-tags --prune --no-recurse-submodules --depth=1 origin +18616f4fdab2da24e822c999006f39f6cff258eb:refs/remotes/origin/codex/horde-1.6.1-engineering-pass
shared-gameplay	Check out source	2026-09-30T07:36:29.2383150Z From https://github.com/Samfa12-tech/The-Horde-RT-demo
shared-gameplay	Check out source	2026-09-30T07:36:29.2384644Z  * [new ref]         18616f4fdab2da24e822c999006f39f6cff258eb -> origin/codex/horde-1.6.1-engineering-pass
shared-gameplay	Check out source	2026-09-30T07:36:29.2397228Z [command]/usr/bin/git branch --list --remote origin/codex/horde-1.6.1-engineering-pass
shared-gameplay	Check out source	2026-09-30T07:36:29.2426902Z   origin/codex/horde-1.6.1-engineering-pass
shared-gameplay	Check out source	2026-09-30T07:36:29.2437535Z [command]/usr/bin/git rev-parse refs/remotes/origin/codex/horde-1.6.1-engineering-pass
shared-gameplay	Check out source	2026-09-30T07:36:29.2463318Z 18616f4fdab2da24e822c999006f39f6cff258eb
shared-gameplay	Check out source	2026-09-30T07:36:29.2467506Z ##[endgroup]
shared-gameplay	Check out source	2026-09-30T07:36:29.2467988Z ##[group]Determining the checkout info
shared-gameplay	Check out source	2026-09-30T07:36:29.2468859Z ##[endgroup]
shared-gameplay	Check out source	2026-09-30T07:36:29.2473340Z [command]/usr/bin/git sparse-checkout disable
shared-gameplay	Check out source	2026-09-30T07:36:29.2665131Z [command]/usr/bin/git config --local --unset-all extensions.worktreeConfig
shared-gameplay	Check out source	2026-09-30T07:36:29.2697176Z ##[group]Checking out the ref
shared-gameplay	Check out source	2026-09-30T07:36:29.2701551Z [command]/usr/bin/git checkout --progress --force -B codex/horde-1.6.1-engineering-pass refs/remotes/origin/codex/horde-1.6.1-engineering-pass
shared-gameplay	Check out source	2026-09-30T07:36:31.9563655Z Updating files:   1% (27/2222)
shared-gameplay	Check out source	2026-09-30T07:36:31.9657812Z Updating files:   2% (45/2222)
shared-gameplay	Check out source	2026-09-30T07:36:31.9870182Z Updating files:   3% (67/2222)
shared-gameplay	Check out source	2026-09-30T07:36:31.9919781Z Updating files:   4% (89/2222)
shared-gameplay	Check out source	2026-09-30T07:36:31.9969001Z Updating files:   5% (112/2222)
shared-gameplay	Check out source	2026-09-30T07:36:32.0006782Z Updating files:   6% (134/2222)
shared-gameplay	Check out source	2026-09-30T07:36:32.0033041Z Updating files:   7% (156/2222)
shared-gameplay	Check out source	2026-09-30T07:36:32.0069684Z Updating files:   8% (178/2222)
shared-gameplay	Check out source	2026-09-30T07:36:32.0155085Z Updating files:   9% (200/2222)
shared-gameplay	Check out source	2026-09-30T07:36:32.0194925Z Updating files:  10% (223/2222)
shared-gameplay	Check out source	2026-09-30T07:36:32.0246402Z Updating files:  11% (245/2222)
shared-gameplay	Check out source	2026-09-30T07:36:32.0664076Z Updating files:  12% (267/2222)
shared-gameplay	Check out source	2026-09-30T07:36:32.0723356Z Updating files:  13% (289/2222)
shared-gameplay	Check out source	2026-09-30T07:36:32.0749301Z Updating files:  14% (312/2222)
shared-gameplay	Check out source	2026-09-30T07:36:32.0770299Z Updating files:  15% (334/2222)
shared-gameplay	Check out source	2026-09-30T07:36:32.0788981Z Updating files:  16% (356/2222)
shared-gameplay	Check out source	2026-09-30T07:36:32.0806211Z Updating files:  17% (378/2222)
shared-gameplay	Check out source	2026-09-30T07:36:32.0859112Z Updating files:  18% (400/2222)
shared-gameplay	Check out source	2026-09-30T07:36:32.0895664Z Updating files:  19% (423/2222)
shared-gameplay	Check out source	2026-09-30T07:36:32.0928119Z Updating files:  20% (445/2222)
shared-gameplay	Check out source	2026-09-30T07:36:32.0991405Z Updating files:  21% (467/2222)
shared-gameplay	Check out source	2026-09-30T07:36:32.1016756Z Updating files:  22% (489/2222)
shared-gameplay	Check out source	2026-09-30T07:36:32.1045939Z Updating files:  23% (512/2222)
shared-gameplay	Check out source	2026-09-30T07:36:32.1069097Z Updating files:  24% (534/2222)
shared-gameplay	Check out source	2026-09-30T07:36:32.1147055Z Updating files:  25% (556/2222)
shared-gameplay	Check out source	2026-09-30T07:36:32.1176392Z Updating files:  26% (578/2222)
shared-gameplay	Check out source	2026-09-30T07:36:32.1209781Z Updating files:  27% (600/2222)
shared-gameplay	Check out source	2026-09-30T07:36:32.1228735Z Updating files:  28% (623/2222)
shared-gameplay	Check out source	2026-09-30T07:36:32.1249073Z Updating files:  29% (645/2222)
shared-gameplay	Check out source	2026-09-30T07:36:32.1261083Z Updating files:  30% (667/2222)
shared-gameplay	Check out source	2026-09-30T07:36:32.1283778Z Updating files:  31% (689/2222)
shared-gameplay	Check out source	2026-09-30T07:36:32.1304184Z Updating files:  32% (712/2222)
shared-gameplay	Check out source	2026-09-30T07:36:32.1320171Z Updating files:  33% (734/2222)
shared-gameplay	Check out source	2026-09-30T07:36:32.1338810Z Updating files:  34% (756/2222)
shared-gameplay	Check out source	2026-09-30T07:36:32.1367577Z Updating files:  35% (778/2222)
shared-gameplay	Check out source	2026-09-30T07:36:32.1393421Z Updating files:  36% (800/2222)
shared-gameplay	Check out source	2026-09-30T07:36:32.1415652Z Updating files:  37% (823/2222)
shared-gameplay	Check out source	2026-09-30T07:36:32.1438537Z Updating files:  38% (845/2222)
shared-gameplay	Check out source	2026-09-30T07:36:32.1461030Z Updating files:  39% (867/2222)
shared-gameplay	Check out source	2026-09-30T07:36:32.1484055Z Updating files:  40% (889/2222)
shared-gameplay	Check out source	2026-09-30T07:36:32.1503323Z Updating files:  41% (912/2222)
shared-gameplay	Check out source	2026-09-30T07:36:32.1520185Z Updating files:  42% (934/2222)
shared-gameplay	Check out source	2026-09-30T07:36:32.1538106Z Updating files:  43% (956/2222)
shared-gameplay	Check out source	2026-09-30T07:36:32.1556434Z Updating files:  44% (978/2222)
shared-gameplay	Check out source	2026-09-30T07:36:32.1587180Z Updating files:  45% (1000/2222)
shared-gameplay	Check out source	2026-09-30T07:36:32.1602139Z Updating files:  46% (1023/2222)
shared-gameplay	Check out source	2026-09-30T07:36:32.1630948Z Updating files:  47% (1045/2222)
shared-gameplay	Check out source	2026-09-30T07:36:32.1659771Z Updating files:  48% (1067/2222)
shared-gameplay	Check out source	2026-09-30T07:36:32.1690837Z Updating files:  49% (1089/2222)
shared-gameplay	Check out source	2026-09-30T07:36:32.1728438Z Updating files:  50% (1111/2222)
shared-gameplay	Check out source	2026-09-30T07:36:32.1764196Z Updating files:  51% (1134/2222)
shared-gameplay	Check out source	2026-09-30T07:36:32.1802348Z Updating files:  52% (1156/2222)
shared-gameplay	Check out source	2026-09-30T07:36:32.1821995Z Updating files:  53% (1178/2222)
shared-gameplay	Check out source	2026-09-30T07:36:32.1849817Z Updating files:  54% (1200/2222)
shared-gameplay	Check out source	2026-09-30T07:36:32.1861142Z Updating files:  55% (1223/2222)
shared-gameplay	Check out source	2026-09-30T07:36:32.1886842Z Updating files:  56% (1245/2222)
shared-gameplay	Check out source	2026-09-30T07:36:32.1903618Z Updating files:  57% (1267/2222)
shared-gameplay	Check out source	2026-09-30T07:36:32.1936065Z Updating files:  58% (1289/2222)
shared-gameplay	Check out source	2026-09-30T07:36:32.1970514Z Updating files:  59% (1311/2222)
shared-gameplay	Check out source	2026-09-30T07:36:32.2003329Z Updating files:  60% (1334/2222)
shared-gameplay	Check out source	2026-09-30T07:36:32.2031316Z Updating files:  61% (1356/2222)
shared-gameplay	Check out source	2026-09-30T07:36:32.2062971Z Updating files:  62% (1378/2222)
shared-gameplay	Check out source	2026-09-30T07:36:32.2093813Z Updating files:  63% (1400/2222)
shared-gameplay	Check out source	2026-09-30T07:36:32.2103807Z Updating files:  64% (1423/2222)
shared-gameplay	Check out source	2026-09-30T07:36:32.2118309Z Updating files:  65% (1445/2222)
shared-gameplay	Check out source	2026-09-30T07:36:32.2138122Z Updating files:  66% (1467/2222)
shared-gameplay	Check out source	2026-09-30T07:36:32.2179995Z Updating files:  67% (1489/2222)
shared-gameplay	Check out source	2026-09-30T07:36:32.2204009Z Updating files:  68% (1511/2222)
shared-gameplay	Check out source	2026-09-30T07:36:32.2218885Z Updating files:  69% (1534/2222)
shared-gameplay	Check out source	2026-09-30T07:36:32.2236159Z Updating files:  70% (1556/2222)
shared-gameplay	Check out source	2026-09-30T07:36:32.2261138Z Updating files:  71% (1578/2222)
shared-gameplay	Check out source	2026-09-30T07:36:32.2280654Z Updating files:  72% (1600/2222)
shared-gameplay	Check out source	2026-09-30T07:36:32.2303164Z Updating files:  73% (1623/2222)
shared-gameplay	Check out source	2026-09-30T07:36:32.2330587Z Updating files:  74% (1645/2222)
shared-gameplay	Check out source	2026-09-30T07:36:32.2345219Z Updating files:  75% (1667/2222)
shared-gameplay	Check out source	2026-09-30T07:36:32.2367306Z Updating files:  76% (1689/2222)
shared-gameplay	Check out source	2026-09-30T07:36:32.2400461Z Updating files:  77% (1711/2222)
shared-gameplay	Check out source	2026-09-30T07:36:32.2428049Z Updating files:  78% (1734/2222)
shared-gameplay	Check out source	2026-09-30T07:36:32.2458898Z Updating files:  79% (1756/2222)
shared-gameplay	Check out source	2026-09-30T07:36:32.2484894Z Updating files:  80% (1778/2222)
shared-gameplay	Check out source	2026-09-30T07:36:32.2525074Z Updating files:  81% (1800/2222)
shared-gameplay	Check out source	2026-09-30T07:36:32.2564347Z Updating files:  82% (1823/2222)
shared-gameplay	Check out source	2026-09-30T07:36:32.2582699Z Updating files:  83% (1845/2222)
shared-gameplay	Check out source	2026-09-30T07:36:32.2597947Z Updating files:  84% (1867/2222)
shared-gameplay	Check out source	2026-09-30T07:36:32.2612839Z Updating files:  85% (1889/2222)
shared-gameplay	Check out source	2026-09-30T07:36:32.2632827Z Updating files:  86% (1911/2222)
shared-gameplay	Check out source	2026-09-30T07:36:32.2653019Z Updating files:  87% (1934/2222)
shared-gameplay	Check out source	2026-09-30T07:36:32.2772155Z Updating files:  88% (1956/2222)
shared-gameplay	Check out source	2026-09-30T07:36:32.2775529Z Updating files:  88% (1975/2222)
shared-gameplay	Check out source	2026-09-30T07:36:32.2796730Z Updating files:  89% (1978/2222)
shared-gameplay	Check out source	2026-09-30T07:36:32.3057528Z Updating files:  90% (2000/2222)
shared-gameplay	Check out source	2026-09-30T07:36:32.3144937Z Updating files:  91% (2023/2222)
shared-gameplay	Check out source	2026-09-30T07:36:32.3167625Z Updating files:  92% (2045/2222)
shared-gameplay	Check out source	2026-09-30T07:36:32.3189720Z Updating files:  93% (2067/2222)
shared-gameplay	Check out source	2026-09-30T07:36:32.3219498Z Updating files:  94% (2089/2222)
shared-gameplay	Check out source	2026-09-30T07:36:32.3263850Z Updating files:  95% (2111/2222)
shared-gameplay	Check out source	2026-09-30T07:36:32.3286919Z Updating files:  96% (2134/2222)
shared-gameplay	Check out source	2026-09-30T07:36:32.3308290Z Updating files:  97% (2156/2222)
shared-gameplay	Check out source	2026-09-30T07:36:32.3328183Z Updating files:  98% (2178/2222)
shared-gameplay	Check out source	2026-09-30T07:36:32.3343565Z Updating files:  99% (2200/2222)
shared-gameplay	Check out source	2026-09-30T07:36:32.3344022Z Updating files: 100% (2222/2222)
shared-gameplay	Check out source	2026-09-30T07:36:32.3344376Z Updating files: 100% (2222/2222), done.
shared-gameplay	Check out source	2026-09-30T07:36:32.3423374Z Switched to a new branch 'codex/horde-1.6.1-engineering-pass'
shared-gameplay	Check out source	2026-09-30T07:36:32.3430439Z branch 'codex/horde-1.6.1-engineering-pass' set up to track 'origin/codex/horde-1.6.1-engineering-pass'.
shared-gameplay	Check out source	2026-09-30T07:36:32.3889073Z ##[endgroup]
shared-gameplay	Check out source	2026-09-30T07:36:32.3938428Z [command]/usr/bin/git log -1 --format=%H
shared-gameplay	Check out source	2026-09-30T07:36:32.3967062Z 18616f4fdab2da24e822c999006f39f6cff258eb
shared-gameplay	Fetch portable-test GLB assets	﻿2026-09-30T07:36:32.4199943Z ##[group]Run git -c lfs.fetchexclude= lfs fetch --include="assets/models/player/runtime/*.glb,assets/models/player/viewmodel/runtime/*.glb,assets/models/props/runtime/*.glb,assets/models/props/runtime/*/*.glb,assets/models/weapons/runtime/*.glb,tests/fixtures/*/*.glb" && git lfs checkout "assets/models/player/runtime/*.glb" "assets/models/player/viewmodel/runtime/*.glb" "assets/models/props/runtime/*.glb" "assets/models/props/runtime/*/*.glb" "assets/models/weapons/runtime/*.glb" "tests/fixtures/*/*.glb"
shared-gameplay	Fetch portable-test GLB assets	2026-09-30T07:36:32.4204110Z ^[[36;1mgit -c lfs.fetchexclude= lfs fetch --include="assets/models/player/runtime/*.glb,assets/models/player/viewmodel/runtime/*.glb,assets/models/props/runtime/*.glb,assets/models/props/runtime/*/*.glb,assets/models/weapons/runtime/*.glb,tests/fixtures/*/*.glb" && git lfs checkout "assets/models/player/runtime/*.glb" "assets/models/player/viewmodel/runtime/*.glb" "assets/models/props/runtime/*.glb" "assets/models/props/runtime/*/*.glb" "assets/models/weapons/runtime/*.glb" "tests/fixtures/*/*.glb"^[[0m
shared-gameplay	Fetch portable-test GLB assets	2026-09-30T07:36:32.5390242Z shell: /usr/bin/bash -e {0}
shared-gameplay	Fetch portable-test GLB assets	2026-09-30T07:36:32.5390673Z ##[endgroup]
shared-gameplay	Fetch portable-test GLB assets	2026-09-30T07:36:32.5716826Z Fetching reference refs/heads/codex/horde-1.6.1-engineering-pass
shared-gameplay	Fetch portable-test GLB assets	2026-09-30T07:36:34.1428131Z Checking out LFS objects: 100% (46/46), 6.9 MB | 0 B/s, done.
shared-gameplay	Configure non-hardware host tests	﻿2026-09-30T07:36:34.4830128Z ##[group]Run cmake -S . -B build/host-ci -DCMAKE_BUILD_TYPE=Release -DBUILD_TESTING=ON -DHORDE_RT_BUILD_VULKAN_TARGETS=OFF
shared-gameplay	Configure non-hardware host tests	2026-09-30T07:36:34.4831112Z ^[[36;1mcmake -S . -B build/host-ci -DCMAKE_BUILD_TYPE=Release -DBUILD_TESTING=ON -DHORDE_RT_BUILD_VULKAN_TARGETS=OFF^[[0m
shared-gameplay	Configure non-hardware host tests	2026-09-30T07:36:34.4898070Z shell: /usr/bin/bash -e {0}
shared-gameplay	Configure non-hardware host tests	2026-09-30T07:36:34.4898379Z ##[endgroup]
shared-gameplay	Configure non-hardware host tests	2026-09-30T07:36:38.3994907Z -- The CXX compiler identification is GNU 13.3.0
shared-gameplay	Configure non-hardware host tests	2026-09-30T07:36:38.6025598Z -- Detecting CXX compiler ABI info
shared-gameplay	Configure non-hardware host tests	2026-09-30T07:36:38.8944270Z -- Detecting CXX compiler ABI info - done
shared-gameplay	Configure non-hardware host tests	2026-09-30T07:36:38.9122099Z -- Check for working CXX compiler: /usr/bin/c++ - skipped
shared-gameplay	Configure non-hardware host tests	2026-09-30T07:36:38.9167661Z -- Detecting CXX compile features
shared-gameplay	Configure non-hardware host tests	2026-09-30T07:36:38.9218082Z -- Detecting CXX compile features - done
shared-gameplay	Configure non-hardware host tests	2026-09-30T07:36:54.9960982Z Generated RT catalog adapter is current.
shared-gameplay	Configure non-hardware host tests	2026-09-30T07:36:55.3320501Z -- Strict non-contracted asset-transform arithmetic enabled for GltfDocument.cpp and StaticMeshAsset.cpp: -fno-fast-math;-ffp-contract=off
shared-gameplay	Configure non-hardware host tests	2026-09-30T07:36:57.1558788Z -- Legacy torch-failure identifiers were rejected by the configured GNU compiler.
shared-gameplay	Configure non-hardware host tests	2026-09-30T07:36:57.1560422Z -- Horde Lantern RT: configuring shared host gameplay tests without Vulkan targets.
shared-gameplay	Configure non-hardware host tests	2026-09-30T07:36:57.1562247Z -- Configuring done (20.6s)
shared-gameplay	Configure non-hardware host tests	2026-09-30T07:36:57.2524576Z -- Generating done (0.1s)
shared-gameplay	Configure non-hardware host tests	2026-09-30T07:36:57.2528445Z -- Build files have been written to: /home/runner/work/The-Horde-RT-demo/The-Horde-RT-demo/build/host-ci
shared-gameplay	Build shared gameplay tests	﻿2026-09-30T07:36:57.2633850Z ##[group]Run cmake --build build/host-ci --config Release --parallel 2
shared-gameplay	Build shared gameplay tests	2026-09-30T07:36:57.2634428Z ^[[36;1mcmake --build build/host-ci --config Release --parallel 2^[[0m
shared-gameplay	Build shared gameplay tests	2026-09-30T07:36:57.2697242Z shell: /usr/bin/bash -e {0}
shared-gameplay	Build shared gameplay tests	2026-09-30T07:36:57.2697541Z ##[endgroup]
shared-gameplay	Build shared gameplay tests	2026-09-30T07:36:57.2970705Z [  1%] Building CXX object CMakeFiles/horde_rt_player_primitive_contract_tests.dir/tests/PlayerPrimitiveContractTests.cpp.o
shared-gameplay	Build shared gameplay tests	2026-09-30T07:36:57.2975140Z [  1%] Building CXX object CMakeFiles/horde_gameplay_simulation.dir/src/gameplay/simulation/GameSimulation.cpp.o
shared-gameplay	Build shared gameplay tests	2026-09-30T07:36:58.7331182Z [  2%] Linking CXX executable horde_rt_player_primitive_contract_tests
shared-gameplay	Build shared gameplay tests	2026-09-30T07:36:58.7819937Z [  2%] Built target horde_rt_player_primitive_contract_tests
shared-gameplay	Build shared gameplay tests	2026-09-30T07:36:58.7892126Z [  3%] Building CXX object CMakeFiles/horde_rt_windows_benchmark_launch_tests.dir/tests/WindowsBenchmarkLaunchTests.cpp.o
shared-gameplay	Build shared gameplay tests	2026-09-30T07:36:59.3156593Z [  4%] Linking CXX executable horde_rt_windows_benchmark_launch_tests
shared-gameplay	Build shared gameplay tests	2026-09-30T07:36:59.3615514Z [  4%] Built target horde_rt_windows_benchmark_launch_tests
shared-gameplay	Build shared gameplay tests	2026-09-30T07:36:59.3686800Z [  4%] Building CXX object CMakeFiles/horde_rt_evidence_publication_tests.dir/tests/RtEvidencePublicationTests.cpp.o
shared-gameplay	Build shared gameplay tests	2026-09-30T07:36:59.8142703Z [  5%] Building CXX object CMakeFiles/horde_gameplay_simulation.dir/src/gameplay/animation/PlayerAnimationState.cpp.o
shared-gameplay	Build shared gameplay tests	2026-09-30T07:37:00.0456900Z [  6%] Building CXX object CMakeFiles/horde_rt_evidence_publication_tests.dir/src/telemetry/RtEvidencePublication.cpp.o
shared-gameplay	Build shared gameplay tests	2026-09-30T07:37:00.5212518Z [  7%] Building CXX object CMakeFiles/horde_gameplay_simulation.dir/src/gameplay/animation/PlayerIkTargets.cpp.o
shared-gameplay	Build shared gameplay tests	2026-09-30T07:37:00.5684459Z [  8%] Building CXX object CMakeFiles/horde_rt_evidence_publication_tests.dir/src/telemetry/RtPerformanceEvidence.cpp.o
shared-gameplay	Build shared gameplay tests	2026-09-30T07:37:00.7764994Z [  8%] Building CXX object CMakeFiles/horde_gameplay_simulation.dir/src/gameplay/effects/FireEmitterState.cpp.o
shared-gameplay	Build shared gameplay tests	2026-09-30T07:37:01.0667865Z [  9%] Building CXX object CMakeFiles/horde_gameplay_simulation.dir/src/gameplay/interactions/InteractionState.cpp.o
shared-gameplay	Build shared gameplay tests	2026-09-30T07:37:01.2965535Z [ 10%] Building CXX object CMakeFiles/horde_gameplay_simulation.dir/src/gameplay/interactions/ChestRewardSequence.cpp.o
shared-gameplay	Build shared gameplay tests	2026-09-30T07:37:01.5288794Z [ 10%] Building CXX object CMakeFiles/horde_gameplay_simulation.dir/src/gameplay/interactions/FinaleSequence.cpp.o
shared-gameplay	Build shared gameplay tests	2026-09-30T07:37:01.7569194Z [ 11%] Building CXX object CMakeFiles/horde_gameplay_simulation.dir/src/gameplay/items/LanternPendulum.cpp.o
shared-gameplay	Build shared gameplay tests	2026-09-30T07:37:01.8390913Z [ 11%] Linking CXX executable horde_rt_evidence_publication_tests
shared-gameplay	Build shared gameplay tests	2026-09-30T07:37:01.8917390Z [ 11%] Built target horde_rt_evidence_publication_tests
shared-gameplay	Build shared gameplay tests	2026-09-30T07:37:01.8989369Z [ 12%] Building CXX object CMakeFiles/horde_rt_ray_tracing_requirements_tests.dir/tests/RayTracingRequirementsTests.cpp.o
shared-gameplay	Build shared gameplay tests	2026-09-30T07:37:02.1163400Z [ 13%] Building CXX object CMakeFiles/horde_gameplay_simulation.dir/src/gameplay/items/HeldItemState.cpp.o
shared-gameplay	Build shared gameplay tests	2026-09-30T07:37:02.2093006Z [ 13%] Building CXX object CMakeFiles/horde_gameplay_simulation.dir/src/gameplay/items/HeldItemKinematics.cpp.o
shared-gameplay	Build shared gameplay tests	2026-09-30T07:37:02.4456779Z [ 13%] Building CXX object CMakeFiles/horde_rt_ray_tracing_requirements_tests.dir/src/vulkan/raytracing/RayTracingRequirements.cpp.o
shared-gameplay	Build shared gameplay tests	2026-09-30T07:37:02.7009810Z [ 14%] Linking CXX executable horde_rt_ray_tracing_requirements_tests
shared-gameplay	Build shared gameplay tests	2026-09-30T07:37:02.7502836Z [ 14%] Built target horde_rt_ray_tracing_requirements_tests
shared-gameplay	Build shared gameplay tests	2026-09-30T07:37:02.7573320Z [ 14%] Building CXX object CMakeFiles/horde_rt_performance_evidence_tests.dir/tests/RtPerformanceEvidenceTests.cpp.o
shared-gameplay	Build shared gameplay tests	2026-09-30T07:37:03.3135253Z [ 15%] Building CXX object CMakeFiles/horde_gameplay_simulation.dir/src/gameplay/items/HeldLightState.cpp.o
shared-gameplay	Build shared gameplay tests	2026-09-30T07:37:03.9743838Z [ 16%] Linking CXX static library libhorde_gameplay_simulation.a
shared-gameplay	Build shared gameplay tests	2026-09-30T07:37:04.6846583Z [ 17%] Building CXX object CMakeFiles/horde_rt_performance_evidence_tests.dir/src/telemetry/RtPerformanceEvidence.cpp.o
shared-gameplay	Build shared gameplay tests	2026-09-30T07:37:05.9352600Z [ 18%] Linking CXX executable horde_rt_performance_evidence_tests
shared-gameplay	Build shared gameplay tests	2026-09-30T07:37:05.9869024Z [ 18%] Built target horde_rt_performance_evidence_tests
shared-gameplay	Build shared gameplay tests	2026-09-30T07:37:05.9938606Z [ 19%] Building CXX object CMakeFiles/horde_rt_scene_record_observation_tests.dir/tests/RtSceneRecordObservationTests.cpp.o
shared-gameplay	Build shared gameplay tests	2026-09-30T07:37:06.8451218Z [ 19%] Building CXX object CMakeFiles/horde_rt_scene_record_observation_tests.dir/src/telemetry/RtPerformanceEvidence.cpp.o
shared-gameplay	Build shared gameplay tests	2026-09-30T07:37:08.0761426Z [ 20%] Linking CXX executable horde_rt_scene_record_observation_tests
shared-gameplay	Build shared gameplay tests	2026-09-30T07:37:08.1239590Z [ 20%] Built target horde_rt_scene_record_observation_tests
shared-gameplay	Build shared gameplay tests	2026-09-30T07:37:08.1309144Z [ 21%] Building CXX object CMakeFiles/horde_rt_pipeline_variants_tests.dir/tests/RtPipelineVariantsTests.cpp.o
shared-gameplay	Build shared gameplay tests	2026-09-30T07:37:08.4869900Z [ 21%] Building CXX object CMakeFiles/horde_rt_pipeline_variants_tests.dir/src/vulkan/raytracing/RtPipelineVariants.cpp.o
shared-gameplay	Build shared gameplay tests	2026-09-30T07:37:08.8296291Z [ 22%] Linking CXX executable horde_rt_pipeline_variants_tests
shared-gameplay	Build shared gameplay tests	2026-09-30T07:37:08.8768866Z [ 22%] Built target horde_rt_pipeline_variants_tests
shared-gameplay	Build shared gameplay tests	2026-09-30T07:37:08.8838985Z [ 23%] Building CXX object CMakeFiles/horde_rt_pipeline_variant_provider_tests.dir/tests/RtPipelineVariantProviderTests.cpp.o
shared-gameplay	Build shared gameplay tests	2026-09-30T07:37:09.2515542Z [ 24%] Building CXX object CMakeFiles/horde_rt_pipeline_variant_provider_tests.dir/src/vulkan/raytracing/RtPipelineVariants.cpp.o
shared-gameplay	Build shared gameplay tests	2026-09-30T07:37:09.5899077Z [ 24%] Building CXX object CMakeFiles/horde_rt_pipeline_variant_provider_tests.dir/src/vulkan/raytracing/RtPipelineVariantProvider.cpp.o
shared-gameplay	Build shared gameplay tests	2026-09-30T07:37:10.3200882Z [ 25%] Linking CXX executable horde_rt_pipeline_variant_provider_tests
shared-gameplay	Build shared gameplay tests	2026-09-30T07:37:10.3683240Z [ 25%] Built target horde_rt_pipeline_variant_provider_tests
shared-gameplay	Build shared gameplay tests	2026-09-30T07:37:10.3753758Z [ 25%] Building CXX object CMakeFiles/horde_rt_pipeline_bundle_contracts_tests.dir/tests/RtPipelineBundleContractsTests.cpp.o
shared-gameplay	Build shared gameplay tests	2026-09-30T07:37:10.8705505Z [ 26%] Building CXX object CMakeFiles/horde_rt_pipeline_bundle_contracts_tests.dir/src/vulkan/raytracing/RtPipelineBundleContracts.cpp.o
shared-gameplay	Build shared gameplay tests	2026-09-30T07:37:11.7646157Z [ 27%] Building CXX object CMakeFiles/horde_rt_pipeline_bundle_contracts_tests.dir/src/vulkan/raytracing/RtPipelineVariants.cpp.o
shared-gameplay	Build shared gameplay tests	2026-09-30T07:37:12.1041974Z [ 27%] Building CXX object CMakeFiles/horde_rt_pipeline_bundle_contracts_tests.dir/src/vulkan/raytracing/RtPipelineVariantProvider.cpp.o
shared-gameplay	Build shared gameplay tests	2026-09-30T07:37:12.8274197Z [ 28%] Linking CXX executable horde_rt_pipeline_bundle_contracts_tests
shared-gameplay	Build shared gameplay tests	2026-09-30T07:37:12.8760298Z [ 28%] Built target horde_rt_pipeline_bundle_contracts_tests
shared-gameplay	Build shared gameplay tests	2026-09-30T07:37:12.8828844Z [ 28%] Building CXX object CMakeFiles/horde_rtpv_0_0_obj.dir/src/vulkan/raytracing/RtPipelineVariantProvider.cpp.o
shared-gameplay	Build shared gameplay tests	2026-09-30T07:37:13.6095134Z [ 28%] Built target horde_rtpv_0_0_obj
shared-gameplay	Build shared gameplay tests	2026-09-30T07:37:13.6163234Z [ 29%] Building CXX object CMakeFiles/horde_rtpv_0_1_obj.dir/src/vulkan/raytracing/RtPipelineVariantProvider.cpp.o
shared-gameplay	Build shared gameplay tests	2026-09-30T07:37:14.2562056Z [ 29%] Built target horde_gameplay_simulation
shared-gameplay	Build shared gameplay tests	2026-09-30T07:37:14.2633271Z [ 30%] Building CXX object CMakeFiles/horde_rtpv_1_0_obj.dir/src/vulkan/raytracing/RtPipelineVariantProvider.cpp.o
shared-gameplay	Build shared gameplay tests	2026-09-30T07:37:14.3460013Z [ 30%] Built target horde_rtpv_0_1_obj
shared-gameplay	Build shared gameplay tests	2026-09-30T07:37:14.3529511Z [ 31%] Building CXX object CMakeFiles/horde_rtpv_1_1_obj.dir/src/vulkan/raytracing/RtPipelineVariantProvider.cpp.o
shared-gameplay	Build shared gameplay tests	2026-09-30T07:37:15.0113734Z [ 31%] Built target horde_rtpv_1_0_obj
shared-gameplay	Build shared gameplay tests	2026-09-30T07:37:15.0186479Z [ 32%] Building CXX object CMakeFiles/horde_rt_github_release_updater_tests.dir/tests/GitHubReleaseUpdaterTests.cpp.o
shared-gameplay	Build shared gameplay tests	2026-09-30T07:37:15.0887317Z [ 32%] Built target horde_rtpv_1_1_obj
shared-gameplay	Build shared gameplay tests	2026-09-30T07:37:15.0960312Z [ 33%] Building CXX object CMakeFiles/horde_rt_version_contract_tests.dir/tests/VersionContractTests.cpp.o
shared-gameplay	Build shared gameplay tests	2026-09-30T07:37:15.7888258Z [ 34%] Building CXX object CMakeFiles/horde_rt_github_release_updater_tests.dir/src/update/GitHubReleaseUpdater.cpp.o
shared-gameplay	Build shared gameplay tests	2026-09-30T07:37:17.5459791Z [ 34%] Linking CXX executable horde_rt_github_release_updater_tests
shared-gameplay	Build shared gameplay tests	2026-09-30T07:37:17.5937020Z [ 34%] Built target horde_rt_github_release_updater_tests
shared-gameplay	Build shared gameplay tests	2026-09-30T07:37:17.6007592Z [ 34%] Building CXX object CMakeFiles/horde_rt_version_contract_incremental_configure_tests.dir/tests/VersionContractIncrementalConfigureTests.cpp.o
shared-gameplay	Build shared gameplay tests	2026-09-30T07:37:19.4365280Z [ 35%] Linking CXX executable horde_rt_version_contract_incremental_configure_tests
shared-gameplay	Build shared gameplay tests	2026-09-30T07:37:19.4829833Z [ 35%] Built target horde_rt_version_contract_incremental_configure_tests
shared-gameplay	Build shared gameplay tests	2026-09-30T07:37:19.4899837Z [ 36%] Building CXX object CMakeFiles/horde_rt_dielectric_math_tests.dir/tests/DielectricMathTests.cpp.o
shared-gameplay	Build shared gameplay tests	2026-09-30T07:37:19.5368423Z [ 36%] Linking CXX executable horde_rt_version_contract_tests
shared-gameplay	Build shared gameplay tests	2026-09-30T07:37:19.5899988Z [ 36%] Built target horde_rt_version_contract_tests
shared-gameplay	Build shared gameplay tests	2026-09-30T07:37:19.5974148Z [ 37%] Building CXX object CMakeFiles/horde_rt_player_animation_tests.dir/tests/PlayerAnimationTests.cpp.o
shared-gameplay	Build shared gameplay tests	2026-09-30T07:37:20.8640656Z [ 37%] Building CXX object CMakeFiles/horde_rt_player_animation_tests.dir/src/telemetry/RtPerformanceEvidence.cpp.o
shared-gameplay	Build shared gameplay tests	2026-09-30T07:37:20.9050212Z [ 38%] Linking CXX executable horde_rt_dielectric_math_tests
shared-gameplay	Build shared gameplay tests	2026-09-30T07:37:20.9554643Z [ 38%] Built target horde_rt_dielectric_math_tests
shared-gameplay	Build shared gameplay tests	2026-09-30T07:37:20.9625527Z [ 39%] Building CXX object CMakeFiles/horde_rt_fire_emitter_tests.dir/tests/FireEmitterTests.cpp.o
shared-gameplay	Build shared gameplay tests	2026-09-30T07:37:21.8155471Z [ 40%] Building CXX object CMakeFiles/horde_rt_fire_emitter_tests.dir/src/vulkan/raytracing/FireEmitterBuffer.cpp.o
shared-gameplay	Build shared gameplay tests	2026-09-30T07:37:22.1191187Z [ 41%] Building CXX object CMakeFiles/horde_rt_player_animation_tests.dir/src/scene/assets/SkinnedMeshAsset.cpp.o
shared-gameplay	Build shared gameplay tests	2026-09-30T07:37:22.6602310Z [ 41%] Linking CXX executable horde_rt_fire_emitter_tests
shared-gameplay	Build shared gameplay tests	2026-09-30T07:37:22.7132677Z [ 41%] Built target horde_rt_fire_emitter_tests
shared-gameplay	Build shared gameplay tests	2026-09-30T07:37:22.7206719Z [ 42%] Building CXX object CMakeFiles/horde_rt_held_item_socket_tests.dir/tests/HeldItemSocketTests.cpp.o
shared-gameplay	Build shared gameplay tests	2026-09-30T07:37:24.2587466Z [ 42%] Building CXX object CMakeFiles/horde_rt_held_item_socket_tests.dir/src/scene/assets/AssetManifest.cpp.o
shared-gameplay	Build shared gameplay tests	2026-09-30T07:37:25.5318673Z [ 43%] Building CXX object CMakeFiles/horde_rt_player_animation_tests.dir/src/vulkan/raytracing/PlayerRenderSlot.cpp.o
shared-gameplay	Build shared gameplay tests	2026-09-30T07:37:26.8734033Z [ 44%] Building CXX object CMakeFiles/horde_rt_held_item_socket_tests.dir/src/scene/assets/AssetValidation.cpp.o
shared-gameplay	Build shared gameplay tests	2026-09-30T07:37:27.4006444Z [ 45%] Building CXX object CMakeFiles/horde_rt_held_item_socket_tests.dir/src/scene/assets/GltfDocument.cpp.o
shared-gameplay	Build shared gameplay tests	2026-09-30T07:37:27.4999263Z [ 45%] Linking CXX executable horde_rt_player_animation_tests
shared-gameplay	Build shared gameplay tests	2026-09-30T07:37:27.5565854Z [ 45%] Built target horde_rt_player_animation_tests
shared-gameplay	Build shared gameplay tests	2026-09-30T07:37:27.5637237Z [ 46%] Building CXX object CMakeFiles/horde_rt_development_static_asset_tests.dir/tests/DevelopmentStaticAssetTests.cpp.o
shared-gameplay	Build shared gameplay tests	2026-09-30T07:37:28.5692985Z [ 46%] Linking CXX executable horde_rt_development_static_asset_tests
shared-gameplay	Build shared gameplay tests	2026-09-30T07:37:28.6225588Z [ 46%] Built target horde_rt_development_static_asset_tests
shared-gameplay	Build shared gameplay tests	2026-09-30T07:37:28.6296105Z [ 47%] Building CXX object CMakeFiles/horde_rt_scene_abi_tests.dir/tests/RtSceneAbiTests.cpp.o
shared-gameplay	Build shared gameplay tests	2026-09-30T07:37:29.8032499Z [ 47%] Building CXX object CMakeFiles/horde_rt_scene_abi_tests.dir/src/vulkan/raytracing/RtStaticMeshSlot.cpp.o
shared-gameplay	Build shared gameplay tests	2026-09-30T07:37:30.0060744Z [ 47%] Building CXX object CMakeFiles/horde_rt_held_item_socket_tests.dir/src/scene/assets/StaticMeshAsset.cpp.o
shared-gameplay	Build shared gameplay tests	2026-09-30T07:37:31.7859749Z [ 48%] Building CXX object CMakeFiles/horde_rt_scene_abi_tests.dir/src/vulkan/raytracing/RtTextureArrays.cpp.o
shared-gameplay	Build shared gameplay tests	2026-09-30T07:37:32.1307290Z [ 49%] Linking CXX executable horde_rt_scene_abi_tests
shared-gameplay	Build shared gameplay tests	2026-09-30T07:37:32.1975160Z [ 49%] Built target horde_rt_scene_abi_tests
shared-gameplay	Build shared gameplay tests	2026-09-30T07:37:32.2073174Z [ 49%] Building CXX object CMakeFiles/horde_rt_static_gltf_asset_tests.dir/tests/StaticGltfAssetTests.cpp.o
shared-gameplay	Build shared gameplay tests	2026-09-30T07:37:33.9506581Z [ 50%] Building CXX object CMakeFiles/horde_rt_held_item_socket_tests.dir/src/vulkan/raytracing/HeldItemRenderSlot.cpp.o
shared-gameplay	Build shared gameplay tests	2026-09-30T07:37:34.0241568Z [ 51%] Building CXX object CMakeFiles/horde_rt_held_item_socket_tests.dir/src/vulkan/raytracing/RtStaticMeshSlot.cpp.o
shared-gameplay	Build shared gameplay tests	2026-09-30T07:37:35.8764090Z [ 51%] Linking CXX executable horde_rt_held_item_socket_tests
shared-gameplay	Build shared gameplay tests	2026-09-30T07:37:35.9341515Z [ 51%] Built target horde_rt_held_item_socket_tests
shared-gameplay	Build shared gameplay tests	2026-09-30T07:37:35.9417046Z [ 52%] Building CXX object CMakeFiles/horde_rt_production_prop_asset_tests.dir/tests/ProductionPropAssetTests.cpp.o
shared-gameplay	Build shared gameplay tests	2026-09-30T07:37:36.8019682Z [ 53%] Building CXX object CMakeFiles/horde_rt_static_gltf_asset_tests.dir/src/scene/assets/AssetManifest.cpp.o
shared-gameplay	Build shared gameplay tests	2026-09-30T07:37:39.1549047Z [ 53%] Building CXX object CMakeFiles/horde_rt_production_prop_asset_tests.dir/src/scene/assets/AssetManifest.cpp.o
shared-gameplay	Build shared gameplay tests	2026-09-30T07:37:39.3858763Z [ 54%] Building CXX object CMakeFiles/horde_rt_static_gltf_asset_tests.dir/src/scene/assets/AssetValidation.cpp.o
shared-gameplay	Build shared gameplay tests	2026-09-30T07:37:39.9186270Z [ 55%] Building CXX object CMakeFiles/horde_rt_static_gltf_asset_tests.dir/src/scene/assets/GltfDocument.cpp.o
shared-gameplay	Build shared gameplay tests	2026-09-30T07:37:41.7330289Z [ 56%] Building CXX object CMakeFiles/horde_rt_production_prop_asset_tests.dir/src/scene/assets/AssetValidation.cpp.o
shared-gameplay	Build shared gameplay tests	2026-09-30T07:37:42.2550293Z [ 57%] Building CXX object CMakeFiles/horde_rt_production_prop_asset_tests.dir/src/scene/assets/GltfDocument.cpp.o
shared-gameplay	Build shared gameplay tests	2026-09-30T07:37:42.5264338Z [ 57%] Building CXX object CMakeFiles/horde_rt_static_gltf_asset_tests.dir/src/scene/assets/StaticMeshAsset.cpp.o
shared-gameplay	Build shared gameplay tests	2026-09-30T07:37:44.8213314Z [ 57%] Building CXX object CMakeFiles/horde_rt_production_prop_asset_tests.dir/src/scene/assets/StaticMeshAsset.cpp.o
shared-gameplay	Build shared gameplay tests	2026-09-30T07:37:46.3300360Z [ 58%] Building CXX object CMakeFiles/horde_rt_static_gltf_asset_tests.dir/src/vulkan/raytracing/RtStaticMeshSlot.cpp.o
shared-gameplay	Build shared gameplay tests	2026-09-30T07:37:48.1988397Z [ 59%] Linking CXX executable horde_rt_static_gltf_asset_tests
shared-gameplay	Build shared gameplay tests	2026-09-30T07:37:48.2600306Z [ 59%] Built target horde_rt_static_gltf_asset_tests
shared-gameplay	Build shared gameplay tests	2026-09-30T07:37:48.2671384Z [ 60%] Building CXX object CMakeFiles/horde_rt_simulation_timing_tests.dir/tests/SimulationTimingTests.cpp.o
shared-gameplay	Build shared gameplay tests	2026-09-30T07:37:48.5864237Z [ 61%] Linking CXX executable horde_rt_production_prop_asset_tests
shared-gameplay	Build shared gameplay tests	2026-09-30T07:37:48.6402090Z [ 61%] Built target horde_rt_production_prop_asset_tests
shared-gameplay	Build shared gameplay tests	2026-09-30T07:37:48.6472475Z [ 61%] Building CXX object CMakeFiles/horde_rt_simulation_gameplay_tests.dir/tests/SimulationGameplayTests.cpp.o
shared-gameplay	Build shared gameplay tests	2026-09-30T07:37:49.1559552Z [ 61%] Linking CXX executable horde_rt_simulation_timing_tests
shared-gameplay	Build shared gameplay tests	2026-09-30T07:37:49.2080675Z [ 61%] Built target horde_rt_simulation_timing_tests
shared-gameplay	Build shared gameplay tests	2026-09-30T07:37:49.2152794Z [ 62%] Building CXX object CMakeFiles/horde_rt_lantern_reward_tests.dir/tests/LanternRewardTests.cpp.o
shared-gameplay	Build shared gameplay tests	2026-09-30T07:37:50.1692553Z [ 63%] Linking CXX executable horde_rt_simulation_gameplay_tests
shared-gameplay	Build shared gameplay tests	2026-09-30T07:37:50.2210715Z [ 63%] Built target horde_rt_simulation_gameplay_tests
shared-gameplay	Build shared gameplay tests	2026-09-30T07:37:50.2283030Z [ 64%] Building CXX object CMakeFiles/horde_rt_lantern_pendulum_tests.dir/tests/LanternPendulumTests.cpp.o
shared-gameplay	Build shared gameplay tests	2026-09-30T07:37:50.2361640Z [ 65%] Linking CXX executable horde_rt_lantern_reward_tests
shared-gameplay	Build shared gameplay tests	2026-09-30T07:37:50.2886029Z [ 65%] Built target horde_rt_lantern_reward_tests
shared-gameplay	Build shared gameplay tests	2026-09-30T07:37:50.2955563Z [ 66%] Building CXX object CMakeFiles/horde_rt_input_mailbox_stress.dir/tests/InputMailboxStress.cpp.o
shared-gameplay	Build shared gameplay tests	2026-09-30T07:37:51.0424859Z [ 66%] Linking CXX executable horde_rt_lantern_pendulum_tests
shared-gameplay	Build shared gameplay tests	2026-09-30T07:37:51.0954827Z [ 66%] Built target horde_rt_lantern_pendulum_tests
shared-gameplay	Build shared gameplay tests	2026-09-30T07:37:51.1025939Z [ 67%] Building CXX object CMakeFiles/horde_rt_desktop_controller_input_tests.dir/tests/DesktopControllerInputTests.cpp.o
shared-gameplay	Build shared gameplay tests	2026-09-30T07:37:51.3426035Z [ 68%] Linking CXX executable horde_rt_input_mailbox_stress
shared-gameplay	Build shared gameplay tests	2026-09-30T07:37:51.3930300Z [ 68%] Built target horde_rt_input_mailbox_stress
shared-gameplay	Build shared gameplay tests	2026-09-30T07:37:51.4004403Z [ 69%] Building CXX object CMakeFiles/horde_rt_gpu_timestamp_math_tests.dir/tests/GpuTimestampMathTests.cpp.o
shared-gameplay	Build shared gameplay tests	2026-09-30T07:37:51.8286062Z [ 70%] Linking CXX executable horde_rt_gpu_timestamp_math_tests
shared-gameplay	Build shared gameplay tests	2026-09-30T07:37:51.8772450Z [ 70%] Built target horde_rt_gpu_timestamp_math_tests
shared-gameplay	Build shared gameplay tests	2026-09-30T07:37:51.8844218Z [ 71%] Building CXX object CMakeFiles/horde_rt_combat_smoke.dir/tests/SwordCombatSmoke.cpp.o
shared-gameplay	Build shared gameplay tests	2026-09-30T07:37:51.9535482Z [ 72%] Linking CXX executable horde_rt_desktop_controller_input_tests
shared-gameplay	Build shared gameplay tests	2026-09-30T07:37:52.0029415Z [ 72%] Built target horde_rt_desktop_controller_input_tests
shared-gameplay	Build shared gameplay tests	2026-09-30T07:37:52.0101326Z [ 73%] Building CXX object CMakeFiles/horde_rt_showcase_route_smoke.dir/tests/ShowcaseRouteSmoke.cpp.o
shared-gameplay	Build shared gameplay tests	2026-09-30T07:37:53.1998755Z [ 74%] Linking CXX executable horde_rt_showcase_route_smoke
shared-gameplay	Build shared gameplay tests	2026-09-30T07:37:53.2520624Z [ 74%] Built target horde_rt_showcase_route_smoke
shared-gameplay	Build shared gameplay tests	2026-09-30T07:37:53.2591682Z [ 75%] Building CXX object CMakeFiles/horde_rt_showcase_gameplay_smoke.dir/tests/ShowcaseGameplaySmoke.cpp.o
shared-gameplay	Build shared gameplay tests	2026-09-30T07:37:53.3004634Z [ 75%] Linking CXX executable horde_rt_combat_smoke
shared-gameplay	Build shared gameplay tests	2026-09-30T07:37:53.3542115Z [ 75%] Built target horde_rt_combat_smoke
shared-gameplay	Build shared gameplay tests	2026-09-30T07:37:53.3612727Z [ 76%] Building CXX object CMakeFiles/horde_rt_spatial_audio_smoke.dir/tests/SpatialAudioSmoke.cpp.o
shared-gameplay	Build shared gameplay tests	2026-09-30T07:37:54.5785060Z [ 77%] Linking CXX executable horde_rt_spatial_audio_smoke
shared-gameplay	Build shared gameplay tests	2026-09-30T07:37:54.6297741Z [ 77%] Built target horde_rt_spatial_audio_smoke
shared-gameplay	Build shared gameplay tests	2026-09-30T07:37:54.6370652Z [ 77%] Building CXX object CMakeFiles/horde_rt_lantern_benchmark_tests.dir/tests/LanternBenchmarkTests.cpp.o
shared-gameplay	Build shared gameplay tests	2026-09-30T07:37:54.6518336Z [ 77%] Linking CXX executable horde_rt_showcase_gameplay_smoke
shared-gameplay	Build shared gameplay tests	2026-09-30T07:37:54.7014592Z [ 77%] Built target horde_rt_showcase_gameplay_smoke
shared-gameplay	Build shared gameplay tests	2026-09-30T07:37:54.7087782Z [ 77%] Building CXX object CMakeFiles/horde_rt_benchmark_evidence_report_tests.dir/tests/RtBenchmarkEvidenceReportTests.cpp.o
shared-gameplay	Build shared gameplay tests	2026-09-30T07:37:55.6018061Z [ 78%] Building CXX object CMakeFiles/horde_rt_lantern_benchmark_tests.dir/src/gameplay/ShowcaseBenchmark.cpp.o
shared-gameplay	Build shared gameplay tests	2026-09-30T07:37:55.7487412Z [ 79%] Building CXX object CMakeFiles/horde_rt_benchmark_evidence_report_tests.dir/src/gameplay/ShowcaseBenchmark.cpp.o
shared-gameplay	Build shared gameplay tests	2026-09-30T07:37:57.1180940Z [ 80%] Building CXX object CMakeFiles/horde_rt_lantern_benchmark_tests.dir/src/telemetry/RtBenchmarkEvidenceReport.cpp.o
shared-gameplay	Build shared gameplay tests	2026-09-30T07:37:57.2408469Z [ 81%] Building CXX object CMakeFiles/horde_rt_benchmark_evidence_report_tests.dir/src/telemetry/RtBenchmarkEvidenceReport.cpp.o
shared-gameplay	Build shared gameplay tests	2026-09-30T07:37:58.2452915Z [ 82%] Building CXX object CMakeFiles/horde_rt_lantern_benchmark_tests.dir/src/telemetry/RtBenchmarkEvidenceRun.cpp.o
shared-gameplay	Build shared gameplay tests	2026-09-30T07:37:58.3419356Z [ 83%] Building CXX object CMakeFiles/horde_rt_benchmark_evidence_report_tests.dir/src/telemetry/RtBenchmarkEvidenceRun.cpp.o
shared-gameplay	Build shared gameplay tests	2026-09-30T07:37:58.9383617Z [ 83%] Building CXX object CMakeFiles/horde_rt_lantern_benchmark_tests.dir/src/telemetry/RtPerformanceEvidence.cpp.o
shared-gameplay	Build shared gameplay tests	2026-09-30T07:37:59.0218284Z [ 83%] Building CXX object CMakeFiles/horde_rt_benchmark_evidence_report_tests.dir/src/telemetry/RtPerformanceEvidence.cpp.o
shared-gameplay	Build shared gameplay tests	2026-09-30T07:38:00.1831130Z [ 84%] Linking CXX executable horde_rt_lantern_benchmark_tests
shared-gameplay	Build shared gameplay tests	2026-09-30T07:38:00.2395136Z [ 84%] Built target horde_rt_lantern_benchmark_tests
shared-gameplay	Build shared gameplay tests	2026-09-30T07:38:00.2468125Z [ 85%] Building CXX object CMakeFiles/horde_rt_benchmark_evidence_run_tests.dir/tests/RtBenchmarkEvidenceRunTests.cpp.o
shared-gameplay	Build shared gameplay tests	2026-09-30T07:38:00.2497961Z [ 86%] Linking CXX executable horde_rt_benchmark_evidence_report_tests
shared-gameplay	Build shared gameplay tests	2026-09-30T07:38:00.3039973Z [ 86%] Built target horde_rt_benchmark_evidence_report_tests
shared-gameplay	Build shared gameplay tests	2026-09-30T07:38:00.3111201Z [ 87%] Building CXX object CMakeFiles/horde_rt_provider_shipping_mobile_fixture.dir/tests/RtPipelineVariantFixture.cpp.o
shared-gameplay	Build shared gameplay tests	2026-09-30T07:38:00.8729829Z [ 88%] Building CXX object CMakeFiles/horde_rt_provider_shipping_mobile_fixture.dir/src/vulkan/raytracing/RtPipelineBundleContracts.cpp.o
shared-gameplay	Build shared gameplay tests	2026-09-30T07:38:01.3748286Z [ 88%] Building CXX object CMakeFiles/horde_rt_benchmark_evidence_run_tests.dir/src/telemetry/RtBenchmarkEvidenceRun.cpp.o
shared-gameplay	Build shared gameplay tests	2026-09-30T07:38:01.7732077Z [ 88%] Building CXX object CMakeFiles/horde_rt_provider_shipping_mobile_fixture.dir/src/vulkan/raytracing/RtPipelineVariants.cpp.o
shared-gameplay	Build shared gameplay tests	2026-09-30T07:38:02.0646872Z [ 89%] Building CXX object CMakeFiles/horde_rt_benchmark_evidence_run_tests.dir/src/telemetry/RtBenchmarkEvidenceReport.cpp.o
shared-gameplay	Build shared gameplay tests	2026-09-30T07:38:02.1149893Z [ 90%] Linking CXX executable horde_rt_provider_shipping_mobile_fixture
shared-gameplay	Build shared gameplay tests	2026-09-30T07:38:02.1652292Z [ 90%] Built target horde_rt_provider_shipping_mobile_fixture
shared-gameplay	Build shared gameplay tests	2026-09-30T07:38:02.1726951Z [ 91%] Building CXX object CMakeFiles/horde_rt_provider_shipping_high_fixture.dir/tests/RtPipelineVariantFixture.cpp.o
shared-gameplay	Build shared gameplay tests	2026-09-30T07:38:02.7515796Z [ 92%] Building CXX object CMakeFiles/horde_rt_provider_shipping_high_fixture.dir/src/vulkan/raytracing/RtPipelineBundleContracts.cpp.o
shared-gameplay	Build shared gameplay tests	2026-09-30T07:38:03.2091208Z [ 93%] Building CXX object CMakeFiles/horde_rt_benchmark_evidence_run_tests.dir/src/telemetry/RtPerformanceEvidence.cpp.o
shared-gameplay	Build shared gameplay tests	2026-09-30T07:38:03.6707235Z [ 94%] Building CXX object CMakeFiles/horde_rt_provider_shipping_high_fixture.dir/src/vulkan/raytracing/RtPipelineVariants.cpp.o
shared-gameplay	Build shared gameplay tests	2026-09-30T07:38:04.0176924Z [ 94%] Linking CXX executable horde_rt_provider_shipping_high_fixture
shared-gameplay	Build shared gameplay tests	2026-09-30T07:38:04.0684281Z [ 94%] Built target horde_rt_provider_shipping_high_fixture
shared-gameplay	Build shared gameplay tests	2026-09-30T07:38:04.0756424Z [ 94%] Building CXX object CMakeFiles/horde_rt_provider_diagnostic_mobile_fixture.dir/tests/RtPipelineVariantFixture.cpp.o
shared-gameplay	Build shared gameplay tests	2026-09-30T07:38:04.4743376Z [ 94%] Building CXX object CMakeFiles/horde_rt_benchmark_evidence_run_tests.dir/src/gameplay/ShowcaseBenchmark.cpp.o
shared-gameplay	Build shared gameplay tests	2026-09-30T07:38:04.6503761Z [ 95%] Building CXX object CMakeFiles/horde_rt_provider_diagnostic_mobile_fixture.dir/src/vulkan/raytracing/RtPipelineBundleContracts.cpp.o
shared-gameplay	Build shared gameplay tests	2026-09-30T07:38:05.5445115Z [ 96%] Building CXX object CMakeFiles/horde_rt_provider_diagnostic_mobile_fixture.dir/src/vulkan/raytracing/RtPipelineVariants.cpp.o
shared-gameplay	Build shared gameplay tests	2026-09-30T07:38:05.8839494Z [ 96%] Linking CXX executable horde_rt_provider_diagnostic_mobile_fixture
shared-gameplay	Build shared gameplay tests	2026-09-30T07:38:05.9347200Z [ 96%] Built target horde_rt_provider_diagnostic_mobile_fixture
shared-gameplay	Build shared gameplay tests	2026-09-30T07:38:05.9419120Z [ 97%] Building CXX object CMakeFiles/horde_rt_provider_diagnostic_high_fixture.dir/tests/RtPipelineVariantFixture.cpp.o
shared-gameplay	Build shared gameplay tests	2026-09-30T07:38:05.9981423Z [ 98%] Linking CXX executable horde_rt_benchmark_evidence_run_tests
shared-gameplay	Build shared gameplay tests	2026-09-30T07:38:06.0513122Z [ 98%] Built target horde_rt_benchmark_evidence_run_tests
shared-gameplay	Build shared gameplay tests	2026-09-30T07:38:06.0535621Z [ 98%] Building CXX object CMakeFiles/horde_rt_provider_diagnostic_high_fixture.dir/src/vulkan/raytracing/RtPipelineBundleContracts.cpp.o
shared-gameplay	Build shared gameplay tests	2026-09-30T07:38:06.5076760Z [ 99%] Building CXX object CMakeFiles/horde_rt_provider_diagnostic_high_fixture.dir/src/vulkan/raytracing/RtPipelineVariants.cpp.o
shared-gameplay	Build shared gameplay tests	2026-09-30T07:38:06.9614684Z [100%] Linking CXX executable horde_rt_provider_diagnostic_high_fixture
shared-gameplay	Build shared gameplay tests	2026-09-30T07:38:07.0109773Z [100%] Built target horde_rt_provider_diagnostic_high_fixture
shared-gameplay	Run shared gameplay tests	﻿2026-09-30T07:38:07.0270501Z ##[group]Run ctest --test-dir build/host-ci --build-config Release --output-on-failure
shared-gameplay	Run shared gameplay tests	2026-09-30T07:38:07.0271666Z ^[[36;1mctest --test-dir build/host-ci --build-config Release --output-on-failure^[[0m
shared-gameplay	Run shared gameplay tests	2026-09-30T07:38:07.0335323Z shell: /usr/bin/bash -e {0}
shared-gameplay	Run shared gameplay tests	2026-09-30T07:38:07.0335588Z ##[endgroup]
shared-gameplay	Run shared gameplay tests	2026-09-30T07:38:08.6619163Z Internal ctest changing into directory: /home/runner/work/The-Horde-RT-demo/The-Horde-RT-demo/build/host-ci
shared-gameplay	Run shared gameplay tests	2026-09-30T07:38:08.9164715Z Test project /home/runner/work/The-Horde-RT-demo/The-Horde-RT-demo/build/host-ci
shared-gameplay	Run shared gameplay tests	2026-09-30T07:38:09.0045310Z       Start  1: horde_rt_player_primitive_contract_tests
shared-gameplay	Run shared gameplay tests	2026-09-30T07:38:09.0562296Z  1/45 Test  #1: horde_rt_player_primitive_contract_tests ................   Passed    0.00 sec
shared-gameplay	Run shared gameplay tests	2026-09-30T07:38:09.0856084Z       Start  2: horde_rt_raygen_artifact_ownership_tests
shared-gameplay	Run shared gameplay tests	2026-09-30T07:38:10.2030667Z  2/45 Test  #2: horde_rt_raygen_artifact_ownership_tests ................   Passed    1.12 sec
shared-gameplay	Run shared gameplay tests	2026-09-30T07:38:10.2034366Z       Start  3: horde_rt_player_manifest_agreement_tests
shared-gameplay	Run shared gameplay tests	2026-09-30T07:38:11.1277998Z  3/45 Test  #3: horde_rt_player_manifest_agreement_tests ................   Passed    0.92 sec
shared-gameplay	Run shared gameplay tests	2026-09-30T07:38:11.1278923Z       Start  4: horde_rt_player_package_inventory_tests
shared-gameplay	Run shared gameplay tests	2026-09-30T07:38:12.1282761Z  4/45 Test  #4: horde_rt_player_package_inventory_tests .................   Passed    1.00 sec
shared-gameplay	Run shared gameplay tests	2026-09-30T07:38:12.1284272Z       Start  5: horde_rt_lantern_benchmark_tests
shared-gameplay	Run shared gameplay tests	2026-09-30T07:38:12.1412470Z  5/45 Test  #5: horde_rt_lantern_benchmark_tests ........................   Passed    0.01 sec
shared-gameplay	Run shared gameplay tests	2026-09-30T07:38:12.1414032Z       Start  6: horde_rt_benchmark_evidence_report_tests
shared-gameplay	Run shared gameplay tests	2026-09-30T07:38:12.1442550Z  6/45 Test  #6: horde_rt_benchmark_evidence_report_tests ................   Passed    0.00 sec
shared-gameplay	Run shared gameplay tests	2026-09-30T07:38:12.1444240Z       Start  7: horde_rt_windows_benchmark_launch_tests
shared-gameplay	Run shared gameplay tests	2026-09-30T07:38:12.1458663Z  7/45 Test  #7: horde_rt_windows_benchmark_launch_tests .................   Passed    0.00 sec
shared-gameplay	Run shared gameplay tests	2026-09-30T07:38:12.1459982Z       Start  8: horde_rt_benchmark_evidence_run_tests
shared-gameplay	Run shared gameplay tests	2026-09-30T07:38:12.1538208Z  8/45 Test  #8: horde_rt_benchmark_evidence_run_tests ...................   Passed    0.01 sec
shared-gameplay	Run shared gameplay tests	2026-09-30T07:38:12.1539562Z       Start  9: horde_rt_evidence_publication_tests
shared-gameplay	Run shared gameplay tests	2026-09-30T07:38:12.1555815Z  9/45 Test  #9: horde_rt_evidence_publication_tests .....................   Passed    0.00 sec
shared-gameplay	Run shared gameplay tests	2026-09-30T07:38:12.1557143Z       Start 10: horde_rt_ray_tracing_requirements_tests
shared-gameplay	Run shared gameplay tests	2026-09-30T07:38:12.1571180Z 10/45 Test #10: horde_rt_ray_tracing_requirements_tests .................   Passed    0.00 sec
shared-gameplay	Run shared gameplay tests	2026-09-30T07:38:12.1572882Z       Start 11: horde_rt_performance_evidence_tests
shared-gameplay	Run shared gameplay tests	2026-09-30T07:38:12.4428726Z 11/45 Test #11: horde_rt_performance_evidence_tests .....................   Passed    0.29 sec
shared-gameplay	Run shared gameplay tests	2026-09-30T07:38:12.4431048Z       Start 12: horde_rt_scene_record_observation_tests
shared-gameplay	Run shared gameplay tests	2026-09-30T07:38:12.4450387Z 12/45 Test #12: horde_rt_scene_record_observation_tests .................   Passed    0.00 sec
shared-gameplay	Run shared gameplay tests	2026-09-30T07:38:12.4452329Z       Start 13: horde_rt_pipeline_variants_tests
shared-gameplay	Run shared gameplay tests	2026-09-30T07:38:12.4468067Z 13/45 Test #13: horde_rt_pipeline_variants_tests ........................   Passed    0.00 sec
shared-gameplay	Run shared gameplay tests	2026-09-30T07:38:12.4469785Z       Start 14: horde_rt_pipeline_variant_provider_tests
shared-gameplay	Run shared gameplay tests	2026-09-30T07:38:12.4484594Z 14/45 Test #14: horde_rt_pipeline_variant_provider_tests ................   Passed    0.00 sec
shared-gameplay	Run shared gameplay tests	2026-09-30T07:38:12.4486039Z       Start 15: horde_rt_pipeline_bundle_contracts_tests
shared-gameplay	Run shared gameplay tests	2026-09-30T07:38:12.4654343Z 15/45 Test #15: horde_rt_pipeline_bundle_contracts_tests ................   Passed    0.02 sec
shared-gameplay	Run shared gameplay tests	2026-09-30T07:38:12.4655863Z       Start 16: horde_rt_provider_shipping_mobile_fixture
shared-gameplay	Run shared gameplay tests	2026-09-30T07:38:12.4708302Z 16/45 Test #16: horde_rt_provider_shipping_mobile_fixture ...............   Passed    0.01 sec
shared-gameplay	Run shared gameplay tests	2026-09-30T07:38:12.4710061Z       Start 17: horde_rt_provider_shipping_mobile_fixture_evidence
shared-gameplay	Run shared gameplay tests	2026-09-30T07:38:28.0422548Z 17/45 Test #17: horde_rt_provider_shipping_mobile_fixture_evidence ......   Passed   15.57 sec
shared-gameplay	Run shared gameplay tests	2026-09-30T07:38:28.0423788Z       Start 18: horde_rt_provider_shipping_high_fixture
shared-gameplay	Run shared gameplay tests	2026-09-30T07:38:28.0480039Z 18/45 Test #18: horde_rt_provider_shipping_high_fixture .................   Passed    0.01 sec
shared-gameplay	Run shared gameplay tests	2026-09-30T07:38:28.0481341Z       Start 19: horde_rt_provider_shipping_high_fixture_evidence
shared-gameplay	Run shared gameplay tests	2026-09-30T07:38:43.3088857Z 19/45 Test #19: horde_rt_provider_shipping_high_fixture_evidence ........   Passed   15.26 sec
shared-gameplay	Run shared gameplay tests	2026-09-30T07:38:43.3089787Z       Start 20: horde_rt_provider_diagnostic_mobile_fixture
shared-gameplay	Run shared gameplay tests	2026-09-30T07:38:43.3147388Z 20/45 Test #20: horde_rt_provider_diagnostic_mobile_fixture .............   Passed    0.01 sec
shared-gameplay	Run shared gameplay tests	2026-09-30T07:38:43.3148733Z       Start 21: horde_rt_provider_diagnostic_mobile_fixture_evidence
shared-gameplay	Run shared gameplay tests	2026-09-30T07:38:58.6254357Z 21/45 Test #21: horde_rt_provider_diagnostic_mobile_fixture_evidence ....   Passed   15.31 sec
shared-gameplay	Run shared gameplay tests	2026-09-30T07:38:58.6255547Z       Start 22: horde_rt_provider_diagnostic_high_fixture
shared-gameplay	Run shared gameplay tests	2026-09-30T07:38:58.6313746Z 22/45 Test #22: horde_rt_provider_diagnostic_high_fixture ...............   Passed    0.01 sec
shared-gameplay	Run shared gameplay tests	2026-09-30T07:38:58.6315071Z       Start 23: horde_rt_provider_diagnostic_high_fixture_evidence
shared-gameplay	Run shared gameplay tests	2026-09-30T07:39:14.1644559Z 23/45 Test #23: horde_rt_provider_diagnostic_high_fixture_evidence ......   Passed   15.53 sec
shared-gameplay	Run shared gameplay tests	2026-09-30T07:39:14.1645648Z       Start 24: horde_rt_github_release_updater_tests
shared-gameplay	Run shared gameplay tests	2026-09-30T07:39:14.1667198Z 24/45 Test #24: horde_rt_github_release_updater_tests ...................   Passed    0.00 sec
shared-gameplay	Run shared gameplay tests	2026-09-30T07:39:14.1668487Z       Start 25: horde_rt_version_contract_tests
shared-gameplay	Run shared gameplay tests	2026-09-30T07:39:14.1763902Z 25/45 Test #25: horde_rt_version_contract_tests .........................   Passed    0.01 sec
shared-gameplay	Run shared gameplay tests	2026-09-30T07:39:14.1765075Z       Start 26: horde_rt_version_contract_incremental_configure_tests
shared-gameplay	Run shared gameplay tests	2026-09-30T07:39:16.4843267Z 26/45 Test #26: horde_rt_version_contract_incremental_configure_tests ...   Passed    2.31 sec
shared-gameplay	Run shared gameplay tests	2026-09-30T07:39:16.5201038Z       Start 27: horde_rt_dielectric_math_tests
shared-gameplay	Run shared gameplay tests	2026-09-30T07:39:16.5275193Z 27/45 Test #27: horde_rt_dielectric_math_tests ..........................   Passed    0.01 sec
shared-gameplay	Run shared gameplay tests	2026-09-30T07:39:16.5276679Z       Start 28: horde_rt_player_animation_tests
shared-gameplay	Run shared gameplay tests	2026-09-30T07:39:16.5302146Z 28/45 Test #28: horde_rt_player_animation_tests .........................   Passed    0.00 sec
shared-gameplay	Run shared gameplay tests	2026-09-30T07:39:16.5303905Z       Start 29: horde_rt_fire_emitter_tests
shared-gameplay	Run shared gameplay tests	2026-09-30T07:39:16.5325559Z 29/45 Test #29: horde_rt_fire_emitter_tests .............................   Passed    0.00 sec
shared-gameplay	Run shared gameplay tests	2026-09-30T07:39:16.5326769Z       Start 30: horde_rt_held_item_socket_tests
shared-gameplay	Run shared gameplay tests	2026-09-30T07:39:16.5830794Z 30/45 Test #30: horde_rt_held_item_socket_tests .........................   Passed    0.05 sec
shared-gameplay	Run shared gameplay tests	2026-09-30T07:39:16.5832787Z       Start 31: horde_rt_development_static_asset_tests
shared-gameplay	Run shared gameplay tests	2026-09-30T07:39:16.5855532Z 31/45 Test #31: horde_rt_development_static_asset_tests .................   Passed    0.00 sec
shared-gameplay	Run shared gameplay tests	2026-09-30T07:39:16.5856792Z       Start 32: horde_rt_scene_abi_tests
shared-gameplay	Run shared gameplay tests	2026-09-30T07:39:16.5871972Z 32/45 Test #32: horde_rt_scene_abi_tests ................................   Passed    0.00 sec
shared-gameplay	Run shared gameplay tests	2026-09-30T07:39:16.5873434Z       Start 33: horde_rt_static_gltf_asset_tests
shared-gameplay	Run shared gameplay tests	2026-09-30T07:39:16.6161774Z 33/45 Test #33: horde_rt_static_gltf_asset_tests ........................   Passed    0.03 sec
shared-gameplay	Run shared gameplay tests	2026-09-30T07:39:16.6163413Z       Start 34: horde_rt_production_prop_asset_tests
shared-gameplay	Run shared gameplay tests	2026-09-30T07:39:16.6472444Z 34/45 Test #34: horde_rt_production_prop_asset_tests ....................   Passed    0.03 sec
shared-gameplay	Run shared gameplay tests	2026-09-30T07:39:16.6474614Z       Start 35: horde_rt_simulation_timing_tests
shared-gameplay	Run shared gameplay tests	2026-09-30T07:39:16.6505553Z 35/45 Test #35: horde_rt_simulation_timing_tests ........................   Passed    0.00 sec
shared-gameplay	Run shared gameplay tests	2026-09-30T07:39:16.6507160Z       Start 36: horde_rt_simulation_gameplay_tests
shared-gameplay	Run shared gameplay tests	2026-09-30T07:39:16.6568048Z 36/45 Test #36: horde_rt_simulation_gameplay_tests ......................   Passed    0.01 sec
shared-gameplay	Run shared gameplay tests	2026-09-30T07:39:16.6569719Z       Start 37: horde_rt_lantern_reward_tests
shared-gameplay	Run shared gameplay tests	2026-09-30T07:39:16.6587574Z 37/45 Test #37: horde_rt_lantern_reward_tests ...........................   Passed    0.00 sec
shared-gameplay	Run shared gameplay tests	2026-09-30T07:39:16.6589038Z       Start 38: horde_rt_lantern_pendulum_tests
shared-gameplay	Run shared gameplay tests	2026-09-30T07:39:16.6611207Z 38/45 Test #38: horde_rt_lantern_pendulum_tests .........................   Passed    0.00 sec
shared-gameplay	Run shared gameplay tests	2026-09-30T07:39:16.6612840Z       Start 39: horde_rt_input_mailbox_stress
shared-gameplay	Run shared gameplay tests	2026-09-30T07:39:16.7195285Z 39/45 Test #39: horde_rt_input_mailbox_stress ...........................   Passed    0.06 sec
shared-gameplay	Run shared gameplay tests	2026-09-30T07:39:16.7196922Z       Start 40: horde_rt_desktop_controller_input_tests
shared-gameplay	Run shared gameplay tests	2026-09-30T07:39:16.7224944Z 40/45 Test #40: horde_rt_desktop_controller_input_tests .................   Passed    0.00 sec
shared-gameplay	Run shared gameplay tests	2026-09-30T07:39:16.7226459Z       Start 41: horde_rt_gpu_timestamp_math_tests
shared-gameplay	Run shared gameplay tests	2026-09-30T07:39:16.7240781Z 41/45 Test #41: horde_rt_gpu_timestamp_math_tests .......................   Passed    0.00 sec
shared-gameplay	Run shared gameplay tests	2026-09-30T07:39:16.7262378Z       Start 42: horde_rt_combat_smoke
shared-gameplay	Run shared gameplay tests	2026-09-30T07:39:16.7266824Z 42/45 Test #42: horde_rt_combat_smoke ...................................   Passed    0.00 sec
shared-gameplay	Run shared gameplay tests	2026-09-30T07:39:16.7267346Z       Start 43: horde_rt_showcase_route_smoke
shared-gameplay	Run shared gameplay tests	2026-09-30T07:39:16.7280237Z 43/45 Test #43: horde_rt_showcase_route_smoke ...........................   Passed    0.00 sec
shared-gameplay	Run shared gameplay tests	2026-09-30T07:39:16.7281661Z       Start 44: horde_rt_showcase_gameplay_smoke
shared-gameplay	Run shared gameplay tests	2026-09-30T07:39:16.7298982Z 44/45 Test #44: horde_rt_showcase_gameplay_smoke ........................   Passed    0.00 sec
shared-gameplay	Run shared gameplay tests	2026-09-30T07:39:16.7300417Z       Start 45: horde_rt_spatial_audio_smoke
shared-gameplay	Run shared gameplay tests	2026-09-30T07:39:16.7332018Z 45/45 Test #45: horde_rt_spatial_audio_smoke ............................   Passed    0.00 sec
shared-gameplay	Run shared gameplay tests	2026-09-30T07:39:16.7336953Z 
shared-gameplay	Run shared gameplay tests	2026-09-30T07:39:16.7337369Z 100% tests passed, 0 tests failed out of 45
shared-gameplay	Run shared gameplay tests	2026-09-30T07:39:16.7337623Z 
shared-gameplay	Run shared gameplay tests	2026-09-30T07:39:16.7337726Z Total Test time (real) =  67.82 sec
shared-gameplay	Check offline gauntlet chirality and UV winding	﻿2026-09-30T07:39:16.8890461Z ##[group]Run python3 -m unittest discover -s tests -p test_player_gauntlet_geometry.py -v
shared-gameplay	Check offline gauntlet chirality and UV winding	2026-09-30T07:39:16.8891105Z ^[[36;1mpython3 -m unittest discover -s tests -p test_player_gauntlet_geometry.py -v^[[0m
shared-gameplay	Check offline gauntlet chirality and UV winding	2026-09-30T07:39:16.8952135Z shell: /usr/bin/bash -e {0}
shared-gameplay	Check offline gauntlet chirality and UV winding	2026-09-30T07:39:16.8952414Z ##[endgroup]
shared-gameplay	Check offline gauntlet chirality and UV winding	2026-09-30T07:39:16.9738388Z test_invalid_chirality_is_rejected (test_player_gauntlet_geometry.GauntletGeometryTests.test_invalid_chirality_is_rejected) ... ok
shared-gameplay	Check offline gauntlet chirality and UV winding	2026-09-30T07:39:16.9741063Z test_legacy_uv_mode_is_explicit_not_default (test_player_gauntlet_geometry.GauntletGeometryTests.test_legacy_uv_mode_is_explicit_not_default) ... ok
shared-gameplay	Check offline gauntlet chirality and UV winding	2026-09-30T07:39:16.9753375Z test_mirror_preserves_vertex_to_uv_correspondence (test_player_gauntlet_geometry.GauntletGeometryTests.test_mirror_preserves_vertex_to_uv_correspondence) ... ok
shared-gameplay	Check offline gauntlet chirality and UV winding	2026-09-30T07:39:16.9755210Z test_mismatched_corner_roster_is_rejected (test_player_gauntlet_geometry.GauntletGeometryTests.test_mismatched_corner_roster_is_rejected) ... ok
shared-gameplay	Check offline gauntlet chirality and UV winding	2026-09-30T07:39:16.9757141Z test_right_source_is_mirrored_only_for_left_hand (test_player_gauntlet_geometry.GauntletGeometryTests.test_right_source_is_mirrored_only_for_left_hand) ... ok
shared-gameplay	Check offline gauntlet chirality and UV winding	2026-09-30T07:39:16.9759016Z test_unmirrored_source_preserves_all_corners (test_player_gauntlet_geometry.GauntletGeometryTests.test_unmirrored_source_preserves_all_corners) ... ok
shared-gameplay	Check offline gauntlet chirality and UV winding	2026-09-30T07:39:16.9760204Z 
shared-gameplay	Check offline gauntlet chirality and UV winding	2026-09-30T07:39:16.9760387Z ----------------------------------------------------------------------
shared-gameplay	Check offline gauntlet chirality and UV winding	2026-09-30T07:39:16.9760925Z Ran 6 tests in 0.000s
shared-gameplay	Check offline gauntlet chirality and UV winding	2026-09-30T07:39:16.9761095Z 
shared-gameplay	Check offline gauntlet chirality and UV winding	2026-09-30T07:39:16.9761183Z OK
shared-gameplay	Check exact player cloth seam weight transfers	﻿2026-09-30T07:39:16.9838064Z ##[group]Run python3 -m unittest discover -s tests -p test_player_sleeve_seams.py -v
shared-gameplay	Check exact player cloth seam weight transfers	2026-09-30T07:39:16.9838720Z ^[[36;1mpython3 -m unittest discover -s tests -p test_player_sleeve_seams.py -v^[[0m
shared-gameplay	Check exact player cloth seam weight transfers	2026-09-30T07:39:16.9897718Z shell: /usr/bin/bash -e {0}
shared-gameplay	Check exact player cloth seam weight transfers	2026-09-30T07:39:16.9897983Z ##[endgroup]
shared-gameplay	Check exact player cloth seam weight transfers	2026-09-30T07:39:17.0479675Z test_conflicting_coincident_view_endpoint_records_fail (test_player_sleeve_seams.PlayerSleeveSeamTests.test_conflicting_coincident_view_endpoint_records_fail) ... ok
shared-gameplay	Check exact player cloth seam weight transfers	2026-09-30T07:39:17.0484932Z test_explicit_body_remainder_preserves_the_same_cloth_seam (test_player_sleeve_seams.PlayerSleeveSeamTests.test_explicit_body_remainder_preserves_the_same_cloth_seam) ... ok
shared-gameplay	Check exact player cloth seam weight transfers	2026-09-30T07:39:17.0486946Z test_invalid_face_index_fails (test_player_sleeve_seams.PlayerSleeveSeamTests.test_invalid_face_index_fails) ... ok
shared-gameplay	Check exact player cloth seam weight transfers	2026-09-30T07:39:17.0490261Z test_negative_or_unnormalized_weight_fails (test_player_sleeve_seams.PlayerSleeveSeamTests.test_negative_or_unnormalized_weight_fails) ... ok
shared-gameplay	Check exact player cloth seam weight transfers	2026-09-30T07:39:17.0492477Z test_nonfinite_position_fails (test_player_sleeve_seams.PlayerSleeveSeamTests.test_nonfinite_position_fails) ... ok
shared-gameplay	Check exact player cloth seam weight transfers	2026-09-30T07:39:17.0496731Z test_nonmanifold_and_degenerate_sleeve_edges_fail (test_player_sleeve_seams.PlayerSleeveSeamTests.test_nonmanifold_and_degenerate_sleeve_edges_fail) ... ok
shared-gameplay	Check exact player cloth seam weight transfers	2026-09-30T07:39:17.0505442Z test_retained_world_authoring_roundoff_does_not_relax_canonical_weights (test_player_sleeve_seams.PlayerSleeveSeamTests.test_retained_world_authoring_roundoff_does_not_relax_canonical_weights) ... ok
shared-gameplay	Check exact player cloth seam weight transfers	2026-09-30T07:39:17.0509129Z test_transfers_canonical_shared_boundary_weights_without_mutating_inputs (test_player_sleeve_seams.PlayerSleeveSeamTests.test_transfers_canonical_shared_boundary_weights_without_mutating_inputs) ... ok
shared-gameplay	Check exact player cloth seam weight transfers	2026-09-30T07:39:17.0511538Z test_unknown_view_bone_name_fails (test_player_sleeve_seams.PlayerSleeveSeamTests.test_unknown_view_bone_name_fails) ... ok
shared-gameplay	Check exact player cloth seam weight transfers	2026-09-30T07:39:17.0516550Z test_unshared_and_no_nearface_edges_do_not_transfer (test_player_sleeve_seams.PlayerSleeveSeamTests.test_unshared_and_no_nearface_edges_do_not_transfer) ... ok
shared-gameplay	Check exact player cloth seam weight transfers	2026-09-30T07:39:17.0518942Z test_unused_vertices_may_have_no_deform_weights (test_player_sleeve_seams.PlayerSleeveSeamTests.test_unused_vertices_may_have_no_deform_weights) ... ok
shared-gameplay	Check exact player cloth seam weight transfers	2026-09-30T07:39:17.0521457Z test_vertices_shared_with_head_or_gauntlet_are_excluded (test_player_sleeve_seams.PlayerSleeveSeamTests.test_vertices_shared_with_head_or_gauntlet_are_excluded) ... ok
shared-gameplay	Check exact player cloth seam weight transfers	2026-09-30T07:39:17.0522905Z 
shared-gameplay	Check exact player cloth seam weight transfers	2026-09-30T07:39:17.0523436Z ----------------------------------------------------------------------
shared-gameplay	Check exact player cloth seam weight transfers	2026-09-30T07:39:17.0523997Z Ran 12 tests in 0.005s
shared-gameplay	Check exact player cloth seam weight transfers	2026-09-30T07:39:17.0524223Z 
shared-gameplay	Check exact player cloth seam weight transfers	2026-09-30T07:39:17.0524442Z OK
shared-gameplay	Check upper torso partition preserves the head mask	﻿2026-09-30T07:39:17.0621331Z ##[group]Run python3 -m unittest discover -s tests -p test_player_body_partition.py -v
shared-gameplay	Check upper torso partition preserves the head mask	2026-09-30T07:39:17.0622188Z ^[[36;1mpython3 -m unittest discover -s tests -p test_player_body_partition.py -v^[[0m
shared-gameplay	Check upper torso partition preserves the head mask	2026-09-30T07:39:17.0681910Z shell: /usr/bin/bash -e {0}
shared-gameplay	Check upper torso partition preserves the head mask	2026-09-30T07:39:17.0682183Z ##[endgroup]
shared-gameplay	Check upper torso partition preserves the head mask	2026-09-30T07:39:17.1269821Z test_invalid_or_incompatible_landmarks_reject (test_player_body_partition.BodyPartitionTests.test_invalid_or_incompatible_landmarks_reject) ... ok
shared-gameplay	Check upper torso partition preserves the head mask	2026-09-30T07:39:17.1272393Z test_origin_and_scale_are_explicit (test_player_body_partition.BodyPartitionTests.test_origin_and_scale_are_explicit) ... ok
shared-gameplay	Check upper torso partition preserves the head mask	2026-09-30T07:39:17.1274889Z test_retains_the_original_head_mask (test_player_body_partition.BodyPartitionTests.test_retains_the_original_head_mask) ... ok
shared-gameplay	Check upper torso partition preserves the head mask	2026-09-30T07:39:17.1276029Z 
shared-gameplay	Check upper torso partition preserves the head mask	2026-09-30T07:39:17.1276310Z ----------------------------------------------------------------------
shared-gameplay	Check upper torso partition preserves the head mask	2026-09-30T07:39:17.1277199Z Ran 3 tests in 0.000s
shared-gameplay	Check upper torso partition preserves the head mask	2026-09-30T07:39:17.1277474Z 
shared-gameplay	Check upper torso partition preserves the head mask	2026-09-30T07:39:17.1277673Z OK
shared-gameplay	Check bounded segmented cloth seam plans	﻿2026-09-30T07:39:17.1368394Z ##[group]Run python3 -m unittest discover -s tests -p test_player_segmented_seams.py -v
shared-gameplay	Check bounded segmented cloth seam plans	2026-09-30T07:39:17.1369028Z ^[[36;1mpython3 -m unittest discover -s tests -p test_player_segmented_seams.py -v^[[0m
shared-gameplay	Check bounded segmented cloth seam plans	2026-09-30T07:39:17.1428882Z shell: /usr/bin/bash -e {0}
shared-gameplay	Check bounded segmented cloth seam plans	2026-09-30T07:39:17.1429150Z ##[endgroup]
shared-gameplay	Check bounded segmented cloth seam plans	2026-09-30T07:39:17.1980557Z test_already_matching_segments_need_no_split (test_player_segmented_seams.SegmentedSeamTests.test_already_matching_segments_need_no_split) ... ok
shared-gameplay	Check bounded segmented cloth seam plans	2026-09-30T07:39:17.1983062Z test_nearby_but_not_coincident_edge_is_not_welded (test_player_segmented_seams.SegmentedSeamTests.test_nearby_but_not_coincident_edge_is_not_welded) ... ok
shared-gameplay	Check bounded segmented cloth seam plans	2026-09-30T07:39:17.1985158Z test_no_body_primary_backing_does_not_authorize_a_split (test_player_segmented_seams.SegmentedSeamTests.test_no_body_primary_backing_does_not_authorize_a_split) ... ok
shared-gameplay	Check bounded segmented cloth seam plans	2026-09-30T07:39:17.1993313Z test_partial_cloth_coverage_rejects (test_player_segmented_seams.SegmentedSeamTests.test_partial_cloth_coverage_rejects) ... ok
shared-gameplay	Check bounded segmented cloth seam plans	2026-09-30T07:39:17.1994953Z test_plans_only_canonical_midpoint_without_mutating_inputs (test_player_segmented_seams.SegmentedSeamTests.test_plans_only_canonical_midpoint_without_mutating_inputs) ... ok
shared-gameplay	Check bounded segmented cloth seam plans	2026-09-30T07:39:17.1996473Z test_protected_vertex_rejects (test_player_segmented_seams.SegmentedSeamTests.test_protected_vertex_rejects) ... ok
shared-gameplay	Check bounded segmented cloth seam plans	2026-09-30T07:39:17.1997618Z test_same_winding_rejects (test_player_segmented_seams.SegmentedSeamTests.test_same_winding_rejects) ... ok
shared-gameplay	Check bounded segmented cloth seam plans	2026-09-30T07:39:17.1998246Z 
shared-gameplay	Check bounded segmented cloth seam plans	2026-09-30T07:39:17.1998459Z ----------------------------------------------------------------------
shared-gameplay	Check bounded segmented cloth seam plans	2026-09-30T07:39:17.1998937Z Ran 7 tests in 0.001s
shared-gameplay	Check bounded segmented cloth seam plans	2026-09-30T07:39:17.1999129Z 
shared-gameplay	Check bounded segmented cloth seam plans	2026-09-30T07:39:17.1999237Z OK
shared-gameplay	Check Gradle APK artifact resolution	﻿2026-09-30T07:39:17.2089560Z ##[group]Run ./tools/test-resolve-android-apk.ps1
shared-gameplay	Check Gradle APK artifact resolution	2026-09-30T07:39:17.2089967Z ^[[36;1m./tools/test-resolve-android-apk.ps1^[[0m
shared-gameplay	Check Gradle APK artifact resolution	2026-09-30T07:39:17.2116533Z shell: /usr/bin/pwsh -command ". '{0}'"
shared-gameplay	Check Gradle APK artifact resolution	2026-09-30T07:39:17.2116833Z ##[endgroup]
shared-gameplay	Check Gradle APK artifact resolution	2026-09-30T07:39:17.6655731Z PASS normal Gradle output
shared-gameplay	Check Gradle APK artifact resolution	2026-09-30T07:39:17.6868825Z PASS redirected intermediates output
shared-gameplay	Check Gradle APK artifact resolution	2026-09-30T07:39:17.7387005Z PASS wrong variant (rejected)
shared-gameplay	Check Gradle APK artifact resolution	2026-09-30T07:39:17.7446628Z PASS wrong artifact type (rejected)
shared-gameplay	Check Gradle APK artifact resolution	2026-09-30T07:39:17.7495125Z PASS missing output element (rejected)
shared-gameplay	Check Gradle APK artifact resolution	2026-09-30T07:39:17.7548904Z PASS multiple output elements (rejected)
shared-gameplay	Check Gradle APK artifact resolution	2026-09-30T07:39:17.7600570Z PASS missing APK file (rejected)
shared-gameplay	Check Gradle APK artifact resolution	2026-09-30T07:39:17.7649849Z PASS filename path traversal (rejected)
shared-gameplay	Check Gradle APK artifact resolution	2026-09-30T07:39:17.7696335Z PASS escaped listing path (rejected)
shared-gameplay	Check Gradle APK artifact resolution	2026-09-30T07:39:17.7744782Z PASS duplicate redirect entries (rejected)
shared-gameplay	Check Gradle APK artifact resolution	2026-09-30T07:39:17.7752640Z All 10 resolver cases passed.
shared-gameplay	Check Android combat capture expectations	﻿2026-09-30T07:39:17.8284345Z ##[group]Run ./tests/AndroidCombatCaptureExpectations.ps1
shared-gameplay	Check Android combat capture expectations	2026-09-30T07:39:17.8284826Z ^[[36;1m./tests/AndroidCombatCaptureExpectations.ps1^[[0m
shared-gameplay	Check Android combat capture expectations	2026-09-30T07:39:17.8308460Z shell: /usr/bin/pwsh -command ". '{0}'"
shared-gameplay	Check Android combat capture expectations	2026-09-30T07:39:17.8308758Z ##[endgroup]
shared-gameplay	Check Android combat capture expectations	2026-09-30T07:39:18.3293391Z Android combat capture expectations: 34 cases passed.
shared-gameplay	Check Android combat capture expectations	2026-09-30T07:39:18.3593366Z Android gameplay versus isolated-glass ownership: 16 cases passed.
shared-gameplay	Post Check out source	﻿2026-09-30T07:39:18.4125277Z Post job cleanup.
shared-gameplay	Post Check out source	2026-09-30T07:39:18.4975027Z [command]/usr/bin/git version
shared-gameplay	Post Check out source	2026-09-30T07:39:18.5019737Z git version 2.55.0
shared-gameplay	Post Check out source	2026-09-30T07:39:18.5066210Z Temporarily overriding HOME='/home/runner/work/_temp/65fa69e9-fcff-42c5-bb7b-231040f59433' before making global git config changes
shared-gameplay	Post Check out source	2026-09-30T07:39:18.5067766Z Adding repository directory to the temporary git global config as a safe directory
shared-gameplay	Post Check out source	2026-09-30T07:39:18.5073191Z [command]/usr/bin/git config --global --add safe.directory /home/runner/work/The-Horde-RT-demo/The-Horde-RT-demo
shared-gameplay	Post Check out source	2026-09-30T07:39:18.5105174Z Removing SSH command configuration
shared-gameplay	Post Check out source	2026-09-30T07:39:18.5112373Z [command]/usr/bin/git config --local --name-only --get-regexp core\.sshCommand
shared-gameplay	Post Check out source	2026-09-30T07:39:18.5149540Z [command]/usr/bin/git submodule foreach --recursive sh -c "git config --local --name-only --get-regexp 'core\.sshCommand' && git config --local --unset-all 'core.sshCommand' || :"
shared-gameplay	Post Check out source	2026-09-30T07:39:18.5402962Z Removing HTTP extra header
shared-gameplay	Post Check out source	2026-09-30T07:39:18.5409145Z [command]/usr/bin/git config --local --name-only --get-regexp http\.https\:\/\/github\.com\/\.extraheader
shared-gameplay	Post Check out source	2026-09-30T07:39:18.5446626Z [command]/usr/bin/git submodule foreach --recursive sh -c "git config --local --name-only --get-regexp 'http\.https\:\/\/github\.com\/\.extraheader' && git config --local --unset-all 'http.https://github.com/.extraheader' || :"
shared-gameplay	Post Check out source	2026-09-30T07:39:18.5698030Z Removing includeIf entries pointing to credentials config files
shared-gameplay	Post Check out source	2026-09-30T07:39:18.5710539Z [command]/usr/bin/git config --local --name-only --get-regexp ^includeIf\.gitdir:
shared-gameplay	Post Check out source	2026-09-30T07:39:18.5738461Z includeif.gitdir:/home/runner/work/The-Horde-RT-demo/The-Horde-RT-demo/.git.path
shared-gameplay	Post Check out source	2026-09-30T07:39:18.5739578Z includeif.gitdir:/home/runner/work/The-Horde-RT-demo/The-Horde-RT-demo/.git/worktrees/*.path
shared-gameplay	Post Check out source	2026-09-30T07:39:18.5740528Z includeif.gitdir:/github/workspace/.git.path
shared-gameplay	Post Check out source	2026-09-30T07:39:18.5741607Z includeif.gitdir:/github/workspace/.git/worktrees/*.path
shared-gameplay	Post Check out source	2026-09-30T07:39:18.5749739Z [command]/usr/bin/git config --local --get-all includeif.gitdir:/home/runner/work/The-Horde-RT-demo/The-Horde-RT-demo/.git.path
shared-gameplay	Post Check out source	2026-09-30T07:39:18.5784322Z /home/runner/work/_temp/git-credentials-db596988-d881-4ac7-b1e4-15f1a5b4e465.config
shared-gameplay	Post Check out source	2026-09-30T07:39:18.5799715Z [command]/usr/bin/git config --local --unset includeif.gitdir:/home/runner/work/The-Horde-RT-demo/The-Horde-RT-demo/.git.path /home/runner/work/_temp/git-credentials-db596988-d881-4ac7-b1e4-15f1a5b4e465.config
shared-gameplay	Post Check out source	2026-09-30T07:39:18.5843595Z [command]/usr/bin/git config --local --get-all includeif.gitdir:/home/runner/work/The-Horde-RT-demo/The-Horde-RT-demo/.git/worktrees/*.path
shared-gameplay	Post Check out source	2026-09-30T07:39:18.5869606Z /home/runner/work/_temp/git-credentials-db596988-d881-4ac7-b1e4-15f1a5b4e465.config
shared-gameplay	Post Check out source	2026-09-30T07:39:18.5880840Z [command]/usr/bin/git config --local --unset includeif.gitdir:/home/runner/work/The-Horde-RT-demo/The-Horde-RT-demo/.git/worktrees/*.path /home/runner/work/_temp/git-credentials-db596988-d881-4ac7-b1e4-15f1a5b4e465.config
shared-gameplay	Post Check out source	2026-09-30T07:39:18.5918106Z [command]/usr/bin/git config --local --get-all includeif.gitdir:/github/workspace/.git.path
shared-gameplay	Post Check out source	2026-09-30T07:39:18.5944033Z /github/runner_temp/git-credentials-db596988-d881-4ac7-b1e4-15f1a5b4e465.config
shared-gameplay	Post Check out source	2026-09-30T07:39:18.5952849Z [command]/usr/bin/git config --local --unset includeif.gitdir:/github/workspace/.git.path /github/runner_temp/git-credentials-db596988-d881-4ac7-b1e4-15f1a5b4e465.config
shared-gameplay	Post Check out source	2026-09-30T07:39:18.5989812Z [command]/usr/bin/git config --local --get-all includeif.gitdir:/github/workspace/.git/worktrees/*.path
shared-gameplay	Post Check out source	2026-09-30T07:39:18.6016976Z /github/runner_temp/git-credentials-db596988-d881-4ac7-b1e4-15f1a5b4e465.config
shared-gameplay	Post Check out source	2026-09-30T07:39:18.6041186Z [command]/usr/bin/git config --local --unset includeif.gitdir:/github/workspace/.git/worktrees/*.path /github/runner_temp/git-credentials-db596988-d881-4ac7-b1e4-15f1a5b4e465.config
shared-gameplay	Post Check out source	2026-09-30T07:39:18.6105679Z [command]/usr/bin/git submodule foreach --recursive git config --local --show-origin --name-only --get-regexp remote.origin.url
shared-gameplay	Post Check out source	2026-09-30T07:39:18.6340717Z Removing credentials config '/home/runner/work/_temp/git-credentials-db596988-d881-4ac7-b1e4-15f1a5b4e465.config'
shared-gameplay	Complete job	﻿2026-09-30T07:39:18.6485064Z Cleaning up orphan processes
player-vulkan-host	Set up job	﻿2026-09-30T07:36:24.7823707Z Current runner version: '2.337.0'
player-vulkan-host	Set up job	2026-09-30T07:36:24.7860711Z ##[group]Runner Image Provisioner
player-vulkan-host	Set up job	2026-09-30T07:36:24.7862180Z Hosted Compute Agent
player-vulkan-host	Set up job	2026-09-30T07:36:24.7863293Z Version: 20260901.588
player-vulkan-host	Set up job	2026-09-30T07:36:24.7864453Z Commit: f88ec8081b781fac6c440065ac7ff9e710ce3d0b
player-vulkan-host	Set up job	2026-09-30T07:36:24.7866082Z Build Date: 2026-09-01T19:56:44Z
player-vulkan-host	Set up job	2026-09-30T07:36:24.7867423Z Worker ID: {3cf53ad6-c6d7-43f6-b435-b310c2ca6269}
player-vulkan-host	Set up job	2026-09-30T07:36:24.7868884Z Azure Region: eastus2
player-vulkan-host	Set up job	2026-09-30T07:36:24.7869943Z ##[endgroup]
player-vulkan-host	Set up job	2026-09-30T07:36:24.7872050Z ##[group]Operating System
player-vulkan-host	Set up job	2026-09-30T07:36:24.7873308Z Ubuntu
player-vulkan-host	Set up job	2026-09-30T07:36:24.7874274Z 24.04.5
player-vulkan-host	Set up job	2026-09-30T07:36:24.7875182Z LTS
player-vulkan-host	Set up job	2026-09-30T07:36:24.7876501Z ##[endgroup]
player-vulkan-host	Set up job	2026-09-30T07:36:24.7877523Z ##[group]Runner Image
player-vulkan-host	Set up job	2026-09-30T07:36:24.7878709Z Image: ubuntu-24.04
player-vulkan-host	Set up job	2026-09-30T07:36:24.7879857Z Version: 20260927.320.1
player-vulkan-host	Set up job	2026-09-30T07:36:24.7881816Z Included Software: https://github.com/actions/runner-images/blob/ubuntu24/20260927.320/images/ubuntu/Ubuntu2404-Readme.md
player-vulkan-host	Set up job	2026-09-30T07:36:24.7885028Z Image Release: https://github.com/actions/runner-images/releases/tag/ubuntu24%2F20260927.320
player-vulkan-host	Set up job	2026-09-30T07:36:24.7887143Z ##[endgroup]
player-vulkan-host	Set up job	2026-09-30T07:36:24.7889156Z ##[group]GITHUB_TOKEN Permissions
player-vulkan-host	Set up job	2026-09-30T07:36:24.7892071Z Contents: read
player-vulkan-host	Set up job	2026-09-30T07:36:24.7893113Z Metadata: read
player-vulkan-host	Set up job	2026-09-30T07:36:24.7893982Z ##[endgroup]
player-vulkan-host	Set up job	2026-09-30T07:36:24.7897573Z Secret source: Actions
player-vulkan-host	Set up job	2026-09-30T07:36:24.7899172Z Cache mode: write
player-vulkan-host	Set up job	2026-09-30T07:36:24.7900915Z Prepare workflow directory
player-vulkan-host	Set up job	2026-09-30T07:36:24.8366521Z Prepare all required actions
player-vulkan-host	Set up job	2026-09-30T07:36:24.8433910Z Getting action download info
player-vulkan-host	Set up job	2026-09-30T07:36:25.0472976Z Download action repository 'actions/checkout@v6' (SHA:d23441a48e516b6c34aea4fa41551a30e30af803)
player-vulkan-host	Set up job	2026-09-30T07:36:25.2390447Z Complete job name: player-vulkan-host
player-vulkan-host	Check out source	﻿2026-09-30T07:36:25.3254363Z ##[group]Run actions/checkout@v6
player-vulkan-host	Check out source	2026-09-30T07:36:25.3255340Z with:
player-vulkan-host	Check out source	2026-09-30T07:36:25.3256047Z   repository: Samfa12-tech/The-Horde-RT-demo
player-vulkan-host	Check out source	2026-09-30T07:36:25.3259769Z   token: ***
player-vulkan-host	Check out source	2026-09-30T07:36:25.3260230Z   ssh-strict: true
player-vulkan-host	Check out source	2026-09-30T07:36:25.3260676Z   ssh-user: git
player-vulkan-host	Check out source	2026-09-30T07:36:25.3261155Z   persist-credentials: true
player-vulkan-host	Check out source	2026-09-30T07:36:25.3261705Z   clean: true
player-vulkan-host	Check out source	2026-09-30T07:36:25.3262154Z   sparse-checkout-cone-mode: true
player-vulkan-host	Check out source	2026-09-30T07:36:25.3262679Z   fetch-depth: 1
player-vulkan-host	Check out source	2026-09-30T07:36:25.3263131Z   fetch-tags: false
player-vulkan-host	Check out source	2026-09-30T07:36:25.3263578Z   show-progress: true
player-vulkan-host	Check out source	2026-09-30T07:36:25.3264027Z   lfs: false
player-vulkan-host	Check out source	2026-09-30T07:36:25.3264443Z   submodules: false
player-vulkan-host	Check out source	2026-09-30T07:36:25.3264908Z   set-safe-directory: true
player-vulkan-host	Check out source	2026-09-30T07:36:25.3265416Z   allow-unsafe-pr-checkout: false
player-vulkan-host	Check out source	2026-09-30T07:36:25.3266642Z ##[endgroup]
player-vulkan-host	Check out source	2026-09-30T07:36:25.4270071Z Syncing repository: Samfa12-tech/The-Horde-RT-demo
player-vulkan-host	Check out source	2026-09-30T07:36:25.4272870Z ##[group]Getting Git version info
player-vulkan-host	Check out source	2026-09-30T07:36:25.4274353Z Working directory is '/home/runner/work/The-Horde-RT-demo/The-Horde-RT-demo'
player-vulkan-host	Check out source	2026-09-30T07:36:25.4276570Z [command]/usr/bin/git version
player-vulkan-host	Check out source	2026-09-30T07:36:25.4323888Z git version 2.55.0
player-vulkan-host	Check out source	2026-09-30T07:36:25.4350385Z ##[endgroup]
player-vulkan-host	Check out source	2026-09-30T07:36:25.4365964Z Temporarily overriding HOME='/home/runner/work/_temp/52bcef27-ff47-4490-ab73-f7f8dfb4128f' before making global git config changes
player-vulkan-host	Check out source	2026-09-30T07:36:25.4368456Z Adding repository directory to the temporary git global config as a safe directory
player-vulkan-host	Check out source	2026-09-30T07:36:25.4372052Z [command]/usr/bin/git config --global --add safe.directory /home/runner/work/The-Horde-RT-demo/The-Horde-RT-demo
player-vulkan-host	Check out source	2026-09-30T07:36:25.4429038Z Deleting the contents of '/home/runner/work/The-Horde-RT-demo/The-Horde-RT-demo'
player-vulkan-host	Check out source	2026-09-30T07:36:25.4450735Z ##[group]Determining repository object format
player-vulkan-host	Check out source	2026-09-30T07:36:25.4452178Z ##[endgroup]
player-vulkan-host	Check out source	2026-09-30T07:36:25.4453311Z ##[group]Initializing the repository
player-vulkan-host	Check out source	2026-09-30T07:36:25.4454561Z [command]/usr/bin/git init /home/runner/work/The-Horde-RT-demo/The-Horde-RT-demo
player-vulkan-host	Check out source	2026-09-30T07:36:25.4565211Z hint: Using 'master' as the name for the initial branch. This default branch name
player-vulkan-host	Check out source	2026-09-30T07:36:25.4567175Z hint: will change to "main" in Git 3.0. To configure the initial branch name
player-vulkan-host	Check out source	2026-09-30T07:36:25.4569582Z hint: to use in all of your new repositories, which will suppress this warning,
player-vulkan-host	Check out source	2026-09-30T07:36:25.4571115Z hint: call:
player-vulkan-host	Check out source	2026-09-30T07:36:25.4571903Z hint:
player-vulkan-host	Check out source	2026-09-30T07:36:25.4572873Z hint: 	git config --global init.defaultBranch <name>
player-vulkan-host	Check out source	2026-09-30T07:36:25.4574008Z hint:
player-vulkan-host	Check out source	2026-09-30T07:36:25.4575176Z hint: Names commonly chosen instead of 'master' are 'main', 'trunk' and
player-vulkan-host	Check out source	2026-09-30T07:36:25.4577220Z hint: 'development'. The just-created branch can be renamed via this command:
player-vulkan-host	Check out source	2026-09-30T07:36:25.4578600Z hint:
player-vulkan-host	Check out source	2026-09-30T07:36:25.4579353Z hint: 	git branch -m <name>
player-vulkan-host	Check out source	2026-09-30T07:36:25.4580561Z hint:
player-vulkan-host	Check out source	2026-09-30T07:36:25.4581689Z hint: Disable this message with "git config set advice.defaultBranchName false"
player-vulkan-host	Check out source	2026-09-30T07:36:25.4582955Z Initialized empty Git repository in /home/runner/work/The-Horde-RT-demo/The-Horde-RT-demo/.git/
player-vulkan-host	Check out source	2026-09-30T07:36:25.4584796Z [command]/usr/bin/git remote add origin https://github.com/Samfa12-tech/The-Horde-RT-demo
player-vulkan-host	Check out source	2026-09-30T07:36:25.4633474Z ##[endgroup]
player-vulkan-host	Check out source	2026-09-30T07:36:25.4635068Z ##[group]Disabling automatic garbage collection
player-vulkan-host	Check out source	2026-09-30T07:36:25.4637989Z [command]/usr/bin/git config --local gc.auto 0
player-vulkan-host	Check out source	2026-09-30T07:36:25.4670613Z ##[endgroup]
player-vulkan-host	Check out source	2026-09-30T07:36:25.4671752Z ##[group]Setting up auth
player-vulkan-host	Check out source	2026-09-30T07:36:25.4672585Z Removing SSH command configuration
player-vulkan-host	Check out source	2026-09-30T07:36:25.4678574Z [command]/usr/bin/git config --local --name-only --get-regexp core\.sshCommand
player-vulkan-host	Check out source	2026-09-30T07:36:25.4713018Z [command]/usr/bin/git submodule foreach --recursive sh -c "git config --local --name-only --get-regexp 'core\.sshCommand' && git config --local --unset-all 'core.sshCommand' || :"
player-vulkan-host	Check out source	2026-09-30T07:36:25.5104064Z Removing HTTP extra header
player-vulkan-host	Check out source	2026-09-30T07:36:25.5112002Z [command]/usr/bin/git config --local --name-only --get-regexp http\.https\:\/\/github\.com\/\.extraheader
player-vulkan-host	Check out source	2026-09-30T07:36:25.5162715Z [command]/usr/bin/git submodule foreach --recursive sh -c "git config --local --name-only --get-regexp 'http\.https\:\/\/github\.com\/\.extraheader' && git config --local --unset-all 'http.https://github.com/.extraheader' || :"
player-vulkan-host	Check out source	2026-09-30T07:36:25.5384537Z Removing includeIf entries pointing to credentials config files
player-vulkan-host	Check out source	2026-09-30T07:36:25.5391600Z [command]/usr/bin/git config --local --name-only --get-regexp ^includeIf\.gitdir:
player-vulkan-host	Check out source	2026-09-30T07:36:25.5429308Z [command]/usr/bin/git submodule foreach --recursive git config --local --show-origin --name-only --get-regexp remote.origin.url
player-vulkan-host	Check out source	2026-09-30T07:36:25.5655350Z [command]/usr/bin/git config --file /home/runner/work/_temp/git-credentials-acf57f33-ee03-4202-a7b3-4c0b9168402a.config http.https://github.com/.extraheader AUTHORIZATION: basic ***
player-vulkan-host	Check out source	2026-09-30T07:36:25.5695497Z [command]/usr/bin/git config --local includeIf.gitdir:/home/runner/work/The-Horde-RT-demo/The-Horde-RT-demo/.git.path /home/runner/work/_temp/git-credentials-acf57f33-ee03-4202-a7b3-4c0b9168402a.config
player-vulkan-host	Check out source	2026-09-30T07:36:25.5730405Z [command]/usr/bin/git config --local includeIf.gitdir:/home/runner/work/The-Horde-RT-demo/The-Horde-RT-demo/.git/worktrees/*.path /home/runner/work/_temp/git-credentials-acf57f33-ee03-4202-a7b3-4c0b9168402a.config
player-vulkan-host	Check out source	2026-09-30T07:36:25.5768650Z [command]/usr/bin/git config --local includeIf.gitdir:/github/workspace/.git.path /github/runner_temp/git-credentials-acf57f33-ee03-4202-a7b3-4c0b9168402a.config
player-vulkan-host	Check out source	2026-09-30T07:36:25.5804210Z [command]/usr/bin/git config --local includeIf.gitdir:/github/workspace/.git/worktrees/*.path /github/runner_temp/git-credentials-acf57f33-ee03-4202-a7b3-4c0b9168402a.config
player-vulkan-host	Check out source	2026-09-30T07:36:25.5838032Z ##[endgroup]
player-vulkan-host	Check out source	2026-09-30T07:36:25.5838832Z ##[group]Fetching the repository
player-vulkan-host	Check out source	2026-09-30T07:36:25.5847906Z [command]/usr/bin/git -c protocol.version=2 fetch --no-tags --prune --no-recurse-submodules --depth=1 origin +18616f4fdab2da24e822c999006f39f6cff258eb:refs/remotes/origin/codex/horde-1.6.1-engineering-pass
player-vulkan-host	Check out source	2026-09-30T07:36:26.6249244Z From https://github.com/Samfa12-tech/The-Horde-RT-demo
player-vulkan-host	Check out source	2026-09-30T07:36:26.6252348Z  * [new ref]         18616f4fdab2da24e822c999006f39f6cff258eb -> origin/codex/horde-1.6.1-engineering-pass
player-vulkan-host	Check out source	2026-09-30T07:36:26.6258240Z [command]/usr/bin/git branch --list --remote origin/codex/horde-1.6.1-engineering-pass
player-vulkan-host	Check out source	2026-09-30T07:36:26.6284295Z   origin/codex/horde-1.6.1-engineering-pass
player-vulkan-host	Check out source	2026-09-30T07:36:26.6294658Z [command]/usr/bin/git rev-parse refs/remotes/origin/codex/horde-1.6.1-engineering-pass
player-vulkan-host	Check out source	2026-09-30T07:36:26.6318933Z 18616f4fdab2da24e822c999006f39f6cff258eb
player-vulkan-host	Check out source	2026-09-30T07:36:26.6325416Z ##[endgroup]
player-vulkan-host	Check out source	2026-09-30T07:36:26.6327976Z ##[group]Determining the checkout info
player-vulkan-host	Check out source	2026-09-30T07:36:26.6330732Z ##[endgroup]
player-vulkan-host	Check out source	2026-09-30T07:36:26.6332342Z [command]/usr/bin/git sparse-checkout disable
player-vulkan-host	Check out source	2026-09-30T07:36:26.6388940Z [command]/usr/bin/git config --local --unset-all extensions.worktreeConfig
player-vulkan-host	Check out source	2026-09-30T07:36:26.6421165Z ##[group]Checking out the ref
player-vulkan-host	Check out source	2026-09-30T07:36:26.6424436Z [command]/usr/bin/git checkout --progress --force -B codex/horde-1.6.1-engineering-pass refs/remotes/origin/codex/horde-1.6.1-engineering-pass
player-vulkan-host	Check out source	2026-09-30T07:36:27.6511330Z Updating files:  95% (2118/2222)
player-vulkan-host	Check out source	2026-09-30T07:36:27.6533929Z Updating files:  96% (2134/2222)
player-vulkan-host	Check out source	2026-09-30T07:36:27.6555154Z Updating files:  97% (2156/2222)
player-vulkan-host	Check out source	2026-09-30T07:36:27.6574470Z Updating files:  98% (2178/2222)
player-vulkan-host	Check out source	2026-09-30T07:36:27.6590069Z Updating files:  99% (2200/2222)
player-vulkan-host	Check out source	2026-09-30T07:36:27.6590647Z Updating files: 100% (2222/2222)
player-vulkan-host	Check out source	2026-09-30T07:36:27.6591259Z Updating files: 100% (2222/2222), done.
player-vulkan-host	Check out source	2026-09-30T07:36:27.6634416Z Switched to a new branch 'codex/horde-1.6.1-engineering-pass'
player-vulkan-host	Check out source	2026-09-30T07:36:27.6640304Z branch 'codex/horde-1.6.1-engineering-pass' set up to track 'origin/codex/horde-1.6.1-engineering-pass'.
player-vulkan-host	Check out source	2026-09-30T07:36:27.7075018Z ##[endgroup]
player-vulkan-host	Check out source	2026-09-30T07:36:27.7121402Z [command]/usr/bin/git log -1 --format=%H
player-vulkan-host	Check out source	2026-09-30T07:36:27.7148273Z 18616f4fdab2da24e822c999006f39f6cff258eb
player-vulkan-host	Install Vulkan host development package	﻿2026-09-30T07:36:27.7381216Z ##[group]Run sudo apt-get update && sudo apt-get install --yes libvulkan-dev
player-vulkan-host	Install Vulkan host development package	2026-09-30T07:36:27.7381906Z ^[[36;1msudo apt-get update && sudo apt-get install --yes libvulkan-dev^[[0m
player-vulkan-host	Install Vulkan host development package	2026-09-30T07:36:27.7656957Z shell: /usr/bin/bash -e {0}
player-vulkan-host	Install Vulkan host development package	2026-09-30T07:36:27.7657573Z ##[endgroup]
player-vulkan-host	Install Vulkan host development package	2026-09-30T07:36:27.8632694Z Get:1 file:/etc/apt/apt-mirrors.txt Mirrorlist [144 B]
player-vulkan-host	Install Vulkan host development package	2026-09-30T07:36:27.8931393Z Hit:2 http://azure.archive.ubuntu.com/ubuntu noble InRelease
player-vulkan-host	Install Vulkan host development package	2026-09-30T07:36:27.8950024Z Get:3 http://azure.archive.ubuntu.com/ubuntu noble-updates InRelease [126 kB]
player-vulkan-host	Install Vulkan host development package	2026-09-30T07:36:27.8976614Z Get:6 https://packages.microsoft.com/ubuntu/24.04/prod noble InRelease [3600 B]
player-vulkan-host	Install Vulkan host development package	2026-09-30T07:36:27.9016767Z Get:4 http://azure.archive.ubuntu.com/ubuntu noble-backports InRelease [126 kB]
player-vulkan-host	Install Vulkan host development package	2026-09-30T07:36:27.9026861Z Get:5 http://azure.archive.ubuntu.com/ubuntu noble-security InRelease [126 kB]
player-vulkan-host	Install Vulkan host development package	2026-09-30T07:36:28.0208142Z Get:7 http://azure.archive.ubuntu.com/ubuntu noble-updates/main amd64 Packages [1322 kB]
player-vulkan-host	Install Vulkan host development package	2026-09-30T07:36:28.0346360Z Get:8 http://azure.archive.ubuntu.com/ubuntu noble-updates/main Translation-en [299 kB]
player-vulkan-host	Install Vulkan host development package	2026-09-30T07:36:28.0357709Z Get:9 http://azure.archive.ubuntu.com/ubuntu noble-updates/main amd64 Components [181 kB]
player-vulkan-host	Install Vulkan host development package	2026-09-30T07:36:28.0368359Z Get:10 http://azure.archive.ubuntu.com/ubuntu noble-updates/universe amd64 Packages [1699 kB]
player-vulkan-host	Install Vulkan host development package	2026-09-30T07:36:28.0467799Z Get:11 http://azure.archive.ubuntu.com/ubuntu noble-updates/universe Translation-en [341 kB]
player-vulkan-host	Install Vulkan host development package	2026-09-30T07:36:28.0493088Z Get:12 http://azure.archive.ubuntu.com/ubuntu noble-updates/universe amd64 Components [388 kB]
player-vulkan-host	Install Vulkan host development package	2026-09-30T07:36:28.0544412Z Get:13 http://azure.archive.ubuntu.com/ubuntu noble-updates/restricted amd64 Packages [1662 kB]
player-vulkan-host	Install Vulkan host development package	2026-09-30T07:36:28.0602730Z Get:14 http://azure.archive.ubuntu.com/ubuntu noble-updates/restricted Translation-en [379 kB]
player-vulkan-host	Install Vulkan host development package	2026-09-30T07:36:28.0625021Z Get:15 http://azure.archive.ubuntu.com/ubuntu noble-updates/multiverse amd64 Components [940 B]
player-vulkan-host	Install Vulkan host development package	2026-09-30T07:36:28.0805339Z Get:16 https://packages.microsoft.com/ubuntu/24.04/prod noble/main arm64 Packages [454 kB]
player-vulkan-host	Install Vulkan host development package	2026-09-30T07:36:28.0889073Z Get:17 https://packages.microsoft.com/ubuntu/24.04/prod noble/main amd64 Packages [503 kB]
player-vulkan-host	Install Vulkan host development package	2026-09-30T07:36:28.1273751Z Get:18 http://azure.archive.ubuntu.com/ubuntu noble-backports/main amd64 Components [5760 B]
player-vulkan-host	Install Vulkan host development package	2026-09-30T07:36:28.1738700Z Get:19 http://azure.archive.ubuntu.com/ubuntu noble-backports/universe amd64 Components [12.6 kB]
player-vulkan-host	Install Vulkan host development package	2026-09-30T07:36:28.1837159Z Get:20 http://azure.archive.ubuntu.com/ubuntu noble-security/main amd64 Packages [1063 kB]
player-vulkan-host	Install Vulkan host development package	2026-09-30T07:36:28.1886874Z Get:21 http://azure.archive.ubuntu.com/ubuntu noble-security/main Translation-en [220 kB]
player-vulkan-host	Install Vulkan host development package	2026-09-30T07:36:28.1901523Z Get:22 http://azure.archive.ubuntu.com/ubuntu noble-security/main amd64 Components [46.4 kB]
player-vulkan-host	Install Vulkan host development package	2026-09-30T07:36:28.1909248Z Get:23 http://azure.archive.ubuntu.com/ubuntu noble-security/universe amd64 Packages [1216 kB]
player-vulkan-host	Install Vulkan host development package	2026-09-30T07:36:28.1968148Z Get:24 http://azure.archive.ubuntu.com/ubuntu noble-security/universe Translation-en [244 kB]
player-vulkan-host	Install Vulkan host development package	2026-09-30T07:36:28.1982344Z Get:25 http://azure.archive.ubuntu.com/ubuntu noble-security/universe amd64 Components [76.3 kB]
player-vulkan-host	Install Vulkan host development package	2026-09-30T07:36:28.1990113Z Get:26 http://azure.archive.ubuntu.com/ubuntu noble-security/restricted amd64 Packages [1559 kB]
player-vulkan-host	Install Vulkan host development package	2026-09-30T07:36:28.2062750Z Get:27 http://azure.archive.ubuntu.com/ubuntu noble-security/restricted Translation-en [359 kB]
player-vulkan-host	Install Vulkan host development package	2026-09-30T07:36:32.4142206Z Fetched 12.4 MB in 1s (9341 kB/s)
player-vulkan-host	Install Vulkan host development package	2026-09-30T07:36:33.2642681Z Reading package lists...
player-vulkan-host	Install Vulkan host development package	2026-09-30T07:36:33.2975217Z Reading package lists...
player-vulkan-host	Install Vulkan host development package	2026-09-30T07:36:33.5112641Z Building dependency tree...
player-vulkan-host	Install Vulkan host development package	2026-09-30T07:36:33.5122241Z Reading state information...
player-vulkan-host	Install Vulkan host development package	2026-09-30T07:36:33.7617770Z The following NEW packages will be installed:
player-vulkan-host	Install Vulkan host development package	2026-09-30T07:36:33.7623023Z   libvulkan-dev
player-vulkan-host	Install Vulkan host development package	2026-09-30T07:36:33.7833806Z 0 upgraded, 1 newly installed, 0 to remove and 20 not upgraded.
player-vulkan-host	Install Vulkan host development package	2026-09-30T07:36:33.7834700Z Need to get 1239 kB of archives.
player-vulkan-host	Install Vulkan host development package	2026-09-30T07:36:33.7835291Z After this operation, 26.5 MB of additional disk space will be used.
player-vulkan-host	Install Vulkan host development package	2026-09-30T07:36:33.7837124Z Get:1 file:/etc/apt/apt-mirrors.txt Mirrorlist [144 B]
player-vulkan-host	Install Vulkan host development package	2026-09-30T07:36:33.8019078Z Get:2 http://azure.archive.ubuntu.com/ubuntu noble/main amd64 libvulkan-dev amd64 1.3.275.0-1build1 [1239 kB]
player-vulkan-host	Install Vulkan host development package	2026-09-30T07:36:34.0713347Z Fetched 1239 kB in 0s (30.4 MB/s)
player-vulkan-host	Install Vulkan host development package	2026-09-30T07:36:34.1242264Z Selecting previously unselected package libvulkan-dev:amd64.
player-vulkan-host	Install Vulkan host development package	2026-09-30T07:36:34.1542216Z (Reading database ... 
player-vulkan-host	Install Vulkan host development package	2026-09-30T07:36:34.1543176Z (Reading database ... 5%
player-vulkan-host	Install Vulkan host development package	2026-09-30T07:36:34.1543863Z (Reading database ... 10%
player-vulkan-host	Install Vulkan host development package	2026-09-30T07:36:34.1544348Z (Reading database ... 15%
player-vulkan-host	Install Vulkan host development package	2026-09-30T07:36:34.1544665Z (Reading database ... 20%
player-vulkan-host	Install Vulkan host development package	2026-09-30T07:36:34.1544915Z (Reading database ... 25%
player-vulkan-host	Install Vulkan host development package	2026-09-30T07:36:34.1545216Z (Reading database ... 30%
player-vulkan-host	Install Vulkan host development package	2026-09-30T07:36:34.1545464Z (Reading database ... 35%
player-vulkan-host	Install Vulkan host development package	2026-09-30T07:36:34.1546065Z (Reading database ... 40%
player-vulkan-host	Install Vulkan host development package	2026-09-30T07:36:34.1546506Z (Reading database ... 45%
player-vulkan-host	Install Vulkan host development package	2026-09-30T07:36:34.1547062Z (Reading database ... 50%
player-vulkan-host	Install Vulkan host development package	2026-09-30T07:36:34.1597249Z (Reading database ... 55%
player-vulkan-host	Install Vulkan host development package	2026-09-30T07:36:34.2942628Z (Reading database ... 60%
player-vulkan-host	Install Vulkan host development package	2026-09-30T07:36:34.4840298Z (Reading database ... 65%
player-vulkan-host	Install Vulkan host development package	2026-09-30T07:36:34.6901253Z (Reading database ... 70%
player-vulkan-host	Install Vulkan host development package	2026-09-30T07:36:34.8629826Z (Reading database ... 75%
player-vulkan-host	Install Vulkan host development package	2026-09-30T07:36:34.9960581Z (Reading database ... 80%
player-vulkan-host	Install Vulkan host development package	2026-09-30T07:36:35.1451059Z (Reading database ... 85%
player-vulkan-host	Install Vulkan host development package	2026-09-30T07:36:35.3062521Z (Reading database ... 90%
player-vulkan-host	Install Vulkan host development package	2026-09-30T07:36:35.4068208Z (Reading database ... 95%
player-vulkan-host	Install Vulkan host development package	2026-09-30T07:36:35.4068675Z (Reading database ... 100%
player-vulkan-host	Install Vulkan host development package	2026-09-30T07:36:35.4069190Z (Reading database ... 202296 files and directories currently installed.)
player-vulkan-host	Install Vulkan host development package	2026-09-30T07:36:35.4107771Z Preparing to unpack .../libvulkan-dev_1.3.275.0-1build1_amd64.deb ...
player-vulkan-host	Install Vulkan host development package	2026-09-30T07:36:35.4134011Z Unpacking libvulkan-dev:amd64 (1.3.275.0-1build1) ...
player-vulkan-host	Install Vulkan host development package	2026-09-30T07:36:35.5222333Z Setting up libvulkan-dev:amd64 (1.3.275.0-1build1) ...
player-vulkan-host	Install Vulkan host development package	2026-09-30T07:36:36.1590467Z 
player-vulkan-host	Install Vulkan host development package	2026-09-30T07:36:36.1591222Z Running kernel seems to be up-to-date.
player-vulkan-host	Install Vulkan host development package	2026-09-30T07:36:36.1591654Z 
player-vulkan-host	Install Vulkan host development package	2026-09-30T07:36:36.1591905Z No services need to be restarted.
player-vulkan-host	Install Vulkan host development package	2026-09-30T07:36:36.1592251Z 
player-vulkan-host	Install Vulkan host development package	2026-09-30T07:36:36.1592449Z No containers need to be restarted.
player-vulkan-host	Install Vulkan host development package	2026-09-30T07:36:36.1593282Z 
player-vulkan-host	Install Vulkan host development package	2026-09-30T07:36:36.1593545Z No user sessions are running outdated binaries.
player-vulkan-host	Install Vulkan host development package	2026-09-30T07:36:36.1594023Z 
player-vulkan-host	Install Vulkan host development package	2026-09-30T07:36:36.1594448Z No VM guests are running outdated hypervisor (qemu) binaries on this host.
player-vulkan-host	Fetch player smoke GLB and texture assets	﻿2026-09-30T07:36:36.9816323Z ##[group]Run git -c lfs.fetchexclude= lfs fetch --include="assets/models/enemies/meshy/*.glb,assets/models/player/runtime/*.glb,assets/models/player/viewmodel/runtime/*.glb,assets/models/props/runtime/*.glb,assets/models/props/runtime/*/*.glb,assets/models/weapons/runtime/*.glb,assets/textures/meshy/lich_placeholder_v01/*.ktx2,tests/fixtures/*/*.glb" && git lfs checkout "assets/models/enemies/meshy/*.glb" "assets/models/player/runtime/*.glb" "assets/models/player/viewmodel/runtime/*.glb" "assets/models/props/runtime/*.glb" "assets/models/props/runtime/*/*.glb" "assets/models/weapons/runtime/*.glb" "assets/textures/meshy/lich_placeholder_v01/*.ktx2" "tests/fixtures/*/*.glb"
player-vulkan-host	Fetch player smoke GLB and texture assets	2026-09-30T07:36:36.9820937Z ^[[36;1mgit -c lfs.fetchexclude= lfs fetch --include="assets/models/enemies/meshy/*.glb,assets/models/player/runtime/*.glb,assets/models/player/viewmodel/runtime/*.glb,assets/models/props/runtime/*.glb,assets/models/props/runtime/*/*.glb,assets/models/weapons/runtime/*.glb,assets/textures/meshy/lich_placeholder_v01/*.ktx2,tests/fixtures/*/*.glb" && git lfs checkout "assets/models/enemies/meshy/*.glb" "assets/models/player/runtime/*.glb" "assets/models/player/viewmodel/runtime/*.glb" "assets/models/props/runtime/*.glb" "assets/models/props/runtime/*/*.glb" "assets/models/weapons/runtime/*.glb" "assets/textures/meshy/lich_placeholder_v01/*.ktx2" "tests/fixtures/*/*.glb"^[[0m
player-vulkan-host	Fetch player smoke GLB and texture assets	2026-09-30T07:36:36.9887926Z shell: /usr/bin/bash -e {0}
player-vulkan-host	Fetch player smoke GLB and texture assets	2026-09-30T07:36:36.9888187Z ##[endgroup]
player-vulkan-host	Fetch player smoke GLB and texture assets	2026-09-30T07:36:37.0175947Z Fetching reference refs/heads/codex/horde-1.6.1-engineering-pass
player-vulkan-host	Fetch player smoke GLB and texture assets	2026-09-30T07:36:39.5479901Z Checking out LFS objects: 100% (52/52), 91 MB | 0 B/s, done.
player-vulkan-host	Configure Vulkan CPU-host player lane	﻿2026-09-30T07:36:40.0318231Z ##[group]Run cmake -S . -B build/player-vulkan-host -DCMAKE_BUILD_TYPE=Release -DBUILD_TESTING=ON -DHORDE_RT_BUILD_VULKAN_TARGETS=ON -DHORDE_RT_BUILD_CAPABILITY_PROBE_EXECUTABLE=OFF -DHORDE_RT_BUILD_WINDOWS_DIAGNOSTIC_WINDOW=OFF -DHORDE_RT_INSTRUMENTATION_OVERRIDE=Shipping -DHORDE_RT_DIELECTRIC_QUALITY_OVERRIDE=Mobile
player-vulkan-host	Configure Vulkan CPU-host player lane	2026-09-30T07:36:40.0320462Z ^[[36;1mcmake -S . -B build/player-vulkan-host -DCMAKE_BUILD_TYPE=Release -DBUILD_TESTING=ON -DHORDE_RT_BUILD_VULKAN_TARGETS=ON -DHORDE_RT_BUILD_CAPABILITY_PROBE_EXECUTABLE=OFF -DHORDE_RT_BUILD_WINDOWS_DIAGNOSTIC_WINDOW=OFF -DHORDE_RT_INSTRUMENTATION_OVERRIDE=Shipping -DHORDE_RT_DIELECTRIC_QUALITY_OVERRIDE=Mobile^[[0m
player-vulkan-host	Configure Vulkan CPU-host player lane	2026-09-30T07:36:40.0383456Z shell: /usr/bin/bash -e {0}
player-vulkan-host	Configure Vulkan CPU-host player lane	2026-09-30T07:36:40.0383720Z ##[endgroup]
player-vulkan-host	Configure Vulkan CPU-host player lane	2026-09-30T07:36:44.6112579Z -- The CXX compiler identification is GNU 13.3.0
player-vulkan-host	Configure Vulkan CPU-host player lane	2026-09-30T07:36:44.9849015Z -- Detecting CXX compiler ABI info
player-vulkan-host	Configure Vulkan CPU-host player lane	2026-09-30T07:36:45.5812191Z -- Detecting CXX compiler ABI info - done
player-vulkan-host	Configure Vulkan CPU-host player lane	2026-09-30T07:36:45.5985890Z -- Check for working CXX compiler: /usr/bin/c++ - skipped
player-vulkan-host	Configure Vulkan CPU-host player lane	2026-09-30T07:36:45.6160825Z -- Detecting CXX compile features
player-vulkan-host	Configure Vulkan CPU-host player lane	2026-09-30T07:36:45.6378267Z -- Detecting CXX compile features - done
player-vulkan-host	Configure Vulkan CPU-host player lane	2026-09-30T07:36:52.1349530Z Generated RT catalog adapter is current.
player-vulkan-host	Configure Vulkan CPU-host player lane	2026-09-30T07:36:52.3594717Z -- Strict non-contracted asset-transform arithmetic enabled for GltfDocument.cpp and StaticMeshAsset.cpp: -fno-fast-math;-ffp-contract=off
player-vulkan-host	Configure Vulkan CPU-host player lane	2026-09-30T07:36:52.4743829Z -- Found Vulkan: /usr/lib/x86_64-linux-gnu/libvulkan.so (found version "1.3.275")  missing components: glslc glslangValidator
player-vulkan-host	Configure Vulkan CPU-host player lane	2026-09-30T07:36:52.4745183Z -- Vulkan SDK found: 1.3.275
player-vulkan-host	Configure Vulkan CPU-host player lane	2026-09-30T07:36:53.8323874Z -- Legacy torch-failure identifiers were rejected by the configured GNU compiler.
player-vulkan-host	Configure Vulkan CPU-host player lane	2026-09-30T07:36:53.8337886Z -- Horde Lantern RT: Vulkan capability probe and Windows diagnostic targets are available; Android builds from android/.
player-vulkan-host	Configure Vulkan CPU-host player lane	2026-09-30T07:36:53.8338849Z -- Configuring done (12.0s)
player-vulkan-host	Configure Vulkan CPU-host player lane	2026-09-30T07:36:54.0451079Z -- Generating done (0.2s)
player-vulkan-host	Configure Vulkan CPU-host player lane	2026-09-30T07:36:54.0454728Z -- Build files have been written to: /home/runner/work/The-Horde-RT-demo/The-Horde-RT-demo/build/player-vulkan-host
player-vulkan-host	Build focused player Vulkan-host targets	﻿2026-09-30T07:36:54.0703568Z ##[group]Run cmake --build build/player-vulkan-host --config Release --parallel 2 --target horde_rt_player_primitive_contract_tests horde_rt_player_animation_tests horde_rt_held_item_socket_tests horde_rt_scene_abi_tests horde_rt_static_gltf_asset_tests horde_rt_skinned_character_smoke horde_rt_skinned_arm_reference_tests
player-vulkan-host	Build focused player Vulkan-host targets	2026-09-30T07:36:54.0705955Z ^[[36;1mcmake --build build/player-vulkan-host --config Release --parallel 2 --target horde_rt_player_primitive_contract_tests horde_rt_player_animation_tests horde_rt_held_item_socket_tests horde_rt_scene_abi_tests horde_rt_static_gltf_asset_tests horde_rt_skinned_character_smoke horde_rt_skinned_arm_reference_tests^[[0m
player-vulkan-host	Build focused player Vulkan-host targets	2026-09-30T07:36:54.0768387Z shell: /usr/bin/bash -e {0}
player-vulkan-host	Build focused player Vulkan-host targets	2026-09-30T07:36:54.0768655Z ##[endgroup]
player-vulkan-host	Build focused player Vulkan-host targets	2026-09-30T07:36:54.1101376Z [100%] Building CXX object CMakeFiles/horde_rt_player_primitive_contract_tests.dir/tests/PlayerPrimitiveContractTests.cpp.o
player-vulkan-host	Build focused player Vulkan-host targets	2026-09-30T07:36:55.5591852Z [100%] Linking CXX executable horde_rt_player_primitive_contract_tests
player-vulkan-host	Build focused player Vulkan-host targets	2026-09-30T07:36:55.6051859Z [100%] Built target horde_rt_player_primitive_contract_tests
player-vulkan-host	Build focused player Vulkan-host targets	2026-09-30T07:36:55.6246567Z [  0%] Building CXX object CMakeFiles/horde_gameplay_simulation.dir/src/gameplay/simulation/GameSimulation.cpp.o
player-vulkan-host	Build focused player Vulkan-host targets	2026-09-30T07:36:55.6249461Z [  0%] Building CXX object CMakeFiles/horde_gameplay_simulation.dir/src/gameplay/animation/PlayerAnimationState.cpp.o
player-vulkan-host	Build focused player Vulkan-host targets	2026-09-30T07:36:56.4270587Z [ 14%] Building CXX object CMakeFiles/horde_gameplay_simulation.dir/src/gameplay/animation/PlayerIkTargets.cpp.o
player-vulkan-host	Build focused player Vulkan-host targets	2026-09-30T07:36:56.6768790Z [ 14%] Building CXX object CMakeFiles/horde_gameplay_simulation.dir/src/gameplay/effects/FireEmitterState.cpp.o
player-vulkan-host	Build focused player Vulkan-host targets	2026-09-30T07:36:56.9638600Z [ 28%] Building CXX object CMakeFiles/horde_gameplay_simulation.dir/src/gameplay/interactions/InteractionState.cpp.o
player-vulkan-host	Build focused player Vulkan-host targets	2026-09-30T07:36:57.1921179Z [ 28%] Building CXX object CMakeFiles/horde_gameplay_simulation.dir/src/gameplay/interactions/ChestRewardSequence.cpp.o
player-vulkan-host	Build focused player Vulkan-host targets	2026-09-30T07:36:57.4247257Z [ 42%] Building CXX object CMakeFiles/horde_gameplay_simulation.dir/src/gameplay/interactions/FinaleSequence.cpp.o
player-vulkan-host	Build focused player Vulkan-host targets	2026-09-30T07:36:57.6461703Z [ 42%] Building CXX object CMakeFiles/horde_gameplay_simulation.dir/src/gameplay/items/LanternPendulum.cpp.o
player-vulkan-host	Build focused player Vulkan-host targets	2026-09-30T07:36:58.0062334Z [ 57%] Building CXX object CMakeFiles/horde_gameplay_simulation.dir/src/gameplay/items/HeldItemState.cpp.o
player-vulkan-host	Build focused player Vulkan-host targets	2026-09-30T07:36:58.1122736Z [ 57%] Building CXX object CMakeFiles/horde_gameplay_simulation.dir/src/gameplay/items/HeldItemKinematics.cpp.o
player-vulkan-host	Build focused player Vulkan-host targets	2026-09-30T07:36:58.2580574Z [ 71%] Building CXX object CMakeFiles/horde_gameplay_simulation.dir/src/gameplay/items/HeldLightState.cpp.o
player-vulkan-host	Build focused player Vulkan-host targets	2026-09-30T07:36:59.2373258Z [ 71%] Linking CXX static library libhorde_gameplay_simulation.a
player-vulkan-host	Build focused player Vulkan-host targets	2026-09-30T07:37:06.5518335Z [ 71%] Built target horde_gameplay_simulation
player-vulkan-host	Build focused player Vulkan-host targets	2026-09-30T07:37:06.5587821Z [ 71%] Building CXX object CMakeFiles/horde_rt_player_animation_tests.dir/tests/PlayerAnimationTests.cpp.o
player-vulkan-host	Build focused player Vulkan-host targets	2026-09-30T07:37:06.5590405Z [ 85%] Building CXX object CMakeFiles/horde_rt_player_animation_tests.dir/src/telemetry/RtPerformanceEvidence.cpp.o
player-vulkan-host	Build focused player Vulkan-host targets	2026-09-30T07:37:07.8281814Z [ 85%] Building CXX object CMakeFiles/horde_rt_player_animation_tests.dir/src/scene/assets/SkinnedMeshAsset.cpp.o
player-vulkan-host	Build focused player Vulkan-host targets	2026-09-30T07:37:07.9127876Z [100%] Building CXX object CMakeFiles/horde_rt_player_animation_tests.dir/src/vulkan/raytracing/PlayerRenderSlot.cpp.o
player-vulkan-host	Build focused player Vulkan-host targets	2026-09-30T07:37:11.2152082Z [100%] Linking CXX executable horde_rt_player_animation_tests
player-vulkan-host	Build focused player Vulkan-host targets	2026-09-30T07:37:11.2687748Z [100%] Built target horde_rt_player_animation_tests
player-vulkan-host	Build focused player Vulkan-host targets	2026-09-30T07:37:11.2994079Z [ 55%] Built target horde_gameplay_simulation
player-vulkan-host	Build focused player Vulkan-host targets	2026-09-30T07:37:11.3069123Z [ 66%] Building CXX object CMakeFiles/horde_rt_held_item_socket_tests.dir/tests/HeldItemSocketTests.cpp.o
player-vulkan-host	Build focused player Vulkan-host targets	2026-09-30T07:37:11.3070816Z [ 66%] Building CXX object CMakeFiles/horde_rt_held_item_socket_tests.dir/src/scene/assets/AssetManifest.cpp.o
player-vulkan-host	Build focused player Vulkan-host targets	2026-09-30T07:37:12.8337469Z [ 77%] Building CXX object CMakeFiles/horde_rt_held_item_socket_tests.dir/src/scene/assets/AssetValidation.cpp.o
player-vulkan-host	Build focused player Vulkan-host targets	2026-09-30T07:37:13.3497004Z [ 77%] Building CXX object CMakeFiles/horde_rt_held_item_socket_tests.dir/src/scene/assets/GltfDocument.cpp.o
player-vulkan-host	Build focused player Vulkan-host targets	2026-09-30T07:37:13.9019822Z [ 88%] Building CXX object CMakeFiles/horde_rt_held_item_socket_tests.dir/src/scene/assets/StaticMeshAsset.cpp.o
player-vulkan-host	Build focused player Vulkan-host targets	2026-09-30T07:37:15.9278377Z [ 88%] Building CXX object CMakeFiles/horde_rt_held_item_socket_tests.dir/src/vulkan/raytracing/HeldItemRenderSlot.cpp.o
player-vulkan-host	Build focused player Vulkan-host targets	2026-09-30T07:37:16.0003489Z [100%] Building CXX object CMakeFiles/horde_rt_held_item_socket_tests.dir/src/vulkan/raytracing/RtStaticMeshSlot.cpp.o
player-vulkan-host	Build focused player Vulkan-host targets	2026-09-30T07:37:17.8164469Z [100%] Linking CXX executable horde_rt_held_item_socket_tests
player-vulkan-host	Build focused player Vulkan-host targets	2026-09-30T07:37:17.8727770Z [100%] Built target horde_rt_held_item_socket_tests
player-vulkan-host	Build focused player Vulkan-host targets	2026-09-30T07:37:17.8924726Z [  0%] Building CXX object CMakeFiles/horde_rt_scene_abi_tests.dir/tests/RtSceneAbiTests.cpp.o
player-vulkan-host	Build focused player Vulkan-host targets	2026-09-30T07:37:17.8927162Z [ 50%] Building CXX object CMakeFiles/horde_rt_scene_abi_tests.dir/src/vulkan/raytracing/RtStaticMeshSlot.cpp.o
player-vulkan-host	Build focused player Vulkan-host targets	2026-09-30T07:37:19.0337060Z [ 50%] Building CXX object CMakeFiles/horde_rt_scene_abi_tests.dir/src/vulkan/raytracing/RtTextureArrays.cpp.o
player-vulkan-host	Build focused player Vulkan-host targets	2026-09-30T07:37:19.7330515Z [100%] Linking CXX executable horde_rt_scene_abi_tests
player-vulkan-host	Build focused player Vulkan-host targets	2026-09-30T07:37:19.7793011Z [100%] Built target horde_rt_scene_abi_tests
player-vulkan-host	Build focused player Vulkan-host targets	2026-09-30T07:37:19.7987317Z [ 25%] Building CXX object CMakeFiles/horde_rt_static_gltf_asset_tests.dir/tests/StaticGltfAssetTests.cpp.o
player-vulkan-host	Build focused player Vulkan-host targets	2026-09-30T07:37:19.7989955Z [ 25%] Building CXX object CMakeFiles/horde_rt_static_gltf_asset_tests.dir/src/scene/assets/AssetManifest.cpp.o
player-vulkan-host	Build focused player Vulkan-host targets	2026-09-30T07:37:22.3647146Z [ 50%] Building CXX object CMakeFiles/horde_rt_static_gltf_asset_tests.dir/src/scene/assets/AssetValidation.cpp.o
player-vulkan-host	Build focused player Vulkan-host targets	2026-09-30T07:37:22.8978032Z [ 50%] Building CXX object CMakeFiles/horde_rt_static_gltf_asset_tests.dir/src/scene/assets/GltfDocument.cpp.o
player-vulkan-host	Build focused player Vulkan-host targets	2026-09-30T07:37:24.6163822Z [ 75%] Building CXX object CMakeFiles/horde_rt_static_gltf_asset_tests.dir/src/scene/assets/StaticMeshAsset.cpp.o
player-vulkan-host	Build focused player Vulkan-host targets	2026-09-30T07:37:25.4957188Z [ 75%] Building CXX object CMakeFiles/horde_rt_static_gltf_asset_tests.dir/src/vulkan/raytracing/RtStaticMeshSlot.cpp.o
player-vulkan-host	Build focused player Vulkan-host targets	2026-09-30T07:37:28.2955900Z [100%] Linking CXX executable horde_rt_static_gltf_asset_tests
player-vulkan-host	Build focused player Vulkan-host targets	2026-09-30T07:37:28.3480171Z [100%] Built target horde_rt_static_gltf_asset_tests
player-vulkan-host	Build focused player Vulkan-host targets	2026-09-30T07:37:28.3728962Z [ 25%] Built target horde_gameplay_simulation
player-vulkan-host	Build focused player Vulkan-host targets	2026-09-30T07:37:28.3808256Z [ 30%] Building CXX object CMakeFiles/horde_rt_probe_core.dir/src/telemetry/RtPerformanceEvidence.cpp.o
player-vulkan-host	Build focused player Vulkan-host targets	2026-09-30T07:37:28.3810082Z [ 30%] Building CXX object CMakeFiles/horde_rt_probe_core.dir/src/telemetry/RtEvidencePublication.cpp.o
player-vulkan-host	Build focused player Vulkan-host targets	2026-09-30T07:37:28.8991150Z [ 35%] Building CXX object CMakeFiles/horde_rt_probe_core.dir/src/telemetry/RtBenchmarkEvidenceRun.cpp.o
player-vulkan-host	Build focused player Vulkan-host targets	2026-09-30T07:37:29.5755354Z [ 35%] Building CXX object CMakeFiles/horde_rt_probe_core.dir/src/telemetry/RtBenchmarkEvidenceReport.cpp.o
player-vulkan-host	Build focused player Vulkan-host targets	2026-09-30T07:37:29.6339027Z [ 35%] Building CXX object CMakeFiles/horde_rt_probe_core.dir/src/gameplay/ShowcaseBenchmark.cpp.o
player-vulkan-host	Build focused player Vulkan-host targets	2026-09-30T07:37:30.6712349Z [ 40%] Building CXX object CMakeFiles/horde_rt_probe_core.dir/src/scene/assets/AssetManifest.cpp.o
player-vulkan-host	Build focused player Vulkan-host targets	2026-09-30T07:37:31.1280817Z [ 40%] Building CXX object CMakeFiles/horde_rt_probe_core.dir/src/scene/assets/AssetValidation.cpp.o
player-vulkan-host	Build focused player Vulkan-host targets	2026-09-30T07:37:31.6516702Z [ 45%] Building CXX object CMakeFiles/horde_rt_probe_core.dir/src/scene/assets/GltfDocument.cpp.o
player-vulkan-host	Build focused player Vulkan-host targets	2026-09-30T07:37:33.2096159Z [ 45%] Building CXX object CMakeFiles/horde_rt_probe_core.dir/src/scene/assets/StaticMeshAsset.cpp.o
player-vulkan-host	Build focused player Vulkan-host targets	2026-09-30T07:37:34.2782098Z [ 50%] Building CXX object CMakeFiles/horde_rt_probe_core.dir/src/update/GitHubReleaseUpdater.cpp.o
player-vulkan-host	Build focused player Vulkan-host targets	2026-09-30T07:37:36.1537144Z [ 50%] Building CXX object CMakeFiles/horde_rt_probe_core.dir/src/vulkan/DeviceCapabilities.cpp.o
player-vulkan-host	Build focused player Vulkan-host targets	2026-09-30T07:37:36.4604697Z [ 55%] Building CXX object CMakeFiles/horde_rt_probe_core.dir/src/vulkan/RtCapabilityReport.cpp.o
player-vulkan-host	Build focused player Vulkan-host targets	2026-09-30T07:37:37.0547024Z [ 55%] Building CXX object CMakeFiles/horde_rt_probe_core.dir/src/vulkan/GpuFrameTimer.cpp.o
player-vulkan-host	Build focused player Vulkan-host targets	2026-09-30T07:37:37.3392022Z [ 60%] Building CXX object CMakeFiles/horde_rt_probe_core.dir/src/vulkan/VulkanContext.cpp.o
player-vulkan-host	Build focused player Vulkan-host targets	2026-09-30T07:37:37.8731331Z [ 60%] Building CXX object CMakeFiles/horde_rt_probe_core.dir/src/vulkan/raytracing/RayTracingRequirements.cpp.o
player-vulkan-host	Build focused player Vulkan-host targets	2026-09-30T07:37:38.1249721Z [ 65%] Building CXX object CMakeFiles/horde_rt_probe_core.dir/src/vulkan/raytracing/RtGpuResources.cpp.o
player-vulkan-host	Build focused player Vulkan-host targets	2026-09-30T07:37:39.0882745Z [ 65%] Building CXX object CMakeFiles/horde_rt_probe_core.dir/src/vulkan/raytracing/HeldItemRenderSlot.cpp.o
player-vulkan-host	Build focused player Vulkan-host targets	2026-09-30T07:37:39.1616876Z [ 70%] Building CXX object CMakeFiles/horde_rt_probe_core.dir/src/vulkan/raytracing/FireEmitterBuffer.cpp.o
player-vulkan-host	Build focused player Vulkan-host targets	2026-09-30T07:37:39.2837447Z [ 70%] Building CXX object CMakeFiles/horde_rt_probe_core.dir/src/vulkan/raytracing/RtStaticMeshSlot.cpp.o
player-vulkan-host	Build focused player Vulkan-host targets	2026-09-30T07:37:40.0280913Z [ 75%] Building CXX object CMakeFiles/horde_rt_probe_core.dir/src/vulkan/raytracing/RtTextureArrays.cpp.o
player-vulkan-host	Build focused player Vulkan-host targets	2026-09-30T07:37:40.2815152Z [ 75%] Building CXX object CMakeFiles/horde_rt_probe_core.dir/src/vulkan/raytracing/CharacterRenderSlot.cpp.o
player-vulkan-host	Build focused player Vulkan-host targets	2026-09-30T07:37:41.1196785Z [ 80%] Building CXX object CMakeFiles/horde_rt_probe_core.dir/src/vulkan/raytracing/PlayerRenderSlot.cpp.o
player-vulkan-host	Build focused player Vulkan-host targets	2026-09-30T07:37:41.6749000Z [ 80%] Building CXX object CMakeFiles/horde_rt_probe_core.dir/src/vulkan/raytracing/RtPipelineVariants.cpp.o
player-vulkan-host	Build focused player Vulkan-host targets	2026-09-30T07:37:42.0230156Z [ 80%] Building CXX object CMakeFiles/horde_rt_probe_core.dir/src/vulkan/raytracing/RtPipelineVariantProvider.cpp.o
player-vulkan-host	Build focused player Vulkan-host targets	2026-09-30T07:37:42.7505938Z [ 85%] Building CXX object CMakeFiles/horde_rt_probe_core.dir/src/vulkan/raytracing/RtPipelineBundleContracts.cpp.o
player-vulkan-host	Build focused player Vulkan-host targets	2026-09-30T07:37:42.9911360Z [ 85%] Building CXX object CMakeFiles/horde_rt_probe_core.dir/src/vulkan/raytracing/RtPipelineBundle.cpp.o
player-vulkan-host	Build focused player Vulkan-host targets	2026-09-30T07:37:43.6271389Z [ 90%] Building CXX object CMakeFiles/horde_rt_probe_core.dir/src/vulkan/raytracing/RtFrameEvidenceCoordinator.cpp.o
player-vulkan-host	Build focused player Vulkan-host targets	2026-09-30T07:37:43.6697831Z [ 90%] Building CXX object CMakeFiles/horde_rt_probe_core.dir/src/vulkan/raytracing/PresentableTinyRtScene.cpp.o
player-vulkan-host	Build focused player Vulkan-host targets	2026-09-30T07:37:44.7794417Z [ 95%] Building CXX object CMakeFiles/horde_rt_probe_core.dir/src/vulkan/raytracing/SimulationFrameAdapter.cpp.o
player-vulkan-host	Build focused player Vulkan-host targets	2026-09-30T07:37:45.6684851Z [ 95%] Building CXX object CMakeFiles/horde_rt_probe_core.dir/src/scene/assets/SkinnedMeshAsset.cpp.o
player-vulkan-host	Build focused player Vulkan-host targets	2026-09-30T07:37:49.6939775Z [100%] Linking CXX static library libhorde_rt_probe_core.a
player-vulkan-host	Build focused player Vulkan-host targets	2026-09-30T07:37:49.8045357Z [100%] Built target horde_rt_probe_core
player-vulkan-host	Build focused player Vulkan-host targets	2026-09-30T07:37:49.8112134Z [100%] Building CXX object CMakeFiles/horde_rt_skinned_character_smoke.dir/tests/SkinnedCharacterModelSmoke.cpp.o
player-vulkan-host	Build focused player Vulkan-host targets	2026-09-30T07:37:53.9556704Z [100%] Linking CXX executable horde_rt_skinned_character_smoke
player-vulkan-host	Build focused player Vulkan-host targets	2026-09-30T07:37:54.0123858Z [100%] Built target horde_rt_skinned_character_smoke
player-vulkan-host	Build focused player Vulkan-host targets	2026-09-30T07:37:54.0380791Z [ 23%] Built target horde_gameplay_simulation
player-vulkan-host	Build focused player Vulkan-host targets	2026-09-30T07:37:54.0772999Z [ 95%] Built target horde_rt_probe_core
player-vulkan-host	Build focused player Vulkan-host targets	2026-09-30T07:37:54.0840493Z [ 95%] Building CXX object CMakeFiles/horde_rt_skinned_arm_reference_tests.dir/tests/SkinnedArmReferenceTests.cpp.o
player-vulkan-host	Build focused player Vulkan-host targets	2026-09-30T07:37:56.1833719Z [100%] Linking CXX executable horde_rt_skinned_arm_reference_tests
player-vulkan-host	Build focused player Vulkan-host targets	2026-09-30T07:37:56.2332638Z [100%] Built target horde_rt_skinned_arm_reference_tests
player-vulkan-host	Run focused player contract and semantic fixtures	﻿2026-09-30T07:37:56.2405352Z ##[group]Run ctest --test-dir build/player-vulkan-host --build-config Release --output-on-failure --no-tests=error -R "^(horde_rt_player_primitive_contract_tests|horde_rt_player_manifest_agreement_tests|horde_rt_player_animation_tests|horde_rt_held_item_socket_tests|horde_rt_scene_abi_tests|horde_rt_static_gltf_asset_tests|horde_rt_skinned_character_smoke|horde_rt_skinned_arm_reference_tests|horde_rt_player_skinned_semantic_fixtures|horde_rt_player_viewmodel_admission|horde_rt_player_viewmodel_pose_fixtures)$"
player-vulkan-host	Run focused player contract and semantic fixtures	2026-09-30T07:37:56.2409148Z ^[[36;1mctest --test-dir build/player-vulkan-host --build-config Release --output-on-failure --no-tests=error -R "^(horde_rt_player_primitive_contract_tests|horde_rt_player_manifest_agreement_tests|horde_rt_player_animation_tests|horde_rt_held_item_socket_tests|horde_rt_scene_abi_tests|horde_rt_static_gltf_asset_tests|horde_rt_skinned_character_smoke|horde_rt_skinned_arm_reference_tests|horde_rt_player_skinned_semantic_fixtures|horde_rt_player_viewmodel_admission|horde_rt_player_viewmodel_pose_fixtures)$"^[[0m
player-vulkan-host	Run focused player contract and semantic fixtures	2026-09-30T07:37:56.2471389Z shell: /usr/bin/bash -e {0}
player-vulkan-host	Run focused player contract and semantic fixtures	2026-09-30T07:37:56.2471666Z ##[endgroup]
player-vulkan-host	Run focused player contract and semantic fixtures	2026-09-30T07:37:57.6183962Z Internal ctest changing into directory: /home/runner/work/The-Horde-RT-demo/The-Horde-RT-demo/build/player-vulkan-host
player-vulkan-host	Run focused player contract and semantic fixtures	2026-09-30T07:37:57.9301491Z Test project /home/runner/work/The-Horde-RT-demo/The-Horde-RT-demo/build/player-vulkan-host
player-vulkan-host	Run focused player contract and semantic fixtures	2026-09-30T07:37:58.1150349Z       Start  1: horde_rt_player_primitive_contract_tests
player-vulkan-host	Run focused player contract and semantic fixtures	2026-09-30T07:37:58.1458760Z  1/11 Test  #1: horde_rt_player_primitive_contract_tests ....   Passed    0.00 sec
player-vulkan-host	Run focused player contract and semantic fixtures	2026-09-30T07:37:58.1660829Z       Start  3: horde_rt_player_manifest_agreement_tests
player-vulkan-host	Run focused player contract and semantic fixtures	2026-09-30T07:37:59.0440224Z  2/11 Test  #3: horde_rt_player_manifest_agreement_tests ....   Passed    0.88 sec
player-vulkan-host	Run focused player contract and semantic fixtures	2026-09-30T07:37:59.0444800Z       Start 28: horde_rt_player_animation_tests
player-vulkan-host	Run focused player contract and semantic fixtures	2026-09-30T07:37:59.0473213Z  3/11 Test #28: horde_rt_player_animation_tests .............   Passed    0.00 sec
player-vulkan-host	Run focused player contract and semantic fixtures	2026-09-30T07:37:59.0474831Z       Start 30: horde_rt_held_item_socket_tests
player-vulkan-host	Run focused player contract and semantic fixtures	2026-09-30T07:37:59.0991300Z  4/11 Test #30: horde_rt_held_item_socket_tests .............   Passed    0.05 sec
player-vulkan-host	Run focused player contract and semantic fixtures	2026-09-30T07:37:59.0992515Z       Start 32: horde_rt_scene_abi_tests
player-vulkan-host	Run focused player contract and semantic fixtures	2026-09-30T07:37:59.1010208Z  5/11 Test #32: horde_rt_scene_abi_tests ....................   Passed    0.00 sec
player-vulkan-host	Run focused player contract and semantic fixtures	2026-09-30T07:37:59.1011439Z       Start 33: horde_rt_static_gltf_asset_tests
player-vulkan-host	Run focused player contract and semantic fixtures	2026-09-30T07:37:59.1359207Z  6/11 Test #33: horde_rt_static_gltf_asset_tests ............   Passed    0.03 sec
player-vulkan-host	Run focused player contract and semantic fixtures	2026-09-30T07:37:59.1360473Z       Start 52: horde_rt_skinned_arm_reference_tests
player-vulkan-host	Run focused player contract and semantic fixtures	2026-09-30T07:37:59.1379568Z  7/11 Test #52: horde_rt_skinned_arm_reference_tests ........   Passed    0.00 sec
player-vulkan-host	Run focused player contract and semantic fixtures	2026-09-30T07:37:59.1380951Z       Start 53: horde_rt_skinned_character_smoke
player-vulkan-host	Run focused player contract and semantic fixtures	2026-09-30T07:38:01.5324173Z  8/11 Test #53: horde_rt_skinned_character_smoke ............   Passed    2.39 sec
player-vulkan-host	Run focused player contract and semantic fixtures	2026-09-30T07:38:01.5545946Z       Start 54: horde_rt_player_skinned_semantic_fixtures
player-vulkan-host	Run focused player contract and semantic fixtures	2026-09-30T07:38:04.6168008Z  9/11 Test #54: horde_rt_player_skinned_semantic_fixtures ...   Passed    3.06 sec
player-vulkan-host	Run focused player contract and semantic fixtures	2026-09-30T07:38:04.6168931Z       Start 55: horde_rt_player_viewmodel_admission
player-vulkan-host	Run focused player contract and semantic fixtures	2026-09-30T07:38:04.6717122Z 10/11 Test #55: horde_rt_player_viewmodel_admission .........   Passed    0.05 sec
player-vulkan-host	Run focused player contract and semantic fixtures	2026-09-30T07:38:04.6718473Z       Start 56: horde_rt_player_viewmodel_pose_fixtures
player-vulkan-host	Run focused player contract and semantic fixtures	2026-09-30T07:38:06.0929666Z 11/11 Test #56: horde_rt_player_viewmodel_pose_fixtures .....   Passed    1.42 sec
player-vulkan-host	Run focused player contract and semantic fixtures	2026-09-30T07:38:06.0932319Z 
player-vulkan-host	Run focused player contract and semantic fixtures	2026-09-30T07:38:06.0932540Z 100% tests passed, 0 tests failed out of 11
player-vulkan-host	Run focused player contract and semantic fixtures	2026-09-30T07:38:06.0932893Z 
player-vulkan-host	Run focused player contract and semantic fixtures	2026-09-30T07:38:06.0933091Z Total Test time (real) =   8.16 sec
player-vulkan-host	Post Check out source	﻿2026-09-30T07:38:06.2690289Z Post job cleanup.
player-vulkan-host	Post Check out source	2026-09-30T07:38:06.3526216Z [command]/usr/bin/git version
player-vulkan-host	Post Check out source	2026-09-30T07:38:06.3562580Z git version 2.55.0
player-vulkan-host	Post Check out source	2026-09-30T07:38:06.3609217Z Temporarily overriding HOME='/home/runner/work/_temp/5105a856-5624-4e85-8058-adb69461efbb' before making global git config changes
player-vulkan-host	Post Check out source	2026-09-30T07:38:06.3610259Z Adding repository directory to the temporary git global config as a safe directory
player-vulkan-host	Post Check out source	2026-09-30T07:38:06.3615523Z [command]/usr/bin/git config --global --add safe.directory /home/runner/work/The-Horde-RT-demo/The-Horde-RT-demo
player-vulkan-host	Post Check out source	2026-09-30T07:38:06.3648881Z Removing SSH command configuration
player-vulkan-host	Post Check out source	2026-09-30T07:38:06.3656084Z [command]/usr/bin/git config --local --name-only --get-regexp core\.sshCommand
player-vulkan-host	Post Check out source	2026-09-30T07:38:06.3692596Z [command]/usr/bin/git submodule foreach --recursive sh -c "git config --local --name-only --get-regexp 'core\.sshCommand' && git config --local --unset-all 'core.sshCommand' || :"
player-vulkan-host	Post Check out source	2026-09-30T07:38:06.3953050Z Removing HTTP extra header
player-vulkan-host	Post Check out source	2026-09-30T07:38:06.3956789Z [command]/usr/bin/git config --local --name-only --get-regexp http\.https\:\/\/github\.com\/\.extraheader
player-vulkan-host	Post Check out source	2026-09-30T07:38:06.3989381Z [command]/usr/bin/git submodule foreach --recursive sh -c "git config --local --name-only --get-regexp 'http\.https\:\/\/github\.com\/\.extraheader' && git config --local --unset-all 'http.https://github.com/.extraheader' || :"
player-vulkan-host	Post Check out source	2026-09-30T07:38:06.4240315Z Removing includeIf entries pointing to credentials config files
player-vulkan-host	Post Check out source	2026-09-30T07:38:06.4248497Z [command]/usr/bin/git config --local --name-only --get-regexp ^includeIf\.gitdir:
player-vulkan-host	Post Check out source	2026-09-30T07:38:06.4284410Z includeif.gitdir:/home/runner/work/The-Horde-RT-demo/The-Horde-RT-demo/.git.path
player-vulkan-host	Post Check out source	2026-09-30T07:38:06.4286073Z includeif.gitdir:/home/runner/work/The-Horde-RT-demo/The-Horde-RT-demo/.git/worktrees/*.path
player-vulkan-host	Post Check out source	2026-09-30T07:38:06.4287884Z includeif.gitdir:/github/workspace/.git.path
player-vulkan-host	Post Check out source	2026-09-30T07:38:06.4289103Z includeif.gitdir:/github/workspace/.git/worktrees/*.path
player-vulkan-host	Post Check out source	2026-09-30T07:38:06.4296392Z [command]/usr/bin/git config --local --get-all includeif.gitdir:/home/runner/work/The-Horde-RT-demo/The-Horde-RT-demo/.git.path
player-vulkan-host	Post Check out source	2026-09-30T07:38:06.4324824Z /home/runner/work/_temp/git-credentials-acf57f33-ee03-4202-a7b3-4c0b9168402a.config
player-vulkan-host	Post Check out source	2026-09-30T07:38:06.4348164Z [command]/usr/bin/git config --local --unset includeif.gitdir:/home/runner/work/The-Horde-RT-demo/The-Horde-RT-demo/.git.path /home/runner/work/_temp/git-credentials-acf57f33-ee03-4202-a7b3-4c0b9168402a.config
player-vulkan-host	Post Check out source	2026-09-30T07:38:06.4383864Z [command]/usr/bin/git config --local --get-all includeif.gitdir:/home/runner/work/The-Horde-RT-demo/The-Horde-RT-demo/.git/worktrees/*.path
player-vulkan-host	Post Check out source	2026-09-30T07:38:06.4416335Z /home/runner/work/_temp/git-credentials-acf57f33-ee03-4202-a7b3-4c0b9168402a.config
player-vulkan-host	Post Check out source	2026-09-30T07:38:06.4422073Z [command]/usr/bin/git config --local --unset includeif.gitdir:/home/runner/work/The-Horde-RT-demo/The-Horde-RT-demo/.git/worktrees/*.path /home/runner/work/_temp/git-credentials-acf57f33-ee03-4202-a7b3-4c0b9168402a.config
player-vulkan-host	Post Check out source	2026-09-30T07:38:06.4462676Z [command]/usr/bin/git config --local --get-all includeif.gitdir:/github/workspace/.git.path
player-vulkan-host	Post Check out source	2026-09-30T07:38:06.4490910Z /github/runner_temp/git-credentials-acf57f33-ee03-4202-a7b3-4c0b9168402a.config
player-vulkan-host	Post Check out source	2026-09-30T07:38:06.4501857Z [command]/usr/bin/git config --local --unset includeif.gitdir:/github/workspace/.git.path /github/runner_temp/git-credentials-acf57f33-ee03-4202-a7b3-4c0b9168402a.config
player-vulkan-host	Post Check out source	2026-09-30T07:38:06.4542425Z [command]/usr/bin/git config --local --get-all includeif.gitdir:/github/workspace/.git/worktrees/*.path
player-vulkan-host	Post Check out source	2026-09-30T07:38:06.4569422Z /github/runner_temp/git-credentials-acf57f33-ee03-4202-a7b3-4c0b9168402a.config
player-vulkan-host	Post Check out source	2026-09-30T07:38:06.4581178Z [command]/usr/bin/git config --local --unset includeif.gitdir:/github/workspace/.git/worktrees/*.path /github/runner_temp/git-credentials-acf57f33-ee03-4202-a7b3-4c0b9168402a.config
player-vulkan-host	Post Check out source	2026-09-30T07:38:06.4636371Z [command]/usr/bin/git submodule foreach --recursive git config --local --show-origin --name-only --get-regexp remote.origin.url
player-vulkan-host	Post Check out source	2026-09-30T07:38:06.4887580Z Removing credentials config '/home/runner/work/_temp/git-credentials-acf57f33-ee03-4202-a7b3-4c0b9168402a.config'
player-vulkan-host	Complete job	﻿2026-09-30T07:38:06.5064459Z Cleaning up orphan processes
