shared-gameplay	Set up job	﻿2026-09-30T13:28:14.0899717Z Current runner version: '2.337.0'
shared-gameplay	Set up job	2026-09-30T13:28:14.0927028Z ##[group]Runner Image Provisioner
shared-gameplay	Set up job	2026-09-30T13:28:14.0927895Z Hosted Compute Agent
shared-gameplay	Set up job	2026-09-30T13:28:14.0928644Z Version: 20260828.587
shared-gameplay	Set up job	2026-09-30T13:28:14.0929495Z Commit: abac92662cab4cc7352de4f9f9d2e2419aad9c29
shared-gameplay	Set up job	2026-09-30T13:28:14.0930344Z Build Date: 2026-08-28T16:44:25Z
shared-gameplay	Set up job	2026-09-30T13:28:14.0931071Z Worker ID: {a52b11ad-6d5c-47a0-83b3-e1c55f1d9a88}
shared-gameplay	Set up job	2026-09-30T13:28:14.0931820Z Azure Region: northcentralus
shared-gameplay	Set up job	2026-09-30T13:28:14.0932524Z ##[endgroup]
shared-gameplay	Set up job	2026-09-30T13:28:14.0934365Z ##[group]Operating System
shared-gameplay	Set up job	2026-09-30T13:28:14.0935097Z Ubuntu
shared-gameplay	Set up job	2026-09-30T13:28:14.0935645Z 24.04.5
shared-gameplay	Set up job	2026-09-30T13:28:14.0936150Z LTS
shared-gameplay	Set up job	2026-09-30T13:28:14.0936746Z ##[endgroup]
shared-gameplay	Set up job	2026-09-30T13:28:14.0937302Z ##[group]Runner Image
shared-gameplay	Set up job	2026-09-30T13:28:14.0937882Z Image: ubuntu-24.04
shared-gameplay	Set up job	2026-09-30T13:28:14.0938542Z Version: 20260920.314.1
shared-gameplay	Set up job	2026-09-30T13:28:14.0939828Z Included Software: https://github.com/actions/runner-images/blob/ubuntu24/20260920.314/images/ubuntu/Ubuntu2404-Readme.md
shared-gameplay	Set up job	2026-09-30T13:28:14.0941649Z Image Release: https://github.com/actions/runner-images/releases/tag/ubuntu24%2F20260920.314
shared-gameplay	Set up job	2026-09-30T13:28:14.0942987Z ##[endgroup]
shared-gameplay	Set up job	2026-09-30T13:28:14.0944247Z ##[group]GITHUB_TOKEN Permissions
shared-gameplay	Set up job	2026-09-30T13:28:14.0946551Z Contents: read
shared-gameplay	Set up job	2026-09-30T13:28:14.0947203Z Metadata: read
shared-gameplay	Set up job	2026-09-30T13:28:14.0947754Z ##[endgroup]
shared-gameplay	Set up job	2026-09-30T13:28:14.0950623Z Secret source: Actions
shared-gameplay	Set up job	2026-09-30T13:28:14.0951588Z Cache mode: write
shared-gameplay	Set up job	2026-09-30T13:28:14.0952629Z Prepare workflow directory
shared-gameplay	Set up job	2026-09-30T13:28:14.1297752Z Prepare all required actions
shared-gameplay	Set up job	2026-09-30T13:28:14.1347444Z Getting action download info
shared-gameplay	Set up job	2026-09-30T13:28:14.4446272Z Download action repository 'actions/checkout@v6' (SHA:d23441a48e516b6c34aea4fa41551a30e30af803)
shared-gameplay	Set up job	2026-09-30T13:28:14.6535678Z Complete job name: shared-gameplay
shared-gameplay	Check out source	﻿2026-09-30T13:28:14.7337674Z ##[group]Run actions/checkout@v6
shared-gameplay	Check out source	2026-09-30T13:28:14.7338581Z with:
shared-gameplay	Check out source	2026-09-30T13:28:14.7339346Z   repository: Samfa12-tech/The-Horde-RT-demo
shared-gameplay	Check out source	2026-09-30T13:28:14.7343121Z   token: ***
shared-gameplay	Check out source	2026-09-30T13:28:14.7343567Z   ssh-strict: true
shared-gameplay	Check out source	2026-09-30T13:28:14.7344004Z   ssh-user: git
shared-gameplay	Check out source	2026-09-30T13:28:14.7344452Z   persist-credentials: true
shared-gameplay	Check out source	2026-09-30T13:28:14.7344931Z   clean: true
shared-gameplay	Check out source	2026-09-30T13:28:14.7345372Z   sparse-checkout-cone-mode: true
shared-gameplay	Check out source	2026-09-30T13:28:14.7345887Z   fetch-depth: 1
shared-gameplay	Check out source	2026-09-30T13:28:14.7346313Z   fetch-tags: false
shared-gameplay	Check out source	2026-09-30T13:28:14.7346746Z   show-progress: true
shared-gameplay	Check out source	2026-09-30T13:28:14.7347187Z   lfs: false
shared-gameplay	Check out source	2026-09-30T13:28:14.7347593Z   submodules: false
shared-gameplay	Check out source	2026-09-30T13:28:14.7348033Z   set-safe-directory: true
shared-gameplay	Check out source	2026-09-30T13:28:14.7348540Z   allow-unsafe-pr-checkout: false
shared-gameplay	Check out source	2026-09-30T13:28:14.7349535Z ##[endgroup]
shared-gameplay	Check out source	2026-09-30T13:28:14.8396728Z Syncing repository: Samfa12-tech/The-Horde-RT-demo
shared-gameplay	Check out source	2026-09-30T13:28:14.8399834Z ##[group]Getting Git version info
shared-gameplay	Check out source	2026-09-30T13:28:14.8401207Z Working directory is '/home/runner/work/The-Horde-RT-demo/The-Horde-RT-demo'
shared-gameplay	Check out source	2026-09-30T13:28:14.8403181Z [command]/usr/bin/git version
shared-gameplay	Check out source	2026-09-30T13:28:14.8494137Z git version 2.55.0
shared-gameplay	Check out source	2026-09-30T13:28:14.8518285Z ##[endgroup]
shared-gameplay	Check out source	2026-09-30T13:28:14.8533771Z Temporarily overriding HOME='/home/runner/work/_temp/ab96bb33-c06f-482b-9215-03aa45d6c09b' before making global git config changes
shared-gameplay	Check out source	2026-09-30T13:28:14.8536296Z Adding repository directory to the temporary git global config as a safe directory
shared-gameplay	Check out source	2026-09-30T13:28:14.8539704Z [command]/usr/bin/git config --global --add safe.directory /home/runner/work/The-Horde-RT-demo/The-Horde-RT-demo
shared-gameplay	Check out source	2026-09-30T13:28:14.8594486Z Deleting the contents of '/home/runner/work/The-Horde-RT-demo/The-Horde-RT-demo'
shared-gameplay	Check out source	2026-09-30T13:28:14.8599604Z ##[group]Determining repository object format
shared-gameplay	Check out source	2026-09-30T13:28:14.8602431Z ##[endgroup]
shared-gameplay	Check out source	2026-09-30T13:28:14.8603933Z ##[group]Initializing the repository
shared-gameplay	Check out source	2026-09-30T13:28:14.8607126Z [command]/usr/bin/git init /home/runner/work/The-Horde-RT-demo/The-Horde-RT-demo
shared-gameplay	Check out source	2026-09-30T13:28:14.8740089Z hint: Using 'master' as the name for the initial branch. This default branch name
shared-gameplay	Check out source	2026-09-30T13:28:14.8741935Z hint: will change to "main" in Git 3.0. To configure the initial branch name
shared-gameplay	Check out source	2026-09-30T13:28:14.8745798Z hint: to use in all of your new repositories, which will suppress this warning,
shared-gameplay	Check out source	2026-09-30T13:28:14.8747472Z hint: call:
shared-gameplay	Check out source	2026-09-30T13:28:14.8748493Z hint:
shared-gameplay	Check out source	2026-09-30T13:28:14.8749774Z hint: 	git config --global init.defaultBranch <name>
shared-gameplay	Check out source	2026-09-30T13:28:14.8751056Z hint:
shared-gameplay	Check out source	2026-09-30T13:28:14.8752278Z hint: Names commonly chosen instead of 'master' are 'main', 'trunk' and
shared-gameplay	Check out source	2026-09-30T13:28:14.8753994Z hint: 'development'. The just-created branch can be renamed via this command:
shared-gameplay	Check out source	2026-09-30T13:28:14.8755404Z hint:
shared-gameplay	Check out source	2026-09-30T13:28:14.8756357Z hint: 	git branch -m <name>
shared-gameplay	Check out source	2026-09-30T13:28:14.8757397Z hint:
shared-gameplay	Check out source	2026-09-30T13:28:14.8758621Z hint: Disable this message with "git config set advice.defaultBranchName false"
shared-gameplay	Check out source	2026-09-30T13:28:14.8761083Z Initialized empty Git repository in /home/runner/work/The-Horde-RT-demo/The-Horde-RT-demo/.git/
shared-gameplay	Check out source	2026-09-30T13:28:14.8764623Z [command]/usr/bin/git remote add origin https://github.com/Samfa12-tech/The-Horde-RT-demo
shared-gameplay	Check out source	2026-09-30T13:28:14.8814821Z ##[endgroup]
shared-gameplay	Check out source	2026-09-30T13:28:14.8816184Z ##[group]Disabling automatic garbage collection
shared-gameplay	Check out source	2026-09-30T13:28:14.8820427Z [command]/usr/bin/git config --local gc.auto 0
shared-gameplay	Check out source	2026-09-30T13:28:14.8857570Z ##[endgroup]
shared-gameplay	Check out source	2026-09-30T13:28:14.8859302Z ##[group]Setting up auth
shared-gameplay	Check out source	2026-09-30T13:28:14.8860166Z Removing SSH command configuration
shared-gameplay	Check out source	2026-09-30T13:28:14.8865621Z [command]/usr/bin/git config --local --name-only --get-regexp core\.sshCommand
shared-gameplay	Check out source	2026-09-30T13:28:14.8906313Z [command]/usr/bin/git submodule foreach --recursive sh -c "git config --local --name-only --get-regexp 'core\.sshCommand' && git config --local --unset-all 'core.sshCommand' || :"
shared-gameplay	Check out source	2026-09-30T13:28:14.9326409Z Removing HTTP extra header
shared-gameplay	Check out source	2026-09-30T13:28:14.9333755Z [command]/usr/bin/git config --local --name-only --get-regexp http\.https\:\/\/github\.com\/\.extraheader
shared-gameplay	Check out source	2026-09-30T13:28:14.9371760Z [command]/usr/bin/git submodule foreach --recursive sh -c "git config --local --name-only --get-regexp 'http\.https\:\/\/github\.com\/\.extraheader' && git config --local --unset-all 'http.https://github.com/.extraheader' || :"
shared-gameplay	Check out source	2026-09-30T13:28:14.9593825Z Removing includeIf entries pointing to credentials config files
shared-gameplay	Check out source	2026-09-30T13:28:14.9601042Z [command]/usr/bin/git config --local --name-only --get-regexp ^includeIf\.gitdir:
shared-gameplay	Check out source	2026-09-30T13:28:14.9638511Z [command]/usr/bin/git submodule foreach --recursive git config --local --show-origin --name-only --get-regexp remote.origin.url
shared-gameplay	Check out source	2026-09-30T13:28:14.9876545Z [command]/usr/bin/git config --file /home/runner/work/_temp/git-credentials-5a264b18-af65-4a64-84b4-6295da1fb738.config http.https://github.com/.extraheader AUTHORIZATION: basic ***
shared-gameplay	Check out source	2026-09-30T13:28:14.9921687Z [command]/usr/bin/git config --local includeIf.gitdir:/home/runner/work/The-Horde-RT-demo/The-Horde-RT-demo/.git.path /home/runner/work/_temp/git-credentials-5a264b18-af65-4a64-84b4-6295da1fb738.config
shared-gameplay	Check out source	2026-09-30T13:28:14.9958693Z [command]/usr/bin/git config --local includeIf.gitdir:/home/runner/work/The-Horde-RT-demo/The-Horde-RT-demo/.git/worktrees/*.path /home/runner/work/_temp/git-credentials-5a264b18-af65-4a64-84b4-6295da1fb738.config
shared-gameplay	Check out source	2026-09-30T13:28:14.9997647Z [command]/usr/bin/git config --local includeIf.gitdir:/github/workspace/.git.path /github/runner_temp/git-credentials-5a264b18-af65-4a64-84b4-6295da1fb738.config
shared-gameplay	Check out source	2026-09-30T13:28:15.0041716Z [command]/usr/bin/git config --local includeIf.gitdir:/github/workspace/.git/worktrees/*.path /github/runner_temp/git-credentials-5a264b18-af65-4a64-84b4-6295da1fb738.config
shared-gameplay	Check out source	2026-09-30T13:28:15.0073230Z ##[endgroup]
shared-gameplay	Check out source	2026-09-30T13:28:15.0074027Z ##[group]Fetching the repository
shared-gameplay	Check out source	2026-09-30T13:28:15.0082429Z [command]/usr/bin/git -c protocol.version=2 fetch --no-tags --prune --no-recurse-submodules --depth=1 origin +b56d1bfb3eccbac31550a8b0960e706f9d061455:refs/remotes/origin/codex/horde-1.6.1-engineering-pass
shared-gameplay	Check out source	2026-09-30T13:28:16.4990637Z From https://github.com/Samfa12-tech/The-Horde-RT-demo
shared-gameplay	Check out source	2026-09-30T13:28:16.4993043Z  * [new ref]         b56d1bfb3eccbac31550a8b0960e706f9d061455 -> origin/codex/horde-1.6.1-engineering-pass
shared-gameplay	Check out source	2026-09-30T13:28:16.5003044Z [command]/usr/bin/git branch --list --remote origin/codex/horde-1.6.1-engineering-pass
shared-gameplay	Check out source	2026-09-30T13:28:16.5033256Z   origin/codex/horde-1.6.1-engineering-pass
shared-gameplay	Check out source	2026-09-30T13:28:16.5043407Z [command]/usr/bin/git rev-parse refs/remotes/origin/codex/horde-1.6.1-engineering-pass
shared-gameplay	Check out source	2026-09-30T13:28:16.5072089Z b56d1bfb3eccbac31550a8b0960e706f9d061455
shared-gameplay	Check out source	2026-09-30T13:28:16.5076904Z ##[endgroup]
shared-gameplay	Check out source	2026-09-30T13:28:16.5078300Z ##[group]Determining the checkout info
shared-gameplay	Check out source	2026-09-30T13:28:16.5080397Z ##[endgroup]
shared-gameplay	Check out source	2026-09-30T13:28:16.5083407Z [command]/usr/bin/git sparse-checkout disable
shared-gameplay	Check out source	2026-09-30T13:28:16.5139872Z [command]/usr/bin/git config --local --unset-all extensions.worktreeConfig
shared-gameplay	Check out source	2026-09-30T13:28:16.5173441Z ##[group]Checking out the ref
shared-gameplay	Check out source	2026-09-30T13:28:16.5176671Z [command]/usr/bin/git checkout --progress --force -B codex/horde-1.6.1-engineering-pass refs/remotes/origin/codex/horde-1.6.1-engineering-pass
shared-gameplay	Check out source	2026-09-30T13:28:17.0189487Z Switched to a new branch 'codex/horde-1.6.1-engineering-pass'
shared-gameplay	Check out source	2026-09-30T13:28:17.0195007Z branch 'codex/horde-1.6.1-engineering-pass' set up to track 'origin/codex/horde-1.6.1-engineering-pass'.
shared-gameplay	Check out source	2026-09-30T13:28:17.0692713Z ##[endgroup]
shared-gameplay	Check out source	2026-09-30T13:28:17.0697348Z [command]/usr/bin/git log -1 --format=%H
shared-gameplay	Check out source	2026-09-30T13:28:17.0730453Z b56d1bfb3eccbac31550a8b0960e706f9d061455
shared-gameplay	Fetch portable-test GLB assets	﻿2026-09-30T13:28:17.0972204Z ##[group]Run git -c lfs.fetchexclude= lfs fetch --include="assets/models/player/runtime/*.glb,assets/models/player/viewmodel/runtime/*.glb,assets/models/props/runtime/*.glb,assets/models/props/runtime/*/*.glb,assets/models/weapons/runtime/*.glb,tests/fixtures/*/*.glb" && git lfs checkout "assets/models/player/runtime/*.glb" "assets/models/player/viewmodel/runtime/*.glb" "assets/models/props/runtime/*.glb" "assets/models/props/runtime/*/*.glb" "assets/models/weapons/runtime/*.glb" "tests/fixtures/*/*.glb"
shared-gameplay	Fetch portable-test GLB assets	2026-09-30T13:28:17.0975906Z ^[[36;1mgit -c lfs.fetchexclude= lfs fetch --include="assets/models/player/runtime/*.glb,assets/models/player/viewmodel/runtime/*.glb,assets/models/props/runtime/*.glb,assets/models/props/runtime/*/*.glb,assets/models/weapons/runtime/*.glb,tests/fixtures/*/*.glb" && git lfs checkout "assets/models/player/runtime/*.glb" "assets/models/player/viewmodel/runtime/*.glb" "assets/models/props/runtime/*.glb" "assets/models/props/runtime/*/*.glb" "assets/models/weapons/runtime/*.glb" "tests/fixtures/*/*.glb"^[[0m
shared-gameplay	Fetch portable-test GLB assets	2026-09-30T13:28:17.1291872Z shell: /usr/bin/bash -e {0}
shared-gameplay	Fetch portable-test GLB assets	2026-09-30T13:28:17.1292465Z ##[endgroup]
shared-gameplay	Fetch portable-test GLB assets	2026-09-30T13:28:17.1651848Z Fetching reference refs/heads/codex/horde-1.6.1-engineering-pass
shared-gameplay	Fetch portable-test GLB assets	2026-09-30T13:28:18.2533261Z Checking out LFS objects: 100% (46/46), 6.9 MB | 0 B/s, done.
shared-gameplay	Configure non-hardware host tests	﻿2026-09-30T13:28:18.3115129Z ##[group]Run cmake -S . -B build/host-ci -DCMAKE_BUILD_TYPE=Release -DBUILD_TESTING=ON -DHORDE_RT_BUILD_VULKAN_TARGETS=OFF
shared-gameplay	Configure non-hardware host tests	2026-09-30T13:28:18.3116074Z ^[[36;1mcmake -S . -B build/host-ci -DCMAKE_BUILD_TYPE=Release -DBUILD_TESTING=ON -DHORDE_RT_BUILD_VULKAN_TARGETS=OFF^[[0m
shared-gameplay	Configure non-hardware host tests	2026-09-30T13:28:18.3183112Z shell: /usr/bin/bash -e {0}
shared-gameplay	Configure non-hardware host tests	2026-09-30T13:28:18.3183425Z ##[endgroup]
shared-gameplay	Configure non-hardware host tests	2026-09-30T13:28:19.3504373Z -- The CXX compiler identification is GNU 13.3.0
shared-gameplay	Configure non-hardware host tests	2026-09-30T13:28:19.4642967Z -- Detecting CXX compiler ABI info
shared-gameplay	Configure non-hardware host tests	2026-09-30T13:28:19.7981259Z -- Detecting CXX compiler ABI info - done
shared-gameplay	Configure non-hardware host tests	2026-09-30T13:28:19.8164404Z -- Check for working CXX compiler: /usr/bin/c++ - skipped
shared-gameplay	Configure non-hardware host tests	2026-09-30T13:28:19.8232938Z -- Detecting CXX compile features
shared-gameplay	Configure non-hardware host tests	2026-09-30T13:28:19.8292082Z -- Detecting CXX compile features - done
shared-gameplay	Configure non-hardware host tests	2026-09-30T13:28:22.9183817Z Generated RT catalog adapter is current.
shared-gameplay	Configure non-hardware host tests	2026-09-30T13:28:23.0020049Z -- Strict non-contracted asset-transform arithmetic enabled for GltfDocument.cpp and StaticMeshAsset.cpp: -fno-fast-math;-ffp-contract=off
shared-gameplay	Configure non-hardware host tests	2026-09-30T13:28:24.0180943Z -- Legacy torch-failure identifiers were rejected by the configured GNU compiler.
shared-gameplay	Configure non-hardware host tests	2026-09-30T13:28:24.0182764Z -- Horde Lantern RT: configuring shared host gameplay tests without Vulkan targets.
shared-gameplay	Configure non-hardware host tests	2026-09-30T13:28:24.0185224Z -- Configuring done (5.2s)
shared-gameplay	Configure non-hardware host tests	2026-09-30T13:28:24.1179415Z -- Generating done (0.1s)
shared-gameplay	Configure non-hardware host tests	2026-09-30T13:28:24.1182969Z -- Build files have been written to: /home/runner/work/The-Horde-RT-demo/The-Horde-RT-demo/build/host-ci
shared-gameplay	Build shared gameplay tests	﻿2026-09-30T13:28:24.1367929Z ##[group]Run cmake --build build/host-ci --config Release --parallel 2
shared-gameplay	Build shared gameplay tests	2026-09-30T13:28:24.1368486Z ^[[36;1mcmake --build build/host-ci --config Release --parallel 2^[[0m
shared-gameplay	Build shared gameplay tests	2026-09-30T13:28:24.1433019Z shell: /usr/bin/bash -e {0}
shared-gameplay	Build shared gameplay tests	2026-09-30T13:28:24.1433337Z ##[endgroup]
shared-gameplay	Build shared gameplay tests	2026-09-30T13:28:24.1729474Z [  1%] Building CXX object CMakeFiles/horde_rt_player_primitive_contract_tests.dir/tests/PlayerPrimitiveContractTests.cpp.o
shared-gameplay	Build shared gameplay tests	2026-09-30T13:28:24.1731261Z [  1%] Building CXX object CMakeFiles/horde_gameplay_simulation.dir/src/audio/MusicDirector.cpp.o
shared-gameplay	Build shared gameplay tests	2026-09-30T13:28:25.1659872Z [  2%] Building CXX object CMakeFiles/horde_gameplay_simulation.dir/src/gameplay/simulation/GameSimulation.cpp.o
shared-gameplay	Build shared gameplay tests	2026-09-30T13:28:25.5639840Z [  3%] Linking CXX executable horde_rt_player_primitive_contract_tests
shared-gameplay	Build shared gameplay tests	2026-09-30T13:28:25.6186192Z [  3%] Built target horde_rt_player_primitive_contract_tests
shared-gameplay	Build shared gameplay tests	2026-09-30T13:28:25.6257296Z [  4%] Building CXX object CMakeFiles/horde_rt_windows_benchmark_launch_tests.dir/tests/WindowsBenchmarkLaunchTests.cpp.o
shared-gameplay	Build shared gameplay tests	2026-09-30T13:28:26.1770526Z [  5%] Linking CXX executable horde_rt_windows_benchmark_launch_tests
shared-gameplay	Build shared gameplay tests	2026-09-30T13:28:26.2302037Z [  5%] Built target horde_rt_windows_benchmark_launch_tests
shared-gameplay	Build shared gameplay tests	2026-09-30T13:28:26.2376159Z [  5%] Building CXX object CMakeFiles/horde_rt_evidence_publication_tests.dir/tests/RtEvidencePublicationTests.cpp.o
shared-gameplay	Build shared gameplay tests	2026-09-30T13:28:26.9371104Z [  6%] Building CXX object CMakeFiles/horde_rt_evidence_publication_tests.dir/src/telemetry/RtEvidencePublication.cpp.o
shared-gameplay	Build shared gameplay tests	2026-09-30T13:28:27.4989854Z [  7%] Building CXX object CMakeFiles/horde_rt_evidence_publication_tests.dir/src/telemetry/RtPerformanceEvidence.cpp.o
shared-gameplay	Build shared gameplay tests	2026-09-30T13:28:27.7090776Z [  8%] Building CXX object CMakeFiles/horde_gameplay_simulation.dir/src/gameplay/animation/PlayerAnimationState.cpp.o
shared-gameplay	Build shared gameplay tests	2026-09-30T13:28:28.4760584Z [  8%] Building CXX object CMakeFiles/horde_gameplay_simulation.dir/src/gameplay/animation/PlayerIkTargets.cpp.o
shared-gameplay	Build shared gameplay tests	2026-09-30T13:28:28.7989441Z [  9%] Building CXX object CMakeFiles/horde_gameplay_simulation.dir/src/gameplay/effects/FireEmitterState.cpp.o
shared-gameplay	Build shared gameplay tests	2026-09-30T13:28:28.8958640Z [ 10%] Linking CXX executable horde_rt_evidence_publication_tests
shared-gameplay	Build shared gameplay tests	2026-09-30T13:28:28.9692016Z [ 10%] Built target horde_rt_evidence_publication_tests
shared-gameplay	Build shared gameplay tests	2026-09-30T13:28:28.9750188Z [ 11%] Building CXX object CMakeFiles/horde_gameplay_simulation.dir/src/gameplay/interactions/InteractionState.cpp.o
shared-gameplay	Build shared gameplay tests	2026-09-30T13:28:29.2614002Z [ 11%] Building CXX object CMakeFiles/horde_gameplay_simulation.dir/src/gameplay/interactions/ChestRewardSequence.cpp.o
shared-gameplay	Build shared gameplay tests	2026-09-30T13:28:29.3177065Z [ 12%] Building CXX object CMakeFiles/horde_gameplay_simulation.dir/src/gameplay/interactions/FinaleSequence.cpp.o
shared-gameplay	Build shared gameplay tests	2026-09-30T13:28:29.5321770Z [ 13%] Building CXX object CMakeFiles/horde_gameplay_simulation.dir/src/gameplay/items/LanternPendulum.cpp.o
shared-gameplay	Build shared gameplay tests	2026-09-30T13:28:29.6289100Z [ 13%] Building CXX object CMakeFiles/horde_gameplay_simulation.dir/src/gameplay/items/HeldItemState.cpp.o
shared-gameplay	Build shared gameplay tests	2026-09-30T13:28:29.7334809Z [ 14%] Building CXX object CMakeFiles/horde_gameplay_simulation.dir/src/gameplay/items/HeldItemKinematics.cpp.o
shared-gameplay	Build shared gameplay tests	2026-09-30T13:28:29.8962527Z [ 15%] Building CXX object CMakeFiles/horde_gameplay_simulation.dir/src/gameplay/items/HeldLightState.cpp.o
shared-gameplay	Build shared gameplay tests	2026-09-30T13:28:30.5903204Z [ 15%] Building CXX object CMakeFiles/horde_rt_ray_tracing_requirements_tests.dir/tests/RayTracingRequirementsTests.cpp.o
shared-gameplay	Build shared gameplay tests	2026-09-30T13:28:30.8997161Z [ 15%] Linking CXX static library libhorde_gameplay_simulation.a
shared-gameplay	Build shared gameplay tests	2026-09-30T13:28:31.1391075Z [ 16%] Building CXX object CMakeFiles/horde_rt_ray_tracing_requirements_tests.dir/src/vulkan/raytracing/RayTracingRequirements.cpp.o
shared-gameplay	Build shared gameplay tests	2026-09-30T13:28:31.4226232Z [ 17%] Linking CXX executable horde_rt_ray_tracing_requirements_tests
shared-gameplay	Build shared gameplay tests	2026-09-30T13:28:31.4715658Z [ 17%] Built target horde_rt_ray_tracing_requirements_tests
shared-gameplay	Build shared gameplay tests	2026-09-30T13:28:31.4790494Z [ 17%] Building CXX object CMakeFiles/horde_rt_performance_evidence_tests.dir/tests/RtPerformanceEvidenceTests.cpp.o
shared-gameplay	Build shared gameplay tests	2026-09-30T13:28:31.7049776Z [ 17%] Built target horde_gameplay_simulation
shared-gameplay	Build shared gameplay tests	2026-09-30T13:28:31.7123529Z [ 18%] Building CXX object CMakeFiles/horde_rt_scene_record_observation_tests.dir/tests/RtSceneRecordObservationTests.cpp.o
shared-gameplay	Build shared gameplay tests	2026-09-30T13:28:32.7195647Z [ 19%] Building CXX object CMakeFiles/horde_rt_scene_record_observation_tests.dir/src/telemetry/RtPerformanceEvidence.cpp.o
shared-gameplay	Build shared gameplay tests	2026-09-30T13:28:33.4716935Z [ 20%] Building CXX object CMakeFiles/horde_rt_performance_evidence_tests.dir/src/telemetry/RtPerformanceEvidence.cpp.o
shared-gameplay	Build shared gameplay tests	2026-09-30T13:28:34.0265296Z [ 20%] Linking CXX executable horde_rt_scene_record_observation_tests
shared-gameplay	Build shared gameplay tests	2026-09-30T13:28:34.0772016Z [ 20%] Built target horde_rt_scene_record_observation_tests
shared-gameplay	Build shared gameplay tests	2026-09-30T13:28:34.0842982Z [ 21%] Building CXX object CMakeFiles/horde_rt_pipeline_variants_tests.dir/tests/RtPipelineVariantsTests.cpp.o
shared-gameplay	Build shared gameplay tests	2026-09-30T13:28:34.4593648Z [ 21%] Building CXX object CMakeFiles/horde_rt_pipeline_variants_tests.dir/src/vulkan/raytracing/RtPipelineVariants.cpp.o
shared-gameplay	Build shared gameplay tests	2026-09-30T13:28:34.7284638Z [ 22%] Linking CXX executable horde_rt_performance_evidence_tests
shared-gameplay	Build shared gameplay tests	2026-09-30T13:28:34.7802722Z [ 22%] Built target horde_rt_performance_evidence_tests
shared-gameplay	Build shared gameplay tests	2026-09-30T13:28:34.7874747Z [ 23%] Building CXX object CMakeFiles/horde_rt_pipeline_variant_provider_tests.dir/tests/RtPipelineVariantProviderTests.cpp.o
shared-gameplay	Build shared gameplay tests	2026-09-30T13:28:34.8093524Z [ 24%] Linking CXX executable horde_rt_pipeline_variants_tests
shared-gameplay	Build shared gameplay tests	2026-09-30T13:28:34.8564527Z [ 24%] Built target horde_rt_pipeline_variants_tests
shared-gameplay	Build shared gameplay tests	2026-09-30T13:28:34.8589955Z [ 25%] Building CXX object CMakeFiles/horde_rt_pipeline_variant_provider_tests.dir/src/vulkan/raytracing/RtPipelineVariants.cpp.o
shared-gameplay	Build shared gameplay tests	2026-09-30T13:28:35.1661036Z [ 25%] Building CXX object CMakeFiles/horde_rt_pipeline_variant_provider_tests.dir/src/vulkan/raytracing/RtPipelineVariantProvider.cpp.o
shared-gameplay	Build shared gameplay tests	2026-09-30T13:28:35.2145658Z [ 25%] Building CXX object CMakeFiles/horde_rt_pipeline_bundle_contracts_tests.dir/tests/RtPipelineBundleContractsTests.cpp.o
shared-gameplay	Build shared gameplay tests	2026-09-30T13:28:35.7410099Z [ 26%] Building CXX object CMakeFiles/horde_rt_pipeline_bundle_contracts_tests.dir/src/vulkan/raytracing/RtPipelineBundleContracts.cpp.o
shared-gameplay	Build shared gameplay tests	2026-09-30T13:28:35.9087513Z [ 27%] Linking CXX executable horde_rt_pipeline_variant_provider_tests
shared-gameplay	Build shared gameplay tests	2026-09-30T13:28:35.9620648Z [ 27%] Built target horde_rt_pipeline_variant_provider_tests
shared-gameplay	Build shared gameplay tests	2026-09-30T13:28:35.9690034Z [ 27%] Building CXX object CMakeFiles/horde_rtpv_0_0_obj.dir/src/vulkan/raytracing/RtPipelineVariantProvider.cpp.o
shared-gameplay	Build shared gameplay tests	2026-09-30T13:28:36.6748595Z [ 28%] Building CXX object CMakeFiles/horde_rt_pipeline_bundle_contracts_tests.dir/src/vulkan/raytracing/RtPipelineVariants.cpp.o
shared-gameplay	Build shared gameplay tests	2026-09-30T13:28:36.7130590Z [ 28%] Built target horde_rtpv_0_0_obj
shared-gameplay	Build shared gameplay tests	2026-09-30T13:28:36.7209641Z [ 29%] Building CXX object CMakeFiles/horde_rtpv_0_1_obj.dir/src/vulkan/raytracing/RtPipelineVariantProvider.cpp.o
shared-gameplay	Build shared gameplay tests	2026-09-30T13:28:37.0502946Z [ 30%] Building CXX object CMakeFiles/horde_rt_pipeline_bundle_contracts_tests.dir/src/vulkan/raytracing/RtPipelineVariantProvider.cpp.o
shared-gameplay	Build shared gameplay tests	2026-09-30T13:28:37.4907016Z [ 30%] Built target horde_rtpv_0_1_obj
shared-gameplay	Build shared gameplay tests	2026-09-30T13:28:37.4982099Z [ 31%] Building CXX object CMakeFiles/horde_rtpv_1_0_obj.dir/src/vulkan/raytracing/RtPipelineVariantProvider.cpp.o
shared-gameplay	Build shared gameplay tests	2026-09-30T13:28:37.8194734Z [ 31%] Linking CXX executable horde_rt_pipeline_bundle_contracts_tests
shared-gameplay	Build shared gameplay tests	2026-09-30T13:28:37.8727390Z [ 31%] Built target horde_rt_pipeline_bundle_contracts_tests
shared-gameplay	Build shared gameplay tests	2026-09-30T13:28:37.8801848Z [ 32%] Building CXX object CMakeFiles/horde_rtpv_1_1_obj.dir/src/vulkan/raytracing/RtPipelineVariantProvider.cpp.o
shared-gameplay	Build shared gameplay tests	2026-09-30T13:28:38.2665630Z [ 32%] Built target horde_rtpv_1_0_obj
shared-gameplay	Build shared gameplay tests	2026-09-30T13:28:38.2741512Z [ 32%] Building CXX object CMakeFiles/horde_rt_github_release_updater_tests.dir/tests/GitHubReleaseUpdaterTests.cpp.o
shared-gameplay	Build shared gameplay tests	2026-09-30T13:28:38.6373281Z [ 32%] Built target horde_rtpv_1_1_obj
shared-gameplay	Build shared gameplay tests	2026-09-30T13:28:38.6445602Z [ 33%] Building CXX object CMakeFiles/horde_rt_version_contract_tests.dir/tests/VersionContractTests.cpp.o
shared-gameplay	Build shared gameplay tests	2026-09-30T13:28:39.0192624Z [ 34%] Building CXX object CMakeFiles/horde_rt_github_release_updater_tests.dir/src/update/GitHubReleaseUpdater.cpp.o
shared-gameplay	Build shared gameplay tests	2026-09-30T13:28:40.8180736Z [ 35%] Linking CXX executable horde_rt_github_release_updater_tests
shared-gameplay	Build shared gameplay tests	2026-09-30T13:28:40.8660803Z [ 35%] Built target horde_rt_github_release_updater_tests
shared-gameplay	Build shared gameplay tests	2026-09-30T13:28:40.8732288Z [ 35%] Building CXX object CMakeFiles/horde_rt_version_contract_incremental_configure_tests.dir/tests/VersionContractIncrementalConfigureTests.cpp.o
shared-gameplay	Build shared gameplay tests	2026-09-30T13:28:42.5523696Z [ 36%] Linking CXX executable horde_rt_version_contract_incremental_configure_tests
shared-gameplay	Build shared gameplay tests	2026-09-30T13:28:42.6002091Z [ 36%] Built target horde_rt_version_contract_incremental_configure_tests
shared-gameplay	Build shared gameplay tests	2026-09-30T13:28:42.6072021Z [ 37%] Building CXX object CMakeFiles/horde_rt_dielectric_math_tests.dir/tests/DielectricMathTests.cpp.o
shared-gameplay	Build shared gameplay tests	2026-09-30T13:28:43.1028083Z [ 37%] Linking CXX executable horde_rt_version_contract_tests
shared-gameplay	Build shared gameplay tests	2026-09-30T13:28:43.1597056Z [ 37%] Built target horde_rt_version_contract_tests
shared-gameplay	Build shared gameplay tests	2026-09-30T13:28:43.1672459Z [ 38%] Building CXX object CMakeFiles/horde_rt_player_animation_tests.dir/tests/PlayerAnimationTests.cpp.o
shared-gameplay	Build shared gameplay tests	2026-09-30T13:28:44.0689649Z [ 39%] Linking CXX executable horde_rt_dielectric_math_tests
shared-gameplay	Build shared gameplay tests	2026-09-30T13:28:44.1201362Z [ 39%] Built target horde_rt_dielectric_math_tests
shared-gameplay	Build shared gameplay tests	2026-09-30T13:28:44.1274565Z [ 39%] Building CXX object CMakeFiles/horde_rt_fire_emitter_tests.dir/tests/FireEmitterTests.cpp.o
shared-gameplay	Build shared gameplay tests	2026-09-30T13:28:44.4834625Z [ 39%] Building CXX object CMakeFiles/horde_rt_player_animation_tests.dir/src/telemetry/RtPerformanceEvidence.cpp.o
shared-gameplay	Build shared gameplay tests	2026-09-30T13:28:45.0275260Z [ 40%] Building CXX object CMakeFiles/horde_rt_fire_emitter_tests.dir/src/vulkan/raytracing/FireEmitterBuffer.cpp.o
shared-gameplay	Build shared gameplay tests	2026-09-30T13:28:45.7941374Z [ 41%] Building CXX object CMakeFiles/horde_rt_player_animation_tests.dir/src/scene/assets/SkinnedMeshAsset.cpp.o
shared-gameplay	Build shared gameplay tests	2026-09-30T13:28:45.8979419Z [ 42%] Linking CXX executable horde_rt_fire_emitter_tests
shared-gameplay	Build shared gameplay tests	2026-09-30T13:28:45.9513271Z [ 42%] Built target horde_rt_fire_emitter_tests
shared-gameplay	Build shared gameplay tests	2026-09-30T13:28:45.9587031Z [ 43%] Building CXX object CMakeFiles/horde_rt_held_item_socket_tests.dir/tests/HeldItemSocketTests.cpp.o
shared-gameplay	Build shared gameplay tests	2026-09-30T13:28:47.5908085Z [ 43%] Building CXX object CMakeFiles/horde_rt_held_item_socket_tests.dir/src/scene/assets/AssetManifest.cpp.o
shared-gameplay	Build shared gameplay tests	2026-09-30T13:28:49.3524132Z [ 44%] Building CXX object CMakeFiles/horde_rt_player_animation_tests.dir/src/vulkan/raytracing/PlayerRenderSlot.cpp.o
shared-gameplay	Build shared gameplay tests	2026-09-30T13:28:50.3187784Z [ 45%] Building CXX object CMakeFiles/horde_rt_held_item_socket_tests.dir/src/scene/assets/AssetValidation.cpp.o
shared-gameplay	Build shared gameplay tests	2026-09-30T13:28:50.8627874Z [ 46%] Building CXX object CMakeFiles/horde_rt_held_item_socket_tests.dir/src/scene/assets/GltfDocument.cpp.o
shared-gameplay	Build shared gameplay tests	2026-09-30T13:28:51.3765510Z [ 46%] Linking CXX executable horde_rt_player_animation_tests
shared-gameplay	Build shared gameplay tests	2026-09-30T13:28:51.4477432Z [ 46%] Built target horde_rt_player_animation_tests
shared-gameplay	Build shared gameplay tests	2026-09-30T13:28:51.4549899Z [ 47%] Building CXX object CMakeFiles/horde_rt_development_static_asset_tests.dir/tests/DevelopmentStaticAssetTests.cpp.o
shared-gameplay	Build shared gameplay tests	2026-09-30T13:28:52.4489797Z [ 47%] Linking CXX executable horde_rt_development_static_asset_tests
shared-gameplay	Build shared gameplay tests	2026-09-30T13:28:52.5033332Z [ 47%] Built target horde_rt_development_static_asset_tests
shared-gameplay	Build shared gameplay tests	2026-09-30T13:28:52.5105499Z [ 47%] Building CXX object CMakeFiles/horde_rt_scene_abi_tests.dir/tests/RtSceneAbiTests.cpp.o
shared-gameplay	Build shared gameplay tests	2026-09-30T13:28:53.5155253Z [ 47%] Building CXX object CMakeFiles/horde_rt_held_item_socket_tests.dir/src/scene/assets/StaticMeshAsset.cpp.o
shared-gameplay	Build shared gameplay tests	2026-09-30T13:28:53.6781693Z [ 48%] Building CXX object CMakeFiles/horde_rt_scene_abi_tests.dir/src/vulkan/raytracing/RtStaticMeshSlot.cpp.o
shared-gameplay	Build shared gameplay tests	2026-09-30T13:28:55.6175295Z [ 49%] Building CXX object CMakeFiles/horde_rt_scene_abi_tests.dir/src/vulkan/raytracing/RtTextureArrays.cpp.o
shared-gameplay	Build shared gameplay tests	2026-09-30T13:28:55.8826614Z [ 49%] Linking CXX executable horde_rt_scene_abi_tests
shared-gameplay	Build shared gameplay tests	2026-09-30T13:28:55.9367841Z [ 49%] Built target horde_rt_scene_abi_tests
shared-gameplay	Build shared gameplay tests	2026-09-30T13:28:55.9443953Z [ 50%] Building CXX object CMakeFiles/horde_rt_static_gltf_asset_tests.dir/tests/StaticGltfAssetTests.cpp.o
shared-gameplay	Build shared gameplay tests	2026-09-30T13:28:57.4337593Z [ 51%] Building CXX object CMakeFiles/horde_rt_held_item_socket_tests.dir/src/vulkan/raytracing/HeldItemRenderSlot.cpp.o
shared-gameplay	Build shared gameplay tests	2026-09-30T13:28:57.5083270Z [ 52%] Building CXX object CMakeFiles/horde_rt_held_item_socket_tests.dir/src/vulkan/raytracing/RtStaticMeshSlot.cpp.o
shared-gameplay	Build shared gameplay tests	2026-09-30T13:28:59.4350223Z [ 52%] Linking CXX executable horde_rt_held_item_socket_tests
shared-gameplay	Build shared gameplay tests	2026-09-30T13:28:59.4941966Z [ 52%] Built target horde_rt_held_item_socket_tests
shared-gameplay	Build shared gameplay tests	2026-09-30T13:28:59.5014367Z [ 52%] Building CXX object CMakeFiles/horde_rt_production_prop_asset_tests.dir/tests/ProductionPropAssetTests.cpp.o
shared-gameplay	Build shared gameplay tests	2026-09-30T13:29:00.4680533Z [ 52%] Building CXX object CMakeFiles/horde_rt_static_gltf_asset_tests.dir/src/scene/assets/AssetManifest.cpp.o
shared-gameplay	Build shared gameplay tests	2026-09-30T13:29:02.8791566Z [ 53%] Building CXX object CMakeFiles/horde_rt_production_prop_asset_tests.dir/src/scene/assets/AssetManifest.cpp.o
shared-gameplay	Build shared gameplay tests	2026-09-30T13:29:03.0959499Z [ 54%] Building CXX object CMakeFiles/horde_rt_static_gltf_asset_tests.dir/src/scene/assets/AssetValidation.cpp.o
shared-gameplay	Build shared gameplay tests	2026-09-30T13:29:03.6413453Z [ 55%] Building CXX object CMakeFiles/horde_rt_static_gltf_asset_tests.dir/src/scene/assets/GltfDocument.cpp.o
shared-gameplay	Build shared gameplay tests	2026-09-30T13:29:05.5458345Z [ 56%] Building CXX object CMakeFiles/horde_rt_production_prop_asset_tests.dir/src/scene/assets/AssetValidation.cpp.o
shared-gameplay	Build shared gameplay tests	2026-09-30T13:29:06.0896543Z [ 56%] Building CXX object CMakeFiles/horde_rt_production_prop_asset_tests.dir/src/scene/assets/GltfDocument.cpp.o
shared-gameplay	Build shared gameplay tests	2026-09-30T13:29:06.2917691Z [ 56%] Building CXX object CMakeFiles/horde_rt_static_gltf_asset_tests.dir/src/scene/assets/StaticMeshAsset.cpp.o
shared-gameplay	Build shared gameplay tests	2026-09-30T13:29:08.7619608Z [ 57%] Building CXX object CMakeFiles/horde_rt_production_prop_asset_tests.dir/src/scene/assets/StaticMeshAsset.cpp.o
shared-gameplay	Build shared gameplay tests	2026-09-30T13:29:10.1501739Z [ 58%] Building CXX object CMakeFiles/horde_rt_static_gltf_asset_tests.dir/src/vulkan/raytracing/RtStaticMeshSlot.cpp.o
shared-gameplay	Build shared gameplay tests	2026-09-30T13:29:12.0733147Z [ 59%] Linking CXX executable horde_rt_static_gltf_asset_tests
shared-gameplay	Build shared gameplay tests	2026-09-30T13:29:12.1332874Z [ 59%] Built target horde_rt_static_gltf_asset_tests
shared-gameplay	Build shared gameplay tests	2026-09-30T13:29:12.1405208Z [ 60%] Building CXX object CMakeFiles/horde_rt_simulation_timing_tests.dir/tests/SimulationTimingTests.cpp.o
shared-gameplay	Build shared gameplay tests	2026-09-30T13:29:12.6663909Z [ 61%] Linking CXX executable horde_rt_production_prop_asset_tests
shared-gameplay	Build shared gameplay tests	2026-09-30T13:29:12.7231252Z [ 61%] Built target horde_rt_production_prop_asset_tests
shared-gameplay	Build shared gameplay tests	2026-09-30T13:29:12.7303352Z [ 62%] Building CXX object CMakeFiles/horde_rt_simulation_gameplay_tests.dir/tests/SimulationGameplayTests.cpp.o
shared-gameplay	Build shared gameplay tests	2026-09-30T13:29:13.0269061Z [ 63%] Linking CXX executable horde_rt_simulation_timing_tests
shared-gameplay	Build shared gameplay tests	2026-09-30T13:29:13.0821357Z [ 63%] Built target horde_rt_simulation_timing_tests
shared-gameplay	Build shared gameplay tests	2026-09-30T13:29:13.0893894Z [ 64%] Building CXX object CMakeFiles/horde_rt_music_director_tests.dir/tests/MusicDirectorTests.cpp.o
shared-gameplay	Build shared gameplay tests	2026-09-30T13:29:14.1234708Z [ 65%] Linking CXX executable horde_rt_music_director_tests
shared-gameplay	Build shared gameplay tests	2026-09-30T13:29:14.1810289Z [ 65%] Built target horde_rt_music_director_tests
shared-gameplay	Build shared gameplay tests	2026-09-30T13:29:14.1882337Z [ 66%] Building CXX object CMakeFiles/horde_rt_lantern_reward_tests.dir/tests/LanternRewardTests.cpp.o
shared-gameplay	Build shared gameplay tests	2026-09-30T13:29:14.2970010Z [ 66%] Linking CXX executable horde_rt_simulation_gameplay_tests
shared-gameplay	Build shared gameplay tests	2026-09-30T13:29:14.3516470Z [ 66%] Built target horde_rt_simulation_gameplay_tests
shared-gameplay	Build shared gameplay tests	2026-09-30T13:29:14.3587388Z [ 66%] Building CXX object CMakeFiles/horde_rt_lantern_pendulum_tests.dir/tests/LanternPendulumTests.cpp.o
shared-gameplay	Build shared gameplay tests	2026-09-30T13:29:15.2056496Z [ 67%] Linking CXX executable horde_rt_lantern_pendulum_tests
shared-gameplay	Build shared gameplay tests	2026-09-30T13:29:15.2101475Z [ 67%] Linking CXX executable horde_rt_lantern_reward_tests
shared-gameplay	Build shared gameplay tests	2026-09-30T13:29:15.2618275Z [ 67%] Built target horde_rt_lantern_pendulum_tests
shared-gameplay	Build shared gameplay tests	2026-09-30T13:29:15.2636272Z [ 67%] Built target horde_rt_lantern_reward_tests
shared-gameplay	Build shared gameplay tests	2026-09-30T13:29:15.2691158Z [ 68%] Building CXX object CMakeFiles/horde_rt_input_mailbox_stress.dir/tests/InputMailboxStress.cpp.o
shared-gameplay	Build shared gameplay tests	2026-09-30T13:29:15.2707711Z [ 68%] Building CXX object CMakeFiles/horde_rt_desktop_controller_input_tests.dir/tests/DesktopControllerInputTests.cpp.o
shared-gameplay	Build shared gameplay tests	2026-09-30T13:29:16.1404435Z [ 69%] Linking CXX executable horde_rt_desktop_controller_input_tests
shared-gameplay	Build shared gameplay tests	2026-09-30T13:29:16.1905072Z [ 69%] Built target horde_rt_desktop_controller_input_tests
shared-gameplay	Build shared gameplay tests	2026-09-30T13:29:16.1978483Z [ 69%] Building CXX object CMakeFiles/horde_rt_gpu_timestamp_math_tests.dir/tests/GpuTimestampMathTests.cpp.o
shared-gameplay	Build shared gameplay tests	2026-09-30T13:29:16.3183282Z [ 70%] Linking CXX executable horde_rt_input_mailbox_stress
shared-gameplay	Build shared gameplay tests	2026-09-30T13:29:16.3687342Z [ 70%] Built target horde_rt_input_mailbox_stress
shared-gameplay	Build shared gameplay tests	2026-09-30T13:29:16.3759360Z [ 71%] Building CXX object CMakeFiles/horde_rt_combat_smoke.dir/tests/SwordCombatSmoke.cpp.o
shared-gameplay	Build shared gameplay tests	2026-09-30T13:29:16.6376344Z [ 72%] Linking CXX executable horde_rt_gpu_timestamp_math_tests
shared-gameplay	Build shared gameplay tests	2026-09-30T13:29:16.6899541Z [ 72%] Built target horde_rt_gpu_timestamp_math_tests
shared-gameplay	Build shared gameplay tests	2026-09-30T13:29:16.6969752Z [ 72%] Building CXX object CMakeFiles/horde_rt_showcase_route_smoke.dir/tests/ShowcaseRouteSmoke.cpp.o
shared-gameplay	Build shared gameplay tests	2026-09-30T13:29:17.7917325Z [ 73%] Linking CXX executable horde_rt_combat_smoke
shared-gameplay	Build shared gameplay tests	2026-09-30T13:29:17.8465858Z [ 73%] Built target horde_rt_combat_smoke
shared-gameplay	Build shared gameplay tests	2026-09-30T13:29:17.8538334Z [ 74%] Building CXX object CMakeFiles/horde_rt_showcase_gameplay_smoke.dir/tests/ShowcaseGameplaySmoke.cpp.o
shared-gameplay	Build shared gameplay tests	2026-09-30T13:29:17.9168650Z [ 75%] Linking CXX executable horde_rt_showcase_route_smoke
shared-gameplay	Build shared gameplay tests	2026-09-30T13:29:17.9706806Z [ 75%] Built target horde_rt_showcase_route_smoke
shared-gameplay	Build shared gameplay tests	2026-09-30T13:29:17.9778250Z [ 75%] Building CXX object CMakeFiles/horde_rt_spatial_audio_smoke.dir/tests/SpatialAudioSmoke.cpp.o
shared-gameplay	Build shared gameplay tests	2026-09-30T13:29:19.2460092Z [ 76%] Linking CXX executable horde_rt_spatial_audio_smoke
shared-gameplay	Build shared gameplay tests	2026-09-30T13:29:19.2970294Z [ 77%] Linking CXX executable horde_rt_showcase_gameplay_smoke
shared-gameplay	Build shared gameplay tests	2026-09-30T13:29:19.2986876Z [ 77%] Built target horde_rt_spatial_audio_smoke
shared-gameplay	Build shared gameplay tests	2026-09-30T13:29:19.3061415Z [ 77%] Building CXX object CMakeFiles/horde_rt_lantern_benchmark_tests.dir/tests/LanternBenchmarkTests.cpp.o
shared-gameplay	Build shared gameplay tests	2026-09-30T13:29:19.3487230Z [ 77%] Built target horde_rt_showcase_gameplay_smoke
shared-gameplay	Build shared gameplay tests	2026-09-30T13:29:19.3561693Z [ 78%] Building CXX object CMakeFiles/horde_rt_benchmark_evidence_report_tests.dir/tests/RtBenchmarkEvidenceReportTests.cpp.o
shared-gameplay	Build shared gameplay tests	2026-09-30T13:29:20.2952263Z [ 79%] Building CXX object CMakeFiles/horde_rt_lantern_benchmark_tests.dir/src/gameplay/ShowcaseBenchmark.cpp.o
shared-gameplay	Build shared gameplay tests	2026-09-30T13:29:20.4257705Z [ 80%] Building CXX object CMakeFiles/horde_rt_benchmark_evidence_report_tests.dir/src/gameplay/ShowcaseBenchmark.cpp.o
shared-gameplay	Build shared gameplay tests	2026-09-30T13:29:21.8518570Z [ 81%] Building CXX object CMakeFiles/horde_rt_lantern_benchmark_tests.dir/src/telemetry/RtBenchmarkEvidenceReport.cpp.o
shared-gameplay	Build shared gameplay tests	2026-09-30T13:29:21.9667356Z [ 81%] Building CXX object CMakeFiles/horde_rt_benchmark_evidence_report_tests.dir/src/telemetry/RtBenchmarkEvidenceReport.cpp.o
shared-gameplay	Build shared gameplay tests	2026-09-30T13:29:23.0155908Z [ 81%] Building CXX object CMakeFiles/horde_rt_lantern_benchmark_tests.dir/src/telemetry/RtBenchmarkEvidenceRun.cpp.o
shared-gameplay	Build shared gameplay tests	2026-09-30T13:29:23.1127607Z [ 82%] Building CXX object CMakeFiles/horde_rt_benchmark_evidence_report_tests.dir/src/telemetry/RtBenchmarkEvidenceRun.cpp.o
shared-gameplay	Build shared gameplay tests	2026-09-30T13:29:23.7364762Z [ 83%] Building CXX object CMakeFiles/horde_rt_lantern_benchmark_tests.dir/src/telemetry/RtPerformanceEvidence.cpp.o
shared-gameplay	Build shared gameplay tests	2026-09-30T13:29:23.8266623Z [ 84%] Building CXX object CMakeFiles/horde_rt_benchmark_evidence_report_tests.dir/src/telemetry/RtPerformanceEvidence.cpp.o
shared-gameplay	Build shared gameplay tests	2026-09-30T13:29:25.0295302Z [ 85%] Linking CXX executable horde_rt_lantern_benchmark_tests
shared-gameplay	Build shared gameplay tests	2026-09-30T13:29:25.0867683Z [ 85%] Built target horde_rt_lantern_benchmark_tests
shared-gameplay	Build shared gameplay tests	2026-09-30T13:29:25.0944541Z [ 86%] Building CXX object CMakeFiles/horde_rt_benchmark_evidence_run_tests.dir/tests/RtBenchmarkEvidenceRunTests.cpp.o
shared-gameplay	Build shared gameplay tests	2026-09-30T13:29:25.1092976Z [ 86%] Linking CXX executable horde_rt_benchmark_evidence_report_tests
shared-gameplay	Build shared gameplay tests	2026-09-30T13:29:25.1638702Z [ 86%] Built target horde_rt_benchmark_evidence_report_tests
shared-gameplay	Build shared gameplay tests	2026-09-30T13:29:25.1719294Z [ 86%] Building CXX object CMakeFiles/horde_rt_provider_shipping_mobile_fixture.dir/tests/RtPipelineVariantFixture.cpp.o
shared-gameplay	Build shared gameplay tests	2026-09-30T13:29:25.7598246Z [ 87%] Building CXX object CMakeFiles/horde_rt_provider_shipping_mobile_fixture.dir/src/vulkan/raytracing/RtPipelineBundleContracts.cpp.o
shared-gameplay	Build shared gameplay tests	2026-09-30T13:29:26.2683263Z [ 88%] Building CXX object CMakeFiles/horde_rt_benchmark_evidence_run_tests.dir/src/telemetry/RtBenchmarkEvidenceRun.cpp.o
shared-gameplay	Build shared gameplay tests	2026-09-30T13:29:26.6961238Z [ 89%] Building CXX object CMakeFiles/horde_rt_provider_shipping_mobile_fixture.dir/src/vulkan/raytracing/RtPipelineVariants.cpp.o
shared-gameplay	Build shared gameplay tests	2026-09-30T13:29:26.9776776Z [ 89%] Building CXX object CMakeFiles/horde_rt_benchmark_evidence_run_tests.dir/src/telemetry/RtBenchmarkEvidenceReport.cpp.o
shared-gameplay	Build shared gameplay tests	2026-09-30T13:29:27.0495153Z [ 90%] Linking CXX executable horde_rt_provider_shipping_mobile_fixture
shared-gameplay	Build shared gameplay tests	2026-09-30T13:29:27.1004147Z [ 90%] Built target horde_rt_provider_shipping_mobile_fixture
shared-gameplay	Build shared gameplay tests	2026-09-30T13:29:27.1075229Z [ 91%] Building CXX object CMakeFiles/horde_rt_provider_shipping_high_fixture.dir/tests/RtPipelineVariantFixture.cpp.o
shared-gameplay	Build shared gameplay tests	2026-09-30T13:29:27.6968553Z [ 91%] Building CXX object CMakeFiles/horde_rt_provider_shipping_high_fixture.dir/src/vulkan/raytracing/RtPipelineBundleContracts.cpp.o
shared-gameplay	Build shared gameplay tests	2026-09-30T13:29:28.1444129Z [ 92%] Building CXX object CMakeFiles/horde_rt_benchmark_evidence_run_tests.dir/src/telemetry/RtPerformanceEvidence.cpp.o
shared-gameplay	Build shared gameplay tests	2026-09-30T13:29:28.6367422Z [ 93%] Building CXX object CMakeFiles/horde_rt_provider_shipping_high_fixture.dir/src/vulkan/raytracing/RtPipelineVariants.cpp.o
shared-gameplay	Build shared gameplay tests	2026-09-30T13:29:29.0015220Z [ 94%] Linking CXX executable horde_rt_provider_shipping_high_fixture
shared-gameplay	Build shared gameplay tests	2026-09-30T13:29:29.0515449Z [ 94%] Built target horde_rt_provider_shipping_high_fixture
shared-gameplay	Build shared gameplay tests	2026-09-30T13:29:29.0589309Z [ 95%] Building CXX object CMakeFiles/horde_rt_provider_diagnostic_mobile_fixture.dir/tests/RtPipelineVariantFixture.cpp.o
shared-gameplay	Build shared gameplay tests	2026-09-30T13:29:29.4321462Z [ 96%] Building CXX object CMakeFiles/horde_rt_benchmark_evidence_run_tests.dir/src/gameplay/ShowcaseBenchmark.cpp.o
shared-gameplay	Build shared gameplay tests	2026-09-30T13:29:29.6579909Z [ 97%] Building CXX object CMakeFiles/horde_rt_provider_diagnostic_mobile_fixture.dir/src/vulkan/raytracing/RtPipelineBundleContracts.cpp.o
shared-gameplay	Build shared gameplay tests	2026-09-30T13:29:30.5814381Z [ 97%] Building CXX object CMakeFiles/horde_rt_provider_diagnostic_mobile_fixture.dir/src/vulkan/raytracing/RtPipelineVariants.cpp.o
shared-gameplay	Build shared gameplay tests	2026-09-30T13:29:30.9301210Z [ 98%] Linking CXX executable horde_rt_provider_diagnostic_mobile_fixture
shared-gameplay	Build shared gameplay tests	2026-09-30T13:29:30.9711354Z [ 98%] Linking CXX executable horde_rt_benchmark_evidence_run_tests
shared-gameplay	Build shared gameplay tests	2026-09-30T13:29:30.9820679Z [ 98%] Built target horde_rt_provider_diagnostic_mobile_fixture
shared-gameplay	Build shared gameplay tests	2026-09-30T13:29:30.9893109Z [ 98%] Building CXX object CMakeFiles/horde_rt_provider_diagnostic_high_fixture.dir/tests/RtPipelineVariantFixture.cpp.o
shared-gameplay	Build shared gameplay tests	2026-09-30T13:29:31.0230369Z [ 98%] Built target horde_rt_benchmark_evidence_run_tests
shared-gameplay	Build shared gameplay tests	2026-09-30T13:29:31.0253578Z [ 99%] Building CXX object CMakeFiles/horde_rt_provider_diagnostic_high_fixture.dir/src/vulkan/raytracing/RtPipelineBundleContracts.cpp.o
shared-gameplay	Build shared gameplay tests	2026-09-30T13:29:31.5746538Z [100%] Building CXX object CMakeFiles/horde_rt_provider_diagnostic_high_fixture.dir/src/vulkan/raytracing/RtPipelineVariants.cpp.o
shared-gameplay	Build shared gameplay tests	2026-09-30T13:29:31.9628497Z [100%] Linking CXX executable horde_rt_provider_diagnostic_high_fixture
shared-gameplay	Build shared gameplay tests	2026-09-30T13:29:32.0153148Z [100%] Built target horde_rt_provider_diagnostic_high_fixture
shared-gameplay	Run shared gameplay tests	﻿2026-09-30T13:29:32.0302127Z ##[group]Run ctest --test-dir build/host-ci --build-config Release --output-on-failure
shared-gameplay	Run shared gameplay tests	2026-09-30T13:29:32.0302876Z ^[[36;1mctest --test-dir build/host-ci --build-config Release --output-on-failure^[[0m
shared-gameplay	Run shared gameplay tests	2026-09-30T13:29:32.0367376Z shell: /usr/bin/bash -e {0}
shared-gameplay	Run shared gameplay tests	2026-09-30T13:29:32.0367713Z ##[endgroup]
shared-gameplay	Run shared gameplay tests	2026-09-30T13:29:32.4265064Z Internal ctest changing into directory: /home/runner/work/The-Horde-RT-demo/The-Horde-RT-demo/build/host-ci
shared-gameplay	Run shared gameplay tests	2026-09-30T13:29:32.4978213Z Test project /home/runner/work/The-Horde-RT-demo/The-Horde-RT-demo/build/host-ci
shared-gameplay	Run shared gameplay tests	2026-09-30T13:29:32.5475145Z       Start  1: horde_rt_player_primitive_contract_tests
shared-gameplay	Run shared gameplay tests	2026-09-30T13:29:32.5549571Z  1/46 Test  #1: horde_rt_player_primitive_contract_tests ................   Passed    0.00 sec
shared-gameplay	Run shared gameplay tests	2026-09-30T13:29:32.5613736Z       Start  2: horde_rt_raygen_artifact_ownership_tests
shared-gameplay	Run shared gameplay tests	2026-09-30T13:29:33.5048029Z  2/46 Test  #2: horde_rt_raygen_artifact_ownership_tests ................   Passed    0.94 sec
shared-gameplay	Run shared gameplay tests	2026-09-30T13:29:33.5053015Z       Start  3: horde_rt_player_manifest_agreement_tests
shared-gameplay	Run shared gameplay tests	2026-09-30T13:29:34.3892230Z  3/46 Test  #3: horde_rt_player_manifest_agreement_tests ................   Passed    0.88 sec
shared-gameplay	Run shared gameplay tests	2026-09-30T13:29:34.3893772Z       Start  4: horde_rt_player_package_inventory_tests
shared-gameplay	Run shared gameplay tests	2026-09-30T13:29:35.3465806Z  4/46 Test  #4: horde_rt_player_package_inventory_tests .................   Passed    0.96 sec
shared-gameplay	Run shared gameplay tests	2026-09-30T13:29:35.3467038Z       Start  5: horde_rt_lantern_benchmark_tests
shared-gameplay	Run shared gameplay tests	2026-09-30T13:29:35.3605253Z  5/46 Test  #5: horde_rt_lantern_benchmark_tests ........................   Passed    0.01 sec
shared-gameplay	Run shared gameplay tests	2026-09-30T13:29:35.3606582Z       Start  6: horde_rt_benchmark_evidence_report_tests
shared-gameplay	Run shared gameplay tests	2026-09-30T13:29:35.3636643Z  6/46 Test  #6: horde_rt_benchmark_evidence_report_tests ................   Passed    0.00 sec
shared-gameplay	Run shared gameplay tests	2026-09-30T13:29:35.3637940Z       Start  7: horde_rt_windows_benchmark_launch_tests
shared-gameplay	Run shared gameplay tests	2026-09-30T13:29:35.3653277Z  7/46 Test  #7: horde_rt_windows_benchmark_launch_tests .................   Passed    0.00 sec
shared-gameplay	Run shared gameplay tests	2026-09-30T13:29:35.3654371Z       Start  8: horde_rt_benchmark_evidence_run_tests
shared-gameplay	Run shared gameplay tests	2026-09-30T13:29:35.3736351Z  8/46 Test  #8: horde_rt_benchmark_evidence_run_tests ...................   Passed    0.01 sec
shared-gameplay	Run shared gameplay tests	2026-09-30T13:29:35.3737699Z       Start  9: horde_rt_evidence_publication_tests
shared-gameplay	Run shared gameplay tests	2026-09-30T13:29:35.3755459Z  9/46 Test  #9: horde_rt_evidence_publication_tests .....................   Passed    0.00 sec
shared-gameplay	Run shared gameplay tests	2026-09-30T13:29:35.3756785Z       Start 10: horde_rt_ray_tracing_requirements_tests
shared-gameplay	Run shared gameplay tests	2026-09-30T13:29:35.3772232Z 10/46 Test #10: horde_rt_ray_tracing_requirements_tests .................   Passed    0.00 sec
shared-gameplay	Run shared gameplay tests	2026-09-30T13:29:35.3773682Z       Start 11: horde_rt_performance_evidence_tests
shared-gameplay	Run shared gameplay tests	2026-09-30T13:29:35.6603136Z 11/46 Test #11: horde_rt_performance_evidence_tests .....................   Passed    0.28 sec
shared-gameplay	Run shared gameplay tests	2026-09-30T13:29:35.6604348Z       Start 12: horde_rt_scene_record_observation_tests
shared-gameplay	Run shared gameplay tests	2026-09-30T13:29:35.6624258Z 12/46 Test #12: horde_rt_scene_record_observation_tests .................   Passed    0.00 sec
shared-gameplay	Run shared gameplay tests	2026-09-30T13:29:35.6625267Z       Start 13: horde_rt_pipeline_variants_tests
shared-gameplay	Run shared gameplay tests	2026-09-30T13:29:35.6640810Z 13/46 Test #13: horde_rt_pipeline_variants_tests ........................   Passed    0.00 sec
shared-gameplay	Run shared gameplay tests	2026-09-30T13:29:35.6642148Z       Start 14: horde_rt_pipeline_variant_provider_tests
shared-gameplay	Run shared gameplay tests	2026-09-30T13:29:35.6657524Z 14/46 Test #14: horde_rt_pipeline_variant_provider_tests ................   Passed    0.00 sec
shared-gameplay	Run shared gameplay tests	2026-09-30T13:29:35.6658967Z       Start 15: horde_rt_pipeline_bundle_contracts_tests
shared-gameplay	Run shared gameplay tests	2026-09-30T13:29:35.6828573Z 15/46 Test #15: horde_rt_pipeline_bundle_contracts_tests ................   Passed    0.02 sec
shared-gameplay	Run shared gameplay tests	2026-09-30T13:29:35.6830105Z       Start 16: horde_rt_provider_shipping_mobile_fixture
shared-gameplay	Run shared gameplay tests	2026-09-30T13:29:35.6884036Z 16/46 Test #16: horde_rt_provider_shipping_mobile_fixture ...............   Passed    0.01 sec
shared-gameplay	Run shared gameplay tests	2026-09-30T13:29:35.6885433Z       Start 17: horde_rt_provider_shipping_mobile_fixture_evidence
shared-gameplay	Run shared gameplay tests	2026-09-30T13:29:52.1111589Z 17/46 Test #17: horde_rt_provider_shipping_mobile_fixture_evidence ......   Passed   16.42 sec
shared-gameplay	Run shared gameplay tests	2026-09-30T13:29:52.1114936Z       Start 18: horde_rt_provider_shipping_high_fixture
shared-gameplay	Run shared gameplay tests	2026-09-30T13:29:52.1170731Z 18/46 Test #18: horde_rt_provider_shipping_high_fixture .................   Passed    0.01 sec
shared-gameplay	Run shared gameplay tests	2026-09-30T13:29:52.1172015Z       Start 19: horde_rt_provider_shipping_high_fixture_evidence
shared-gameplay	Run shared gameplay tests	2026-09-30T13:30:07.5757187Z 19/46 Test #19: horde_rt_provider_shipping_high_fixture_evidence ........   Passed   15.46 sec
shared-gameplay	Run shared gameplay tests	2026-09-30T13:30:07.5759175Z       Start 20: horde_rt_provider_diagnostic_mobile_fixture
shared-gameplay	Run shared gameplay tests	2026-09-30T13:30:07.5817470Z 20/46 Test #20: horde_rt_provider_diagnostic_mobile_fixture .............   Passed    0.01 sec
shared-gameplay	Run shared gameplay tests	2026-09-30T13:30:07.5819154Z       Start 21: horde_rt_provider_diagnostic_mobile_fixture_evidence
shared-gameplay	Run shared gameplay tests	2026-09-30T13:30:23.4525983Z 21/46 Test #21: horde_rt_provider_diagnostic_mobile_fixture_evidence ....   Passed   15.87 sec
shared-gameplay	Run shared gameplay tests	2026-09-30T13:30:23.4527415Z       Start 22: horde_rt_provider_diagnostic_high_fixture
shared-gameplay	Run shared gameplay tests	2026-09-30T13:30:23.4587423Z 22/46 Test #22: horde_rt_provider_diagnostic_high_fixture ...............   Passed    0.01 sec
shared-gameplay	Run shared gameplay tests	2026-09-30T13:30:23.4589182Z       Start 23: horde_rt_provider_diagnostic_high_fixture_evidence
shared-gameplay	Run shared gameplay tests	2026-09-30T13:30:39.2680601Z 23/46 Test #23: horde_rt_provider_diagnostic_high_fixture_evidence ......   Passed   15.81 sec
shared-gameplay	Run shared gameplay tests	2026-09-30T13:30:39.2681960Z       Start 24: horde_rt_github_release_updater_tests
shared-gameplay	Run shared gameplay tests	2026-09-30T13:30:39.2704977Z 24/46 Test #24: horde_rt_github_release_updater_tests ...................   Passed    0.00 sec
shared-gameplay	Run shared gameplay tests	2026-09-30T13:30:39.2706657Z       Start 25: horde_rt_version_contract_tests
shared-gameplay	Run shared gameplay tests	2026-09-30T13:30:39.2804666Z 25/46 Test #25: horde_rt_version_contract_tests .........................   Passed    0.01 sec
shared-gameplay	Run shared gameplay tests	2026-09-30T13:30:39.2808332Z       Start 26: horde_rt_version_contract_incremental_configure_tests
shared-gameplay	Run shared gameplay tests	2026-09-30T13:30:41.5924643Z 26/46 Test #26: horde_rt_version_contract_incremental_configure_tests ...   Passed    2.31 sec
shared-gameplay	Run shared gameplay tests	2026-09-30T13:30:41.6011352Z       Start 27: horde_rt_dielectric_math_tests
shared-gameplay	Run shared gameplay tests	2026-09-30T13:30:41.6087612Z 27/46 Test #27: horde_rt_dielectric_math_tests ..........................   Passed    0.01 sec
shared-gameplay	Run shared gameplay tests	2026-09-30T13:30:41.6089133Z       Start 28: horde_rt_player_animation_tests
shared-gameplay	Run shared gameplay tests	2026-09-30T13:30:41.6117677Z 28/46 Test #28: horde_rt_player_animation_tests .........................   Passed    0.00 sec
shared-gameplay	Run shared gameplay tests	2026-09-30T13:30:41.6119721Z       Start 29: horde_rt_fire_emitter_tests
shared-gameplay	Run shared gameplay tests	2026-09-30T13:30:41.6142641Z 29/46 Test #29: horde_rt_fire_emitter_tests .............................   Passed    0.00 sec
shared-gameplay	Run shared gameplay tests	2026-09-30T13:30:41.6144060Z       Start 30: horde_rt_held_item_socket_tests
shared-gameplay	Run shared gameplay tests	2026-09-30T13:30:41.6680359Z 30/46 Test #30: horde_rt_held_item_socket_tests .........................   Passed    0.05 sec
shared-gameplay	Run shared gameplay tests	2026-09-30T13:30:41.6681409Z       Start 31: horde_rt_development_static_asset_tests
shared-gameplay	Run shared gameplay tests	2026-09-30T13:30:41.6704266Z 31/46 Test #31: horde_rt_development_static_asset_tests .................   Passed    0.00 sec
shared-gameplay	Run shared gameplay tests	2026-09-30T13:30:41.6705875Z       Start 32: horde_rt_scene_abi_tests
shared-gameplay	Run shared gameplay tests	2026-09-30T13:30:41.6723747Z 32/46 Test #32: horde_rt_scene_abi_tests ................................   Passed    0.00 sec
shared-gameplay	Run shared gameplay tests	2026-09-30T13:30:41.6725034Z       Start 33: horde_rt_static_gltf_asset_tests
shared-gameplay	Run shared gameplay tests	2026-09-30T13:30:41.7019624Z 33/46 Test #33: horde_rt_static_gltf_asset_tests ........................   Passed    0.03 sec
shared-gameplay	Run shared gameplay tests	2026-09-30T13:30:41.7020833Z       Start 34: horde_rt_production_prop_asset_tests
shared-gameplay	Run shared gameplay tests	2026-09-30T13:30:41.7343672Z 34/46 Test #34: horde_rt_production_prop_asset_tests ....................   Passed    0.03 sec
shared-gameplay	Run shared gameplay tests	2026-09-30T13:30:41.7346428Z       Start 35: horde_rt_simulation_timing_tests
shared-gameplay	Run shared gameplay tests	2026-09-30T13:30:41.7381119Z 35/46 Test #35: horde_rt_simulation_timing_tests ........................   Passed    0.00 sec
shared-gameplay	Run shared gameplay tests	2026-09-30T13:30:41.7382983Z       Start 36: horde_rt_simulation_gameplay_tests
shared-gameplay	Run shared gameplay tests	2026-09-30T13:30:41.7447251Z 36/46 Test #36: horde_rt_simulation_gameplay_tests ......................   Passed    0.01 sec
shared-gameplay	Run shared gameplay tests	2026-09-30T13:30:41.7448890Z       Start 37: horde_rt_music_director_tests
shared-gameplay	Run shared gameplay tests	2026-09-30T13:30:41.7471075Z 37/46 Test #37: horde_rt_music_director_tests ...........................   Passed    0.00 sec
shared-gameplay	Run shared gameplay tests	2026-09-30T13:30:41.7472528Z       Start 38: horde_rt_lantern_reward_tests
shared-gameplay	Run shared gameplay tests	2026-09-30T13:30:41.7491660Z 38/46 Test #38: horde_rt_lantern_reward_tests ...........................   Passed    0.00 sec
shared-gameplay	Run shared gameplay tests	2026-09-30T13:30:41.7493207Z       Start 39: horde_rt_lantern_pendulum_tests
shared-gameplay	Run shared gameplay tests	2026-09-30T13:30:41.7517114Z 39/46 Test #39: horde_rt_lantern_pendulum_tests .........................   Passed    0.00 sec
shared-gameplay	Run shared gameplay tests	2026-09-30T13:30:41.7518580Z       Start 40: horde_rt_input_mailbox_stress
shared-gameplay	Run shared gameplay tests	2026-09-30T13:30:41.8124261Z 40/46 Test #40: horde_rt_input_mailbox_stress ...........................   Passed    0.06 sec
shared-gameplay	Run shared gameplay tests	2026-09-30T13:30:41.8125497Z       Start 41: horde_rt_desktop_controller_input_tests
shared-gameplay	Run shared gameplay tests	2026-09-30T13:30:41.8157215Z 41/46 Test #41: horde_rt_desktop_controller_input_tests .................   Passed    0.00 sec
shared-gameplay	Run shared gameplay tests	2026-09-30T13:30:41.8158616Z       Start 42: horde_rt_gpu_timestamp_math_tests
shared-gameplay	Run shared gameplay tests	2026-09-30T13:30:41.8175684Z 42/46 Test #42: horde_rt_gpu_timestamp_math_tests .......................   Passed    0.00 sec
shared-gameplay	Run shared gameplay tests	2026-09-30T13:30:41.8177068Z       Start 43: horde_rt_combat_smoke
shared-gameplay	Run shared gameplay tests	2026-09-30T13:30:41.8199308Z 43/46 Test #43: horde_rt_combat_smoke ...................................   Passed    0.00 sec
shared-gameplay	Run shared gameplay tests	2026-09-30T13:30:41.8201051Z       Start 44: horde_rt_showcase_route_smoke
shared-gameplay	Run shared gameplay tests	2026-09-30T13:30:41.8218028Z 44/46 Test #44: horde_rt_showcase_route_smoke ...........................   Passed    0.00 sec
shared-gameplay	Run shared gameplay tests	2026-09-30T13:30:41.8220167Z       Start 45: horde_rt_showcase_gameplay_smoke
shared-gameplay	Run shared gameplay tests	2026-09-30T13:30:41.8238082Z 45/46 Test #45: horde_rt_showcase_gameplay_smoke ........................   Passed    0.00 sec
shared-gameplay	Run shared gameplay tests	2026-09-30T13:30:41.8239943Z       Start 46: horde_rt_spatial_audio_smoke
shared-gameplay	Run shared gameplay tests	2026-09-30T13:30:41.8274435Z 46/46 Test #46: horde_rt_spatial_audio_smoke ............................   Passed    0.00 sec
shared-gameplay	Run shared gameplay tests	2026-09-30T13:30:41.8278802Z 
shared-gameplay	Run shared gameplay tests	2026-09-30T13:30:41.8279259Z 100% tests passed, 0 tests failed out of 46
shared-gameplay	Run shared gameplay tests	2026-09-30T13:30:41.8279859Z 
shared-gameplay	Run shared gameplay tests	2026-09-30T13:30:41.8280071Z Total Test time (real) =  69.33 sec
shared-gameplay	Check offline gauntlet chirality and UV winding	﻿2026-09-30T13:30:41.8762797Z ##[group]Run python3 -m unittest discover -s tests -p test_player_gauntlet_geometry.py -v
shared-gameplay	Check offline gauntlet chirality and UV winding	2026-09-30T13:30:41.8763465Z ^[[36;1mpython3 -m unittest discover -s tests -p test_player_gauntlet_geometry.py -v^[[0m
shared-gameplay	Check offline gauntlet chirality and UV winding	2026-09-30T13:30:41.8825648Z shell: /usr/bin/bash -e {0}
shared-gameplay	Check offline gauntlet chirality and UV winding	2026-09-30T13:30:41.8825935Z ##[endgroup]
shared-gameplay	Check offline gauntlet chirality and UV winding	2026-09-30T13:30:41.9425983Z test_invalid_chirality_is_rejected (test_player_gauntlet_geometry.GauntletGeometryTests.test_invalid_chirality_is_rejected) ... ok
shared-gameplay	Check offline gauntlet chirality and UV winding	2026-09-30T13:30:41.9428271Z test_legacy_uv_mode_is_explicit_not_default (test_player_gauntlet_geometry.GauntletGeometryTests.test_legacy_uv_mode_is_explicit_not_default) ... ok
shared-gameplay	Check offline gauntlet chirality and UV winding	2026-09-30T13:30:41.9431234Z test_mirror_preserves_vertex_to_uv_correspondence (test_player_gauntlet_geometry.GauntletGeometryTests.test_mirror_preserves_vertex_to_uv_correspondence) ... ok
shared-gameplay	Check offline gauntlet chirality and UV winding	2026-09-30T13:30:41.9433955Z test_mismatched_corner_roster_is_rejected (test_player_gauntlet_geometry.GauntletGeometryTests.test_mismatched_corner_roster_is_rejected) ... ok
shared-gameplay	Check offline gauntlet chirality and UV winding	2026-09-30T13:30:41.9435700Z test_right_source_is_mirrored_only_for_left_hand (test_player_gauntlet_geometry.GauntletGeometryTests.test_right_source_is_mirrored_only_for_left_hand) ... ok
shared-gameplay	Check offline gauntlet chirality and UV winding	2026-09-30T13:30:41.9437330Z test_unmirrored_source_preserves_all_corners (test_player_gauntlet_geometry.GauntletGeometryTests.test_unmirrored_source_preserves_all_corners) ... ok
shared-gameplay	Check offline gauntlet chirality and UV winding	2026-09-30T13:30:41.9438206Z 
shared-gameplay	Check offline gauntlet chirality and UV winding	2026-09-30T13:30:41.9438416Z ----------------------------------------------------------------------
shared-gameplay	Check offline gauntlet chirality and UV winding	2026-09-30T13:30:41.9439242Z Ran 6 tests in 0.000s
shared-gameplay	Check offline gauntlet chirality and UV winding	2026-09-30T13:30:41.9439442Z 
shared-gameplay	Check offline gauntlet chirality and UV winding	2026-09-30T13:30:41.9439550Z OK
shared-gameplay	Check exact player cloth seam weight transfers	﻿2026-09-30T13:30:41.9557806Z ##[group]Run python3 -m unittest discover -s tests -p test_player_sleeve_seams.py -v
shared-gameplay	Check exact player cloth seam weight transfers	2026-09-30T13:30:41.9558462Z ^[[36;1mpython3 -m unittest discover -s tests -p test_player_sleeve_seams.py -v^[[0m
shared-gameplay	Check exact player cloth seam weight transfers	2026-09-30T13:30:41.9621335Z shell: /usr/bin/bash -e {0}
shared-gameplay	Check exact player cloth seam weight transfers	2026-09-30T13:30:41.9621629Z ##[endgroup]
shared-gameplay	Check exact player cloth seam weight transfers	2026-09-30T13:30:42.0249670Z test_conflicting_coincident_view_endpoint_records_fail (test_player_sleeve_seams.PlayerSleeveSeamTests.test_conflicting_coincident_view_endpoint_records_fail) ... ok
shared-gameplay	Check exact player cloth seam weight transfers	2026-09-30T13:30:42.0254097Z test_explicit_body_remainder_preserves_the_same_cloth_seam (test_player_sleeve_seams.PlayerSleeveSeamTests.test_explicit_body_remainder_preserves_the_same_cloth_seam) ... ok
shared-gameplay	Check exact player cloth seam weight transfers	2026-09-30T13:30:42.0255660Z test_invalid_face_index_fails (test_player_sleeve_seams.PlayerSleeveSeamTests.test_invalid_face_index_fails) ... ok
shared-gameplay	Check exact player cloth seam weight transfers	2026-09-30T13:30:42.0259354Z test_negative_or_unnormalized_weight_fails (test_player_sleeve_seams.PlayerSleeveSeamTests.test_negative_or_unnormalized_weight_fails) ... ok
shared-gameplay	Check exact player cloth seam weight transfers	2026-09-30T13:30:42.0261328Z test_nonfinite_position_fails (test_player_sleeve_seams.PlayerSleeveSeamTests.test_nonfinite_position_fails) ... ok
shared-gameplay	Check exact player cloth seam weight transfers	2026-09-30T13:30:42.0264839Z test_nonmanifold_and_degenerate_sleeve_edges_fail (test_player_sleeve_seams.PlayerSleeveSeamTests.test_nonmanifold_and_degenerate_sleeve_edges_fail) ... ok
shared-gameplay	Check exact player cloth seam weight transfers	2026-09-30T13:30:42.0271598Z test_retained_world_authoring_roundoff_does_not_relax_canonical_weights (test_player_sleeve_seams.PlayerSleeveSeamTests.test_retained_world_authoring_roundoff_does_not_relax_canonical_weights) ... ok
shared-gameplay	Check exact player cloth seam weight transfers	2026-09-30T13:30:42.0274873Z test_transfers_canonical_shared_boundary_weights_without_mutating_inputs (test_player_sleeve_seams.PlayerSleeveSeamTests.test_transfers_canonical_shared_boundary_weights_without_mutating_inputs) ... ok
shared-gameplay	Check exact player cloth seam weight transfers	2026-09-30T13:30:42.0276664Z test_unknown_view_bone_name_fails (test_player_sleeve_seams.PlayerSleeveSeamTests.test_unknown_view_bone_name_fails) ... ok
shared-gameplay	Check exact player cloth seam weight transfers	2026-09-30T13:30:42.0281003Z test_unshared_and_no_nearface_edges_do_not_transfer (test_player_sleeve_seams.PlayerSleeveSeamTests.test_unshared_and_no_nearface_edges_do_not_transfer) ... ok
shared-gameplay	Check exact player cloth seam weight transfers	2026-09-30T13:30:42.0283324Z test_unused_vertices_may_have_no_deform_weights (test_player_sleeve_seams.PlayerSleeveSeamTests.test_unused_vertices_may_have_no_deform_weights) ... ok
shared-gameplay	Check exact player cloth seam weight transfers	2026-09-30T13:30:42.0285635Z test_vertices_shared_with_head_or_gauntlet_are_excluded (test_player_sleeve_seams.PlayerSleeveSeamTests.test_vertices_shared_with_head_or_gauntlet_are_excluded) ... ok
shared-gameplay	Check exact player cloth seam weight transfers	2026-09-30T13:30:42.0286332Z 
shared-gameplay	Check exact player cloth seam weight transfers	2026-09-30T13:30:42.0286491Z ----------------------------------------------------------------------
shared-gameplay	Check exact player cloth seam weight transfers	2026-09-30T13:30:42.0286844Z Ran 12 tests in 0.004s
shared-gameplay	Check exact player cloth seam weight transfers	2026-09-30T13:30:42.0286987Z 
shared-gameplay	Check exact player cloth seam weight transfers	2026-09-30T13:30:42.0287071Z OK
shared-gameplay	Check upper torso partition preserves the head mask	﻿2026-09-30T13:30:42.0413159Z ##[group]Run python3 -m unittest discover -s tests -p test_player_body_partition.py -v
shared-gameplay	Check upper torso partition preserves the head mask	2026-09-30T13:30:42.0413802Z ^[[36;1mpython3 -m unittest discover -s tests -p test_player_body_partition.py -v^[[0m
shared-gameplay	Check upper torso partition preserves the head mask	2026-09-30T13:30:42.0479839Z shell: /usr/bin/bash -e {0}
shared-gameplay	Check upper torso partition preserves the head mask	2026-09-30T13:30:42.0480111Z ##[endgroup]
shared-gameplay	Check upper torso partition preserves the head mask	2026-09-30T13:30:42.1047788Z test_invalid_or_incompatible_landmarks_reject (test_player_body_partition.BodyPartitionTests.test_invalid_or_incompatible_landmarks_reject) ... ok
shared-gameplay	Check upper torso partition preserves the head mask	2026-09-30T13:30:42.1050239Z test_origin_and_scale_are_explicit (test_player_body_partition.BodyPartitionTests.test_origin_and_scale_are_explicit) ... ok
shared-gameplay	Check upper torso partition preserves the head mask	2026-09-30T13:30:42.1051940Z test_retains_the_original_head_mask (test_player_body_partition.BodyPartitionTests.test_retains_the_original_head_mask) ... ok
shared-gameplay	Check upper torso partition preserves the head mask	2026-09-30T13:30:42.1052962Z 
shared-gameplay	Check upper torso partition preserves the head mask	2026-09-30T13:30:42.1053225Z ----------------------------------------------------------------------
shared-gameplay	Check upper torso partition preserves the head mask	2026-09-30T13:30:42.1053837Z Ran 3 tests in 0.000s
shared-gameplay	Check upper torso partition preserves the head mask	2026-09-30T13:30:42.1054082Z 
shared-gameplay	Check upper torso partition preserves the head mask	2026-09-30T13:30:42.1054297Z OK
shared-gameplay	Check bounded segmented cloth seam plans	﻿2026-09-30T13:30:42.1196030Z ##[group]Run python3 -m unittest discover -s tests -p test_player_segmented_seams.py -v
shared-gameplay	Check bounded segmented cloth seam plans	2026-09-30T13:30:42.1196868Z ^[[36;1mpython3 -m unittest discover -s tests -p test_player_segmented_seams.py -v^[[0m
shared-gameplay	Check bounded segmented cloth seam plans	2026-09-30T13:30:42.1267262Z shell: /usr/bin/bash -e {0}
shared-gameplay	Check bounded segmented cloth seam plans	2026-09-30T13:30:42.1267554Z ##[endgroup]
shared-gameplay	Check bounded segmented cloth seam plans	2026-09-30T13:30:42.1843856Z test_already_matching_segments_need_no_split (test_player_segmented_seams.SegmentedSeamTests.test_already_matching_segments_need_no_split) ... ok
shared-gameplay	Check bounded segmented cloth seam plans	2026-09-30T13:30:42.1846545Z test_nearby_but_not_coincident_edge_is_not_welded (test_player_segmented_seams.SegmentedSeamTests.test_nearby_but_not_coincident_edge_is_not_welded) ... ok
shared-gameplay	Check bounded segmented cloth seam plans	2026-09-30T13:30:42.1848577Z test_no_body_primary_backing_does_not_authorize_a_split (test_player_segmented_seams.SegmentedSeamTests.test_no_body_primary_backing_does_not_authorize_a_split) ... ok
shared-gameplay	Check bounded segmented cloth seam plans	2026-09-30T13:30:42.1850472Z test_partial_cloth_coverage_rejects (test_player_segmented_seams.SegmentedSeamTests.test_partial_cloth_coverage_rejects) ... ok
shared-gameplay	Check bounded segmented cloth seam plans	2026-09-30T13:30:42.1852629Z test_plans_only_canonical_midpoint_without_mutating_inputs (test_player_segmented_seams.SegmentedSeamTests.test_plans_only_canonical_midpoint_without_mutating_inputs) ... ok
shared-gameplay	Check bounded segmented cloth seam plans	2026-09-30T13:30:42.1854645Z test_protected_vertex_rejects (test_player_segmented_seams.SegmentedSeamTests.test_protected_vertex_rejects) ... ok
shared-gameplay	Check bounded segmented cloth seam plans	2026-09-30T13:30:42.1856244Z test_same_winding_rejects (test_player_segmented_seams.SegmentedSeamTests.test_same_winding_rejects) ... ok
shared-gameplay	Check bounded segmented cloth seam plans	2026-09-30T13:30:42.1857099Z 
shared-gameplay	Check bounded segmented cloth seam plans	2026-09-30T13:30:42.1857260Z ----------------------------------------------------------------------
shared-gameplay	Check bounded segmented cloth seam plans	2026-09-30T13:30:42.1857623Z Ran 7 tests in 0.002s
shared-gameplay	Check bounded segmented cloth seam plans	2026-09-30T13:30:42.1857764Z 
shared-gameplay	Check bounded segmented cloth seam plans	2026-09-30T13:30:42.1857847Z OK
shared-gameplay	Check Gradle APK artifact resolution	﻿2026-09-30T13:30:42.1974038Z ##[group]Run ./tools/test-resolve-android-apk.ps1
shared-gameplay	Check Gradle APK artifact resolution	2026-09-30T13:30:42.1974493Z ^[[36;1m./tools/test-resolve-android-apk.ps1^[[0m
shared-gameplay	Check Gradle APK artifact resolution	2026-09-30T13:30:42.2001951Z shell: /usr/bin/pwsh -command ". '{0}'"
shared-gameplay	Check Gradle APK artifact resolution	2026-09-30T13:30:42.2002268Z ##[endgroup]
shared-gameplay	Check Gradle APK artifact resolution	2026-09-30T13:30:42.6573574Z PASS normal Gradle output
shared-gameplay	Check Gradle APK artifact resolution	2026-09-30T13:30:42.6815458Z PASS redirected intermediates output
shared-gameplay	Check Gradle APK artifact resolution	2026-09-30T13:30:42.7126429Z PASS wrong variant (rejected)
shared-gameplay	Check Gradle APK artifact resolution	2026-09-30T13:30:42.7192591Z PASS wrong artifact type (rejected)
shared-gameplay	Check Gradle APK artifact resolution	2026-09-30T13:30:42.7251917Z PASS missing output element (rejected)
shared-gameplay	Check Gradle APK artifact resolution	2026-09-30T13:30:42.7315170Z PASS multiple output elements (rejected)
shared-gameplay	Check Gradle APK artifact resolution	2026-09-30T13:30:42.7377049Z PASS missing APK file (rejected)
shared-gameplay	Check Gradle APK artifact resolution	2026-09-30T13:30:42.7432410Z PASS filename path traversal (rejected)
shared-gameplay	Check Gradle APK artifact resolution	2026-09-30T13:30:42.7483940Z PASS escaped listing path (rejected)
shared-gameplay	Check Gradle APK artifact resolution	2026-09-30T13:30:42.7537619Z PASS duplicate redirect entries (rejected)
shared-gameplay	Check Gradle APK artifact resolution	2026-09-30T13:30:42.7547679Z All 10 resolver cases passed.
shared-gameplay	Check Android combat capture expectations	﻿2026-09-30T13:30:42.8125414Z ##[group]Run ./tests/AndroidCombatCaptureExpectations.ps1
shared-gameplay	Check Android combat capture expectations	2026-09-30T13:30:42.8125943Z ^[[36;1m./tests/AndroidCombatCaptureExpectations.ps1^[[0m
shared-gameplay	Check Android combat capture expectations	2026-09-30T13:30:42.8151318Z shell: /usr/bin/pwsh -command ". '{0}'"
shared-gameplay	Check Android combat capture expectations	2026-09-30T13:30:42.8151652Z ##[endgroup]
shared-gameplay	Check Android combat capture expectations	2026-09-30T13:30:43.3340407Z Android combat capture expectations: 34 cases passed.
shared-gameplay	Check Android combat capture expectations	2026-09-30T13:30:43.3649921Z Android gameplay versus isolated-glass ownership: 16 cases passed.
shared-gameplay	Post Check out source	﻿2026-09-30T13:30:43.4207496Z Post job cleanup.
shared-gameplay	Post Check out source	2026-09-30T13:30:43.5133000Z [command]/usr/bin/git version
shared-gameplay	Post Check out source	2026-09-30T13:30:43.5182236Z git version 2.55.0
shared-gameplay	Post Check out source	2026-09-30T13:30:43.5231985Z Temporarily overriding HOME='/home/runner/work/_temp/dd4ed3b8-cbb0-4300-8da5-dedbffe6f806' before making global git config changes
shared-gameplay	Post Check out source	2026-09-30T13:30:43.5233786Z Adding repository directory to the temporary git global config as a safe directory
shared-gameplay	Post Check out source	2026-09-30T13:30:43.5237895Z [command]/usr/bin/git config --global --add safe.directory /home/runner/work/The-Horde-RT-demo/The-Horde-RT-demo
shared-gameplay	Post Check out source	2026-09-30T13:30:43.5277279Z Removing SSH command configuration
shared-gameplay	Post Check out source	2026-09-30T13:30:43.5285854Z [command]/usr/bin/git config --local --name-only --get-regexp core\.sshCommand
shared-gameplay	Post Check out source	2026-09-30T13:30:43.5336834Z [command]/usr/bin/git submodule foreach --recursive sh -c "git config --local --name-only --get-regexp 'core\.sshCommand' && git config --local --unset-all 'core.sshCommand' || :"
shared-gameplay	Post Check out source	2026-09-30T13:30:43.5598546Z Removing HTTP extra header
shared-gameplay	Post Check out source	2026-09-30T13:30:43.5605913Z [command]/usr/bin/git config --local --name-only --get-regexp http\.https\:\/\/github\.com\/\.extraheader
shared-gameplay	Post Check out source	2026-09-30T13:30:43.5644646Z [command]/usr/bin/git submodule foreach --recursive sh -c "git config --local --name-only --get-regexp 'http\.https\:\/\/github\.com\/\.extraheader' && git config --local --unset-all 'http.https://github.com/.extraheader' || :"
shared-gameplay	Post Check out source	2026-09-30T13:30:43.5933266Z Removing includeIf entries pointing to credentials config files
shared-gameplay	Post Check out source	2026-09-30T13:30:43.5940886Z [command]/usr/bin/git config --local --name-only --get-regexp ^includeIf\.gitdir:
shared-gameplay	Post Check out source	2026-09-30T13:30:43.6006056Z includeif.gitdir:/home/runner/work/The-Horde-RT-demo/The-Horde-RT-demo/.git.path
shared-gameplay	Post Check out source	2026-09-30T13:30:43.6007257Z includeif.gitdir:/home/runner/work/The-Horde-RT-demo/The-Horde-RT-demo/.git/worktrees/*.path
shared-gameplay	Post Check out source	2026-09-30T13:30:43.6008251Z includeif.gitdir:/github/workspace/.git.path
shared-gameplay	Post Check out source	2026-09-30T13:30:43.6009294Z includeif.gitdir:/github/workspace/.git/worktrees/*.path
shared-gameplay	Post Check out source	2026-09-30T13:30:43.6022269Z [command]/usr/bin/git config --local --get-all includeif.gitdir:/home/runner/work/The-Horde-RT-demo/The-Horde-RT-demo/.git.path
shared-gameplay	Post Check out source	2026-09-30T13:30:43.6053748Z /home/runner/work/_temp/git-credentials-5a264b18-af65-4a64-84b4-6295da1fb738.config
shared-gameplay	Post Check out source	2026-09-30T13:30:43.6071951Z [command]/usr/bin/git config --local --unset includeif.gitdir:/home/runner/work/The-Horde-RT-demo/The-Horde-RT-demo/.git.path /home/runner/work/_temp/git-credentials-5a264b18-af65-4a64-84b4-6295da1fb738.config
shared-gameplay	Post Check out source	2026-09-30T13:30:43.6131389Z [command]/usr/bin/git config --local --get-all includeif.gitdir:/home/runner/work/The-Horde-RT-demo/The-Horde-RT-demo/.git/worktrees/*.path
shared-gameplay	Post Check out source	2026-09-30T13:30:43.6153937Z /home/runner/work/_temp/git-credentials-5a264b18-af65-4a64-84b4-6295da1fb738.config
shared-gameplay	Post Check out source	2026-09-30T13:30:43.6176383Z [command]/usr/bin/git config --local --unset includeif.gitdir:/home/runner/work/The-Horde-RT-demo/The-Horde-RT-demo/.git/worktrees/*.path /home/runner/work/_temp/git-credentials-5a264b18-af65-4a64-84b4-6295da1fb738.config
shared-gameplay	Post Check out source	2026-09-30T13:30:43.6250410Z [command]/usr/bin/git config --local --get-all includeif.gitdir:/github/workspace/.git.path
shared-gameplay	Post Check out source	2026-09-30T13:30:43.6251593Z /github/runner_temp/git-credentials-5a264b18-af65-4a64-84b4-6295da1fb738.config
shared-gameplay	Post Check out source	2026-09-30T13:30:43.6269347Z [command]/usr/bin/git config --local --unset includeif.gitdir:/github/workspace/.git.path /github/runner_temp/git-credentials-5a264b18-af65-4a64-84b4-6295da1fb738.config
shared-gameplay	Post Check out source	2026-09-30T13:30:43.6304041Z [command]/usr/bin/git config --local --get-all includeif.gitdir:/github/workspace/.git/worktrees/*.path
shared-gameplay	Post Check out source	2026-09-30T13:30:43.6337089Z /github/runner_temp/git-credentials-5a264b18-af65-4a64-84b4-6295da1fb738.config
shared-gameplay	Post Check out source	2026-09-30T13:30:43.6350912Z [command]/usr/bin/git config --local --unset includeif.gitdir:/github/workspace/.git/worktrees/*.path /github/runner_temp/git-credentials-5a264b18-af65-4a64-84b4-6295da1fb738.config
shared-gameplay	Post Check out source	2026-09-30T13:30:43.6404916Z [command]/usr/bin/git submodule foreach --recursive git config --local --show-origin --name-only --get-regexp remote.origin.url
shared-gameplay	Post Check out source	2026-09-30T13:30:43.6684537Z Removing credentials config '/home/runner/work/_temp/git-credentials-5a264b18-af65-4a64-84b4-6295da1fb738.config'
player-vulkan-host	Set up job	﻿2026-09-30T13:28:14.0466522Z Current runner version: '2.337.0'
player-vulkan-host	Set up job	2026-09-30T13:28:14.0487255Z ##[group]Runner Image Provisioner
player-vulkan-host	Set up job	2026-09-30T13:28:14.0487872Z Hosted Compute Agent
player-vulkan-host	Set up job	2026-09-30T13:28:14.0488449Z Version: 20260828.587
player-vulkan-host	Set up job	2026-09-30T13:28:14.0488831Z Commit: abac92662cab4cc7352de4f9f9d2e2419aad9c29
player-vulkan-host	Set up job	2026-09-30T13:28:14.0489296Z Build Date: 2026-08-28T16:44:25Z
player-vulkan-host	Set up job	2026-09-30T13:28:14.0489712Z Worker ID: {1dddfeb6-e0f4-49ad-a60d-2d72a2694cd1}
player-vulkan-host	Set up job	2026-09-30T13:28:14.0490172Z Azure Region: centralus
player-vulkan-host	Set up job	2026-09-30T13:28:14.0490557Z ##[endgroup]
player-vulkan-host	Set up job	2026-09-30T13:28:14.0491448Z ##[group]Operating System
player-vulkan-host	Set up job	2026-09-30T13:28:14.0491847Z Ubuntu
player-vulkan-host	Set up job	2026-09-30T13:28:14.0492204Z 24.04.5
player-vulkan-host	Set up job	2026-09-30T13:28:14.0492516Z LTS
player-vulkan-host	Set up job	2026-09-30T13:28:14.0492884Z ##[endgroup]
player-vulkan-host	Set up job	2026-09-30T13:28:14.0493229Z ##[group]Runner Image
player-vulkan-host	Set up job	2026-09-30T13:28:14.0493582Z Image: ubuntu-24.04
player-vulkan-host	Set up job	2026-09-30T13:28:14.0493974Z Version: 20260920.314.1
player-vulkan-host	Set up job	2026-09-30T13:28:14.0494627Z Included Software: https://github.com/actions/runner-images/blob/ubuntu24/20260920.314/images/ubuntu/Ubuntu2404-Readme.md
player-vulkan-host	Set up job	2026-09-30T13:28:14.0495778Z Image Release: https://github.com/actions/runner-images/releases/tag/ubuntu24%2F20260920.314
player-vulkan-host	Set up job	2026-09-30T13:28:14.0496383Z ##[endgroup]
player-vulkan-host	Set up job	2026-09-30T13:28:14.0497189Z ##[group]GITHUB_TOKEN Permissions
player-vulkan-host	Set up job	2026-09-30T13:28:14.0498767Z Contents: read
player-vulkan-host	Set up job	2026-09-30T13:28:14.0499190Z Metadata: read
player-vulkan-host	Set up job	2026-09-30T13:28:14.0499540Z ##[endgroup]
player-vulkan-host	Set up job	2026-09-30T13:28:14.0501392Z Secret source: Actions
player-vulkan-host	Set up job	2026-09-30T13:28:14.0501952Z Cache mode: write
player-vulkan-host	Set up job	2026-09-30T13:28:14.0502442Z Prepare workflow directory
player-vulkan-host	Set up job	2026-09-30T13:28:14.0751465Z Prepare all required actions
player-vulkan-host	Set up job	2026-09-30T13:28:14.0791633Z Getting action download info
player-vulkan-host	Set up job	2026-09-30T13:28:14.3352577Z Download action repository 'actions/checkout@v6' (SHA:d23441a48e516b6c34aea4fa41551a30e30af803)
player-vulkan-host	Set up job	2026-09-30T13:28:14.4686808Z Complete job name: player-vulkan-host
player-vulkan-host	Check out source	﻿2026-09-30T13:28:14.5217610Z ##[group]Run actions/checkout@v6
player-vulkan-host	Check out source	2026-09-30T13:28:14.5218058Z with:
player-vulkan-host	Check out source	2026-09-30T13:28:14.5218442Z   repository: Samfa12-tech/The-Horde-RT-demo
player-vulkan-host	Check out source	2026-09-30T13:28:14.5220731Z   token: ***
player-vulkan-host	Check out source	2026-09-30T13:28:14.5220984Z   ssh-strict: true
player-vulkan-host	Check out source	2026-09-30T13:28:14.5221225Z   ssh-user: git
player-vulkan-host	Check out source	2026-09-30T13:28:14.5221534Z   persist-credentials: true
player-vulkan-host	Check out source	2026-09-30T13:28:14.5221799Z   clean: true
player-vulkan-host	Check out source	2026-09-30T13:28:14.5222046Z   sparse-checkout-cone-mode: true
player-vulkan-host	Check out source	2026-09-30T13:28:14.5222327Z   fetch-depth: 1
player-vulkan-host	Check out source	2026-09-30T13:28:14.5222564Z   fetch-tags: false
player-vulkan-host	Check out source	2026-09-30T13:28:14.5222805Z   show-progress: true
player-vulkan-host	Check out source	2026-09-30T13:28:14.5223047Z   lfs: false
player-vulkan-host	Check out source	2026-09-30T13:28:14.5223270Z   submodules: false
player-vulkan-host	Check out source	2026-09-30T13:28:14.5223516Z   set-safe-directory: true
player-vulkan-host	Check out source	2026-09-30T13:28:14.5223791Z   allow-unsafe-pr-checkout: false
player-vulkan-host	Check out source	2026-09-30T13:28:14.5224148Z ##[endgroup]
player-vulkan-host	Check out source	2026-09-30T13:28:14.5928878Z Syncing repository: Samfa12-tech/The-Horde-RT-demo
player-vulkan-host	Check out source	2026-09-30T13:28:14.5930275Z ##[group]Getting Git version info
player-vulkan-host	Check out source	2026-09-30T13:28:14.5930716Z Working directory is '/home/runner/work/The-Horde-RT-demo/The-Horde-RT-demo'
player-vulkan-host	Check out source	2026-09-30T13:28:14.5931460Z [command]/usr/bin/git version
player-vulkan-host	Check out source	2026-09-30T13:28:14.6009781Z git version 2.55.0
player-vulkan-host	Check out source	2026-09-30T13:28:14.6028017Z ##[endgroup]
player-vulkan-host	Check out source	2026-09-30T13:28:14.6040113Z Temporarily overriding HOME='/home/runner/work/_temp/260a696d-347b-4755-9a47-ed5f1ed84605' before making global git config changes
player-vulkan-host	Check out source	2026-09-30T13:28:14.6041153Z Adding repository directory to the temporary git global config as a safe directory
player-vulkan-host	Check out source	2026-09-30T13:28:14.6044659Z [command]/usr/bin/git config --global --add safe.directory /home/runner/work/The-Horde-RT-demo/The-Horde-RT-demo
player-vulkan-host	Check out source	2026-09-30T13:28:14.6099477Z Deleting the contents of '/home/runner/work/The-Horde-RT-demo/The-Horde-RT-demo'
player-vulkan-host	Check out source	2026-09-30T13:28:14.6103288Z ##[group]Determining repository object format
player-vulkan-host	Check out source	2026-09-30T13:28:14.6105249Z ##[endgroup]
player-vulkan-host	Check out source	2026-09-30T13:28:14.6105906Z ##[group]Initializing the repository
player-vulkan-host	Check out source	2026-09-30T13:28:14.6108894Z [command]/usr/bin/git init /home/runner/work/The-Horde-RT-demo/The-Horde-RT-demo
player-vulkan-host	Check out source	2026-09-30T13:28:14.6211524Z hint: Using 'master' as the name for the initial branch. This default branch name
player-vulkan-host	Check out source	2026-09-30T13:28:14.6212905Z hint: will change to "main" in Git 3.0. To configure the initial branch name
player-vulkan-host	Check out source	2026-09-30T13:28:14.6214411Z hint: to use in all of your new repositories, which will suppress this warning,
player-vulkan-host	Check out source	2026-09-30T13:28:14.6215348Z hint: call:
player-vulkan-host	Check out source	2026-09-30T13:28:14.6215879Z hint:
player-vulkan-host	Check out source	2026-09-30T13:28:14.6216681Z hint: 	git config --global init.defaultBranch <name>
player-vulkan-host	Check out source	2026-09-30T13:28:14.6217399Z hint:
player-vulkan-host	Check out source	2026-09-30T13:28:14.6217949Z hint: Names commonly chosen instead of 'master' are 'main', 'trunk' and
player-vulkan-host	Check out source	2026-09-30T13:28:14.6218909Z hint: 'development'. The just-created branch can be renamed via this command:
player-vulkan-host	Check out source	2026-09-30T13:28:14.6219612Z hint:
player-vulkan-host	Check out source	2026-09-30T13:28:14.6219983Z hint: 	git branch -m <name>
player-vulkan-host	Check out source	2026-09-30T13:28:14.6220391Z hint:
player-vulkan-host	Check out source	2026-09-30T13:28:14.6220974Z hint: Disable this message with "git config set advice.defaultBranchName false"
player-vulkan-host	Check out source	2026-09-30T13:28:14.6222000Z Initialized empty Git repository in /home/runner/work/The-Horde-RT-demo/The-Horde-RT-demo/.git/
player-vulkan-host	Check out source	2026-09-30T13:28:14.6223832Z [command]/usr/bin/git remote add origin https://github.com/Samfa12-tech/The-Horde-RT-demo
player-vulkan-host	Check out source	2026-09-30T13:28:14.6278592Z ##[endgroup]
player-vulkan-host	Check out source	2026-09-30T13:28:14.6279383Z ##[group]Disabling automatic garbage collection
player-vulkan-host	Check out source	2026-09-30T13:28:14.6282457Z [command]/usr/bin/git config --local gc.auto 0
player-vulkan-host	Check out source	2026-09-30T13:28:14.6321134Z ##[endgroup]
player-vulkan-host	Check out source	2026-09-30T13:28:14.6322377Z ##[group]Setting up auth
player-vulkan-host	Check out source	2026-09-30T13:28:14.6323035Z Removing SSH command configuration
player-vulkan-host	Check out source	2026-09-30T13:28:14.6327207Z [command]/usr/bin/git config --local --name-only --get-regexp core\.sshCommand
player-vulkan-host	Check out source	2026-09-30T13:28:14.6360713Z [command]/usr/bin/git submodule foreach --recursive sh -c "git config --local --name-only --get-regexp 'core\.sshCommand' && git config --local --unset-all 'core.sshCommand' || :"
player-vulkan-host	Check out source	2026-09-30T13:28:14.6671602Z Removing HTTP extra header
player-vulkan-host	Check out source	2026-09-30T13:28:14.6677220Z [command]/usr/bin/git config --local --name-only --get-regexp http\.https\:\/\/github\.com\/\.extraheader
player-vulkan-host	Check out source	2026-09-30T13:28:14.6708574Z [command]/usr/bin/git submodule foreach --recursive sh -c "git config --local --name-only --get-regexp 'http\.https\:\/\/github\.com\/\.extraheader' && git config --local --unset-all 'http.https://github.com/.extraheader' || :"
player-vulkan-host	Check out source	2026-09-30T13:28:14.6889051Z Removing includeIf entries pointing to credentials config files
player-vulkan-host	Check out source	2026-09-30T13:28:14.6894681Z [command]/usr/bin/git config --local --name-only --get-regexp ^includeIf\.gitdir:
player-vulkan-host	Check out source	2026-09-30T13:28:14.6925060Z [command]/usr/bin/git submodule foreach --recursive git config --local --show-origin --name-only --get-regexp remote.origin.url
player-vulkan-host	Check out source	2026-09-30T13:28:14.7103019Z [command]/usr/bin/git config --file /home/runner/work/_temp/git-credentials-9ec0806f-795e-4022-8931-3f1ae6f9ab99.config http.https://github.com/.extraheader AUTHORIZATION: basic ***
player-vulkan-host	Check out source	2026-09-30T13:28:14.7137451Z [command]/usr/bin/git config --local includeIf.gitdir:/home/runner/work/The-Horde-RT-demo/The-Horde-RT-demo/.git.path /home/runner/work/_temp/git-credentials-9ec0806f-795e-4022-8931-3f1ae6f9ab99.config
player-vulkan-host	Check out source	2026-09-30T13:28:14.7200779Z [command]/usr/bin/git config --local includeIf.gitdir:/home/runner/work/The-Horde-RT-demo/The-Horde-RT-demo/.git/worktrees/*.path /home/runner/work/_temp/git-credentials-9ec0806f-795e-4022-8931-3f1ae6f9ab99.config
player-vulkan-host	Check out source	2026-09-30T13:28:14.7231001Z [command]/usr/bin/git config --local includeIf.gitdir:/github/workspace/.git.path /github/runner_temp/git-credentials-9ec0806f-795e-4022-8931-3f1ae6f9ab99.config
player-vulkan-host	Check out source	2026-09-30T13:28:14.7260743Z [command]/usr/bin/git config --local includeIf.gitdir:/github/workspace/.git/worktrees/*.path /github/runner_temp/git-credentials-9ec0806f-795e-4022-8931-3f1ae6f9ab99.config
player-vulkan-host	Check out source	2026-09-30T13:28:14.7315805Z ##[endgroup]
player-vulkan-host	Check out source	2026-09-30T13:28:14.7316480Z ##[group]Fetching the repository
player-vulkan-host	Check out source	2026-09-30T13:28:14.7322003Z [command]/usr/bin/git -c protocol.version=2 fetch --no-tags --prune --no-recurse-submodules --depth=1 origin +b56d1bfb3eccbac31550a8b0960e706f9d061455:refs/remotes/origin/codex/horde-1.6.1-engineering-pass
player-vulkan-host	Check out source	2026-09-30T13:28:16.5603362Z From https://github.com/Samfa12-tech/The-Horde-RT-demo
player-vulkan-host	Check out source	2026-09-30T13:28:16.5605320Z  * [new ref]         b56d1bfb3eccbac31550a8b0960e706f9d061455 -> origin/codex/horde-1.6.1-engineering-pass
player-vulkan-host	Check out source	2026-09-30T13:28:16.5611184Z [command]/usr/bin/git branch --list --remote origin/codex/horde-1.6.1-engineering-pass
player-vulkan-host	Check out source	2026-09-30T13:28:16.5636444Z   origin/codex/horde-1.6.1-engineering-pass
player-vulkan-host	Check out source	2026-09-30T13:28:16.5643005Z [command]/usr/bin/git rev-parse refs/remotes/origin/codex/horde-1.6.1-engineering-pass
player-vulkan-host	Check out source	2026-09-30T13:28:16.5666316Z b56d1bfb3eccbac31550a8b0960e706f9d061455
player-vulkan-host	Check out source	2026-09-30T13:28:16.5671483Z ##[endgroup]
player-vulkan-host	Check out source	2026-09-30T13:28:16.5672699Z ##[group]Determining the checkout info
player-vulkan-host	Check out source	2026-09-30T13:28:16.5674111Z ##[endgroup]
player-vulkan-host	Check out source	2026-09-30T13:28:16.5674934Z [command]/usr/bin/git sparse-checkout disable
player-vulkan-host	Check out source	2026-09-30T13:28:16.5717597Z [command]/usr/bin/git config --local --unset-all extensions.worktreeConfig
player-vulkan-host	Check out source	2026-09-30T13:28:16.5743828Z ##[group]Checking out the ref
player-vulkan-host	Check out source	2026-09-30T13:28:16.5746265Z [command]/usr/bin/git checkout --progress --force -B codex/horde-1.6.1-engineering-pass refs/remotes/origin/codex/horde-1.6.1-engineering-pass
player-vulkan-host	Check out source	2026-09-30T13:28:16.9056457Z Switched to a new branch 'codex/horde-1.6.1-engineering-pass'
player-vulkan-host	Check out source	2026-09-30T13:28:16.9057686Z branch 'codex/horde-1.6.1-engineering-pass' set up to track 'origin/codex/horde-1.6.1-engineering-pass'.
player-vulkan-host	Check out source	2026-09-30T13:28:16.9386121Z ##[endgroup]
player-vulkan-host	Check out source	2026-09-30T13:28:16.9435797Z [command]/usr/bin/git log -1 --format=%H
player-vulkan-host	Check out source	2026-09-30T13:28:16.9459260Z b56d1bfb3eccbac31550a8b0960e706f9d061455
player-vulkan-host	Install Vulkan host development package	﻿2026-09-30T13:28:16.9613579Z ##[group]Run sudo apt-get update && sudo apt-get install --yes libvulkan-dev
player-vulkan-host	Install Vulkan host development package	2026-09-30T13:28:16.9613998Z ^[[36;1msudo apt-get update && sudo apt-get install --yes libvulkan-dev^[[0m
player-vulkan-host	Install Vulkan host development package	2026-09-30T13:28:16.9849339Z shell: /usr/bin/bash -e {0}
player-vulkan-host	Install Vulkan host development package	2026-09-30T13:28:16.9849647Z ##[endgroup]
player-vulkan-host	Install Vulkan host development package	2026-09-30T13:28:17.0628666Z Get:1 file:/etc/apt/apt-mirrors.txt Mirrorlist [144 B]
player-vulkan-host	Install Vulkan host development package	2026-09-30T13:28:17.1053290Z Hit:2 http://azure.archive.ubuntu.com/ubuntu noble InRelease
player-vulkan-host	Install Vulkan host development package	2026-09-30T13:28:17.1054977Z Get:6 https://packages.microsoft.com/ubuntu/24.04/prod noble InRelease [3600 B]
player-vulkan-host	Install Vulkan host development package	2026-09-30T13:28:17.1061297Z Get:3 http://azure.archive.ubuntu.com/ubuntu noble-updates InRelease [126 kB]
player-vulkan-host	Install Vulkan host development package	2026-09-30T13:28:17.1097725Z Get:4 http://azure.archive.ubuntu.com/ubuntu noble-backports InRelease [126 kB]
player-vulkan-host	Install Vulkan host development package	2026-09-30T13:28:17.1111769Z Get:5 http://azure.archive.ubuntu.com/ubuntu noble-security InRelease [126 kB]
player-vulkan-host	Install Vulkan host development package	2026-09-30T13:28:17.1993751Z Get:7 https://packages.microsoft.com/ubuntu/24.04/prod noble/main amd64 Packages [503 kB]
player-vulkan-host	Install Vulkan host development package	2026-09-30T13:28:17.2130851Z Get:8 https://packages.microsoft.com/ubuntu/24.04/prod noble/main arm64 Packages [454 kB]
player-vulkan-host	Install Vulkan host development package	2026-09-30T13:28:17.2363979Z Get:9 http://azure.archive.ubuntu.com/ubuntu noble-updates/main amd64 Packages [1322 kB]
player-vulkan-host	Install Vulkan host development package	2026-09-30T13:28:17.2416314Z Get:10 http://azure.archive.ubuntu.com/ubuntu noble-updates/main Translation-en [299 kB]
player-vulkan-host	Install Vulkan host development package	2026-09-30T13:28:17.2439549Z Get:11 http://azure.archive.ubuntu.com/ubuntu noble-updates/main amd64 Components [181 kB]
player-vulkan-host	Install Vulkan host development package	2026-09-30T13:28:17.2453420Z Get:12 http://azure.archive.ubuntu.com/ubuntu noble-updates/universe amd64 Packages [1699 kB]
player-vulkan-host	Install Vulkan host development package	2026-09-30T13:28:17.2516012Z Get:13 http://azure.archive.ubuntu.com/ubuntu noble-updates/universe Translation-en [341 kB]
player-vulkan-host	Install Vulkan host development package	2026-09-30T13:28:17.2536579Z Get:14 http://azure.archive.ubuntu.com/ubuntu noble-updates/universe amd64 Components [388 kB]
player-vulkan-host	Install Vulkan host development package	2026-09-30T13:28:17.2560128Z Get:15 http://azure.archive.ubuntu.com/ubuntu noble-updates/restricted amd64 Packages [1662 kB]
player-vulkan-host	Install Vulkan host development package	2026-09-30T13:28:17.2615466Z Get:16 http://azure.archive.ubuntu.com/ubuntu noble-updates/restricted Translation-en [379 kB]
player-vulkan-host	Install Vulkan host development package	2026-09-30T13:28:17.2636124Z Get:17 http://azure.archive.ubuntu.com/ubuntu noble-updates/multiverse amd64 Components [940 B]
player-vulkan-host	Install Vulkan host development package	2026-09-30T13:28:17.2793012Z Get:18 http://azure.archive.ubuntu.com/ubuntu noble-backports/main amd64 Packages [40.6 kB]
player-vulkan-host	Install Vulkan host development package	2026-09-30T13:28:17.3245351Z Get:19 http://azure.archive.ubuntu.com/ubuntu noble-backports/main amd64 Components [5760 B]
player-vulkan-host	Install Vulkan host development package	2026-09-30T13:28:17.3252928Z Get:20 http://azure.archive.ubuntu.com/ubuntu noble-backports/universe amd64 Packages [31.0 kB]
player-vulkan-host	Install Vulkan host development package	2026-09-30T13:28:17.3271437Z Get:21 http://azure.archive.ubuntu.com/ubuntu noble-backports/universe Translation-en [18.6 kB]
player-vulkan-host	Install Vulkan host development package	2026-09-30T13:28:17.3280560Z Get:22 http://azure.archive.ubuntu.com/ubuntu noble-backports/universe amd64 Components [12.6 kB]
player-vulkan-host	Install Vulkan host development package	2026-09-30T13:28:17.3291006Z Get:23 http://azure.archive.ubuntu.com/ubuntu noble-security/main amd64 Packages [1066 kB]
player-vulkan-host	Install Vulkan host development package	2026-09-30T13:28:17.3336968Z Get:24 http://azure.archive.ubuntu.com/ubuntu noble-security/main Translation-en [220 kB]
player-vulkan-host	Install Vulkan host development package	2026-09-30T13:28:17.3354290Z Get:25 http://azure.archive.ubuntu.com/ubuntu noble-security/main amd64 Components [46.4 kB]
player-vulkan-host	Install Vulkan host development package	2026-09-30T13:28:17.3372104Z Get:26 http://azure.archive.ubuntu.com/ubuntu noble-security/universe amd64 Packages [1216 kB]
player-vulkan-host	Install Vulkan host development package	2026-09-30T13:28:17.3421762Z Get:27 http://azure.archive.ubuntu.com/ubuntu noble-security/universe Translation-en [244 kB]
player-vulkan-host	Install Vulkan host development package	2026-09-30T13:28:17.3444412Z Get:28 http://azure.archive.ubuntu.com/ubuntu noble-security/universe amd64 Components [76.3 kB]
player-vulkan-host	Install Vulkan host development package	2026-09-30T13:28:17.3465786Z Get:29 http://azure.archive.ubuntu.com/ubuntu noble-security/restricted amd64 Packages [1566 kB]
player-vulkan-host	Install Vulkan host development package	2026-09-30T13:28:17.3542839Z Get:30 http://azure.archive.ubuntu.com/ubuntu noble-security/restricted Translation-en [361 kB]
player-vulkan-host	Install Vulkan host development package	2026-09-30T13:28:23.5527629Z Fetched 12.5 MB in 1s (12.1 MB/s)
player-vulkan-host	Install Vulkan host development package	2026-09-30T13:28:24.2030591Z Reading package lists...
player-vulkan-host	Install Vulkan host development package	2026-09-30T13:28:24.2325021Z Reading package lists...
player-vulkan-host	Install Vulkan host development package	2026-09-30T13:28:24.4407270Z Building dependency tree...
player-vulkan-host	Install Vulkan host development package	2026-09-30T13:28:24.4412928Z Reading state information...
player-vulkan-host	Install Vulkan host development package	2026-09-30T13:28:24.6162136Z The following NEW packages will be installed:
player-vulkan-host	Install Vulkan host development package	2026-09-30T13:28:24.6164505Z   libvulkan-dev
player-vulkan-host	Install Vulkan host development package	2026-09-30T13:28:24.6318758Z 0 upgraded, 1 newly installed, 0 to remove and 46 not upgraded.
player-vulkan-host	Install Vulkan host development package	2026-09-30T13:28:24.6319145Z Need to get 1239 kB of archives.
player-vulkan-host	Install Vulkan host development package	2026-09-30T13:28:24.6319336Z After this operation, 26.5 MB of additional disk space will be used.
player-vulkan-host	Install Vulkan host development package	2026-09-30T13:28:24.6319564Z Get:1 file:/etc/apt/apt-mirrors.txt Mirrorlist [144 B]
player-vulkan-host	Install Vulkan host development package	2026-09-30T13:28:24.6889580Z Get:2 http://azure.archive.ubuntu.com/ubuntu noble/main amd64 libvulkan-dev amd64 1.3.275.0-1build1 [1239 kB]
player-vulkan-host	Install Vulkan host development package	2026-09-30T13:28:25.3531341Z Fetched 1239 kB in 1s (2390 kB/s)
player-vulkan-host	Install Vulkan host development package	2026-09-30T13:28:25.3711371Z Selecting previously unselected package libvulkan-dev:amd64.
player-vulkan-host	Install Vulkan host development package	2026-09-30T13:28:25.3946924Z (Reading database ... 
player-vulkan-host	Install Vulkan host development package	2026-09-30T13:28:25.3947495Z (Reading database ... 5%
player-vulkan-host	Install Vulkan host development package	2026-09-30T13:28:25.3947668Z (Reading database ... 10%
player-vulkan-host	Install Vulkan host development package	2026-09-30T13:28:25.3947832Z (Reading database ... 15%
player-vulkan-host	Install Vulkan host development package	2026-09-30T13:28:25.3947994Z (Reading database ... 20%
player-vulkan-host	Install Vulkan host development package	2026-09-30T13:28:25.3948404Z (Reading database ... 25%
player-vulkan-host	Install Vulkan host development package	2026-09-30T13:28:25.3948672Z (Reading database ... 30%
player-vulkan-host	Install Vulkan host development package	2026-09-30T13:28:25.3949080Z (Reading database ... 35%
player-vulkan-host	Install Vulkan host development package	2026-09-30T13:28:25.3949378Z (Reading database ... 40%
player-vulkan-host	Install Vulkan host development package	2026-09-30T13:28:25.3949586Z (Reading database ... 45%
player-vulkan-host	Install Vulkan host development package	2026-09-30T13:28:25.3949812Z (Reading database ... 50%
player-vulkan-host	Install Vulkan host development package	2026-09-30T13:28:25.4000939Z (Reading database ... 55%
player-vulkan-host	Install Vulkan host development package	2026-09-30T13:28:25.4733453Z (Reading database ... 60%
player-vulkan-host	Install Vulkan host development package	2026-09-30T13:28:25.6614689Z (Reading database ... 65%
player-vulkan-host	Install Vulkan host development package	2026-09-30T13:28:25.8655987Z (Reading database ... 70%
player-vulkan-host	Install Vulkan host development package	2026-09-30T13:28:26.0142916Z (Reading database ... 75%
player-vulkan-host	Install Vulkan host development package	2026-09-30T13:28:26.1642037Z (Reading database ... 80%
player-vulkan-host	Install Vulkan host development package	2026-09-30T13:28:26.2651913Z (Reading database ... 85%
player-vulkan-host	Install Vulkan host development package	2026-09-30T13:28:26.3849810Z (Reading database ... 90%
player-vulkan-host	Install Vulkan host development package	2026-09-30T13:28:26.4827061Z (Reading database ... 95%
player-vulkan-host	Install Vulkan host development package	2026-09-30T13:28:26.4827302Z (Reading database ... 100%
player-vulkan-host	Install Vulkan host development package	2026-09-30T13:28:26.4827548Z (Reading database ... 202190 files and directories currently installed.)
player-vulkan-host	Install Vulkan host development package	2026-09-30T13:28:26.4865140Z Preparing to unpack .../libvulkan-dev_1.3.275.0-1build1_amd64.deb ...
player-vulkan-host	Install Vulkan host development package	2026-09-30T13:28:26.4950345Z Unpacking libvulkan-dev:amd64 (1.3.275.0-1build1) ...
player-vulkan-host	Install Vulkan host development package	2026-09-30T13:28:26.6647398Z Setting up libvulkan-dev:amd64 (1.3.275.0-1build1) ...
player-vulkan-host	Install Vulkan host development package	2026-09-30T13:28:27.1342160Z 
player-vulkan-host	Install Vulkan host development package	2026-09-30T13:28:27.1342813Z Running kernel seems to be up-to-date.
player-vulkan-host	Install Vulkan host development package	2026-09-30T13:28:27.1343179Z 
player-vulkan-host	Install Vulkan host development package	2026-09-30T13:28:27.1343532Z No services need to be restarted.
player-vulkan-host	Install Vulkan host development package	2026-09-30T13:28:27.1343830Z 
player-vulkan-host	Install Vulkan host development package	2026-09-30T13:28:27.1343933Z No containers need to be restarted.
player-vulkan-host	Install Vulkan host development package	2026-09-30T13:28:27.1344086Z 
player-vulkan-host	Install Vulkan host development package	2026-09-30T13:28:27.1344188Z No user sessions are running outdated binaries.
player-vulkan-host	Install Vulkan host development package	2026-09-30T13:28:27.1344718Z 
player-vulkan-host	Install Vulkan host development package	2026-09-30T13:28:27.1344881Z No VM guests are running outdated hypervisor (qemu) binaries on this host.
player-vulkan-host	Fetch player smoke GLB and texture assets	﻿2026-09-30T13:28:28.1870513Z ##[group]Run git -c lfs.fetchexclude= lfs fetch --include="assets/models/enemies/meshy/*.glb,assets/models/player/runtime/*.glb,assets/models/player/viewmodel/runtime/*.glb,assets/models/props/runtime/*.glb,assets/models/props/runtime/*/*.glb,assets/models/weapons/runtime/*.glb,assets/textures/meshy/lich_placeholder_v01/*.ktx2,tests/fixtures/*/*.glb" && git lfs checkout "assets/models/enemies/meshy/*.glb" "assets/models/player/runtime/*.glb" "assets/models/player/viewmodel/runtime/*.glb" "assets/models/props/runtime/*.glb" "assets/models/props/runtime/*/*.glb" "assets/models/weapons/runtime/*.glb" "assets/textures/meshy/lich_placeholder_v01/*.ktx2" "tests/fixtures/*/*.glb"
player-vulkan-host	Fetch player smoke GLB and texture assets	2026-09-30T13:28:28.1872884Z ^[[36;1mgit -c lfs.fetchexclude= lfs fetch --include="assets/models/enemies/meshy/*.glb,assets/models/player/runtime/*.glb,assets/models/player/viewmodel/runtime/*.glb,assets/models/props/runtime/*.glb,assets/models/props/runtime/*/*.glb,assets/models/weapons/runtime/*.glb,assets/textures/meshy/lich_placeholder_v01/*.ktx2,tests/fixtures/*/*.glb" && git lfs checkout "assets/models/enemies/meshy/*.glb" "assets/models/player/runtime/*.glb" "assets/models/player/viewmodel/runtime/*.glb" "assets/models/props/runtime/*.glb" "assets/models/props/runtime/*/*.glb" "assets/models/weapons/runtime/*.glb" "assets/textures/meshy/lich_placeholder_v01/*.ktx2" "tests/fixtures/*/*.glb"^[[0m
player-vulkan-host	Fetch player smoke GLB and texture assets	2026-09-30T13:28:28.1930109Z shell: /usr/bin/bash -e {0}
player-vulkan-host	Fetch player smoke GLB and texture assets	2026-09-30T13:28:28.1930268Z ##[endgroup]
player-vulkan-host	Fetch player smoke GLB and texture assets	2026-09-30T13:28:28.2173154Z Fetching reference refs/heads/codex/horde-1.6.1-engineering-pass
player-vulkan-host	Fetch player smoke GLB and texture assets	2026-09-30T13:28:31.5711263Z Checking out LFS objects: 100% (52/52), 91 MB | 0 B/s, done.
player-vulkan-host	Configure Vulkan CPU-host player lane	﻿2026-09-30T13:28:31.9014603Z ##[group]Run cmake -S . -B build/player-vulkan-host -DCMAKE_BUILD_TYPE=Release -DBUILD_TESTING=ON -DHORDE_RT_BUILD_VULKAN_TARGETS=ON -DHORDE_RT_BUILD_CAPABILITY_PROBE_EXECUTABLE=OFF -DHORDE_RT_BUILD_WINDOWS_DIAGNOSTIC_WINDOW=OFF -DHORDE_RT_INSTRUMENTATION_OVERRIDE=Shipping -DHORDE_RT_DIELECTRIC_QUALITY_OVERRIDE=Mobile
player-vulkan-host	Configure Vulkan CPU-host player lane	2026-09-30T13:28:31.9015742Z ^[[36;1mcmake -S . -B build/player-vulkan-host -DCMAKE_BUILD_TYPE=Release -DBUILD_TESTING=ON -DHORDE_RT_BUILD_VULKAN_TARGETS=ON -DHORDE_RT_BUILD_CAPABILITY_PROBE_EXECUTABLE=OFF -DHORDE_RT_BUILD_WINDOWS_DIAGNOSTIC_WINDOW=OFF -DHORDE_RT_INSTRUMENTATION_OVERRIDE=Shipping -DHORDE_RT_DIELECTRIC_QUALITY_OVERRIDE=Mobile^[[0m
player-vulkan-host	Configure Vulkan CPU-host player lane	2026-09-30T13:28:31.9066750Z shell: /usr/bin/bash -e {0}
player-vulkan-host	Configure Vulkan CPU-host player lane	2026-09-30T13:28:31.9066916Z ##[endgroup]
player-vulkan-host	Configure Vulkan CPU-host player lane	2026-09-30T13:28:32.0749358Z -- The CXX compiler identification is GNU 13.3.0
player-vulkan-host	Configure Vulkan CPU-host player lane	2026-09-30T13:28:32.0876630Z -- Detecting CXX compiler ABI info
player-vulkan-host	Configure Vulkan CPU-host player lane	2026-09-30T13:28:32.1576879Z -- Detecting CXX compiler ABI info - done
player-vulkan-host	Configure Vulkan CPU-host player lane	2026-09-30T13:28:32.1687256Z -- Check for working CXX compiler: /usr/bin/c++ - skipped
player-vulkan-host	Configure Vulkan CPU-host player lane	2026-09-30T13:28:32.1691447Z -- Detecting CXX compile features
player-vulkan-host	Configure Vulkan CPU-host player lane	2026-09-30T13:28:32.1698119Z -- Detecting CXX compile features - done
player-vulkan-host	Configure Vulkan CPU-host player lane	2026-09-30T13:28:34.0321610Z Generated RT catalog adapter is current.
player-vulkan-host	Configure Vulkan CPU-host player lane	2026-09-30T13:28:34.0834875Z -- Strict non-contracted asset-transform arithmetic enabled for GltfDocument.cpp and StaticMeshAsset.cpp: -fno-fast-math;-ffp-contract=off
player-vulkan-host	Configure Vulkan CPU-host player lane	2026-09-30T13:28:34.1263676Z -- Found Vulkan: /usr/lib/x86_64-linux-gnu/libvulkan.so (found version "1.3.275")  missing components: glslc glslangValidator
player-vulkan-host	Configure Vulkan CPU-host player lane	2026-09-30T13:28:34.1265350Z -- Vulkan SDK found: 1.3.275
player-vulkan-host	Configure Vulkan CPU-host player lane	2026-09-30T13:28:34.6274832Z -- Legacy torch-failure identifiers were rejected by the configured GNU compiler.
player-vulkan-host	Configure Vulkan CPU-host player lane	2026-09-30T13:28:34.6282945Z -- Horde Lantern RT: Vulkan capability probe and Windows diagnostic targets are available; Android builds from android/.
player-vulkan-host	Configure Vulkan CPU-host player lane	2026-09-30T13:28:34.6284087Z -- Configuring done (2.7s)
player-vulkan-host	Configure Vulkan CPU-host player lane	2026-09-30T13:28:34.7046146Z -- Generating done (0.1s)
player-vulkan-host	Configure Vulkan CPU-host player lane	2026-09-30T13:28:34.7048751Z -- Build files have been written to: /home/runner/work/The-Horde-RT-demo/The-Horde-RT-demo/build/player-vulkan-host
player-vulkan-host	Build focused player Vulkan-host targets	﻿2026-09-30T13:28:34.7127179Z ##[group]Run cmake --build build/player-vulkan-host --config Release --parallel 2 --target horde_rt_player_primitive_contract_tests horde_rt_player_animation_tests horde_rt_held_item_socket_tests horde_rt_scene_abi_tests horde_rt_static_gltf_asset_tests horde_rt_skinned_character_smoke horde_rt_skinned_arm_reference_tests
player-vulkan-host	Build focused player Vulkan-host targets	2026-09-30T13:28:34.7129160Z ^[[36;1mcmake --build build/player-vulkan-host --config Release --parallel 2 --target horde_rt_player_primitive_contract_tests horde_rt_player_animation_tests horde_rt_held_item_socket_tests horde_rt_scene_abi_tests horde_rt_static_gltf_asset_tests horde_rt_skinned_character_smoke horde_rt_skinned_arm_reference_tests^[[0m
player-vulkan-host	Build focused player Vulkan-host targets	2026-09-30T13:28:34.7180172Z shell: /usr/bin/bash -e {0}
player-vulkan-host	Build focused player Vulkan-host targets	2026-09-30T13:28:34.7180324Z ##[endgroup]
player-vulkan-host	Build focused player Vulkan-host targets	2026-09-30T13:28:34.7441500Z [  0%] Building CXX object CMakeFiles/horde_rt_player_primitive_contract_tests.dir/tests/PlayerPrimitiveContractTests.cpp.o
player-vulkan-host	Build focused player Vulkan-host targets	2026-09-30T13:28:35.4843778Z [100%] Linking CXX executable horde_rt_player_primitive_contract_tests
player-vulkan-host	Build focused player Vulkan-host targets	2026-09-30T13:28:35.5189274Z [100%] Built target horde_rt_player_primitive_contract_tests
player-vulkan-host	Build focused player Vulkan-host targets	2026-09-30T13:28:35.5339739Z [  0%] Building CXX object CMakeFiles/horde_gameplay_simulation.dir/src/audio/MusicDirector.cpp.o
player-vulkan-host	Build focused player Vulkan-host targets	2026-09-30T13:28:35.5340519Z [  0%] Building CXX object CMakeFiles/horde_gameplay_simulation.dir/src/gameplay/simulation/GameSimulation.cpp.o
player-vulkan-host	Build focused player Vulkan-host targets	2026-09-30T13:28:36.0030431Z [ 12%] Building CXX object CMakeFiles/horde_gameplay_simulation.dir/src/gameplay/animation/PlayerAnimationState.cpp.o
player-vulkan-host	Build focused player Vulkan-host targets	2026-09-30T13:28:36.4257898Z [ 12%] Building CXX object CMakeFiles/horde_gameplay_simulation.dir/src/gameplay/animation/PlayerIkTargets.cpp.o
player-vulkan-host	Build focused player Vulkan-host targets	2026-09-30T13:28:36.5756094Z [ 25%] Building CXX object CMakeFiles/horde_gameplay_simulation.dir/src/gameplay/effects/FireEmitterState.cpp.o
player-vulkan-host	Build focused player Vulkan-host targets	2026-09-30T13:28:36.7409833Z [ 25%] Building CXX object CMakeFiles/horde_gameplay_simulation.dir/src/gameplay/interactions/InteractionState.cpp.o
player-vulkan-host	Build focused player Vulkan-host targets	2026-09-30T13:28:36.8728628Z [ 37%] Building CXX object CMakeFiles/horde_gameplay_simulation.dir/src/gameplay/interactions/ChestRewardSequence.cpp.o
player-vulkan-host	Build focused player Vulkan-host targets	2026-09-30T13:28:36.9948488Z [ 37%] Building CXX object CMakeFiles/horde_gameplay_simulation.dir/src/gameplay/interactions/FinaleSequence.cpp.o
player-vulkan-host	Build focused player Vulkan-host targets	2026-09-30T13:28:37.0094517Z [ 50%] Building CXX object CMakeFiles/horde_gameplay_simulation.dir/src/gameplay/items/LanternPendulum.cpp.o
player-vulkan-host	Build focused player Vulkan-host targets	2026-09-30T13:28:37.1323851Z [ 50%] Building CXX object CMakeFiles/horde_gameplay_simulation.dir/src/gameplay/items/HeldItemState.cpp.o
player-vulkan-host	Build focused player Vulkan-host targets	2026-09-30T13:28:37.1885661Z [ 62%] Building CXX object CMakeFiles/horde_gameplay_simulation.dir/src/gameplay/items/HeldItemKinematics.cpp.o
player-vulkan-host	Build focused player Vulkan-host targets	2026-09-30T13:28:37.2102634Z [ 62%] Building CXX object CMakeFiles/horde_gameplay_simulation.dir/src/gameplay/items/HeldLightState.cpp.o
player-vulkan-host	Build focused player Vulkan-host targets	2026-09-30T13:28:37.8754199Z [ 75%] Linking CXX static library libhorde_gameplay_simulation.a
player-vulkan-host	Build focused player Vulkan-host targets	2026-09-30T13:28:38.4688583Z [ 75%] Built target horde_gameplay_simulation
player-vulkan-host	Build focused player Vulkan-host targets	2026-09-30T13:28:38.4744130Z [ 75%] Building CXX object CMakeFiles/horde_rt_player_animation_tests.dir/tests/PlayerAnimationTests.cpp.o
player-vulkan-host	Build focused player Vulkan-host targets	2026-09-30T13:28:38.4745296Z [ 87%] Building CXX object CMakeFiles/horde_rt_player_animation_tests.dir/src/telemetry/RtPerformanceEvidence.cpp.o
player-vulkan-host	Build focused player Vulkan-host targets	2026-09-30T13:28:39.2364081Z [ 87%] Building CXX object CMakeFiles/horde_rt_player_animation_tests.dir/src/scene/assets/SkinnedMeshAsset.cpp.o
player-vulkan-host	Build focused player Vulkan-host targets	2026-09-30T13:28:39.2513936Z [ 87%] Building CXX object CMakeFiles/horde_rt_player_animation_tests.dir/src/vulkan/raytracing/PlayerRenderSlot.cpp.o
player-vulkan-host	Build focused player Vulkan-host targets	2026-09-30T13:28:41.4631722Z [100%] Linking CXX executable horde_rt_player_animation_tests
player-vulkan-host	Build focused player Vulkan-host targets	2026-09-30T13:28:41.5067099Z [100%] Built target horde_rt_player_animation_tests
player-vulkan-host	Build focused player Vulkan-host targets	2026-09-30T13:28:41.5315760Z [ 60%] Built target horde_gameplay_simulation
player-vulkan-host	Build focused player Vulkan-host targets	2026-09-30T13:28:41.5374379Z [ 70%] Building CXX object CMakeFiles/horde_rt_held_item_socket_tests.dir/tests/HeldItemSocketTests.cpp.o
player-vulkan-host	Build focused player Vulkan-host targets	2026-09-30T13:28:41.5375210Z [ 70%] Building CXX object CMakeFiles/horde_rt_held_item_socket_tests.dir/src/scene/assets/AssetManifest.cpp.o
player-vulkan-host	Build focused player Vulkan-host targets	2026-09-30T13:28:42.5758047Z [ 80%] Building CXX object CMakeFiles/horde_rt_held_item_socket_tests.dir/src/scene/assets/AssetValidation.cpp.o
player-vulkan-host	Build focused player Vulkan-host targets	2026-09-30T13:28:42.9190943Z [ 80%] Building CXX object CMakeFiles/horde_rt_held_item_socket_tests.dir/src/scene/assets/GltfDocument.cpp.o
player-vulkan-host	Build focused player Vulkan-host targets	2026-09-30T13:28:43.2780171Z [ 90%] Building CXX object CMakeFiles/horde_rt_held_item_socket_tests.dir/src/scene/assets/StaticMeshAsset.cpp.o
player-vulkan-host	Build focused player Vulkan-host targets	2026-09-30T13:28:44.6614122Z [ 90%] Building CXX object CMakeFiles/horde_rt_held_item_socket_tests.dir/src/vulkan/raytracing/HeldItemRenderSlot.cpp.o
player-vulkan-host	Build focused player Vulkan-host targets	2026-09-30T13:28:44.7094495Z [100%] Building CXX object CMakeFiles/horde_rt_held_item_socket_tests.dir/src/vulkan/raytracing/RtStaticMeshSlot.cpp.o
player-vulkan-host	Build focused player Vulkan-host targets	2026-09-30T13:28:46.0259001Z [100%] Linking CXX executable horde_rt_held_item_socket_tests
player-vulkan-host	Build focused player Vulkan-host targets	2026-09-30T13:28:46.0714458Z [100%] Built target horde_rt_held_item_socket_tests
player-vulkan-host	Build focused player Vulkan-host targets	2026-09-30T13:28:46.0874664Z [  0%] Building CXX object CMakeFiles/horde_rt_scene_abi_tests.dir/tests/RtSceneAbiTests.cpp.o
player-vulkan-host	Build focused player Vulkan-host targets	2026-09-30T13:28:46.0875337Z [ 50%] Building CXX object CMakeFiles/horde_rt_scene_abi_tests.dir/src/vulkan/raytracing/RtStaticMeshSlot.cpp.o
player-vulkan-host	Build focused player Vulkan-host targets	2026-09-30T13:28:46.9253165Z [ 50%] Building CXX object CMakeFiles/horde_rt_scene_abi_tests.dir/src/vulkan/raytracing/RtTextureArrays.cpp.o
player-vulkan-host	Build focused player Vulkan-host targets	2026-09-30T13:28:47.4284854Z [100%] Linking CXX executable horde_rt_scene_abi_tests
player-vulkan-host	Build focused player Vulkan-host targets	2026-09-30T13:28:47.4641964Z [100%] Built target horde_rt_scene_abi_tests
player-vulkan-host	Build focused player Vulkan-host targets	2026-09-30T13:28:47.4870330Z [  0%] Building CXX object CMakeFiles/horde_rt_static_gltf_asset_tests.dir/tests/StaticGltfAssetTests.cpp.o
player-vulkan-host	Build focused player Vulkan-host targets	2026-09-30T13:28:47.4871320Z [  0%] Building CXX object CMakeFiles/horde_rt_static_gltf_asset_tests.dir/src/scene/assets/AssetManifest.cpp.o
player-vulkan-host	Build focused player Vulkan-host targets	2026-09-30T13:28:49.3522986Z [ 33%] Building CXX object CMakeFiles/horde_rt_static_gltf_asset_tests.dir/src/scene/assets/AssetValidation.cpp.o
player-vulkan-host	Build focused player Vulkan-host targets	2026-09-30T13:28:49.8303332Z [ 33%] Building CXX object CMakeFiles/horde_rt_static_gltf_asset_tests.dir/src/scene/assets/GltfDocument.cpp.o
player-vulkan-host	Build focused player Vulkan-host targets	2026-09-30T13:28:50.9408678Z [ 66%] Building CXX object CMakeFiles/horde_rt_static_gltf_asset_tests.dir/src/scene/assets/StaticMeshAsset.cpp.o
player-vulkan-host	Build focused player Vulkan-host targets	2026-09-30T13:28:51.6614343Z [ 66%] Building CXX object CMakeFiles/horde_rt_static_gltf_asset_tests.dir/src/vulkan/raytracing/RtStaticMeshSlot.cpp.o
player-vulkan-host	Build focused player Vulkan-host targets	2026-09-30T13:28:53.6872279Z [100%] Linking CXX executable horde_rt_static_gltf_asset_tests
player-vulkan-host	Build focused player Vulkan-host targets	2026-09-30T13:28:53.7312134Z [100%] Built target horde_rt_static_gltf_asset_tests
player-vulkan-host	Build focused player Vulkan-host targets	2026-09-30T13:28:53.7512594Z [ 28%] Built target horde_gameplay_simulation
player-vulkan-host	Build focused player Vulkan-host targets	2026-09-30T13:28:53.7578876Z [ 28%] Building CXX object CMakeFiles/horde_rt_probe_core.dir/src/telemetry/RtPerformanceEvidence.cpp.o
player-vulkan-host	Build focused player Vulkan-host targets	2026-09-30T13:28:53.7579940Z [ 33%] Building CXX object CMakeFiles/horde_rt_probe_core.dir/src/telemetry/RtEvidencePublication.cpp.o
player-vulkan-host	Build focused player Vulkan-host targets	2026-09-30T13:28:54.1079519Z [ 33%] Building CXX object CMakeFiles/horde_rt_probe_core.dir/src/telemetry/RtBenchmarkEvidenceRun.cpp.o
player-vulkan-host	Build focused player Vulkan-host targets	2026-09-30T13:28:54.5904159Z [ 38%] Building CXX object CMakeFiles/horde_rt_probe_core.dir/src/telemetry/RtBenchmarkEvidenceReport.cpp.o
player-vulkan-host	Build focused player Vulkan-host targets	2026-09-30T13:28:54.6391277Z [ 38%] Building CXX object CMakeFiles/horde_rt_probe_core.dir/src/gameplay/ShowcaseBenchmark.cpp.o
player-vulkan-host	Build focused player Vulkan-host targets	2026-09-30T13:28:55.3407943Z [ 42%] Building CXX object CMakeFiles/horde_rt_probe_core.dir/src/scene/assets/AssetManifest.cpp.o
player-vulkan-host	Build focused player Vulkan-host targets	2026-09-30T13:28:55.6391363Z [ 42%] Building CXX object CMakeFiles/horde_rt_probe_core.dir/src/scene/assets/AssetValidation.cpp.o
player-vulkan-host	Build focused player Vulkan-host targets	2026-09-30T13:28:55.9816385Z [ 47%] Building CXX object CMakeFiles/horde_rt_probe_core.dir/src/scene/assets/GltfDocument.cpp.o
player-vulkan-host	Build focused player Vulkan-host targets	2026-09-30T13:28:57.1299951Z [ 47%] Building CXX object CMakeFiles/horde_rt_probe_core.dir/src/scene/assets/StaticMeshAsset.cpp.o
player-vulkan-host	Build focused player Vulkan-host targets	2026-09-30T13:28:57.7881963Z [ 47%] Building CXX object CMakeFiles/horde_rt_probe_core.dir/src/update/GitHubReleaseUpdater.cpp.o
player-vulkan-host	Build focused player Vulkan-host targets	2026-09-30T13:28:59.0367662Z [ 52%] Building CXX object CMakeFiles/horde_rt_probe_core.dir/src/vulkan/DeviceCapabilities.cpp.o
player-vulkan-host	Build focused player Vulkan-host targets	2026-09-30T13:28:59.3047684Z [ 52%] Building CXX object CMakeFiles/horde_rt_probe_core.dir/src/vulkan/RtCapabilityReport.cpp.o
player-vulkan-host	Build focused player Vulkan-host targets	2026-09-30T13:29:00.0287232Z [ 57%] Building CXX object CMakeFiles/horde_rt_probe_core.dir/src/vulkan/GpuFrameTimer.cpp.o
player-vulkan-host	Build focused player Vulkan-host targets	2026-09-30T13:29:00.0411002Z [ 57%] Building CXX object CMakeFiles/horde_rt_probe_core.dir/src/vulkan/VulkanContext.cpp.o
player-vulkan-host	Build focused player Vulkan-host targets	2026-09-30T13:29:00.6064107Z [ 61%] Building CXX object CMakeFiles/horde_rt_probe_core.dir/src/vulkan/raytracing/RayTracingRequirements.cpp.o
player-vulkan-host	Build focused player Vulkan-host targets	2026-09-30T13:29:00.7742223Z [ 61%] Building CXX object CMakeFiles/horde_rt_probe_core.dir/src/vulkan/raytracing/RtGpuResources.cpp.o
player-vulkan-host	Build focused player Vulkan-host targets	2026-09-30T13:29:01.3714123Z [ 66%] Building CXX object CMakeFiles/horde_rt_probe_core.dir/src/vulkan/raytracing/HeldItemRenderSlot.cpp.o
player-vulkan-host	Build focused player Vulkan-host targets	2026-09-30T13:29:01.4198914Z [ 66%] Building CXX object CMakeFiles/horde_rt_probe_core.dir/src/vulkan/raytracing/FireEmitterBuffer.cpp.o
player-vulkan-host	Build focused player Vulkan-host targets	2026-09-30T13:29:01.4422987Z [ 71%] Building CXX object CMakeFiles/horde_rt_probe_core.dir/src/vulkan/raytracing/RtStaticMeshSlot.cpp.o
player-vulkan-host	Build focused player Vulkan-host targets	2026-09-30T13:29:02.0053468Z [ 71%] Building CXX object CMakeFiles/horde_rt_probe_core.dir/src/vulkan/raytracing/RtTextureArrays.cpp.o
player-vulkan-host	Build focused player Vulkan-host targets	2026-09-30T13:29:02.1715116Z [ 76%] Building CXX object CMakeFiles/horde_rt_probe_core.dir/src/vulkan/raytracing/CharacterRenderSlot.cpp.o
player-vulkan-host	Build focused player Vulkan-host targets	2026-09-30T13:29:02.8070220Z [ 76%] Building CXX object CMakeFiles/horde_rt_probe_core.dir/src/vulkan/raytracing/PlayerRenderSlot.cpp.o
player-vulkan-host	Build focused player Vulkan-host targets	2026-09-30T13:29:03.1409244Z [ 80%] Building CXX object CMakeFiles/horde_rt_probe_core.dir/src/vulkan/raytracing/RtPipelineVariants.cpp.o
player-vulkan-host	Build focused player Vulkan-host targets	2026-09-30T13:29:03.3739639Z [ 80%] Building CXX object CMakeFiles/horde_rt_probe_core.dir/src/vulkan/raytracing/RtPipelineVariantProvider.cpp.o
player-vulkan-host	Build focused player Vulkan-host targets	2026-09-30T13:29:03.8438531Z [ 80%] Building CXX object CMakeFiles/horde_rt_probe_core.dir/src/vulkan/raytracing/RtPipelineBundleContracts.cpp.o
player-vulkan-host	Build focused player Vulkan-host targets	2026-09-30T13:29:04.1386476Z [ 85%] Building CXX object CMakeFiles/horde_rt_probe_core.dir/src/vulkan/raytracing/RtPipelineBundle.cpp.o
player-vulkan-host	Build focused player Vulkan-host targets	2026-09-30T13:29:04.4770581Z [ 85%] Building CXX object CMakeFiles/horde_rt_probe_core.dir/src/vulkan/raytracing/RtFrameEvidenceCoordinator.cpp.o
player-vulkan-host	Build focused player Vulkan-host targets	2026-09-30T13:29:04.5917713Z [ 90%] Building CXX object CMakeFiles/horde_rt_probe_core.dir/src/vulkan/raytracing/PresentableTinyRtScene.cpp.o
player-vulkan-host	Build focused player Vulkan-host targets	2026-09-30T13:29:05.2890768Z [ 90%] Building CXX object CMakeFiles/horde_rt_probe_core.dir/src/vulkan/raytracing/SimulationFrameAdapter.cpp.o
player-vulkan-host	Build focused player Vulkan-host targets	2026-09-30T13:29:05.9441720Z [ 95%] Building CXX object CMakeFiles/horde_rt_probe_core.dir/src/scene/assets/SkinnedMeshAsset.cpp.o
player-vulkan-host	Build focused player Vulkan-host targets	2026-09-30T13:29:09.1391946Z [ 95%] Linking CXX static library libhorde_rt_probe_core.a
player-vulkan-host	Build focused player Vulkan-host targets	2026-09-30T13:29:09.2390001Z [ 95%] Built target horde_rt_probe_core
player-vulkan-host	Build focused player Vulkan-host targets	2026-09-30T13:29:09.2502015Z [ 95%] Building CXX object CMakeFiles/horde_rt_skinned_character_smoke.dir/tests/SkinnedCharacterModelSmoke.cpp.o
player-vulkan-host	Build focused player Vulkan-host targets	2026-09-30T13:29:12.8167623Z [100%] Linking CXX executable horde_rt_skinned_character_smoke
player-vulkan-host	Build focused player Vulkan-host targets	2026-09-30T13:29:12.8622332Z [100%] Built target horde_rt_skinned_character_smoke
player-vulkan-host	Build focused player Vulkan-host targets	2026-09-30T13:29:12.8866624Z [ 28%] Built target horde_gameplay_simulation
player-vulkan-host	Build focused player Vulkan-host targets	2026-09-30T13:29:12.9177990Z [ 95%] Built target horde_rt_probe_core
player-vulkan-host	Build focused player Vulkan-host targets	2026-09-30T13:29:12.9251709Z [ 95%] Building CXX object CMakeFiles/horde_rt_skinned_arm_reference_tests.dir/tests/SkinnedArmReferenceTests.cpp.o
player-vulkan-host	Build focused player Vulkan-host targets	2026-09-30T13:29:14.5694284Z [100%] Linking CXX executable horde_rt_skinned_arm_reference_tests
player-vulkan-host	Build focused player Vulkan-host targets	2026-09-30T13:29:14.6092854Z [100%] Built target horde_rt_skinned_arm_reference_tests
player-vulkan-host	Run focused player contract and semantic fixtures	﻿2026-09-30T13:29:14.6162698Z ##[group]Run ctest --test-dir build/player-vulkan-host --build-config Release --output-on-failure --no-tests=error -R "^(horde_rt_player_primitive_contract_tests|horde_rt_player_manifest_agreement_tests|horde_rt_player_animation_tests|horde_rt_held_item_socket_tests|horde_rt_scene_abi_tests|horde_rt_static_gltf_asset_tests|horde_rt_skinned_character_smoke|horde_rt_skinned_arm_reference_tests|horde_rt_player_skinned_semantic_fixtures|horde_rt_player_viewmodel_admission|horde_rt_player_viewmodel_pose_fixtures)$"
player-vulkan-host	Run focused player contract and semantic fixtures	2026-09-30T13:29:14.6164637Z ^[[36;1mctest --test-dir build/player-vulkan-host --build-config Release --output-on-failure --no-tests=error -R "^(horde_rt_player_primitive_contract_tests|horde_rt_player_manifest_agreement_tests|horde_rt_player_animation_tests|horde_rt_held_item_socket_tests|horde_rt_scene_abi_tests|horde_rt_static_gltf_asset_tests|horde_rt_skinned_character_smoke|horde_rt_skinned_arm_reference_tests|horde_rt_player_skinned_semantic_fixtures|horde_rt_player_viewmodel_admission|horde_rt_player_viewmodel_pose_fixtures)$"^[[0m
player-vulkan-host	Run focused player contract and semantic fixtures	2026-09-30T13:29:14.6221242Z shell: /usr/bin/bash -e {0}
player-vulkan-host	Run focused player contract and semantic fixtures	2026-09-30T13:29:14.6221471Z ##[endgroup]
player-vulkan-host	Run focused player contract and semantic fixtures	2026-09-30T13:29:14.6524497Z Internal ctest changing into directory: /home/runner/work/The-Horde-RT-demo/The-Horde-RT-demo/build/player-vulkan-host
player-vulkan-host	Run focused player contract and semantic fixtures	2026-09-30T13:29:14.6580025Z Test project /home/runner/work/The-Horde-RT-demo/The-Horde-RT-demo/build/player-vulkan-host
player-vulkan-host	Run focused player contract and semantic fixtures	2026-09-30T13:29:14.6635835Z       Start  1: horde_rt_player_primitive_contract_tests
player-vulkan-host	Run focused player contract and semantic fixtures	2026-09-30T13:29:14.6656915Z  1/11 Test  #1: horde_rt_player_primitive_contract_tests ....   Passed    0.00 sec
player-vulkan-host	Run focused player contract and semantic fixtures	2026-09-30T13:29:14.6665415Z       Start  3: horde_rt_player_manifest_agreement_tests
player-vulkan-host	Run focused player contract and semantic fixtures	2026-09-30T13:29:15.3979623Z  2/11 Test  #3: horde_rt_player_manifest_agreement_tests ....   Passed    0.73 sec
player-vulkan-host	Run focused player contract and semantic fixtures	2026-09-30T13:29:15.3983249Z       Start 28: horde_rt_player_animation_tests
player-vulkan-host	Run focused player contract and semantic fixtures	2026-09-30T13:29:15.4011427Z  3/11 Test #28: horde_rt_player_animation_tests .............   Passed    0.00 sec
player-vulkan-host	Run focused player contract and semantic fixtures	2026-09-30T13:29:15.4018837Z       Start 30: horde_rt_held_item_socket_tests
player-vulkan-host	Run focused player contract and semantic fixtures	2026-09-30T13:29:15.4329611Z  4/11 Test #30: horde_rt_held_item_socket_tests .............   Passed    0.03 sec
player-vulkan-host	Run focused player contract and semantic fixtures	2026-09-30T13:29:15.4330336Z       Start 32: horde_rt_scene_abi_tests
player-vulkan-host	Run focused player contract and semantic fixtures	2026-09-30T13:29:15.4348979Z  5/11 Test #32: horde_rt_scene_abi_tests ....................   Passed    0.00 sec
player-vulkan-host	Run focused player contract and semantic fixtures	2026-09-30T13:29:15.4349475Z       Start 33: horde_rt_static_gltf_asset_tests
player-vulkan-host	Run focused player contract and semantic fixtures	2026-09-30T13:29:15.4653057Z  6/11 Test #33: horde_rt_static_gltf_asset_tests ............   Passed    0.03 sec
player-vulkan-host	Run focused player contract and semantic fixtures	2026-09-30T13:29:15.4653737Z       Start 53: horde_rt_skinned_arm_reference_tests
player-vulkan-host	Run focused player contract and semantic fixtures	2026-09-30T13:29:15.4675576Z  7/11 Test #53: horde_rt_skinned_arm_reference_tests ........   Passed    0.00 sec
player-vulkan-host	Run focused player contract and semantic fixtures	2026-09-30T13:29:15.4676321Z       Start 54: horde_rt_skinned_character_smoke
player-vulkan-host	Run focused player contract and semantic fixtures	2026-09-30T13:29:16.8257772Z  8/11 Test #54: horde_rt_skinned_character_smoke ............   Passed    1.36 sec
player-vulkan-host	Run focused player contract and semantic fixtures	2026-09-30T13:29:16.8262746Z       Start 55: horde_rt_player_skinned_semantic_fixtures
player-vulkan-host	Run focused player contract and semantic fixtures	2026-09-30T13:29:19.7654923Z  9/11 Test #55: horde_rt_player_skinned_semantic_fixtures ...   Passed    2.94 sec
player-vulkan-host	Run focused player contract and semantic fixtures	2026-09-30T13:29:19.7656368Z       Start 56: horde_rt_player_viewmodel_admission
player-vulkan-host	Run focused player contract and semantic fixtures	2026-09-30T13:29:19.7957807Z 10/11 Test #56: horde_rt_player_viewmodel_admission .........   Passed    0.03 sec
player-vulkan-host	Run focused player contract and semantic fixtures	2026-09-30T13:29:19.7958891Z       Start 57: horde_rt_player_viewmodel_pose_fixtures
player-vulkan-host	Run focused player contract and semantic fixtures	2026-09-30T13:29:20.8915588Z 11/11 Test #57: horde_rt_player_viewmodel_pose_fixtures .....   Passed    1.10 sec
player-vulkan-host	Run focused player contract and semantic fixtures	2026-09-30T13:29:20.8917823Z 
player-vulkan-host	Run focused player contract and semantic fixtures	2026-09-30T13:29:20.8919113Z 100% tests passed, 0 tests failed out of 11
player-vulkan-host	Run focused player contract and semantic fixtures	2026-09-30T13:29:20.8919353Z 
player-vulkan-host	Run focused player contract and semantic fixtures	2026-09-30T13:29:20.8919754Z Total Test time (real) =   6.23 sec
player-vulkan-host	Post Check out source	﻿2026-09-30T13:29:20.9039664Z Post job cleanup.
player-vulkan-host	Post Check out source	2026-09-30T13:29:20.9607409Z [command]/usr/bin/git version
player-vulkan-host	Post Check out source	2026-09-30T13:29:20.9645952Z git version 2.55.0
player-vulkan-host	Post Check out source	2026-09-30T13:29:20.9674610Z Temporarily overriding HOME='/home/runner/work/_temp/d9cc1ebb-c3bd-45ac-b439-e76fb2d38b18' before making global git config changes
player-vulkan-host	Post Check out source	2026-09-30T13:29:20.9675743Z Adding repository directory to the temporary git global config as a safe directory
player-vulkan-host	Post Check out source	2026-09-30T13:29:20.9678863Z [command]/usr/bin/git config --global --add safe.directory /home/runner/work/The-Horde-RT-demo/The-Horde-RT-demo
player-vulkan-host	Post Check out source	2026-09-30T13:29:20.9720426Z Removing SSH command configuration
player-vulkan-host	Post Check out source	2026-09-30T13:29:20.9721431Z [command]/usr/bin/git config --local --name-only --get-regexp core\.sshCommand
player-vulkan-host	Post Check out source	2026-09-30T13:29:20.9764586Z [command]/usr/bin/git submodule foreach --recursive sh -c "git config --local --name-only --get-regexp 'core\.sshCommand' && git config --local --unset-all 'core.sshCommand' || :"
player-vulkan-host	Post Check out source	2026-09-30T13:29:21.0000696Z Removing HTTP extra header
player-vulkan-host	Post Check out source	2026-09-30T13:29:21.0005742Z [command]/usr/bin/git config --local --name-only --get-regexp http\.https\:\/\/github\.com\/\.extraheader
player-vulkan-host	Post Check out source	2026-09-30T13:29:21.0049989Z [command]/usr/bin/git submodule foreach --recursive sh -c "git config --local --name-only --get-regexp 'http\.https\:\/\/github\.com\/\.extraheader' && git config --local --unset-all 'http.https://github.com/.extraheader' || :"
player-vulkan-host	Post Check out source	2026-09-30T13:29:21.0280613Z Removing includeIf entries pointing to credentials config files
player-vulkan-host	Post Check out source	2026-09-30T13:29:21.0287486Z [command]/usr/bin/git config --local --name-only --get-regexp ^includeIf\.gitdir:
player-vulkan-host	Post Check out source	2026-09-30T13:29:21.0320051Z includeif.gitdir:/home/runner/work/The-Horde-RT-demo/The-Horde-RT-demo/.git.path
player-vulkan-host	Post Check out source	2026-09-30T13:29:21.0320620Z includeif.gitdir:/home/runner/work/The-Horde-RT-demo/The-Horde-RT-demo/.git/worktrees/*.path
player-vulkan-host	Post Check out source	2026-09-30T13:29:21.0321010Z includeif.gitdir:/github/workspace/.git.path
player-vulkan-host	Post Check out source	2026-09-30T13:29:21.0321330Z includeif.gitdir:/github/workspace/.git/worktrees/*.path
player-vulkan-host	Post Check out source	2026-09-30T13:29:21.0330136Z [command]/usr/bin/git config --local --get-all includeif.gitdir:/home/runner/work/The-Horde-RT-demo/The-Horde-RT-demo/.git.path
player-vulkan-host	Post Check out source	2026-09-30T13:29:21.0360009Z /home/runner/work/_temp/git-credentials-9ec0806f-795e-4022-8931-3f1ae6f9ab99.config
player-vulkan-host	Post Check out source	2026-09-30T13:29:21.0371075Z [command]/usr/bin/git config --local --unset includeif.gitdir:/home/runner/work/The-Horde-RT-demo/The-Horde-RT-demo/.git.path /home/runner/work/_temp/git-credentials-9ec0806f-795e-4022-8931-3f1ae6f9ab99.config
player-vulkan-host	Post Check out source	2026-09-30T13:29:21.0410831Z [command]/usr/bin/git config --local --get-all includeif.gitdir:/home/runner/work/The-Horde-RT-demo/The-Horde-RT-demo/.git/worktrees/*.path
player-vulkan-host	Post Check out source	2026-09-30T13:29:21.0439737Z /home/runner/work/_temp/git-credentials-9ec0806f-795e-4022-8931-3f1ae6f9ab99.config
player-vulkan-host	Post Check out source	2026-09-30T13:29:21.0452707Z [command]/usr/bin/git config --local --unset includeif.gitdir:/home/runner/work/The-Horde-RT-demo/The-Horde-RT-demo/.git/worktrees/*.path /home/runner/work/_temp/git-credentials-9ec0806f-795e-4022-8931-3f1ae6f9ab99.config
player-vulkan-host	Post Check out source	2026-09-30T13:29:21.0517121Z [command]/usr/bin/git config --local --get-all includeif.gitdir:/github/workspace/.git.path
player-vulkan-host	Post Check out source	2026-09-30T13:29:21.0546963Z /github/runner_temp/git-credentials-9ec0806f-795e-4022-8931-3f1ae6f9ab99.config
player-vulkan-host	Post Check out source	2026-09-30T13:29:21.0556180Z [command]/usr/bin/git config --local --unset includeif.gitdir:/github/workspace/.git.path /github/runner_temp/git-credentials-9ec0806f-795e-4022-8931-3f1ae6f9ab99.config
player-vulkan-host	Post Check out source	2026-09-30T13:29:21.0600048Z [command]/usr/bin/git config --local --get-all includeif.gitdir:/github/workspace/.git/worktrees/*.path
player-vulkan-host	Post Check out source	2026-09-30T13:29:21.0629777Z /github/runner_temp/git-credentials-9ec0806f-795e-4022-8931-3f1ae6f9ab99.config
player-vulkan-host	Post Check out source	2026-09-30T13:29:21.0635344Z [command]/usr/bin/git config --local --unset includeif.gitdir:/github/workspace/.git/worktrees/*.path /github/runner_temp/git-credentials-9ec0806f-795e-4022-8931-3f1ae6f9ab99.config
player-vulkan-host	Post Check out source	2026-09-30T13:29:21.0679462Z [command]/usr/bin/git submodule foreach --recursive git config --local --show-origin --name-only --get-regexp remote.origin.url
player-vulkan-host	Post Check out source	2026-09-30T13:29:21.0905049Z Removing credentials config '/home/runner/work/_temp/git-credentials-9ec0806f-795e-4022-8931-3f1ae6f9ab99.config'
