shared-gameplay	Set up job	﻿2026-09-30T08:31:40.7351918Z Current runner version: '2.337.0'
shared-gameplay	Set up job	2026-09-30T08:31:40.7390101Z ##[group]Runner Image Provisioner
shared-gameplay	Set up job	2026-09-30T08:31:40.7391593Z Hosted Compute Agent
shared-gameplay	Set up job	2026-09-30T08:31:40.7392818Z Version: 20260828.587
shared-gameplay	Set up job	2026-09-30T08:31:40.7394034Z Commit: abac92662cab4cc7352de4f9f9d2e2419aad9c29
shared-gameplay	Set up job	2026-09-30T08:31:40.7395342Z Build Date: 2026-08-28T16:44:25Z
shared-gameplay	Set up job	2026-09-30T08:31:40.7396652Z Worker ID: {10318bbf-e54a-4550-825c-3e96ccbc5cae}
shared-gameplay	Set up job	2026-09-30T08:31:40.7397942Z Azure Region: eastus
shared-gameplay	Set up job	2026-09-30T08:31:40.7399860Z ##[endgroup]
shared-gameplay	Set up job	2026-09-30T08:31:40.7402892Z ##[group]Operating System
shared-gameplay	Set up job	2026-09-30T08:31:40.7404191Z Ubuntu
shared-gameplay	Set up job	2026-09-30T08:31:40.7405183Z 24.04.5
shared-gameplay	Set up job	2026-09-30T08:31:40.7406023Z LTS
shared-gameplay	Set up job	2026-09-30T08:31:40.7407042Z ##[endgroup]
shared-gameplay	Set up job	2026-09-30T08:31:40.7407968Z ##[group]Runner Image
shared-gameplay	Set up job	2026-09-30T08:31:40.7409349Z Image: ubuntu-24.04
shared-gameplay	Set up job	2026-09-30T08:31:40.7410338Z Version: 20260920.314.1
shared-gameplay	Set up job	2026-09-30T08:31:40.7412338Z Included Software: https://github.com/actions/runner-images/blob/ubuntu24/20260920.314/images/ubuntu/Ubuntu2404-Readme.md
shared-gameplay	Set up job	2026-09-30T08:31:40.7415624Z Image Release: https://github.com/actions/runner-images/releases/tag/ubuntu24%2F20260920.314
shared-gameplay	Set up job	2026-09-30T08:31:40.7417385Z ##[endgroup]
shared-gameplay	Set up job	2026-09-30T08:31:40.7419592Z ##[group]GITHUB_TOKEN Permissions
shared-gameplay	Set up job	2026-09-30T08:31:40.7422783Z Contents: read
shared-gameplay	Set up job	2026-09-30T08:31:40.7423777Z Metadata: read
shared-gameplay	Set up job	2026-09-30T08:31:40.7424856Z ##[endgroup]
shared-gameplay	Set up job	2026-09-30T08:31:40.7428027Z Secret source: Actions
shared-gameplay	Set up job	2026-09-30T08:31:40.7430125Z Cache mode: write
shared-gameplay	Set up job	2026-09-30T08:31:40.7431929Z Prepare workflow directory
shared-gameplay	Set up job	2026-09-30T08:31:40.7934041Z Prepare all required actions
shared-gameplay	Set up job	2026-09-30T08:31:40.8008516Z Getting action download info
shared-gameplay	Set up job	2026-09-30T08:31:40.9955175Z Download action repository 'actions/checkout@v6' (SHA:d23441a48e516b6c34aea4fa41551a30e30af803)
shared-gameplay	Set up job	2026-09-30T08:31:41.2162558Z Complete job name: shared-gameplay
shared-gameplay	Check out source	﻿2026-09-30T08:31:41.2991794Z ##[group]Run actions/checkout@v6
shared-gameplay	Check out source	2026-09-30T08:31:41.2992700Z with:
shared-gameplay	Check out source	2026-09-30T08:31:41.2993191Z   repository: Samfa12-tech/The-Horde-RT-demo
shared-gameplay	Check out source	2026-09-30T08:31:41.2997009Z   token: ***
shared-gameplay	Check out source	2026-09-30T08:31:41.2997467Z   ssh-strict: true
shared-gameplay	Check out source	2026-09-30T08:31:41.2997905Z   ssh-user: git
shared-gameplay	Check out source	2026-09-30T08:31:41.2998350Z   persist-credentials: true
shared-gameplay	Check out source	2026-09-30T08:31:41.2998841Z   clean: true
shared-gameplay	Check out source	2026-09-30T08:31:41.2999558Z   sparse-checkout-cone-mode: true
shared-gameplay	Check out source	2026-09-30T08:31:41.3000096Z   fetch-depth: 1
shared-gameplay	Check out source	2026-09-30T08:31:41.3000533Z   fetch-tags: false
shared-gameplay	Check out source	2026-09-30T08:31:41.3000985Z   show-progress: true
shared-gameplay	Check out source	2026-09-30T08:31:41.3001436Z   lfs: false
shared-gameplay	Check out source	2026-09-30T08:31:41.3001846Z   submodules: false
shared-gameplay	Check out source	2026-09-30T08:31:41.3002290Z   set-safe-directory: true
shared-gameplay	Check out source	2026-09-30T08:31:41.3002800Z   allow-unsafe-pr-checkout: false
shared-gameplay	Check out source	2026-09-30T08:31:41.3003594Z ##[endgroup]
shared-gameplay	Check out source	2026-09-30T08:31:41.4036617Z Syncing repository: Samfa12-tech/The-Horde-RT-demo
shared-gameplay	Check out source	2026-09-30T08:31:41.4038861Z ##[group]Getting Git version info
shared-gameplay	Check out source	2026-09-30T08:31:41.4040185Z Working directory is '/home/runner/work/The-Horde-RT-demo/The-Horde-RT-demo'
shared-gameplay	Check out source	2026-09-30T08:31:41.4041497Z [command]/usr/bin/git version
shared-gameplay	Check out source	2026-09-30T08:31:41.4166233Z git version 2.55.0
shared-gameplay	Check out source	2026-09-30T08:31:41.4191338Z ##[endgroup]
shared-gameplay	Check out source	2026-09-30T08:31:41.4207069Z Temporarily overriding HOME='/home/runner/work/_temp/b50cd9d4-7cbb-4ec9-8f05-fc8db4d4eaba' before making global git config changes
shared-gameplay	Check out source	2026-09-30T08:31:41.4209705Z Adding repository directory to the temporary git global config as a safe directory
shared-gameplay	Check out source	2026-09-30T08:31:41.4213340Z [command]/usr/bin/git config --global --add safe.directory /home/runner/work/The-Horde-RT-demo/The-Horde-RT-demo
shared-gameplay	Check out source	2026-09-30T08:31:41.4271529Z Deleting the contents of '/home/runner/work/The-Horde-RT-demo/The-Horde-RT-demo'
shared-gameplay	Check out source	2026-09-30T08:31:41.4276127Z ##[group]Determining repository object format
shared-gameplay	Check out source	2026-09-30T08:31:41.4278340Z ##[endgroup]
shared-gameplay	Check out source	2026-09-30T08:31:41.4279846Z ##[group]Initializing the repository
shared-gameplay	Check out source	2026-09-30T08:31:41.4283482Z [command]/usr/bin/git init /home/runner/work/The-Horde-RT-demo/The-Horde-RT-demo
shared-gameplay	Check out source	2026-09-30T08:31:41.4425319Z hint: Using 'master' as the name for the initial branch. This default branch name
shared-gameplay	Check out source	2026-09-30T08:31:41.4427430Z hint: will change to "main" in Git 3.0. To configure the initial branch name
shared-gameplay	Check out source	2026-09-30T08:31:41.4429821Z hint: to use in all of your new repositories, which will suppress this warning,
shared-gameplay	Check out source	2026-09-30T08:31:41.4431358Z hint: call:
shared-gameplay	Check out source	2026-09-30T08:31:41.4432184Z hint:
shared-gameplay	Check out source	2026-09-30T08:31:41.4433126Z hint: 	git config --global init.defaultBranch <name>
shared-gameplay	Check out source	2026-09-30T08:31:41.4434356Z hint:
shared-gameplay	Check out source	2026-09-30T08:31:41.4435753Z hint: Names commonly chosen instead of 'master' are 'main', 'trunk' and
shared-gameplay	Check out source	2026-09-30T08:31:41.4436756Z hint: 'development'. The just-created branch can be renamed via this command:
shared-gameplay	Check out source	2026-09-30T08:31:41.4437499Z hint:
shared-gameplay	Check out source	2026-09-30T08:31:41.4437931Z hint: 	git branch -m <name>
shared-gameplay	Check out source	2026-09-30T08:31:41.4438417Z hint:
shared-gameplay	Check out source	2026-09-30T08:31:41.4439383Z hint: Disable this message with "git config set advice.defaultBranchName false"
shared-gameplay	Check out source	2026-09-30T08:31:41.4441029Z Initialized empty Git repository in /home/runner/work/The-Horde-RT-demo/The-Horde-RT-demo/.git/
shared-gameplay	Check out source	2026-09-30T08:31:41.4445034Z [command]/usr/bin/git remote add origin https://github.com/Samfa12-tech/The-Horde-RT-demo
shared-gameplay	Check out source	2026-09-30T08:31:41.4508263Z ##[endgroup]
shared-gameplay	Check out source	2026-09-30T08:31:41.4510129Z ##[group]Disabling automatic garbage collection
shared-gameplay	Check out source	2026-09-30T08:31:41.4512239Z [command]/usr/bin/git config --local gc.auto 0
shared-gameplay	Check out source	2026-09-30T08:31:41.4545027Z ##[endgroup]
shared-gameplay	Check out source	2026-09-30T08:31:41.4546343Z ##[group]Setting up auth
shared-gameplay	Check out source	2026-09-30T08:31:41.4547245Z Removing SSH command configuration
shared-gameplay	Check out source	2026-09-30T08:31:41.4554314Z [command]/usr/bin/git config --local --name-only --get-regexp core\.sshCommand
shared-gameplay	Check out source	2026-09-30T08:31:41.4590765Z [command]/usr/bin/git submodule foreach --recursive sh -c "git config --local --name-only --get-regexp 'core\.sshCommand' && git config --local --unset-all 'core.sshCommand' || :"
shared-gameplay	Check out source	2026-09-30T08:31:41.4997027Z Removing HTTP extra header
shared-gameplay	Check out source	2026-09-30T08:31:41.5004416Z [command]/usr/bin/git config --local --name-only --get-regexp http\.https\:\/\/github\.com\/\.extraheader
shared-gameplay	Check out source	2026-09-30T08:31:41.5043276Z [command]/usr/bin/git submodule foreach --recursive sh -c "git config --local --name-only --get-regexp 'http\.https\:\/\/github\.com\/\.extraheader' && git config --local --unset-all 'http.https://github.com/.extraheader' || :"
shared-gameplay	Check out source	2026-09-30T08:31:41.5297739Z Removing includeIf entries pointing to credentials config files
shared-gameplay	Check out source	2026-09-30T08:31:41.5316362Z [command]/usr/bin/git config --local --name-only --get-regexp ^includeIf\.gitdir:
shared-gameplay	Check out source	2026-09-30T08:31:41.5355940Z [command]/usr/bin/git submodule foreach --recursive git config --local --show-origin --name-only --get-regexp remote.origin.url
shared-gameplay	Check out source	2026-09-30T08:31:41.5593843Z [command]/usr/bin/git config --file /home/runner/work/_temp/git-credentials-e778b8e9-19ed-43a3-9c9a-afa37cd9cb60.config http.https://github.com/.extraheader AUTHORIZATION: basic ***
shared-gameplay	Check out source	2026-09-30T08:31:41.5637159Z [command]/usr/bin/git config --local includeIf.gitdir:/home/runner/work/The-Horde-RT-demo/The-Horde-RT-demo/.git.path /home/runner/work/_temp/git-credentials-e778b8e9-19ed-43a3-9c9a-afa37cd9cb60.config
shared-gameplay	Check out source	2026-09-30T08:31:41.5672739Z [command]/usr/bin/git config --local includeIf.gitdir:/home/runner/work/The-Horde-RT-demo/The-Horde-RT-demo/.git/worktrees/*.path /home/runner/work/_temp/git-credentials-e778b8e9-19ed-43a3-9c9a-afa37cd9cb60.config
shared-gameplay	Check out source	2026-09-30T08:31:41.5710910Z [command]/usr/bin/git config --local includeIf.gitdir:/github/workspace/.git.path /github/runner_temp/git-credentials-e778b8e9-19ed-43a3-9c9a-afa37cd9cb60.config
shared-gameplay	Check out source	2026-09-30T08:31:41.5746512Z [command]/usr/bin/git config --local includeIf.gitdir:/github/workspace/.git/worktrees/*.path /github/runner_temp/git-credentials-e778b8e9-19ed-43a3-9c9a-afa37cd9cb60.config
shared-gameplay	Check out source	2026-09-30T08:31:41.5785804Z ##[endgroup]
shared-gameplay	Check out source	2026-09-30T08:31:41.5787214Z ##[group]Fetching the repository
shared-gameplay	Check out source	2026-09-30T08:31:41.5796270Z [command]/usr/bin/git -c protocol.version=2 fetch --no-tags --prune --no-recurse-submodules --depth=1 origin +7a095c7836058f2129f1c3b08b1e8482671cbc72:refs/remotes/origin/codex/horde-1.6.1-engineering-pass
shared-gameplay	Check out source	2026-09-30T08:31:42.6728785Z From https://github.com/Samfa12-tech/The-Horde-RT-demo
shared-gameplay	Check out source	2026-09-30T08:31:42.6731183Z  * [new ref]         7a095c7836058f2129f1c3b08b1e8482671cbc72 -> origin/codex/horde-1.6.1-engineering-pass
shared-gameplay	Check out source	2026-09-30T08:31:42.6740732Z [command]/usr/bin/git branch --list --remote origin/codex/horde-1.6.1-engineering-pass
shared-gameplay	Check out source	2026-09-30T08:31:42.6771665Z   origin/codex/horde-1.6.1-engineering-pass
shared-gameplay	Check out source	2026-09-30T08:31:42.6781901Z [command]/usr/bin/git rev-parse refs/remotes/origin/codex/horde-1.6.1-engineering-pass
shared-gameplay	Check out source	2026-09-30T08:31:42.6810163Z 7a095c7836058f2129f1c3b08b1e8482671cbc72
shared-gameplay	Check out source	2026-09-30T08:31:42.6821697Z ##[endgroup]
shared-gameplay	Check out source	2026-09-30T08:31:42.6823040Z ##[group]Determining the checkout info
shared-gameplay	Check out source	2026-09-30T08:31:42.6824597Z ##[endgroup]
shared-gameplay	Check out source	2026-09-30T08:31:42.6827631Z [command]/usr/bin/git sparse-checkout disable
shared-gameplay	Check out source	2026-09-30T08:31:42.6889829Z [command]/usr/bin/git config --local --unset-all extensions.worktreeConfig
shared-gameplay	Check out source	2026-09-30T08:31:42.6927667Z ##[group]Checking out the ref
shared-gameplay	Check out source	2026-09-30T08:31:42.6932576Z [command]/usr/bin/git checkout --progress --force -B codex/horde-1.6.1-engineering-pass refs/remotes/origin/codex/horde-1.6.1-engineering-pass
shared-gameplay	Check out source	2026-09-30T08:31:43.1802191Z Switched to a new branch 'codex/horde-1.6.1-engineering-pass'
shared-gameplay	Check out source	2026-09-30T08:31:43.1807506Z branch 'codex/horde-1.6.1-engineering-pass' set up to track 'origin/codex/horde-1.6.1-engineering-pass'.
shared-gameplay	Check out source	2026-09-30T08:31:43.2290594Z ##[endgroup]
shared-gameplay	Check out source	2026-09-30T08:31:43.2293835Z [command]/usr/bin/git log -1 --format=%H
shared-gameplay	Check out source	2026-09-30T08:31:43.2325781Z 7a095c7836058f2129f1c3b08b1e8482671cbc72
shared-gameplay	Fetch portable-test GLB assets	﻿2026-09-30T08:31:43.2559258Z ##[group]Run git -c lfs.fetchexclude= lfs fetch --include="assets/models/player/runtime/*.glb,assets/models/player/viewmodel/runtime/*.glb,assets/models/props/runtime/*.glb,assets/models/props/runtime/*/*.glb,assets/models/weapons/runtime/*.glb,tests/fixtures/*/*.glb" && git lfs checkout "assets/models/player/runtime/*.glb" "assets/models/player/viewmodel/runtime/*.glb" "assets/models/props/runtime/*.glb" "assets/models/props/runtime/*/*.glb" "assets/models/weapons/runtime/*.glb" "tests/fixtures/*/*.glb"
shared-gameplay	Fetch portable-test GLB assets	2026-09-30T08:31:43.2562894Z ^[[36;1mgit -c lfs.fetchexclude= lfs fetch --include="assets/models/player/runtime/*.glb,assets/models/player/viewmodel/runtime/*.glb,assets/models/props/runtime/*.glb,assets/models/props/runtime/*/*.glb,assets/models/weapons/runtime/*.glb,tests/fixtures/*/*.glb" && git lfs checkout "assets/models/player/runtime/*.glb" "assets/models/player/viewmodel/runtime/*.glb" "assets/models/props/runtime/*.glb" "assets/models/props/runtime/*/*.glb" "assets/models/weapons/runtime/*.glb" "tests/fixtures/*/*.glb"^[[0m
shared-gameplay	Fetch portable-test GLB assets	2026-09-30T08:31:43.2881608Z shell: /usr/bin/bash -e {0}
shared-gameplay	Fetch portable-test GLB assets	2026-09-30T08:31:43.2882091Z ##[endgroup]
shared-gameplay	Fetch portable-test GLB assets	2026-09-30T08:31:43.3216766Z Fetching reference refs/heads/codex/horde-1.6.1-engineering-pass
shared-gameplay	Fetch portable-test GLB assets	2026-09-30T08:31:44.2795996Z Checking out LFS objects: 100% (46/46), 6.9 MB | 0 B/s, done.
shared-gameplay	Configure non-hardware host tests	﻿2026-09-30T08:31:44.5073440Z ##[group]Run cmake -S . -B build/host-ci -DCMAKE_BUILD_TYPE=Release -DBUILD_TESTING=ON -DHORDE_RT_BUILD_VULKAN_TARGETS=OFF
shared-gameplay	Configure non-hardware host tests	2026-09-30T08:31:44.5074375Z ^[[36;1mcmake -S . -B build/host-ci -DCMAKE_BUILD_TYPE=Release -DBUILD_TESTING=ON -DHORDE_RT_BUILD_VULKAN_TARGETS=OFF^[[0m
shared-gameplay	Configure non-hardware host tests	2026-09-30T08:31:44.5141224Z shell: /usr/bin/bash -e {0}
shared-gameplay	Configure non-hardware host tests	2026-09-30T08:31:44.5141531Z ##[endgroup]
shared-gameplay	Configure non-hardware host tests	2026-09-30T08:31:44.7556343Z -- The CXX compiler identification is GNU 13.3.0
shared-gameplay	Configure non-hardware host tests	2026-09-30T08:31:44.7741478Z -- Detecting CXX compiler ABI info
shared-gameplay	Configure non-hardware host tests	2026-09-30T08:31:44.8635885Z -- Detecting CXX compiler ABI info - done
shared-gameplay	Configure non-hardware host tests	2026-09-30T08:31:44.8816293Z -- Check for working CXX compiler: /usr/bin/c++ - skipped
shared-gameplay	Configure non-hardware host tests	2026-09-30T08:31:44.8822967Z -- Detecting CXX compile features
shared-gameplay	Configure non-hardware host tests	2026-09-30T08:31:44.8832915Z -- Detecting CXX compile features - done
shared-gameplay	Configure non-hardware host tests	2026-09-30T08:31:47.8118519Z Generated RT catalog adapter is current.
shared-gameplay	Configure non-hardware host tests	2026-09-30T08:31:47.8962873Z -- Strict non-contracted asset-transform arithmetic enabled for GltfDocument.cpp and StaticMeshAsset.cpp: -fno-fast-math;-ffp-contract=off
shared-gameplay	Configure non-hardware host tests	2026-09-30T08:31:48.7572824Z -- Legacy torch-failure identifiers were rejected by the configured GNU compiler.
shared-gameplay	Configure non-hardware host tests	2026-09-30T08:31:48.7574395Z -- Horde Lantern RT: configuring shared host gameplay tests without Vulkan targets.
shared-gameplay	Configure non-hardware host tests	2026-09-30T08:31:48.7576838Z -- Configuring done (4.2s)
shared-gameplay	Configure non-hardware host tests	2026-09-30T08:31:48.8489214Z -- Generating done (0.1s)
shared-gameplay	Configure non-hardware host tests	2026-09-30T08:31:48.8492909Z -- Build files have been written to: /home/runner/work/The-Horde-RT-demo/The-Horde-RT-demo/build/host-ci
shared-gameplay	Build shared gameplay tests	﻿2026-09-30T08:31:48.8627461Z ##[group]Run cmake --build build/host-ci --config Release --parallel 2
shared-gameplay	Build shared gameplay tests	2026-09-30T08:31:48.8628004Z ^[[36;1mcmake --build build/host-ci --config Release --parallel 2^[[0m
shared-gameplay	Build shared gameplay tests	2026-09-30T08:31:48.8691504Z shell: /usr/bin/bash -e {0}
shared-gameplay	Build shared gameplay tests	2026-09-30T08:31:48.8691777Z ##[endgroup]
shared-gameplay	Build shared gameplay tests	2026-09-30T08:31:48.8976757Z [  1%] Building CXX object CMakeFiles/horde_rt_player_primitive_contract_tests.dir/tests/PlayerPrimitiveContractTests.cpp.o
shared-gameplay	Build shared gameplay tests	2026-09-30T08:31:48.8979602Z [  1%] Building CXX object CMakeFiles/horde_gameplay_simulation.dir/src/gameplay/simulation/GameSimulation.cpp.o
shared-gameplay	Build shared gameplay tests	2026-09-30T08:31:50.2328048Z [  2%] Linking CXX executable horde_rt_player_primitive_contract_tests
shared-gameplay	Build shared gameplay tests	2026-09-30T08:31:50.2821983Z [  2%] Built target horde_rt_player_primitive_contract_tests
shared-gameplay	Build shared gameplay tests	2026-09-30T08:31:50.2915692Z [  3%] Building CXX object CMakeFiles/horde_rt_windows_benchmark_launch_tests.dir/tests/WindowsBenchmarkLaunchTests.cpp.o
shared-gameplay	Build shared gameplay tests	2026-09-30T08:31:50.8338879Z [  4%] Linking CXX executable horde_rt_windows_benchmark_launch_tests
shared-gameplay	Build shared gameplay tests	2026-09-30T08:31:50.8836319Z [  4%] Built target horde_rt_windows_benchmark_launch_tests
shared-gameplay	Build shared gameplay tests	2026-09-30T08:31:50.8931464Z [  4%] Building CXX object CMakeFiles/horde_rt_evidence_publication_tests.dir/tests/RtEvidencePublicationTests.cpp.o
shared-gameplay	Build shared gameplay tests	2026-09-30T08:31:51.3869699Z [  5%] Building CXX object CMakeFiles/horde_gameplay_simulation.dir/src/gameplay/animation/PlayerAnimationState.cpp.o
shared-gameplay	Build shared gameplay tests	2026-09-30T08:31:51.5826324Z [  6%] Building CXX object CMakeFiles/horde_rt_evidence_publication_tests.dir/src/telemetry/RtEvidencePublication.cpp.o
shared-gameplay	Build shared gameplay tests	2026-09-30T08:31:52.1297957Z [  7%] Building CXX object CMakeFiles/horde_rt_evidence_publication_tests.dir/src/telemetry/RtPerformanceEvidence.cpp.o
shared-gameplay	Build shared gameplay tests	2026-09-30T08:31:52.1435534Z [  8%] Building CXX object CMakeFiles/horde_gameplay_simulation.dir/src/gameplay/animation/PlayerIkTargets.cpp.o
shared-gameplay	Build shared gameplay tests	2026-09-30T08:31:52.4104397Z [  8%] Building CXX object CMakeFiles/horde_gameplay_simulation.dir/src/gameplay/effects/FireEmitterState.cpp.o
shared-gameplay	Build shared gameplay tests	2026-09-30T08:31:52.7117833Z [  9%] Building CXX object CMakeFiles/horde_gameplay_simulation.dir/src/gameplay/interactions/InteractionState.cpp.o
shared-gameplay	Build shared gameplay tests	2026-09-30T08:31:52.9659525Z [ 10%] Building CXX object CMakeFiles/horde_gameplay_simulation.dir/src/gameplay/interactions/ChestRewardSequence.cpp.o
shared-gameplay	Build shared gameplay tests	2026-09-30T08:31:53.2128116Z [ 10%] Building CXX object CMakeFiles/horde_gameplay_simulation.dir/src/gameplay/interactions/FinaleSequence.cpp.o
shared-gameplay	Build shared gameplay tests	2026-09-30T08:31:53.4620503Z [ 11%] Building CXX object CMakeFiles/horde_gameplay_simulation.dir/src/gameplay/items/LanternPendulum.cpp.o
shared-gameplay	Build shared gameplay tests	2026-09-30T08:31:53.4732110Z [ 11%] Linking CXX executable horde_rt_evidence_publication_tests
shared-gameplay	Build shared gameplay tests	2026-09-30T08:31:53.5268765Z [ 11%] Built target horde_rt_evidence_publication_tests
shared-gameplay	Build shared gameplay tests	2026-09-30T08:31:53.5341749Z [ 12%] Building CXX object CMakeFiles/horde_rt_ray_tracing_requirements_tests.dir/tests/RayTracingRequirementsTests.cpp.o
shared-gameplay	Build shared gameplay tests	2026-09-30T08:31:53.8390742Z [ 13%] Building CXX object CMakeFiles/horde_gameplay_simulation.dir/src/gameplay/items/HeldItemState.cpp.o
shared-gameplay	Build shared gameplay tests	2026-09-30T08:31:53.9352606Z [ 13%] Building CXX object CMakeFiles/horde_gameplay_simulation.dir/src/gameplay/items/HeldItemKinematics.cpp.o
shared-gameplay	Build shared gameplay tests	2026-09-30T08:31:54.0983546Z [ 13%] Building CXX object CMakeFiles/horde_rt_ray_tracing_requirements_tests.dir/src/vulkan/raytracing/RayTracingRequirements.cpp.o
shared-gameplay	Build shared gameplay tests	2026-09-30T08:31:54.3642474Z [ 14%] Linking CXX executable horde_rt_ray_tracing_requirements_tests
shared-gameplay	Build shared gameplay tests	2026-09-30T08:31:54.4143315Z [ 14%] Built target horde_rt_ray_tracing_requirements_tests
shared-gameplay	Build shared gameplay tests	2026-09-30T08:31:54.4215848Z [ 14%] Building CXX object CMakeFiles/horde_rt_performance_evidence_tests.dir/tests/RtPerformanceEvidenceTests.cpp.o
shared-gameplay	Build shared gameplay tests	2026-09-30T08:31:55.1125911Z [ 15%] Building CXX object CMakeFiles/horde_gameplay_simulation.dir/src/gameplay/items/HeldLightState.cpp.o
shared-gameplay	Build shared gameplay tests	2026-09-30T08:31:55.8396709Z [ 16%] Linking CXX static library libhorde_gameplay_simulation.a
shared-gameplay	Build shared gameplay tests	2026-09-30T08:31:56.4123872Z [ 17%] Building CXX object CMakeFiles/horde_rt_performance_evidence_tests.dir/src/telemetry/RtPerformanceEvidence.cpp.o
shared-gameplay	Build shared gameplay tests	2026-09-30T08:31:56.6817043Z [ 17%] Built target horde_gameplay_simulation
shared-gameplay	Build shared gameplay tests	2026-09-30T08:31:56.6890108Z [ 18%] Building CXX object CMakeFiles/horde_rt_scene_record_observation_tests.dir/tests/RtSceneRecordObservationTests.cpp.o
shared-gameplay	Build shared gameplay tests	2026-09-30T08:31:57.7332767Z [ 18%] Building CXX object CMakeFiles/horde_rt_scene_record_observation_tests.dir/src/telemetry/RtPerformanceEvidence.cpp.o
shared-gameplay	Build shared gameplay tests	2026-09-30T08:31:57.7920929Z [ 19%] Linking CXX executable horde_rt_performance_evidence_tests
shared-gameplay	Build shared gameplay tests	2026-09-30T08:31:57.8554981Z [ 19%] Built target horde_rt_performance_evidence_tests
shared-gameplay	Build shared gameplay tests	2026-09-30T08:31:57.8677184Z [ 20%] Building CXX object CMakeFiles/horde_rt_pipeline_variants_tests.dir/tests/RtPipelineVariantsTests.cpp.o
shared-gameplay	Build shared gameplay tests	2026-09-30T08:31:58.7050326Z [ 20%] Building CXX object CMakeFiles/horde_rt_pipeline_variants_tests.dir/src/vulkan/raytracing/RtPipelineVariants.cpp.o
shared-gameplay	Build shared gameplay tests	2026-09-30T08:31:59.1027825Z [ 21%] Linking CXX executable horde_rt_pipeline_variants_tests
shared-gameplay	Build shared gameplay tests	2026-09-30T08:31:59.1518536Z [ 22%] Linking CXX executable horde_rt_scene_record_observation_tests
shared-gameplay	Build shared gameplay tests	2026-09-30T08:31:59.1534950Z [ 22%] Built target horde_rt_pipeline_variants_tests
shared-gameplay	Build shared gameplay tests	2026-09-30T08:31:59.1608125Z [ 23%] Building CXX object CMakeFiles/horde_rt_pipeline_variant_provider_tests.dir/tests/RtPipelineVariantProviderTests.cpp.o
shared-gameplay	Build shared gameplay tests	2026-09-30T08:31:59.2033077Z [ 23%] Built target horde_rt_scene_record_observation_tests
shared-gameplay	Build shared gameplay tests	2026-09-30T08:31:59.2104709Z [ 23%] Building CXX object CMakeFiles/horde_rt_pipeline_bundle_contracts_tests.dir/tests/RtPipelineBundleContractsTests.cpp.o
shared-gameplay	Build shared gameplay tests	2026-09-30T08:31:59.5588851Z [ 24%] Building CXX object CMakeFiles/horde_rt_pipeline_variant_provider_tests.dir/src/vulkan/raytracing/RtPipelineVariants.cpp.o
shared-gameplay	Build shared gameplay tests	2026-09-30T08:31:59.7489474Z [ 25%] Building CXX object CMakeFiles/horde_rt_pipeline_bundle_contracts_tests.dir/src/vulkan/raytracing/RtPipelineBundleContracts.cpp.o
shared-gameplay	Build shared gameplay tests	2026-09-30T08:31:59.9221284Z [ 25%] Building CXX object CMakeFiles/horde_rt_pipeline_variant_provider_tests.dir/src/vulkan/raytracing/RtPipelineVariantProvider.cpp.o
shared-gameplay	Build shared gameplay tests	2026-09-30T08:32:00.6766465Z [ 26%] Linking CXX executable horde_rt_pipeline_variant_provider_tests
shared-gameplay	Build shared gameplay tests	2026-09-30T08:32:00.6968570Z [ 27%] Building CXX object CMakeFiles/horde_rt_pipeline_bundle_contracts_tests.dir/src/vulkan/raytracing/RtPipelineVariants.cpp.o
shared-gameplay	Build shared gameplay tests	2026-09-30T08:32:00.7262417Z [ 27%] Built target horde_rt_pipeline_variant_provider_tests
shared-gameplay	Build shared gameplay tests	2026-09-30T08:32:00.7333161Z [ 27%] Building CXX object CMakeFiles/horde_rtpv_0_0_obj.dir/src/vulkan/raytracing/RtPipelineVariantProvider.cpp.o
shared-gameplay	Build shared gameplay tests	2026-09-30T08:32:01.0576498Z [ 27%] Building CXX object CMakeFiles/horde_rt_pipeline_bundle_contracts_tests.dir/src/vulkan/raytracing/RtPipelineVariantProvider.cpp.o
shared-gameplay	Build shared gameplay tests	2026-09-30T08:32:01.4964732Z [ 27%] Built target horde_rtpv_0_0_obj
shared-gameplay	Build shared gameplay tests	2026-09-30T08:32:01.5035657Z [ 28%] Building CXX object CMakeFiles/horde_rtpv_0_1_obj.dir/src/vulkan/raytracing/RtPipelineVariantProvider.cpp.o
shared-gameplay	Build shared gameplay tests	2026-09-30T08:32:01.8167292Z [ 29%] Linking CXX executable horde_rt_pipeline_bundle_contracts_tests
shared-gameplay	Build shared gameplay tests	2026-09-30T08:32:01.8688356Z [ 29%] Built target horde_rt_pipeline_bundle_contracts_tests
shared-gameplay	Build shared gameplay tests	2026-09-30T08:32:01.8761167Z [ 30%] Building CXX object CMakeFiles/horde_rtpv_1_0_obj.dir/src/vulkan/raytracing/RtPipelineVariantProvider.cpp.o
shared-gameplay	Build shared gameplay tests	2026-09-30T08:32:02.2488037Z [ 30%] Built target horde_rtpv_0_1_obj
shared-gameplay	Build shared gameplay tests	2026-09-30T08:32:02.2558058Z [ 31%] Building CXX object CMakeFiles/horde_rtpv_1_1_obj.dir/src/vulkan/raytracing/RtPipelineVariantProvider.cpp.o
shared-gameplay	Build shared gameplay tests	2026-09-30T08:32:02.6471932Z [ 31%] Built target horde_rtpv_1_0_obj
shared-gameplay	Build shared gameplay tests	2026-09-30T08:32:02.6546046Z [ 32%] Building CXX object CMakeFiles/horde_rt_github_release_updater_tests.dir/tests/GitHubReleaseUpdaterTests.cpp.o
shared-gameplay	Build shared gameplay tests	2026-09-30T08:32:03.0186910Z [ 32%] Built target horde_rtpv_1_1_obj
shared-gameplay	Build shared gameplay tests	2026-09-30T08:32:03.0259581Z [ 33%] Building CXX object CMakeFiles/horde_rt_version_contract_tests.dir/tests/VersionContractTests.cpp.o
shared-gameplay	Build shared gameplay tests	2026-09-30T08:32:03.4213969Z [ 34%] Building CXX object CMakeFiles/horde_rt_github_release_updater_tests.dir/src/update/GitHubReleaseUpdater.cpp.o
shared-gameplay	Build shared gameplay tests	2026-09-30T08:32:05.2603372Z [ 34%] Linking CXX executable horde_rt_github_release_updater_tests
shared-gameplay	Build shared gameplay tests	2026-09-30T08:32:05.3143633Z [ 34%] Built target horde_rt_github_release_updater_tests
shared-gameplay	Build shared gameplay tests	2026-09-30T08:32:05.3217764Z [ 34%] Building CXX object CMakeFiles/horde_rt_version_contract_incremental_configure_tests.dir/tests/VersionContractIncrementalConfigureTests.cpp.o
shared-gameplay	Build shared gameplay tests	2026-09-30T08:32:07.0300519Z [ 35%] Linking CXX executable horde_rt_version_contract_incremental_configure_tests
shared-gameplay	Build shared gameplay tests	2026-09-30T08:32:07.0781287Z [ 35%] Built target horde_rt_version_contract_incremental_configure_tests
shared-gameplay	Build shared gameplay tests	2026-09-30T08:32:07.0851470Z [ 36%] Building CXX object CMakeFiles/horde_rt_dielectric_math_tests.dir/tests/DielectricMathTests.cpp.o
shared-gameplay	Build shared gameplay tests	2026-09-30T08:32:07.4929807Z [ 36%] Linking CXX executable horde_rt_version_contract_tests
shared-gameplay	Build shared gameplay tests	2026-09-30T08:32:07.5489782Z [ 36%] Built target horde_rt_version_contract_tests
shared-gameplay	Build shared gameplay tests	2026-09-30T08:32:07.5563435Z [ 37%] Building CXX object CMakeFiles/horde_rt_player_animation_tests.dir/tests/PlayerAnimationTests.cpp.o
shared-gameplay	Build shared gameplay tests	2026-09-30T08:32:08.5767970Z [ 38%] Linking CXX executable horde_rt_dielectric_math_tests
shared-gameplay	Build shared gameplay tests	2026-09-30T08:32:08.6283358Z [ 38%] Built target horde_rt_dielectric_math_tests
shared-gameplay	Build shared gameplay tests	2026-09-30T08:32:08.6354036Z [ 39%] Building CXX object CMakeFiles/horde_rt_fire_emitter_tests.dir/tests/FireEmitterTests.cpp.o
shared-gameplay	Build shared gameplay tests	2026-09-30T08:32:08.8496351Z [ 39%] Building CXX object CMakeFiles/horde_rt_player_animation_tests.dir/src/telemetry/RtPerformanceEvidence.cpp.o
shared-gameplay	Build shared gameplay tests	2026-09-30T08:32:09.5653205Z [ 40%] Building CXX object CMakeFiles/horde_rt_fire_emitter_tests.dir/src/vulkan/raytracing/FireEmitterBuffer.cpp.o
shared-gameplay	Build shared gameplay tests	2026-09-30T08:32:10.1300113Z [ 41%] Building CXX object CMakeFiles/horde_rt_player_animation_tests.dir/src/scene/assets/SkinnedMeshAsset.cpp.o
shared-gameplay	Build shared gameplay tests	2026-09-30T08:32:10.4447029Z [ 41%] Linking CXX executable horde_rt_fire_emitter_tests
shared-gameplay	Build shared gameplay tests	2026-09-30T08:32:10.4982021Z [ 41%] Built target horde_rt_fire_emitter_tests
shared-gameplay	Build shared gameplay tests	2026-09-30T08:32:10.5056437Z [ 42%] Building CXX object CMakeFiles/horde_rt_held_item_socket_tests.dir/tests/HeldItemSocketTests.cpp.o
shared-gameplay	Build shared gameplay tests	2026-09-30T08:32:12.0998429Z [ 42%] Building CXX object CMakeFiles/horde_rt_held_item_socket_tests.dir/src/scene/assets/AssetManifest.cpp.o
shared-gameplay	Build shared gameplay tests	2026-09-30T08:32:13.5658278Z [ 43%] Building CXX object CMakeFiles/horde_rt_player_animation_tests.dir/src/vulkan/raytracing/PlayerRenderSlot.cpp.o
shared-gameplay	Build shared gameplay tests	2026-09-30T08:32:14.7684183Z [ 44%] Building CXX object CMakeFiles/horde_rt_held_item_socket_tests.dir/src/scene/assets/AssetValidation.cpp.o
shared-gameplay	Build shared gameplay tests	2026-09-30T08:32:15.3190718Z [ 45%] Building CXX object CMakeFiles/horde_rt_held_item_socket_tests.dir/src/scene/assets/GltfDocument.cpp.o
shared-gameplay	Build shared gameplay tests	2026-09-30T08:32:15.5212182Z [ 45%] Linking CXX executable horde_rt_player_animation_tests
shared-gameplay	Build shared gameplay tests	2026-09-30T08:32:15.5781121Z [ 45%] Built target horde_rt_player_animation_tests
shared-gameplay	Build shared gameplay tests	2026-09-30T08:32:15.5852238Z [ 46%] Building CXX object CMakeFiles/horde_rt_development_static_asset_tests.dir/tests/DevelopmentStaticAssetTests.cpp.o
shared-gameplay	Build shared gameplay tests	2026-09-30T08:32:16.5930263Z [ 46%] Linking CXX executable horde_rt_development_static_asset_tests
shared-gameplay	Build shared gameplay tests	2026-09-30T08:32:16.6451685Z [ 46%] Built target horde_rt_development_static_asset_tests
shared-gameplay	Build shared gameplay tests	2026-09-30T08:32:16.6523968Z [ 47%] Building CXX object CMakeFiles/horde_rt_scene_abi_tests.dir/tests/RtSceneAbiTests.cpp.o
shared-gameplay	Build shared gameplay tests	2026-09-30T08:32:17.8534618Z [ 47%] Building CXX object CMakeFiles/horde_rt_scene_abi_tests.dir/src/vulkan/raytracing/RtStaticMeshSlot.cpp.o
shared-gameplay	Build shared gameplay tests	2026-09-30T08:32:17.9761221Z [ 47%] Building CXX object CMakeFiles/horde_rt_held_item_socket_tests.dir/src/scene/assets/StaticMeshAsset.cpp.o
shared-gameplay	Build shared gameplay tests	2026-09-30T08:32:19.8051930Z [ 48%] Building CXX object CMakeFiles/horde_rt_scene_abi_tests.dir/src/vulkan/raytracing/RtTextureArrays.cpp.o
shared-gameplay	Build shared gameplay tests	2026-09-30T08:32:20.0689783Z [ 49%] Linking CXX executable horde_rt_scene_abi_tests
shared-gameplay	Build shared gameplay tests	2026-09-30T08:32:20.1172742Z [ 49%] Built target horde_rt_scene_abi_tests
shared-gameplay	Build shared gameplay tests	2026-09-30T08:32:20.1246508Z [ 49%] Building CXX object CMakeFiles/horde_rt_static_gltf_asset_tests.dir/tests/StaticGltfAssetTests.cpp.o
shared-gameplay	Build shared gameplay tests	2026-09-30T08:32:21.9058879Z [ 50%] Building CXX object CMakeFiles/horde_rt_held_item_socket_tests.dir/src/vulkan/raytracing/HeldItemRenderSlot.cpp.o
shared-gameplay	Build shared gameplay tests	2026-09-30T08:32:21.9835922Z [ 51%] Building CXX object CMakeFiles/horde_rt_held_item_socket_tests.dir/src/vulkan/raytracing/RtStaticMeshSlot.cpp.o
shared-gameplay	Build shared gameplay tests	2026-09-30T08:32:23.9231144Z [ 51%] Linking CXX executable horde_rt_held_item_socket_tests
shared-gameplay	Build shared gameplay tests	2026-09-30T08:32:23.9841450Z [ 51%] Built target horde_rt_held_item_socket_tests
shared-gameplay	Build shared gameplay tests	2026-09-30T08:32:23.9917122Z [ 52%] Building CXX object CMakeFiles/horde_rt_production_prop_asset_tests.dir/tests/ProductionPropAssetTests.cpp.o
shared-gameplay	Build shared gameplay tests	2026-09-30T08:32:24.6752537Z [ 53%] Building CXX object CMakeFiles/horde_rt_static_gltf_asset_tests.dir/src/scene/assets/AssetManifest.cpp.o
shared-gameplay	Build shared gameplay tests	2026-09-30T08:32:27.3202200Z [ 54%] Building CXX object CMakeFiles/horde_rt_static_gltf_asset_tests.dir/src/scene/assets/AssetValidation.cpp.o
shared-gameplay	Build shared gameplay tests	2026-09-30T08:32:27.3634400Z [ 54%] Building CXX object CMakeFiles/horde_rt_production_prop_asset_tests.dir/src/scene/assets/AssetManifest.cpp.o
shared-gameplay	Build shared gameplay tests	2026-09-30T08:32:27.8599549Z [ 55%] Building CXX object CMakeFiles/horde_rt_static_gltf_asset_tests.dir/src/scene/assets/GltfDocument.cpp.o
shared-gameplay	Build shared gameplay tests	2026-09-30T08:32:30.0295324Z [ 56%] Building CXX object CMakeFiles/horde_rt_production_prop_asset_tests.dir/src/scene/assets/AssetValidation.cpp.o
shared-gameplay	Build shared gameplay tests	2026-09-30T08:32:30.5109251Z [ 56%] Building CXX object CMakeFiles/horde_rt_static_gltf_asset_tests.dir/src/scene/assets/StaticMeshAsset.cpp.o
shared-gameplay	Build shared gameplay tests	2026-09-30T08:32:30.5721952Z [ 57%] Building CXX object CMakeFiles/horde_rt_production_prop_asset_tests.dir/src/scene/assets/GltfDocument.cpp.o
shared-gameplay	Build shared gameplay tests	2026-09-30T08:32:33.2277157Z [ 57%] Building CXX object CMakeFiles/horde_rt_production_prop_asset_tests.dir/src/scene/assets/StaticMeshAsset.cpp.o
shared-gameplay	Build shared gameplay tests	2026-09-30T08:32:34.3651812Z [ 58%] Building CXX object CMakeFiles/horde_rt_static_gltf_asset_tests.dir/src/vulkan/raytracing/RtStaticMeshSlot.cpp.o
shared-gameplay	Build shared gameplay tests	2026-09-30T08:32:36.2763799Z [ 59%] Linking CXX executable horde_rt_static_gltf_asset_tests
shared-gameplay	Build shared gameplay tests	2026-09-30T08:32:36.3341283Z [ 59%] Built target horde_rt_static_gltf_asset_tests
shared-gameplay	Build shared gameplay tests	2026-09-30T08:32:36.3412485Z [ 60%] Building CXX object CMakeFiles/horde_rt_simulation_timing_tests.dir/tests/SimulationTimingTests.cpp.o
shared-gameplay	Build shared gameplay tests	2026-09-30T08:32:37.1802113Z [ 61%] Linking CXX executable horde_rt_production_prop_asset_tests
shared-gameplay	Build shared gameplay tests	2026-09-30T08:32:37.2368587Z [ 61%] Built target horde_rt_production_prop_asset_tests
shared-gameplay	Build shared gameplay tests	2026-09-30T08:32:37.2400090Z [ 61%] Linking CXX executable horde_rt_simulation_timing_tests
shared-gameplay	Build shared gameplay tests	2026-09-30T08:32:37.2440768Z [ 61%] Building CXX object CMakeFiles/horde_rt_simulation_gameplay_tests.dir/tests/SimulationGameplayTests.cpp.o
shared-gameplay	Build shared gameplay tests	2026-09-30T08:32:37.2931956Z [ 61%] Built target horde_rt_simulation_timing_tests
shared-gameplay	Build shared gameplay tests	2026-09-30T08:32:37.3006284Z [ 62%] Building CXX object CMakeFiles/horde_rt_lantern_reward_tests.dir/tests/LanternRewardTests.cpp.o
shared-gameplay	Build shared gameplay tests	2026-09-30T08:32:38.3313343Z [ 63%] Linking CXX executable horde_rt_lantern_reward_tests
shared-gameplay	Build shared gameplay tests	2026-09-30T08:32:38.3864654Z [ 63%] Built target horde_rt_lantern_reward_tests
shared-gameplay	Build shared gameplay tests	2026-09-30T08:32:38.3940111Z [ 64%] Building CXX object CMakeFiles/horde_rt_lantern_pendulum_tests.dir/tests/LanternPendulumTests.cpp.o
shared-gameplay	Build shared gameplay tests	2026-09-30T08:32:38.8294587Z [ 65%] Linking CXX executable horde_rt_simulation_gameplay_tests
shared-gameplay	Build shared gameplay tests	2026-09-30T08:32:38.8845120Z [ 65%] Built target horde_rt_simulation_gameplay_tests
shared-gameplay	Build shared gameplay tests	2026-09-30T08:32:38.8919562Z [ 66%] Building CXX object CMakeFiles/horde_rt_input_mailbox_stress.dir/tests/InputMailboxStress.cpp.o
shared-gameplay	Build shared gameplay tests	2026-09-30T08:32:39.2377777Z [ 66%] Linking CXX executable horde_rt_lantern_pendulum_tests
shared-gameplay	Build shared gameplay tests	2026-09-30T08:32:39.2934858Z [ 66%] Built target horde_rt_lantern_pendulum_tests
shared-gameplay	Build shared gameplay tests	2026-09-30T08:32:39.3006951Z [ 67%] Building CXX object CMakeFiles/horde_rt_desktop_controller_input_tests.dir/tests/DesktopControllerInputTests.cpp.o
shared-gameplay	Build shared gameplay tests	2026-09-30T08:32:39.9589851Z [ 68%] Linking CXX executable horde_rt_input_mailbox_stress
shared-gameplay	Build shared gameplay tests	2026-09-30T08:32:40.0099727Z [ 68%] Built target horde_rt_input_mailbox_stress
shared-gameplay	Build shared gameplay tests	2026-09-30T08:32:40.0171285Z [ 69%] Building CXX object CMakeFiles/horde_rt_gpu_timestamp_math_tests.dir/tests/GpuTimestampMathTests.cpp.o
shared-gameplay	Build shared gameplay tests	2026-09-30T08:32:40.1473096Z [ 70%] Linking CXX executable horde_rt_desktop_controller_input_tests
shared-gameplay	Build shared gameplay tests	2026-09-30T08:32:40.1966996Z [ 70%] Built target horde_rt_desktop_controller_input_tests
shared-gameplay	Build shared gameplay tests	2026-09-30T08:32:40.2036701Z [ 71%] Building CXX object CMakeFiles/horde_rt_combat_smoke.dir/tests/SwordCombatSmoke.cpp.o
shared-gameplay	Build shared gameplay tests	2026-09-30T08:32:40.4551409Z [ 72%] Linking CXX executable horde_rt_gpu_timestamp_math_tests
shared-gameplay	Build shared gameplay tests	2026-09-30T08:32:40.5149752Z [ 72%] Built target horde_rt_gpu_timestamp_math_tests
shared-gameplay	Build shared gameplay tests	2026-09-30T08:32:40.5225879Z [ 73%] Building CXX object CMakeFiles/horde_rt_showcase_route_smoke.dir/tests/ShowcaseRouteSmoke.cpp.o
shared-gameplay	Build shared gameplay tests	2026-09-30T08:32:41.6190347Z [ 73%] Linking CXX executable horde_rt_combat_smoke
shared-gameplay	Build shared gameplay tests	2026-09-30T08:32:41.6724867Z [ 73%] Built target horde_rt_combat_smoke
shared-gameplay	Build shared gameplay tests	2026-09-30T08:32:41.6795555Z [ 74%] Building CXX object CMakeFiles/horde_rt_showcase_gameplay_smoke.dir/tests/ShowcaseGameplaySmoke.cpp.o
shared-gameplay	Build shared gameplay tests	2026-09-30T08:32:41.7293575Z [ 75%] Linking CXX executable horde_rt_showcase_route_smoke
shared-gameplay	Build shared gameplay tests	2026-09-30T08:32:41.7813123Z [ 75%] Built target horde_rt_showcase_route_smoke
shared-gameplay	Build shared gameplay tests	2026-09-30T08:32:41.7884862Z [ 76%] Building CXX object CMakeFiles/horde_rt_spatial_audio_smoke.dir/tests/SpatialAudioSmoke.cpp.o
shared-gameplay	Build shared gameplay tests	2026-09-30T08:32:43.0634365Z [ 77%] Linking CXX executable horde_rt_spatial_audio_smoke
shared-gameplay	Build shared gameplay tests	2026-09-30T08:32:43.1159421Z [ 77%] Built target horde_rt_spatial_audio_smoke
shared-gameplay	Build shared gameplay tests	2026-09-30T08:32:43.1234708Z [ 77%] Building CXX object CMakeFiles/horde_rt_lantern_benchmark_tests.dir/tests/LanternBenchmarkTests.cpp.o
shared-gameplay	Build shared gameplay tests	2026-09-30T08:32:43.1332824Z [ 77%] Linking CXX executable horde_rt_showcase_gameplay_smoke
shared-gameplay	Build shared gameplay tests	2026-09-30T08:32:43.1838275Z [ 77%] Built target horde_rt_showcase_gameplay_smoke
shared-gameplay	Build shared gameplay tests	2026-09-30T08:32:43.1911944Z [ 77%] Building CXX object CMakeFiles/horde_rt_benchmark_evidence_report_tests.dir/tests/RtBenchmarkEvidenceReportTests.cpp.o
shared-gameplay	Build shared gameplay tests	2026-09-30T08:32:44.1172425Z [ 78%] Building CXX object CMakeFiles/horde_rt_lantern_benchmark_tests.dir/src/gameplay/ShowcaseBenchmark.cpp.o
shared-gameplay	Build shared gameplay tests	2026-09-30T08:32:44.2640009Z [ 79%] Building CXX object CMakeFiles/horde_rt_benchmark_evidence_report_tests.dir/src/gameplay/ShowcaseBenchmark.cpp.o
shared-gameplay	Build shared gameplay tests	2026-09-30T08:32:45.6692802Z [ 80%] Building CXX object CMakeFiles/horde_rt_lantern_benchmark_tests.dir/src/telemetry/RtBenchmarkEvidenceReport.cpp.o
shared-gameplay	Build shared gameplay tests	2026-09-30T08:32:45.7995393Z [ 81%] Building CXX object CMakeFiles/horde_rt_benchmark_evidence_report_tests.dir/src/telemetry/RtBenchmarkEvidenceReport.cpp.o
shared-gameplay	Build shared gameplay tests	2026-09-30T08:32:46.8273187Z [ 82%] Building CXX object CMakeFiles/horde_rt_lantern_benchmark_tests.dir/src/telemetry/RtBenchmarkEvidenceRun.cpp.o
shared-gameplay	Build shared gameplay tests	2026-09-30T08:32:46.9407308Z [ 83%] Building CXX object CMakeFiles/horde_rt_benchmark_evidence_report_tests.dir/src/telemetry/RtBenchmarkEvidenceRun.cpp.o
shared-gameplay	Build shared gameplay tests	2026-09-30T08:32:47.5544572Z [ 83%] Building CXX object CMakeFiles/horde_rt_lantern_benchmark_tests.dir/src/telemetry/RtPerformanceEvidence.cpp.o
shared-gameplay	Build shared gameplay tests	2026-09-30T08:32:47.6550417Z [ 83%] Building CXX object CMakeFiles/horde_rt_benchmark_evidence_report_tests.dir/src/telemetry/RtPerformanceEvidence.cpp.o
shared-gameplay	Build shared gameplay tests	2026-09-30T08:32:48.8517601Z [ 84%] Linking CXX executable horde_rt_lantern_benchmark_tests
shared-gameplay	Build shared gameplay tests	2026-09-30T08:32:48.9082435Z [ 84%] Built target horde_rt_lantern_benchmark_tests
shared-gameplay	Build shared gameplay tests	2026-09-30T08:32:48.9157386Z [ 85%] Building CXX object CMakeFiles/horde_rt_benchmark_evidence_run_tests.dir/tests/RtBenchmarkEvidenceRunTests.cpp.o
shared-gameplay	Build shared gameplay tests	2026-09-30T08:32:48.9441878Z [ 86%] Linking CXX executable horde_rt_benchmark_evidence_report_tests
shared-gameplay	Build shared gameplay tests	2026-09-30T08:32:48.9980711Z [ 86%] Built target horde_rt_benchmark_evidence_report_tests
shared-gameplay	Build shared gameplay tests	2026-09-30T08:32:49.0054299Z [ 87%] Building CXX object CMakeFiles/horde_rt_provider_shipping_mobile_fixture.dir/tests/RtPipelineVariantFixture.cpp.o
shared-gameplay	Build shared gameplay tests	2026-09-30T08:32:49.5984985Z [ 88%] Building CXX object CMakeFiles/horde_rt_provider_shipping_mobile_fixture.dir/src/vulkan/raytracing/RtPipelineBundleContracts.cpp.o
shared-gameplay	Build shared gameplay tests	2026-09-30T08:32:50.0969939Z [ 88%] Building CXX object CMakeFiles/horde_rt_benchmark_evidence_run_tests.dir/src/telemetry/RtBenchmarkEvidenceRun.cpp.o
shared-gameplay	Build shared gameplay tests	2026-09-30T08:32:50.5442733Z [ 88%] Building CXX object CMakeFiles/horde_rt_provider_shipping_mobile_fixture.dir/src/vulkan/raytracing/RtPipelineVariants.cpp.o
shared-gameplay	Build shared gameplay tests	2026-09-30T08:32:50.8103066Z [ 89%] Building CXX object CMakeFiles/horde_rt_benchmark_evidence_run_tests.dir/src/telemetry/RtBenchmarkEvidenceReport.cpp.o
shared-gameplay	Build shared gameplay tests	2026-09-30T08:32:50.9006266Z [ 90%] Linking CXX executable horde_rt_provider_shipping_mobile_fixture
shared-gameplay	Build shared gameplay tests	2026-09-30T08:32:50.9551199Z [ 90%] Built target horde_rt_provider_shipping_mobile_fixture
shared-gameplay	Build shared gameplay tests	2026-09-30T08:32:50.9624015Z [ 91%] Building CXX object CMakeFiles/horde_rt_provider_shipping_high_fixture.dir/tests/RtPipelineVariantFixture.cpp.o
shared-gameplay	Build shared gameplay tests	2026-09-30T08:32:51.5480858Z [ 92%] Building CXX object CMakeFiles/horde_rt_provider_shipping_high_fixture.dir/src/vulkan/raytracing/RtPipelineBundleContracts.cpp.o
shared-gameplay	Build shared gameplay tests	2026-09-30T08:32:51.9688919Z [ 93%] Building CXX object CMakeFiles/horde_rt_benchmark_evidence_run_tests.dir/src/telemetry/RtPerformanceEvidence.cpp.o
shared-gameplay	Build shared gameplay tests	2026-09-30T08:32:52.4838600Z [ 94%] Building CXX object CMakeFiles/horde_rt_provider_shipping_high_fixture.dir/src/vulkan/raytracing/RtPipelineVariants.cpp.o
shared-gameplay	Build shared gameplay tests	2026-09-30T08:32:52.8424112Z [ 94%] Linking CXX executable horde_rt_provider_shipping_high_fixture
shared-gameplay	Build shared gameplay tests	2026-09-30T08:32:52.8950247Z [ 94%] Built target horde_rt_provider_shipping_high_fixture
shared-gameplay	Build shared gameplay tests	2026-09-30T08:32:52.9023462Z [ 94%] Building CXX object CMakeFiles/horde_rt_provider_diagnostic_mobile_fixture.dir/tests/RtPipelineVariantFixture.cpp.o
shared-gameplay	Build shared gameplay tests	2026-09-30T08:32:53.2810003Z [ 94%] Building CXX object CMakeFiles/horde_rt_benchmark_evidence_run_tests.dir/src/gameplay/ShowcaseBenchmark.cpp.o
shared-gameplay	Build shared gameplay tests	2026-09-30T08:32:53.4944838Z [ 95%] Building CXX object CMakeFiles/horde_rt_provider_diagnostic_mobile_fixture.dir/src/vulkan/raytracing/RtPipelineBundleContracts.cpp.o
shared-gameplay	Build shared gameplay tests	2026-09-30T08:32:54.4237208Z [ 96%] Building CXX object CMakeFiles/horde_rt_provider_diagnostic_mobile_fixture.dir/src/vulkan/raytracing/RtPipelineVariants.cpp.o
shared-gameplay	Build shared gameplay tests	2026-09-30T08:32:54.7802600Z [ 96%] Linking CXX executable horde_rt_provider_diagnostic_mobile_fixture
shared-gameplay	Build shared gameplay tests	2026-09-30T08:32:54.8272715Z [ 97%] Linking CXX executable horde_rt_benchmark_evidence_run_tests
shared-gameplay	Build shared gameplay tests	2026-09-30T08:32:54.8316137Z [ 97%] Built target horde_rt_provider_diagnostic_mobile_fixture
shared-gameplay	Build shared gameplay tests	2026-09-30T08:32:54.8389937Z [ 98%] Building CXX object CMakeFiles/horde_rt_provider_diagnostic_high_fixture.dir/tests/RtPipelineVariantFixture.cpp.o
shared-gameplay	Build shared gameplay tests	2026-09-30T08:32:54.8801002Z [ 98%] Built target horde_rt_benchmark_evidence_run_tests
shared-gameplay	Build shared gameplay tests	2026-09-30T08:32:54.8824638Z [ 98%] Building CXX object CMakeFiles/horde_rt_provider_diagnostic_high_fixture.dir/src/vulkan/raytracing/RtPipelineBundleContracts.cpp.o
shared-gameplay	Build shared gameplay tests	2026-09-30T08:32:55.4180124Z [ 99%] Building CXX object CMakeFiles/horde_rt_provider_diagnostic_high_fixture.dir/src/vulkan/raytracing/RtPipelineVariants.cpp.o
shared-gameplay	Build shared gameplay tests	2026-09-30T08:32:55.8226411Z [100%] Linking CXX executable horde_rt_provider_diagnostic_high_fixture
shared-gameplay	Build shared gameplay tests	2026-09-30T08:32:55.8728599Z [100%] Built target horde_rt_provider_diagnostic_high_fixture
shared-gameplay	Run shared gameplay tests	﻿2026-09-30T08:32:55.8894287Z ##[group]Run ctest --test-dir build/host-ci --build-config Release --output-on-failure
shared-gameplay	Run shared gameplay tests	2026-09-30T08:32:55.8894978Z ^[[36;1mctest --test-dir build/host-ci --build-config Release --output-on-failure^[[0m
shared-gameplay	Run shared gameplay tests	2026-09-30T08:32:55.8957232Z shell: /usr/bin/bash -e {0}
shared-gameplay	Run shared gameplay tests	2026-09-30T08:32:55.8957502Z ##[endgroup]
shared-gameplay	Run shared gameplay tests	2026-09-30T08:32:55.9329183Z Internal ctest changing into directory: /home/runner/work/The-Horde-RT-demo/The-Horde-RT-demo/build/host-ci
shared-gameplay	Run shared gameplay tests	2026-09-30T08:32:55.9397870Z Test project /home/runner/work/The-Horde-RT-demo/The-Horde-RT-demo/build/host-ci
shared-gameplay	Run shared gameplay tests	2026-09-30T08:32:55.9461730Z       Start  1: horde_rt_player_primitive_contract_tests
shared-gameplay	Run shared gameplay tests	2026-09-30T08:32:55.9483247Z  1/45 Test  #1: horde_rt_player_primitive_contract_tests ................   Passed    0.00 sec
shared-gameplay	Run shared gameplay tests	2026-09-30T08:32:55.9495735Z       Start  2: horde_rt_raygen_artifact_ownership_tests
shared-gameplay	Run shared gameplay tests	2026-09-30T08:32:56.9585158Z  2/45 Test  #2: horde_rt_raygen_artifact_ownership_tests ................   Passed    1.01 sec
shared-gameplay	Run shared gameplay tests	2026-09-30T08:32:56.9590996Z       Start  3: horde_rt_player_manifest_agreement_tests
shared-gameplay	Run shared gameplay tests	2026-09-30T08:32:57.8542329Z  3/45 Test  #3: horde_rt_player_manifest_agreement_tests ................   Passed    0.89 sec
shared-gameplay	Run shared gameplay tests	2026-09-30T08:32:57.8543461Z       Start  4: horde_rt_player_package_inventory_tests
shared-gameplay	Run shared gameplay tests	2026-09-30T08:32:58.8144198Z  4/45 Test  #4: horde_rt_player_package_inventory_tests .................   Passed    0.96 sec
shared-gameplay	Run shared gameplay tests	2026-09-30T08:32:58.8145611Z       Start  5: horde_rt_lantern_benchmark_tests
shared-gameplay	Run shared gameplay tests	2026-09-30T08:32:58.8280131Z  5/45 Test  #5: horde_rt_lantern_benchmark_tests ........................   Passed    0.01 sec
shared-gameplay	Run shared gameplay tests	2026-09-30T08:32:58.8281714Z       Start  6: horde_rt_benchmark_evidence_report_tests
shared-gameplay	Run shared gameplay tests	2026-09-30T08:32:58.8310753Z  6/45 Test  #6: horde_rt_benchmark_evidence_report_tests ................   Passed    0.00 sec
shared-gameplay	Run shared gameplay tests	2026-09-30T08:32:58.8312253Z       Start  7: horde_rt_windows_benchmark_launch_tests
shared-gameplay	Run shared gameplay tests	2026-09-30T08:32:58.8327817Z  7/45 Test  #7: horde_rt_windows_benchmark_launch_tests .................   Passed    0.00 sec
shared-gameplay	Run shared gameplay tests	2026-09-30T08:32:58.8329290Z       Start  8: horde_rt_benchmark_evidence_run_tests
shared-gameplay	Run shared gameplay tests	2026-09-30T08:32:58.8416907Z  8/45 Test  #8: horde_rt_benchmark_evidence_run_tests ...................   Passed    0.01 sec
shared-gameplay	Run shared gameplay tests	2026-09-30T08:32:58.8418125Z       Start  9: horde_rt_evidence_publication_tests
shared-gameplay	Run shared gameplay tests	2026-09-30T08:32:58.8435890Z  9/45 Test  #9: horde_rt_evidence_publication_tests .....................   Passed    0.00 sec
shared-gameplay	Run shared gameplay tests	2026-09-30T08:32:58.8437215Z       Start 10: horde_rt_ray_tracing_requirements_tests
shared-gameplay	Run shared gameplay tests	2026-09-30T08:32:58.8451860Z 10/45 Test #10: horde_rt_ray_tracing_requirements_tests .................   Passed    0.00 sec
shared-gameplay	Run shared gameplay tests	2026-09-30T08:32:58.8453349Z       Start 11: horde_rt_performance_evidence_tests
shared-gameplay	Run shared gameplay tests	2026-09-30T08:32:59.1263461Z 11/45 Test #11: horde_rt_performance_evidence_tests .....................   Passed    0.28 sec
shared-gameplay	Run shared gameplay tests	2026-09-30T08:32:59.1265442Z       Start 12: horde_rt_scene_record_observation_tests
shared-gameplay	Run shared gameplay tests	2026-09-30T08:32:59.1285026Z 12/45 Test #12: horde_rt_scene_record_observation_tests .................   Passed    0.00 sec
shared-gameplay	Run shared gameplay tests	2026-09-30T08:32:59.1286488Z       Start 13: horde_rt_pipeline_variants_tests
shared-gameplay	Run shared gameplay tests	2026-09-30T08:32:59.1301356Z 13/45 Test #13: horde_rt_pipeline_variants_tests ........................   Passed    0.00 sec
shared-gameplay	Run shared gameplay tests	2026-09-30T08:32:59.1302777Z       Start 14: horde_rt_pipeline_variant_provider_tests
shared-gameplay	Run shared gameplay tests	2026-09-30T08:32:59.1317597Z 14/45 Test #14: horde_rt_pipeline_variant_provider_tests ................   Passed    0.00 sec
shared-gameplay	Run shared gameplay tests	2026-09-30T08:32:59.1319287Z       Start 15: horde_rt_pipeline_bundle_contracts_tests
shared-gameplay	Run shared gameplay tests	2026-09-30T08:32:59.1487045Z 15/45 Test #15: horde_rt_pipeline_bundle_contracts_tests ................   Passed    0.02 sec
shared-gameplay	Run shared gameplay tests	2026-09-30T08:32:59.1488471Z       Start 16: horde_rt_provider_shipping_mobile_fixture
shared-gameplay	Run shared gameplay tests	2026-09-30T08:32:59.1540397Z 16/45 Test #16: horde_rt_provider_shipping_mobile_fixture ...............   Passed    0.01 sec
shared-gameplay	Run shared gameplay tests	2026-09-30T08:32:59.1541891Z       Start 17: horde_rt_provider_shipping_mobile_fixture_evidence
shared-gameplay	Run shared gameplay tests	2026-09-30T08:33:15.0792214Z 17/45 Test #17: horde_rt_provider_shipping_mobile_fixture_evidence ......   Passed   15.92 sec
shared-gameplay	Run shared gameplay tests	2026-09-30T08:33:15.0793637Z       Start 18: horde_rt_provider_shipping_high_fixture
shared-gameplay	Run shared gameplay tests	2026-09-30T08:33:15.0850806Z 18/45 Test #18: horde_rt_provider_shipping_high_fixture .................   Passed    0.01 sec
shared-gameplay	Run shared gameplay tests	2026-09-30T08:33:15.0852272Z       Start 19: horde_rt_provider_shipping_high_fixture_evidence
shared-gameplay	Run shared gameplay tests	2026-09-30T08:33:30.5909627Z 19/45 Test #19: horde_rt_provider_shipping_high_fixture_evidence ........   Passed   15.51 sec
shared-gameplay	Run shared gameplay tests	2026-09-30T08:33:30.5910739Z       Start 20: horde_rt_provider_diagnostic_mobile_fixture
shared-gameplay	Run shared gameplay tests	2026-09-30T08:33:30.5968848Z 20/45 Test #20: horde_rt_provider_diagnostic_mobile_fixture .............   Passed    0.01 sec
shared-gameplay	Run shared gameplay tests	2026-09-30T08:33:30.5970471Z       Start 21: horde_rt_provider_diagnostic_mobile_fixture_evidence
shared-gameplay	Run shared gameplay tests	2026-09-30T08:33:46.1010899Z 21/45 Test #21: horde_rt_provider_diagnostic_mobile_fixture_evidence ....   Passed   15.50 sec
shared-gameplay	Run shared gameplay tests	2026-09-30T08:33:46.1012336Z       Start 22: horde_rt_provider_diagnostic_high_fixture
shared-gameplay	Run shared gameplay tests	2026-09-30T08:33:46.1069388Z 22/45 Test #22: horde_rt_provider_diagnostic_high_fixture ...............   Passed    0.01 sec
shared-gameplay	Run shared gameplay tests	2026-09-30T08:33:46.1071070Z       Start 23: horde_rt_provider_diagnostic_high_fixture_evidence
shared-gameplay	Run shared gameplay tests	2026-09-30T08:34:01.7269615Z 23/45 Test #23: horde_rt_provider_diagnostic_high_fixture_evidence ......   Passed   15.62 sec
shared-gameplay	Run shared gameplay tests	2026-09-30T08:34:01.7270854Z       Start 24: horde_rt_github_release_updater_tests
shared-gameplay	Run shared gameplay tests	2026-09-30T08:34:01.7291128Z 24/45 Test #24: horde_rt_github_release_updater_tests ...................   Passed    0.00 sec
shared-gameplay	Run shared gameplay tests	2026-09-30T08:34:01.7292394Z       Start 25: horde_rt_version_contract_tests
shared-gameplay	Run shared gameplay tests	2026-09-30T08:34:01.7387921Z 25/45 Test #25: horde_rt_version_contract_tests .........................   Passed    0.01 sec
shared-gameplay	Run shared gameplay tests	2026-09-30T08:34:01.7389470Z       Start 26: horde_rt_version_contract_incremental_configure_tests
shared-gameplay	Run shared gameplay tests	2026-09-30T08:34:04.0484379Z 26/45 Test #26: horde_rt_version_contract_incremental_configure_tests ...   Passed    2.31 sec
shared-gameplay	Run shared gameplay tests	2026-09-30T08:34:04.0487095Z       Start 27: horde_rt_dielectric_math_tests
shared-gameplay	Run shared gameplay tests	2026-09-30T08:34:04.0561077Z 27/45 Test #27: horde_rt_dielectric_math_tests ..........................   Passed    0.01 sec
shared-gameplay	Run shared gameplay tests	2026-09-30T08:34:04.0562417Z       Start 28: horde_rt_player_animation_tests
shared-gameplay	Run shared gameplay tests	2026-09-30T08:34:04.0589258Z 28/45 Test #28: horde_rt_player_animation_tests .........................   Passed    0.00 sec
shared-gameplay	Run shared gameplay tests	2026-09-30T08:34:04.0591064Z       Start 29: horde_rt_fire_emitter_tests
shared-gameplay	Run shared gameplay tests	2026-09-30T08:34:04.0613668Z 29/45 Test #29: horde_rt_fire_emitter_tests .............................   Passed    0.00 sec
shared-gameplay	Run shared gameplay tests	2026-09-30T08:34:04.0614989Z       Start 30: horde_rt_held_item_socket_tests
shared-gameplay	Run shared gameplay tests	2026-09-30T08:34:04.1144389Z 30/45 Test #30: horde_rt_held_item_socket_tests .........................   Passed    0.05 sec
shared-gameplay	Run shared gameplay tests	2026-09-30T08:34:04.1145589Z       Start 31: horde_rt_development_static_asset_tests
shared-gameplay	Run shared gameplay tests	2026-09-30T08:34:04.1167957Z 31/45 Test #31: horde_rt_development_static_asset_tests .................   Passed    0.00 sec
shared-gameplay	Run shared gameplay tests	2026-09-30T08:34:04.1169347Z       Start 32: horde_rt_scene_abi_tests
shared-gameplay	Run shared gameplay tests	2026-09-30T08:34:04.1185931Z 32/45 Test #32: horde_rt_scene_abi_tests ................................   Passed    0.00 sec
shared-gameplay	Run shared gameplay tests	2026-09-30T08:34:04.1187282Z       Start 33: horde_rt_static_gltf_asset_tests
shared-gameplay	Run shared gameplay tests	2026-09-30T08:34:04.1500668Z 33/45 Test #33: horde_rt_static_gltf_asset_tests ........................   Passed    0.03 sec
shared-gameplay	Run shared gameplay tests	2026-09-30T08:34:04.1502229Z       Start 34: horde_rt_production_prop_asset_tests
shared-gameplay	Run shared gameplay tests	2026-09-30T08:34:04.1815119Z 34/45 Test #34: horde_rt_production_prop_asset_tests ....................   Passed    0.03 sec
shared-gameplay	Run shared gameplay tests	2026-09-30T08:34:04.1817207Z       Start 35: horde_rt_simulation_timing_tests
shared-gameplay	Run shared gameplay tests	2026-09-30T08:34:04.1849815Z 35/45 Test #35: horde_rt_simulation_timing_tests ........................   Passed    0.00 sec
shared-gameplay	Run shared gameplay tests	2026-09-30T08:34:04.1851408Z       Start 36: horde_rt_simulation_gameplay_tests
shared-gameplay	Run shared gameplay tests	2026-09-30T08:34:04.1913031Z 36/45 Test #36: horde_rt_simulation_gameplay_tests ......................   Passed    0.01 sec
shared-gameplay	Run shared gameplay tests	2026-09-30T08:34:04.1914447Z       Start 37: horde_rt_lantern_reward_tests
shared-gameplay	Run shared gameplay tests	2026-09-30T08:34:04.1932798Z 37/45 Test #37: horde_rt_lantern_reward_tests ...........................   Passed    0.00 sec
shared-gameplay	Run shared gameplay tests	2026-09-30T08:34:04.1934202Z       Start 38: horde_rt_lantern_pendulum_tests
shared-gameplay	Run shared gameplay tests	2026-09-30T08:34:04.1957002Z 38/45 Test #38: horde_rt_lantern_pendulum_tests .........................   Passed    0.00 sec
shared-gameplay	Run shared gameplay tests	2026-09-30T08:34:04.1958400Z       Start 39: horde_rt_input_mailbox_stress
shared-gameplay	Run shared gameplay tests	2026-09-30T08:34:04.2583723Z 39/45 Test #39: horde_rt_input_mailbox_stress ...........................   Passed    0.06 sec
shared-gameplay	Run shared gameplay tests	2026-09-30T08:34:04.2585074Z       Start 40: horde_rt_desktop_controller_input_tests
shared-gameplay	Run shared gameplay tests	2026-09-30T08:34:04.2614454Z 40/45 Test #40: horde_rt_desktop_controller_input_tests .................   Passed    0.00 sec
shared-gameplay	Run shared gameplay tests	2026-09-30T08:34:04.2615839Z       Start 41: horde_rt_gpu_timestamp_math_tests
shared-gameplay	Run shared gameplay tests	2026-09-30T08:34:04.2631413Z 41/45 Test #41: horde_rt_gpu_timestamp_math_tests .......................   Passed    0.00 sec
shared-gameplay	Run shared gameplay tests	2026-09-30T08:34:04.2632756Z       Start 42: horde_rt_combat_smoke
shared-gameplay	Run shared gameplay tests	2026-09-30T08:34:04.2654678Z 42/45 Test #42: horde_rt_combat_smoke ...................................   Passed    0.00 sec
shared-gameplay	Run shared gameplay tests	2026-09-30T08:34:04.2656105Z       Start 43: horde_rt_showcase_route_smoke
shared-gameplay	Run shared gameplay tests	2026-09-30T08:34:04.2672513Z 43/45 Test #43: horde_rt_showcase_route_smoke ...........................   Passed    0.00 sec
shared-gameplay	Run shared gameplay tests	2026-09-30T08:34:04.2674183Z       Start 44: horde_rt_showcase_gameplay_smoke
shared-gameplay	Run shared gameplay tests	2026-09-30T08:34:04.2691490Z 44/45 Test #44: horde_rt_showcase_gameplay_smoke ........................   Passed    0.00 sec
shared-gameplay	Run shared gameplay tests	2026-09-30T08:34:04.2692902Z       Start 45: horde_rt_spatial_audio_smoke
shared-gameplay	Run shared gameplay tests	2026-09-30T08:34:04.2725855Z 45/45 Test #45: horde_rt_spatial_audio_smoke ............................   Passed    0.00 sec
shared-gameplay	Run shared gameplay tests	2026-09-30T08:34:04.2730783Z 
shared-gameplay	Run shared gameplay tests	2026-09-30T08:34:04.2730994Z 100% tests passed, 0 tests failed out of 45
shared-gameplay	Run shared gameplay tests	2026-09-30T08:34:04.2731355Z 
shared-gameplay	Run shared gameplay tests	2026-09-30T08:34:04.2731487Z Total Test time (real) =  68.33 sec
shared-gameplay	Check offline gauntlet chirality and UV winding	﻿2026-09-30T08:34:04.2802280Z ##[group]Run python3 -m unittest discover -s tests -p test_player_gauntlet_geometry.py -v
shared-gameplay	Check offline gauntlet chirality and UV winding	2026-09-30T08:34:04.2802972Z ^[[36;1mpython3 -m unittest discover -s tests -p test_player_gauntlet_geometry.py -v^[[0m
shared-gameplay	Check offline gauntlet chirality and UV winding	2026-09-30T08:34:04.2864389Z shell: /usr/bin/bash -e {0}
shared-gameplay	Check offline gauntlet chirality and UV winding	2026-09-30T08:34:04.2864648Z ##[endgroup]
shared-gameplay	Check offline gauntlet chirality and UV winding	2026-09-30T08:34:04.3720424Z test_invalid_chirality_is_rejected (test_player_gauntlet_geometry.GauntletGeometryTests.test_invalid_chirality_is_rejected) ... ok
shared-gameplay	Check offline gauntlet chirality and UV winding	2026-09-30T08:34:04.3722845Z test_legacy_uv_mode_is_explicit_not_default (test_player_gauntlet_geometry.GauntletGeometryTests.test_legacy_uv_mode_is_explicit_not_default) ... ok
shared-gameplay	Check offline gauntlet chirality and UV winding	2026-09-30T08:34:04.3724948Z test_mirror_preserves_vertex_to_uv_correspondence (test_player_gauntlet_geometry.GauntletGeometryTests.test_mirror_preserves_vertex_to_uv_correspondence) ... ok
shared-gameplay	Check offline gauntlet chirality and UV winding	2026-09-30T08:34:04.3727323Z test_mismatched_corner_roster_is_rejected (test_player_gauntlet_geometry.GauntletGeometryTests.test_mismatched_corner_roster_is_rejected) ... ok
shared-gameplay	Check offline gauntlet chirality and UV winding	2026-09-30T08:34:04.3729974Z test_right_source_is_mirrored_only_for_left_hand (test_player_gauntlet_geometry.GauntletGeometryTests.test_right_source_is_mirrored_only_for_left_hand) ... ok
shared-gameplay	Check offline gauntlet chirality and UV winding	2026-09-30T08:34:04.3731691Z test_unmirrored_source_preserves_all_corners (test_player_gauntlet_geometry.GauntletGeometryTests.test_unmirrored_source_preserves_all_corners) ... ok
shared-gameplay	Check offline gauntlet chirality and UV winding	2026-09-30T08:34:04.3732363Z 
shared-gameplay	Check offline gauntlet chirality and UV winding	2026-09-30T08:34:04.3732523Z ----------------------------------------------------------------------
shared-gameplay	Check offline gauntlet chirality and UV winding	2026-09-30T08:34:04.3732859Z Ran 6 tests in 0.000s
shared-gameplay	Check offline gauntlet chirality and UV winding	2026-09-30T08:34:04.3732997Z 
shared-gameplay	Check offline gauntlet chirality and UV winding	2026-09-30T08:34:04.3733075Z OK
shared-gameplay	Check exact player cloth seam weight transfers	﻿2026-09-30T08:34:04.3843370Z ##[group]Run python3 -m unittest discover -s tests -p test_player_sleeve_seams.py -v
shared-gameplay	Check exact player cloth seam weight transfers	2026-09-30T08:34:04.3844047Z ^[[36;1mpython3 -m unittest discover -s tests -p test_player_sleeve_seams.py -v^[[0m
shared-gameplay	Check exact player cloth seam weight transfers	2026-09-30T08:34:04.3905275Z shell: /usr/bin/bash -e {0}
shared-gameplay	Check exact player cloth seam weight transfers	2026-09-30T08:34:04.3905588Z ##[endgroup]
shared-gameplay	Check exact player cloth seam weight transfers	2026-09-30T08:34:04.4490205Z test_conflicting_coincident_view_endpoint_records_fail (test_player_sleeve_seams.PlayerSleeveSeamTests.test_conflicting_coincident_view_endpoint_records_fail) ... ok
shared-gameplay	Check exact player cloth seam weight transfers	2026-09-30T08:34:04.4495601Z test_explicit_body_remainder_preserves_the_same_cloth_seam (test_player_sleeve_seams.PlayerSleeveSeamTests.test_explicit_body_remainder_preserves_the_same_cloth_seam) ... ok
shared-gameplay	Check exact player cloth seam weight transfers	2026-09-30T08:34:04.4497605Z test_invalid_face_index_fails (test_player_sleeve_seams.PlayerSleeveSeamTests.test_invalid_face_index_fails) ... ok
shared-gameplay	Check exact player cloth seam weight transfers	2026-09-30T08:34:04.4500732Z test_negative_or_unnormalized_weight_fails (test_player_sleeve_seams.PlayerSleeveSeamTests.test_negative_or_unnormalized_weight_fails) ... ok
shared-gameplay	Check exact player cloth seam weight transfers	2026-09-30T08:34:04.4502589Z test_nonfinite_position_fails (test_player_sleeve_seams.PlayerSleeveSeamTests.test_nonfinite_position_fails) ... ok
shared-gameplay	Check exact player cloth seam weight transfers	2026-09-30T08:34:04.4504876Z test_nonmanifold_and_degenerate_sleeve_edges_fail (test_player_sleeve_seams.PlayerSleeveSeamTests.test_nonmanifold_and_degenerate_sleeve_edges_fail) ... ok
shared-gameplay	Check exact player cloth seam weight transfers	2026-09-30T08:34:04.4510908Z test_retained_world_authoring_roundoff_does_not_relax_canonical_weights (test_player_sleeve_seams.PlayerSleeveSeamTests.test_retained_world_authoring_roundoff_does_not_relax_canonical_weights) ... ok
shared-gameplay	Check exact player cloth seam weight transfers	2026-09-30T08:34:04.4514027Z test_transfers_canonical_shared_boundary_weights_without_mutating_inputs (test_player_sleeve_seams.PlayerSleeveSeamTests.test_transfers_canonical_shared_boundary_weights_without_mutating_inputs) ... ok
shared-gameplay	Check exact player cloth seam weight transfers	2026-09-30T08:34:04.4515820Z test_unknown_view_bone_name_fails (test_player_sleeve_seams.PlayerSleeveSeamTests.test_unknown_view_bone_name_fails) ... ok
shared-gameplay	Check exact player cloth seam weight transfers	2026-09-30T08:34:04.4520244Z test_unshared_and_no_nearface_edges_do_not_transfer (test_player_sleeve_seams.PlayerSleeveSeamTests.test_unshared_and_no_nearface_edges_do_not_transfer) ... ok
shared-gameplay	Check exact player cloth seam weight transfers	2026-09-30T08:34:04.4522446Z test_unused_vertices_may_have_no_deform_weights (test_player_sleeve_seams.PlayerSleeveSeamTests.test_unused_vertices_may_have_no_deform_weights) ... ok
shared-gameplay	Check exact player cloth seam weight transfers	2026-09-30T08:34:04.4525115Z test_vertices_shared_with_head_or_gauntlet_are_excluded (test_player_sleeve_seams.PlayerSleeveSeamTests.test_vertices_shared_with_head_or_gauntlet_are_excluded) ... ok
shared-gameplay	Check exact player cloth seam weight transfers	2026-09-30T08:34:04.4526237Z 
shared-gameplay	Check exact player cloth seam weight transfers	2026-09-30T08:34:04.4526394Z ----------------------------------------------------------------------
shared-gameplay	Check exact player cloth seam weight transfers	2026-09-30T08:34:04.4526753Z Ran 12 tests in 0.004s
shared-gameplay	Check exact player cloth seam weight transfers	2026-09-30T08:34:04.4526892Z 
shared-gameplay	Check exact player cloth seam weight transfers	2026-09-30T08:34:04.4526977Z OK
shared-gameplay	Check upper torso partition preserves the head mask	﻿2026-09-30T08:34:04.4627598Z ##[group]Run python3 -m unittest discover -s tests -p test_player_body_partition.py -v
shared-gameplay	Check upper torso partition preserves the head mask	2026-09-30T08:34:04.4628276Z ^[[36;1mpython3 -m unittest discover -s tests -p test_player_body_partition.py -v^[[0m
shared-gameplay	Check upper torso partition preserves the head mask	2026-09-30T08:34:04.4689298Z shell: /usr/bin/bash -e {0}
shared-gameplay	Check upper torso partition preserves the head mask	2026-09-30T08:34:04.4689586Z ##[endgroup]
shared-gameplay	Check upper torso partition preserves the head mask	2026-09-30T08:34:04.5211101Z test_invalid_or_incompatible_landmarks_reject (test_player_body_partition.BodyPartitionTests.test_invalid_or_incompatible_landmarks_reject) ... ok
shared-gameplay	Check upper torso partition preserves the head mask	2026-09-30T08:34:04.5212507Z test_origin_and_scale_are_explicit (test_player_body_partition.BodyPartitionTests.test_origin_and_scale_are_explicit) ... ok
shared-gameplay	Check upper torso partition preserves the head mask	2026-09-30T08:34:04.5213757Z test_retains_the_original_head_mask (test_player_body_partition.BodyPartitionTests.test_retains_the_original_head_mask) ... ok
shared-gameplay	Check upper torso partition preserves the head mask	2026-09-30T08:34:04.5219538Z 
shared-gameplay	Check upper torso partition preserves the head mask	2026-09-30T08:34:04.5239781Z ----------------------------------------------------------------------
shared-gameplay	Check upper torso partition preserves the head mask	2026-09-30T08:34:04.5249841Z Ran 3 tests in 0.000s
shared-gameplay	Check upper torso partition preserves the head mask	2026-09-30T08:34:04.5250128Z 
shared-gameplay	Check upper torso partition preserves the head mask	2026-09-30T08:34:04.5250359Z OK
shared-gameplay	Check bounded segmented cloth seam plans	﻿2026-09-30T08:34:04.5310545Z ##[group]Run python3 -m unittest discover -s tests -p test_player_segmented_seams.py -v
shared-gameplay	Check bounded segmented cloth seam plans	2026-09-30T08:34:04.5311198Z ^[[36;1mpython3 -m unittest discover -s tests -p test_player_segmented_seams.py -v^[[0m
shared-gameplay	Check bounded segmented cloth seam plans	2026-09-30T08:34:04.5372052Z shell: /usr/bin/bash -e {0}
shared-gameplay	Check bounded segmented cloth seam plans	2026-09-30T08:34:04.5372343Z ##[endgroup]
shared-gameplay	Check bounded segmented cloth seam plans	2026-09-30T08:34:04.5930943Z test_already_matching_segments_need_no_split (test_player_segmented_seams.SegmentedSeamTests.test_already_matching_segments_need_no_split) ... ok
shared-gameplay	Check bounded segmented cloth seam plans	2026-09-30T08:34:04.5933148Z test_nearby_but_not_coincident_edge_is_not_welded (test_player_segmented_seams.SegmentedSeamTests.test_nearby_but_not_coincident_edge_is_not_welded) ... ok
shared-gameplay	Check bounded segmented cloth seam plans	2026-09-30T08:34:04.5934688Z test_no_body_primary_backing_does_not_authorize_a_split (test_player_segmented_seams.SegmentedSeamTests.test_no_body_primary_backing_does_not_authorize_a_split) ... ok
shared-gameplay	Check bounded segmented cloth seam plans	2026-09-30T08:34:04.5940638Z test_partial_cloth_coverage_rejects (test_player_segmented_seams.SegmentedSeamTests.test_partial_cloth_coverage_rejects) ... ok
shared-gameplay	Check bounded segmented cloth seam plans	2026-09-30T08:34:04.5942345Z test_plans_only_canonical_midpoint_without_mutating_inputs (test_player_segmented_seams.SegmentedSeamTests.test_plans_only_canonical_midpoint_without_mutating_inputs) ... ok
shared-gameplay	Check bounded segmented cloth seam plans	2026-09-30T08:34:04.5943961Z test_protected_vertex_rejects (test_player_segmented_seams.SegmentedSeamTests.test_protected_vertex_rejects) ... ok
shared-gameplay	Check bounded segmented cloth seam plans	2026-09-30T08:34:04.5945029Z test_same_winding_rejects (test_player_segmented_seams.SegmentedSeamTests.test_same_winding_rejects) ... ok
shared-gameplay	Check bounded segmented cloth seam plans	2026-09-30T08:34:04.5945612Z 
shared-gameplay	Check bounded segmented cloth seam plans	2026-09-30T08:34:04.5945801Z ----------------------------------------------------------------------
shared-gameplay	Check bounded segmented cloth seam plans	2026-09-30T08:34:04.5946240Z Ran 7 tests in 0.002s
shared-gameplay	Check bounded segmented cloth seam plans	2026-09-30T08:34:04.5946397Z 
shared-gameplay	Check bounded segmented cloth seam plans	2026-09-30T08:34:04.5946492Z OK
shared-gameplay	Check Gradle APK artifact resolution	﻿2026-09-30T08:34:04.6053617Z ##[group]Run ./tools/test-resolve-android-apk.ps1
shared-gameplay	Check Gradle APK artifact resolution	2026-09-30T08:34:04.6054049Z ^[[36;1m./tools/test-resolve-android-apk.ps1^[[0m
shared-gameplay	Check Gradle APK artifact resolution	2026-09-30T08:34:04.6080506Z shell: /usr/bin/pwsh -command ". '{0}'"
shared-gameplay	Check Gradle APK artifact resolution	2026-09-30T08:34:04.6080812Z ##[endgroup]
shared-gameplay	Check Gradle APK artifact resolution	2026-09-30T08:34:05.0428370Z PASS normal Gradle output
shared-gameplay	Check Gradle APK artifact resolution	2026-09-30T08:34:05.0638427Z PASS redirected intermediates output
shared-gameplay	Check Gradle APK artifact resolution	2026-09-30T08:34:05.0895653Z PASS wrong variant (rejected)
shared-gameplay	Check Gradle APK artifact resolution	2026-09-30T08:34:05.0956888Z PASS wrong artifact type (rejected)
shared-gameplay	Check Gradle APK artifact resolution	2026-09-30T08:34:05.1008575Z PASS missing output element (rejected)
shared-gameplay	Check Gradle APK artifact resolution	2026-09-30T08:34:05.1065786Z PASS multiple output elements (rejected)
shared-gameplay	Check Gradle APK artifact resolution	2026-09-30T08:34:05.1118792Z PASS missing APK file (rejected)
shared-gameplay	Check Gradle APK artifact resolution	2026-09-30T08:34:05.1168233Z PASS filename path traversal (rejected)
shared-gameplay	Check Gradle APK artifact resolution	2026-09-30T08:34:05.1217202Z PASS escaped listing path (rejected)
shared-gameplay	Check Gradle APK artifact resolution	2026-09-30T08:34:05.1266946Z PASS duplicate redirect entries (rejected)
shared-gameplay	Check Gradle APK artifact resolution	2026-09-30T08:34:05.1276481Z All 10 resolver cases passed.
shared-gameplay	Check Android combat capture expectations	﻿2026-09-30T08:34:05.1813485Z ##[group]Run ./tests/AndroidCombatCaptureExpectations.ps1
shared-gameplay	Check Android combat capture expectations	2026-09-30T08:34:05.1814011Z ^[[36;1m./tests/AndroidCombatCaptureExpectations.ps1^[[0m
shared-gameplay	Check Android combat capture expectations	2026-09-30T08:34:05.1837438Z shell: /usr/bin/pwsh -command ". '{0}'"
shared-gameplay	Check Android combat capture expectations	2026-09-30T08:34:05.1837731Z ##[endgroup]
shared-gameplay	Check Android combat capture expectations	2026-09-30T08:34:05.7124148Z Android combat capture expectations: 34 cases passed.
shared-gameplay	Check Android combat capture expectations	2026-09-30T08:34:05.7439296Z Android gameplay versus isolated-glass ownership: 16 cases passed.
shared-gameplay	Post Check out source	﻿2026-09-30T08:34:05.7983061Z Post job cleanup.
shared-gameplay	Post Check out source	2026-09-30T08:34:05.8872301Z [command]/usr/bin/git version
shared-gameplay	Post Check out source	2026-09-30T08:34:05.8914203Z git version 2.55.0
shared-gameplay	Post Check out source	2026-09-30T08:34:05.8987650Z Temporarily overriding HOME='/home/runner/work/_temp/8f55e5ea-e048-4966-8824-48520f585e1d' before making global git config changes
shared-gameplay	Post Check out source	2026-09-30T08:34:05.8989197Z Adding repository directory to the temporary git global config as a safe directory
shared-gameplay	Post Check out source	2026-09-30T08:34:05.8996171Z [command]/usr/bin/git config --global --add safe.directory /home/runner/work/The-Horde-RT-demo/The-Horde-RT-demo
shared-gameplay	Post Check out source	2026-09-30T08:34:05.9030129Z Removing SSH command configuration
shared-gameplay	Post Check out source	2026-09-30T08:34:05.9037908Z [command]/usr/bin/git config --local --name-only --get-regexp core\.sshCommand
shared-gameplay	Post Check out source	2026-09-30T08:34:05.9078521Z [command]/usr/bin/git submodule foreach --recursive sh -c "git config --local --name-only --get-regexp 'core\.sshCommand' && git config --local --unset-all 'core.sshCommand' || :"
shared-gameplay	Post Check out source	2026-09-30T08:34:05.9349659Z Removing HTTP extra header
shared-gameplay	Post Check out source	2026-09-30T08:34:05.9350617Z [command]/usr/bin/git config --local --name-only --get-regexp http\.https\:\/\/github\.com\/\.extraheader
shared-gameplay	Post Check out source	2026-09-30T08:34:05.9386090Z [command]/usr/bin/git submodule foreach --recursive sh -c "git config --local --name-only --get-regexp 'http\.https\:\/\/github\.com\/\.extraheader' && git config --local --unset-all 'http.https://github.com/.extraheader' || :"
shared-gameplay	Post Check out source	2026-09-30T08:34:05.9654390Z Removing includeIf entries pointing to credentials config files
shared-gameplay	Post Check out source	2026-09-30T08:34:05.9663113Z [command]/usr/bin/git config --local --name-only --get-regexp ^includeIf\.gitdir:
shared-gameplay	Post Check out source	2026-09-30T08:34:05.9704628Z includeif.gitdir:/home/runner/work/The-Horde-RT-demo/The-Horde-RT-demo/.git.path
shared-gameplay	Post Check out source	2026-09-30T08:34:05.9705795Z includeif.gitdir:/home/runner/work/The-Horde-RT-demo/The-Horde-RT-demo/.git/worktrees/*.path
shared-gameplay	Post Check out source	2026-09-30T08:34:05.9707039Z includeif.gitdir:/github/workspace/.git.path
shared-gameplay	Post Check out source	2026-09-30T08:34:05.9707837Z includeif.gitdir:/github/workspace/.git/worktrees/*.path
shared-gameplay	Post Check out source	2026-09-30T08:34:05.9715999Z [command]/usr/bin/git config --local --get-all includeif.gitdir:/home/runner/work/The-Horde-RT-demo/The-Horde-RT-demo/.git.path
shared-gameplay	Post Check out source	2026-09-30T08:34:05.9745744Z /home/runner/work/_temp/git-credentials-e778b8e9-19ed-43a3-9c9a-afa37cd9cb60.config
shared-gameplay	Post Check out source	2026-09-30T08:34:05.9759188Z [command]/usr/bin/git config --local --unset includeif.gitdir:/home/runner/work/The-Horde-RT-demo/The-Horde-RT-demo/.git.path /home/runner/work/_temp/git-credentials-e778b8e9-19ed-43a3-9c9a-afa37cd9cb60.config
shared-gameplay	Post Check out source	2026-09-30T08:34:05.9800416Z [command]/usr/bin/git config --local --get-all includeif.gitdir:/home/runner/work/The-Horde-RT-demo/The-Horde-RT-demo/.git/worktrees/*.path
shared-gameplay	Post Check out source	2026-09-30T08:34:05.9828539Z /home/runner/work/_temp/git-credentials-e778b8e9-19ed-43a3-9c9a-afa37cd9cb60.config
shared-gameplay	Post Check out source	2026-09-30T08:34:05.9850914Z [command]/usr/bin/git config --local --unset includeif.gitdir:/home/runner/work/The-Horde-RT-demo/The-Horde-RT-demo/.git/worktrees/*.path /home/runner/work/_temp/git-credentials-e778b8e9-19ed-43a3-9c9a-afa37cd9cb60.config
shared-gameplay	Post Check out source	2026-09-30T08:34:05.9905712Z [command]/usr/bin/git config --local --get-all includeif.gitdir:/github/workspace/.git.path
shared-gameplay	Post Check out source	2026-09-30T08:34:05.9937816Z /github/runner_temp/git-credentials-e778b8e9-19ed-43a3-9c9a-afa37cd9cb60.config
shared-gameplay	Post Check out source	2026-09-30T08:34:05.9946787Z [command]/usr/bin/git config --local --unset includeif.gitdir:/github/workspace/.git.path /github/runner_temp/git-credentials-e778b8e9-19ed-43a3-9c9a-afa37cd9cb60.config
shared-gameplay	Post Check out source	2026-09-30T08:34:05.9985402Z [command]/usr/bin/git config --local --get-all includeif.gitdir:/github/workspace/.git/worktrees/*.path
shared-gameplay	Post Check out source	2026-09-30T08:34:06.0013809Z /github/runner_temp/git-credentials-e778b8e9-19ed-43a3-9c9a-afa37cd9cb60.config
shared-gameplay	Post Check out source	2026-09-30T08:34:06.0021399Z [command]/usr/bin/git config --local --unset includeif.gitdir:/github/workspace/.git/worktrees/*.path /github/runner_temp/git-credentials-e778b8e9-19ed-43a3-9c9a-afa37cd9cb60.config
shared-gameplay	Post Check out source	2026-09-30T08:34:06.0064241Z [command]/usr/bin/git submodule foreach --recursive git config --local --show-origin --name-only --get-regexp remote.origin.url
shared-gameplay	Post Check out source	2026-09-30T08:34:06.0318348Z Removing credentials config '/home/runner/work/_temp/git-credentials-e778b8e9-19ed-43a3-9c9a-afa37cd9cb60.config'
shared-gameplay	Complete job	﻿2026-09-30T08:34:06.0460684Z Cleaning up orphan processes
player-vulkan-host	Set up job	﻿2026-09-30T08:31:41.5686514Z Current runner version: '2.337.0'
player-vulkan-host	Set up job	2026-09-30T08:31:41.5712165Z ##[group]Runner Image Provisioner
player-vulkan-host	Set up job	2026-09-30T08:31:41.5713145Z Hosted Compute Agent
player-vulkan-host	Set up job	2026-09-30T08:31:41.5713824Z Version: 20260828.587
player-vulkan-host	Set up job	2026-09-30T08:31:41.5714518Z Commit: abac92662cab4cc7352de4f9f9d2e2419aad9c29
player-vulkan-host	Set up job	2026-09-30T08:31:41.5715267Z Build Date: 2026-08-28T16:44:25Z
player-vulkan-host	Set up job	2026-09-30T08:31:41.5716221Z Worker ID: {c12ade0b-2464-4933-a118-40b2a878adbf}
player-vulkan-host	Set up job	2026-09-30T08:31:41.5717025Z Azure Region: westus2
player-vulkan-host	Set up job	2026-09-30T08:31:41.5717597Z ##[endgroup]
player-vulkan-host	Set up job	2026-09-30T08:31:41.5719419Z ##[group]Operating System
player-vulkan-host	Set up job	2026-09-30T08:31:41.5720090Z Ubuntu
player-vulkan-host	Set up job	2026-09-30T08:31:41.5720712Z 24.04.5
player-vulkan-host	Set up job	2026-09-30T08:31:41.5721267Z LTS
player-vulkan-host	Set up job	2026-09-30T08:31:41.5721791Z ##[endgroup]
player-vulkan-host	Set up job	2026-09-30T08:31:41.5722425Z ##[group]Runner Image
player-vulkan-host	Set up job	2026-09-30T08:31:41.5723034Z Image: ubuntu-24.04
player-vulkan-host	Set up job	2026-09-30T08:31:41.5723674Z Version: 20260920.314.1
player-vulkan-host	Set up job	2026-09-30T08:31:41.5724808Z Included Software: https://github.com/actions/runner-images/blob/ubuntu24/20260920.314/images/ubuntu/Ubuntu2404-Readme.md
player-vulkan-host	Set up job	2026-09-30T08:31:41.5726849Z Image Release: https://github.com/actions/runner-images/releases/tag/ubuntu24%2F20260920.314
player-vulkan-host	Set up job	2026-09-30T08:31:41.5727839Z ##[endgroup]
player-vulkan-host	Set up job	2026-09-30T08:31:41.5729077Z ##[group]GITHUB_TOKEN Permissions
player-vulkan-host	Set up job	2026-09-30T08:31:41.5731194Z Contents: read
player-vulkan-host	Set up job	2026-09-30T08:31:41.5731903Z Metadata: read
player-vulkan-host	Set up job	2026-09-30T08:31:41.5732527Z ##[endgroup]
player-vulkan-host	Set up job	2026-09-30T08:31:41.5734551Z Secret source: Actions
player-vulkan-host	Set up job	2026-09-30T08:31:41.5736272Z Cache mode: write
player-vulkan-host	Set up job	2026-09-30T08:31:41.5737032Z Prepare workflow directory
player-vulkan-host	Set up job	2026-09-30T08:31:41.6065819Z Prepare all required actions
player-vulkan-host	Set up job	2026-09-30T08:31:41.6113740Z Getting action download info
player-vulkan-host	Set up job	2026-09-30T08:31:42.0182280Z Download action repository 'actions/checkout@v6' (SHA:d23441a48e516b6c34aea4fa41551a30e30af803)
player-vulkan-host	Set up job	2026-09-30T08:31:42.2013148Z Complete job name: player-vulkan-host
player-vulkan-host	Check out source	﻿2026-09-30T08:31:42.2880721Z ##[group]Run actions/checkout@v6
player-vulkan-host	Check out source	2026-09-30T08:31:42.2881666Z with:
player-vulkan-host	Check out source	2026-09-30T08:31:42.2882182Z   repository: Samfa12-tech/The-Horde-RT-demo
player-vulkan-host	Check out source	2026-09-30T08:31:42.2886397Z   token: ***
player-vulkan-host	Check out source	2026-09-30T08:31:42.2886888Z   ssh-strict: true
player-vulkan-host	Check out source	2026-09-30T08:31:42.2887346Z   ssh-user: git
player-vulkan-host	Check out source	2026-09-30T08:31:42.2887808Z   persist-credentials: true
player-vulkan-host	Check out source	2026-09-30T08:31:42.2888309Z   clean: true
player-vulkan-host	Check out source	2026-09-30T08:31:42.2888765Z   sparse-checkout-cone-mode: true
player-vulkan-host	Check out source	2026-09-30T08:31:42.2889297Z   fetch-depth: 1
player-vulkan-host	Check out source	2026-09-30T08:31:42.2889744Z   fetch-tags: false
player-vulkan-host	Check out source	2026-09-30T08:31:42.2890194Z   show-progress: true
player-vulkan-host	Check out source	2026-09-30T08:31:42.2890642Z   lfs: false
player-vulkan-host	Check out source	2026-09-30T08:31:42.2891061Z   submodules: false
player-vulkan-host	Check out source	2026-09-30T08:31:42.2891508Z   set-safe-directory: true
player-vulkan-host	Check out source	2026-09-30T08:31:42.2892021Z   allow-unsafe-pr-checkout: false
player-vulkan-host	Check out source	2026-09-30T08:31:42.2892816Z ##[endgroup]
player-vulkan-host	Check out source	2026-09-30T08:31:42.3926452Z Syncing repository: Samfa12-tech/The-Horde-RT-demo
player-vulkan-host	Check out source	2026-09-30T08:31:42.3929244Z ##[group]Getting Git version info
player-vulkan-host	Check out source	2026-09-30T08:31:42.3930326Z Working directory is '/home/runner/work/The-Horde-RT-demo/The-Horde-RT-demo'
player-vulkan-host	Check out source	2026-09-30T08:31:42.3932159Z [command]/usr/bin/git version
player-vulkan-host	Check out source	2026-09-30T08:31:42.4028974Z git version 2.55.0
player-vulkan-host	Check out source	2026-09-30T08:31:42.4055394Z ##[endgroup]
player-vulkan-host	Check out source	2026-09-30T08:31:42.4070511Z Temporarily overriding HOME='/home/runner/work/_temp/d3608204-61be-4dfb-b3ec-ea2ccbc65df8' before making global git config changes
player-vulkan-host	Check out source	2026-09-30T08:31:42.4072943Z Adding repository directory to the temporary git global config as a safe directory
player-vulkan-host	Check out source	2026-09-30T08:31:42.4076295Z [command]/usr/bin/git config --global --add safe.directory /home/runner/work/The-Horde-RT-demo/The-Horde-RT-demo
player-vulkan-host	Check out source	2026-09-30T08:31:42.4133048Z Deleting the contents of '/home/runner/work/The-Horde-RT-demo/The-Horde-RT-demo'
player-vulkan-host	Check out source	2026-09-30T08:31:42.4138047Z ##[group]Determining repository object format
player-vulkan-host	Check out source	2026-09-30T08:31:42.4140370Z ##[endgroup]
player-vulkan-host	Check out source	2026-09-30T08:31:42.4141715Z ##[group]Initializing the repository
player-vulkan-host	Check out source	2026-09-30T08:31:42.4144845Z [command]/usr/bin/git init /home/runner/work/The-Horde-RT-demo/The-Horde-RT-demo
player-vulkan-host	Check out source	2026-09-30T08:31:42.4272763Z hint: Using 'master' as the name for the initial branch. This default branch name
player-vulkan-host	Check out source	2026-09-30T08:31:42.4274552Z hint: will change to "main" in Git 3.0. To configure the initial branch name
player-vulkan-host	Check out source	2026-09-30T08:31:42.4276654Z hint: to use in all of your new repositories, which will suppress this warning,
player-vulkan-host	Check out source	2026-09-30T08:31:42.4277864Z hint: call:
player-vulkan-host	Check out source	2026-09-30T08:31:42.4278497Z hint:
player-vulkan-host	Check out source	2026-09-30T08:31:42.4279335Z hint: 	git config --global init.defaultBranch <name>
player-vulkan-host	Check out source	2026-09-30T08:31:42.4280366Z hint:
player-vulkan-host	Check out source	2026-09-30T08:31:42.4281305Z hint: Names commonly chosen instead of 'master' are 'main', 'trunk' and
player-vulkan-host	Check out source	2026-09-30T08:31:42.4283003Z hint: 'development'. The just-created branch can be renamed via this command:
player-vulkan-host	Check out source	2026-09-30T08:31:42.4284224Z hint:
player-vulkan-host	Check out source	2026-09-30T08:31:42.4285038Z hint: 	git branch -m <name>
player-vulkan-host	Check out source	2026-09-30T08:31:42.4285809Z hint:
player-vulkan-host	Check out source	2026-09-30T08:31:42.4287086Z hint: Disable this message with "git config set advice.defaultBranchName false"
player-vulkan-host	Check out source	2026-09-30T08:31:42.4289032Z Initialized empty Git repository in /home/runner/work/The-Horde-RT-demo/The-Horde-RT-demo/.git/
player-vulkan-host	Check out source	2026-09-30T08:31:42.4304828Z [command]/usr/bin/git remote add origin https://github.com/Samfa12-tech/The-Horde-RT-demo
player-vulkan-host	Check out source	2026-09-30T08:31:42.4347700Z ##[endgroup]
player-vulkan-host	Check out source	2026-09-30T08:31:42.4349012Z ##[group]Disabling automatic garbage collection
player-vulkan-host	Check out source	2026-09-30T08:31:42.4351799Z [command]/usr/bin/git config --local gc.auto 0
player-vulkan-host	Check out source	2026-09-30T08:31:42.4387416Z ##[endgroup]
player-vulkan-host	Check out source	2026-09-30T08:31:42.4389036Z ##[group]Setting up auth
player-vulkan-host	Check out source	2026-09-30T08:31:42.4390283Z Removing SSH command configuration
player-vulkan-host	Check out source	2026-09-30T08:31:42.4397360Z [command]/usr/bin/git config --local --name-only --get-regexp core\.sshCommand
player-vulkan-host	Check out source	2026-09-30T08:31:42.4445057Z [command]/usr/bin/git submodule foreach --recursive sh -c "git config --local --name-only --get-regexp 'core\.sshCommand' && git config --local --unset-all 'core.sshCommand' || :"
player-vulkan-host	Check out source	2026-09-30T08:31:42.4841171Z Removing HTTP extra header
player-vulkan-host	Check out source	2026-09-30T08:31:42.4848526Z [command]/usr/bin/git config --local --name-only --get-regexp http\.https\:\/\/github\.com\/\.extraheader
player-vulkan-host	Check out source	2026-09-30T08:31:42.4888491Z [command]/usr/bin/git submodule foreach --recursive sh -c "git config --local --name-only --get-regexp 'http\.https\:\/\/github\.com\/\.extraheader' && git config --local --unset-all 'http.https://github.com/.extraheader' || :"
player-vulkan-host	Check out source	2026-09-30T08:31:42.5108210Z Removing includeIf entries pointing to credentials config files
player-vulkan-host	Check out source	2026-09-30T08:31:42.5114952Z [command]/usr/bin/git config --local --name-only --get-regexp ^includeIf\.gitdir:
player-vulkan-host	Check out source	2026-09-30T08:31:42.5151718Z [command]/usr/bin/git submodule foreach --recursive git config --local --show-origin --name-only --get-regexp remote.origin.url
player-vulkan-host	Check out source	2026-09-30T08:31:42.5437741Z [command]/usr/bin/git config --file /home/runner/work/_temp/git-credentials-e90a8e8e-9892-4d49-b17f-2a6cfdbbe8fb.config http.https://github.com/.extraheader AUTHORIZATION: basic ***
player-vulkan-host	Check out source	2026-09-30T08:31:42.5446373Z [command]/usr/bin/git config --local includeIf.gitdir:/home/runner/work/The-Horde-RT-demo/The-Horde-RT-demo/.git.path /home/runner/work/_temp/git-credentials-e90a8e8e-9892-4d49-b17f-2a6cfdbbe8fb.config
player-vulkan-host	Check out source	2026-09-30T08:31:42.5487495Z [command]/usr/bin/git config --local includeIf.gitdir:/home/runner/work/The-Horde-RT-demo/The-Horde-RT-demo/.git/worktrees/*.path /home/runner/work/_temp/git-credentials-e90a8e8e-9892-4d49-b17f-2a6cfdbbe8fb.config
player-vulkan-host	Check out source	2026-09-30T08:31:42.5537230Z [command]/usr/bin/git config --local includeIf.gitdir:/github/workspace/.git.path /github/runner_temp/git-credentials-e90a8e8e-9892-4d49-b17f-2a6cfdbbe8fb.config
player-vulkan-host	Check out source	2026-09-30T08:31:42.5578059Z [command]/usr/bin/git config --local includeIf.gitdir:/github/workspace/.git/worktrees/*.path /github/runner_temp/git-credentials-e90a8e8e-9892-4d49-b17f-2a6cfdbbe8fb.config
player-vulkan-host	Check out source	2026-09-30T08:31:42.5617189Z ##[endgroup]
player-vulkan-host	Check out source	2026-09-30T08:31:42.5618866Z ##[group]Fetching the repository
player-vulkan-host	Check out source	2026-09-30T08:31:42.5627887Z [command]/usr/bin/git -c protocol.version=2 fetch --no-tags --prune --no-recurse-submodules --depth=1 origin +7a095c7836058f2129f1c3b08b1e8482671cbc72:refs/remotes/origin/codex/horde-1.6.1-engineering-pass
player-vulkan-host	Check out source	2026-09-30T08:31:43.8859455Z From https://github.com/Samfa12-tech/The-Horde-RT-demo
player-vulkan-host	Check out source	2026-09-30T08:31:43.8862455Z  * [new ref]         7a095c7836058f2129f1c3b08b1e8482671cbc72 -> origin/codex/horde-1.6.1-engineering-pass
player-vulkan-host	Check out source	2026-09-30T08:31:43.8872592Z [command]/usr/bin/git branch --list --remote origin/codex/horde-1.6.1-engineering-pass
player-vulkan-host	Check out source	2026-09-30T08:31:43.8901998Z   origin/codex/horde-1.6.1-engineering-pass
player-vulkan-host	Check out source	2026-09-30T08:31:43.8911302Z [command]/usr/bin/git rev-parse refs/remotes/origin/codex/horde-1.6.1-engineering-pass
player-vulkan-host	Check out source	2026-09-30T08:31:43.8937476Z 7a095c7836058f2129f1c3b08b1e8482671cbc72
player-vulkan-host	Check out source	2026-09-30T08:31:43.8943167Z ##[endgroup]
player-vulkan-host	Check out source	2026-09-30T08:31:43.8945213Z ##[group]Determining the checkout info
player-vulkan-host	Check out source	2026-09-30T08:31:43.8947952Z ##[endgroup]
player-vulkan-host	Check out source	2026-09-30T08:31:43.8948917Z [command]/usr/bin/git sparse-checkout disable
player-vulkan-host	Check out source	2026-09-30T08:31:43.9000141Z [command]/usr/bin/git config --local --unset-all extensions.worktreeConfig
player-vulkan-host	Check out source	2026-09-30T08:31:43.9032472Z ##[group]Checking out the ref
player-vulkan-host	Check out source	2026-09-30T08:31:43.9036483Z [command]/usr/bin/git checkout --progress --force -B codex/horde-1.6.1-engineering-pass refs/remotes/origin/codex/horde-1.6.1-engineering-pass
player-vulkan-host	Check out source	2026-09-30T08:31:44.8759574Z Switched to a new branch 'codex/horde-1.6.1-engineering-pass'
player-vulkan-host	Check out source	2026-09-30T08:31:44.8765900Z branch 'codex/horde-1.6.1-engineering-pass' set up to track 'origin/codex/horde-1.6.1-engineering-pass'.
player-vulkan-host	Check out source	2026-09-30T08:31:44.9225738Z ##[endgroup]
player-vulkan-host	Check out source	2026-09-30T08:31:44.9287232Z [command]/usr/bin/git log -1 --format=%H
player-vulkan-host	Check out source	2026-09-30T08:31:44.9318442Z 7a095c7836058f2129f1c3b08b1e8482671cbc72
player-vulkan-host	Install Vulkan host development package	﻿2026-09-30T08:31:44.9541860Z ##[group]Run sudo apt-get update && sudo apt-get install --yes libvulkan-dev
player-vulkan-host	Install Vulkan host development package	2026-09-30T08:31:44.9542502Z ^[[36;1msudo apt-get update && sudo apt-get install --yes libvulkan-dev^[[0m
player-vulkan-host	Install Vulkan host development package	2026-09-30T08:31:44.9843587Z shell: /usr/bin/bash -e {0}
player-vulkan-host	Install Vulkan host development package	2026-09-30T08:31:44.9843961Z ##[endgroup]
player-vulkan-host	Install Vulkan host development package	2026-09-30T08:31:45.0680322Z Get:1 file:/etc/apt/apt-mirrors.txt Mirrorlist [144 B]
player-vulkan-host	Install Vulkan host development package	2026-09-30T08:31:45.1025497Z Hit:2 http://azure.archive.ubuntu.com/ubuntu noble InRelease
player-vulkan-host	Install Vulkan host development package	2026-09-30T08:31:45.1038060Z Get:6 https://packages.microsoft.com/ubuntu/24.04/prod noble InRelease [3600 B]
player-vulkan-host	Install Vulkan host development package	2026-09-30T08:31:45.1043451Z Get:3 http://azure.archive.ubuntu.com/ubuntu noble-updates InRelease [126 kB]
player-vulkan-host	Install Vulkan host development package	2026-09-30T08:31:45.1102248Z Get:4 http://azure.archive.ubuntu.com/ubuntu noble-backports InRelease [126 kB]
player-vulkan-host	Install Vulkan host development package	2026-09-30T08:31:45.1126886Z Get:5 http://azure.archive.ubuntu.com/ubuntu noble-security InRelease [126 kB]
player-vulkan-host	Install Vulkan host development package	2026-09-30T08:31:45.2322716Z Get:7 https://packages.microsoft.com/ubuntu/24.04/prod noble/main amd64 Packages [503 kB]
player-vulkan-host	Install Vulkan host development package	2026-09-30T08:31:45.2480369Z Get:8 https://packages.microsoft.com/ubuntu/24.04/prod noble/main arm64 Packages [454 kB]
player-vulkan-host	Install Vulkan host development package	2026-09-30T08:31:45.2806799Z Get:9 http://azure.archive.ubuntu.com/ubuntu noble-updates/main amd64 Packages [1322 kB]
player-vulkan-host	Install Vulkan host development package	2026-09-30T08:31:45.2869890Z Get:10 http://azure.archive.ubuntu.com/ubuntu noble-updates/main Translation-en [299 kB]
player-vulkan-host	Install Vulkan host development package	2026-09-30T08:31:45.2890327Z Get:11 http://azure.archive.ubuntu.com/ubuntu noble-updates/main amd64 Components [181 kB]
player-vulkan-host	Install Vulkan host development package	2026-09-30T08:31:45.2908964Z Get:12 http://azure.archive.ubuntu.com/ubuntu noble-updates/universe amd64 Packages [1699 kB]
player-vulkan-host	Install Vulkan host development package	2026-09-30T08:31:45.2998013Z Get:13 http://azure.archive.ubuntu.com/ubuntu noble-updates/universe Translation-en [341 kB]
player-vulkan-host	Install Vulkan host development package	2026-09-30T08:31:45.3011468Z Get:14 http://azure.archive.ubuntu.com/ubuntu noble-updates/universe amd64 Components [388 kB]
player-vulkan-host	Install Vulkan host development package	2026-09-30T08:31:45.3039164Z Get:15 http://azure.archive.ubuntu.com/ubuntu noble-updates/restricted amd64 Packages [1662 kB]
player-vulkan-host	Install Vulkan host development package	2026-09-30T08:31:45.3143723Z Get:16 http://azure.archive.ubuntu.com/ubuntu noble-updates/restricted Translation-en [379 kB]
player-vulkan-host	Install Vulkan host development package	2026-09-30T08:31:45.3162150Z Get:17 http://azure.archive.ubuntu.com/ubuntu noble-updates/multiverse amd64 Components [940 B]
player-vulkan-host	Install Vulkan host development package	2026-09-30T08:31:45.3413388Z Get:18 http://azure.archive.ubuntu.com/ubuntu noble-backports/main amd64 Packages [40.6 kB]
player-vulkan-host	Install Vulkan host development package	2026-09-30T08:31:45.3885476Z Get:19 http://azure.archive.ubuntu.com/ubuntu noble-backports/main amd64 Components [5760 B]
player-vulkan-host	Install Vulkan host development package	2026-09-30T08:31:45.3907613Z Get:20 http://azure.archive.ubuntu.com/ubuntu noble-backports/universe amd64 Packages [31.0 kB]
player-vulkan-host	Install Vulkan host development package	2026-09-30T08:31:45.3937408Z Get:21 http://azure.archive.ubuntu.com/ubuntu noble-backports/universe Translation-en [18.6 kB]
player-vulkan-host	Install Vulkan host development package	2026-09-30T08:31:45.3968094Z Get:22 http://azure.archive.ubuntu.com/ubuntu noble-backports/universe amd64 Components [12.6 kB]
player-vulkan-host	Install Vulkan host development package	2026-09-30T08:31:45.4037726Z Get:23 http://azure.archive.ubuntu.com/ubuntu noble-security/main amd64 Packages [1063 kB]
player-vulkan-host	Install Vulkan host development package	2026-09-30T08:31:45.4082733Z Get:24 http://azure.archive.ubuntu.com/ubuntu noble-security/main Translation-en [220 kB]
player-vulkan-host	Install Vulkan host development package	2026-09-30T08:31:45.4099885Z Get:25 http://azure.archive.ubuntu.com/ubuntu noble-security/main amd64 Components [46.4 kB]
player-vulkan-host	Install Vulkan host development package	2026-09-30T08:31:45.4110396Z Get:26 http://azure.archive.ubuntu.com/ubuntu noble-security/universe amd64 Packages [1216 kB]
player-vulkan-host	Install Vulkan host development package	2026-09-30T08:31:45.4174980Z Get:27 http://azure.archive.ubuntu.com/ubuntu noble-security/universe Translation-en [244 kB]
player-vulkan-host	Install Vulkan host development package	2026-09-30T08:31:45.4192569Z Get:28 http://azure.archive.ubuntu.com/ubuntu noble-security/universe amd64 Components [76.3 kB]
player-vulkan-host	Install Vulkan host development package	2026-09-30T08:31:45.4204695Z Get:29 http://azure.archive.ubuntu.com/ubuntu noble-security/restricted amd64 Packages [1559 kB]
player-vulkan-host	Install Vulkan host development package	2026-09-30T08:31:45.4284854Z Get:30 http://azure.archive.ubuntu.com/ubuntu noble-security/restricted Translation-en [359 kB]
player-vulkan-host	Install Vulkan host development package	2026-09-30T08:31:49.9352421Z Fetched 12.5 MB in 1s (9214 kB/s)
player-vulkan-host	Install Vulkan host development package	2026-09-30T08:31:50.7875468Z Reading package lists...
player-vulkan-host	Install Vulkan host development package	2026-09-30T08:31:50.8195146Z Reading package lists...
player-vulkan-host	Install Vulkan host development package	2026-09-30T08:31:51.0196582Z Building dependency tree...
player-vulkan-host	Install Vulkan host development package	2026-09-30T08:31:51.0205329Z Reading state information...
player-vulkan-host	Install Vulkan host development package	2026-09-30T08:31:51.1894915Z The following NEW packages will be installed:
player-vulkan-host	Install Vulkan host development package	2026-09-30T08:31:51.1897779Z   libvulkan-dev
player-vulkan-host	Install Vulkan host development package	2026-09-30T08:31:51.2096921Z 0 upgraded, 1 newly installed, 0 to remove and 46 not upgraded.
player-vulkan-host	Install Vulkan host development package	2026-09-30T08:31:51.2097607Z Need to get 1239 kB of archives.
player-vulkan-host	Install Vulkan host development package	2026-09-30T08:31:51.2098229Z After this operation, 26.5 MB of additional disk space will be used.
player-vulkan-host	Install Vulkan host development package	2026-09-30T08:31:51.2098875Z Get:1 file:/etc/apt/apt-mirrors.txt Mirrorlist [144 B]
player-vulkan-host	Install Vulkan host development package	2026-09-30T08:31:51.3624364Z Get:2 http://azure.archive.ubuntu.com/ubuntu noble/main amd64 libvulkan-dev amd64 1.3.275.0-1build1 [1239 kB]
player-vulkan-host	Install Vulkan host development package	2026-09-30T08:31:51.8541685Z Fetched 1239 kB in 0s (3075 kB/s)
player-vulkan-host	Install Vulkan host development package	2026-09-30T08:31:51.8770880Z Selecting previously unselected package libvulkan-dev:amd64.
player-vulkan-host	Install Vulkan host development package	2026-09-30T08:31:51.9077693Z (Reading database ... 
player-vulkan-host	Install Vulkan host development package	2026-09-30T08:31:51.9078410Z (Reading database ... 5%
player-vulkan-host	Install Vulkan host development package	2026-09-30T08:31:51.9078838Z (Reading database ... 10%
player-vulkan-host	Install Vulkan host development package	2026-09-30T08:31:51.9079334Z (Reading database ... 15%
player-vulkan-host	Install Vulkan host development package	2026-09-30T08:31:51.9080018Z (Reading database ... 20%
player-vulkan-host	Install Vulkan host development package	2026-09-30T08:31:51.9080665Z (Reading database ... 25%
player-vulkan-host	Install Vulkan host development package	2026-09-30T08:31:51.9081206Z (Reading database ... 30%
player-vulkan-host	Install Vulkan host development package	2026-09-30T08:31:51.9081640Z (Reading database ... 35%
player-vulkan-host	Install Vulkan host development package	2026-09-30T08:31:51.9081950Z (Reading database ... 40%
player-vulkan-host	Install Vulkan host development package	2026-09-30T08:31:51.9082257Z (Reading database ... 45%
player-vulkan-host	Install Vulkan host development package	2026-09-30T08:31:51.9082563Z (Reading database ... 50%
player-vulkan-host	Install Vulkan host development package	2026-09-30T08:31:51.9144611Z (Reading database ... 55%
player-vulkan-host	Install Vulkan host development package	2026-09-30T08:31:52.0048405Z (Reading database ... 60%
player-vulkan-host	Install Vulkan host development package	2026-09-30T08:31:52.2560166Z (Reading database ... 65%
player-vulkan-host	Install Vulkan host development package	2026-09-30T08:31:53.3458897Z (Reading database ... 70%
player-vulkan-host	Install Vulkan host development package	2026-09-30T08:31:53.5451690Z (Reading database ... 75%
player-vulkan-host	Install Vulkan host development package	2026-09-30T08:31:53.7053945Z (Reading database ... 80%
player-vulkan-host	Install Vulkan host development package	2026-09-30T08:31:53.9004236Z (Reading database ... 85%
player-vulkan-host	Install Vulkan host development package	2026-09-30T08:31:54.1153900Z (Reading database ... 90%
player-vulkan-host	Install Vulkan host development package	2026-09-30T08:31:54.3176826Z (Reading database ... 95%
player-vulkan-host	Install Vulkan host development package	2026-09-30T08:31:54.3177743Z (Reading database ... 100%
player-vulkan-host	Install Vulkan host development package	2026-09-30T08:31:54.3178150Z (Reading database ... 202190 files and directories currently installed.)
player-vulkan-host	Install Vulkan host development package	2026-09-30T08:31:54.3224682Z Preparing to unpack .../libvulkan-dev_1.3.275.0-1build1_amd64.deb ...
player-vulkan-host	Install Vulkan host development package	2026-09-30T08:31:54.3273492Z Unpacking libvulkan-dev:amd64 (1.3.275.0-1build1) ...
player-vulkan-host	Install Vulkan host development package	2026-09-30T08:31:54.4364403Z Setting up libvulkan-dev:amd64 (1.3.275.0-1build1) ...
player-vulkan-host	Install Vulkan host development package	2026-09-30T08:31:55.0846111Z 
player-vulkan-host	Install Vulkan host development package	2026-09-30T08:31:55.0846973Z Running kernel seems to be up-to-date.
player-vulkan-host	Install Vulkan host development package	2026-09-30T08:31:55.0847510Z 
player-vulkan-host	Install Vulkan host development package	2026-09-30T08:31:55.0847707Z No services need to be restarted.
player-vulkan-host	Install Vulkan host development package	2026-09-30T08:31:55.0848052Z 
player-vulkan-host	Install Vulkan host development package	2026-09-30T08:31:55.0848239Z No containers need to be restarted.
player-vulkan-host	Install Vulkan host development package	2026-09-30T08:31:55.0848611Z 
player-vulkan-host	Install Vulkan host development package	2026-09-30T08:31:55.0848858Z No user sessions are running outdated binaries.
player-vulkan-host	Install Vulkan host development package	2026-09-30T08:31:55.0849757Z 
player-vulkan-host	Install Vulkan host development package	2026-09-30T08:31:55.0850154Z No VM guests are running outdated hypervisor (qemu) binaries on this host.
player-vulkan-host	Fetch player smoke GLB and texture assets	﻿2026-09-30T08:31:55.9545681Z ##[group]Run git -c lfs.fetchexclude= lfs fetch --include="assets/models/enemies/meshy/*.glb,assets/models/player/runtime/*.glb,assets/models/player/viewmodel/runtime/*.glb,assets/models/props/runtime/*.glb,assets/models/props/runtime/*/*.glb,assets/models/weapons/runtime/*.glb,assets/textures/meshy/lich_placeholder_v01/*.ktx2,tests/fixtures/*/*.glb" && git lfs checkout "assets/models/enemies/meshy/*.glb" "assets/models/player/runtime/*.glb" "assets/models/player/viewmodel/runtime/*.glb" "assets/models/props/runtime/*.glb" "assets/models/props/runtime/*/*.glb" "assets/models/weapons/runtime/*.glb" "assets/textures/meshy/lich_placeholder_v01/*.ktx2" "tests/fixtures/*/*.glb"
player-vulkan-host	Fetch player smoke GLB and texture assets	2026-09-30T08:31:55.9550867Z ^[[36;1mgit -c lfs.fetchexclude= lfs fetch --include="assets/models/enemies/meshy/*.glb,assets/models/player/runtime/*.glb,assets/models/player/viewmodel/runtime/*.glb,assets/models/props/runtime/*.glb,assets/models/props/runtime/*/*.glb,assets/models/weapons/runtime/*.glb,assets/textures/meshy/lich_placeholder_v01/*.ktx2,tests/fixtures/*/*.glb" && git lfs checkout "assets/models/enemies/meshy/*.glb" "assets/models/player/runtime/*.glb" "assets/models/player/viewmodel/runtime/*.glb" "assets/models/props/runtime/*.glb" "assets/models/props/runtime/*/*.glb" "assets/models/weapons/runtime/*.glb" "assets/textures/meshy/lich_placeholder_v01/*.ktx2" "tests/fixtures/*/*.glb"^[[0m
player-vulkan-host	Fetch player smoke GLB and texture assets	2026-09-30T08:31:55.9619168Z shell: /usr/bin/bash -e {0}
player-vulkan-host	Fetch player smoke GLB and texture assets	2026-09-30T08:31:55.9619438Z ##[endgroup]
player-vulkan-host	Fetch player smoke GLB and texture assets	2026-09-30T08:31:55.9910379Z Fetching reference refs/heads/codex/horde-1.6.1-engineering-pass
player-vulkan-host	Fetch player smoke GLB and texture assets	2026-09-30T08:32:00.3095161Z Checking out LFS objects: 100% (52/52), 91 MB | 0 B/s, done.
player-vulkan-host	Configure Vulkan CPU-host player lane	﻿2026-09-30T08:32:00.8317564Z ##[group]Run cmake -S . -B build/player-vulkan-host -DCMAKE_BUILD_TYPE=Release -DBUILD_TESTING=ON -DHORDE_RT_BUILD_VULKAN_TARGETS=ON -DHORDE_RT_BUILD_CAPABILITY_PROBE_EXECUTABLE=OFF -DHORDE_RT_BUILD_WINDOWS_DIAGNOSTIC_WINDOW=OFF -DHORDE_RT_INSTRUMENTATION_OVERRIDE=Shipping -DHORDE_RT_DIELECTRIC_QUALITY_OVERRIDE=Mobile
player-vulkan-host	Configure Vulkan CPU-host player lane	2026-09-30T08:32:00.8319845Z ^[[36;1mcmake -S . -B build/player-vulkan-host -DCMAKE_BUILD_TYPE=Release -DBUILD_TESTING=ON -DHORDE_RT_BUILD_VULKAN_TARGETS=ON -DHORDE_RT_BUILD_CAPABILITY_PROBE_EXECUTABLE=OFF -DHORDE_RT_BUILD_WINDOWS_DIAGNOSTIC_WINDOW=OFF -DHORDE_RT_INSTRUMENTATION_OVERRIDE=Shipping -DHORDE_RT_DIELECTRIC_QUALITY_OVERRIDE=Mobile^[[0m
player-vulkan-host	Configure Vulkan CPU-host player lane	2026-09-30T08:32:00.8384611Z shell: /usr/bin/bash -e {0}
player-vulkan-host	Configure Vulkan CPU-host player lane	2026-09-30T08:32:00.8384885Z ##[endgroup]
player-vulkan-host	Configure Vulkan CPU-host player lane	2026-09-30T08:32:01.0767014Z -- The CXX compiler identification is GNU 13.3.0
player-vulkan-host	Configure Vulkan CPU-host player lane	2026-09-30T08:32:01.0942170Z -- Detecting CXX compiler ABI info
player-vulkan-host	Configure Vulkan CPU-host player lane	2026-09-30T08:32:01.1815761Z -- Detecting CXX compiler ABI info - done
player-vulkan-host	Configure Vulkan CPU-host player lane	2026-09-30T08:32:01.1995229Z -- Check for working CXX compiler: /usr/bin/c++ - skipped
player-vulkan-host	Configure Vulkan CPU-host player lane	2026-09-30T08:32:01.2002122Z -- Detecting CXX compile features
player-vulkan-host	Configure Vulkan CPU-host player lane	2026-09-30T08:32:01.2011686Z -- Detecting CXX compile features - done
player-vulkan-host	Configure Vulkan CPU-host player lane	2026-09-30T08:32:07.4260782Z Generated RT catalog adapter is current.
player-vulkan-host	Configure Vulkan CPU-host player lane	2026-09-30T08:32:07.6120829Z -- Strict non-contracted asset-transform arithmetic enabled for GltfDocument.cpp and StaticMeshAsset.cpp: -fno-fast-math;-ffp-contract=off
player-vulkan-host	Configure Vulkan CPU-host player lane	2026-09-30T08:32:07.6953983Z -- Found Vulkan: /usr/lib/x86_64-linux-gnu/libvulkan.so (found version "1.3.275")  missing components: glslc glslangValidator
player-vulkan-host	Configure Vulkan CPU-host player lane	2026-09-30T08:32:07.6955804Z -- Vulkan SDK found: 1.3.275
player-vulkan-host	Configure Vulkan CPU-host player lane	2026-09-30T08:32:09.3319632Z -- Legacy torch-failure identifiers were rejected by the configured GNU compiler.
player-vulkan-host	Configure Vulkan CPU-host player lane	2026-09-30T08:32:09.3333925Z -- Horde Lantern RT: Vulkan capability probe and Windows diagnostic targets are available; Android builds from android/.
player-vulkan-host	Configure Vulkan CPU-host player lane	2026-09-30T08:32:09.3335021Z -- Configuring done (8.4s)
player-vulkan-host	Configure Vulkan CPU-host player lane	2026-09-30T08:32:09.4582340Z -- Generating done (0.1s)
player-vulkan-host	Configure Vulkan CPU-host player lane	2026-09-30T08:32:09.4587259Z -- Build files have been written to: /home/runner/work/The-Horde-RT-demo/The-Horde-RT-demo/build/player-vulkan-host
player-vulkan-host	Build focused player Vulkan-host targets	﻿2026-09-30T08:32:09.4657030Z ##[group]Run cmake --build build/player-vulkan-host --config Release --parallel 2 --target horde_rt_player_primitive_contract_tests horde_rt_player_animation_tests horde_rt_held_item_socket_tests horde_rt_scene_abi_tests horde_rt_static_gltf_asset_tests horde_rt_skinned_character_smoke horde_rt_skinned_arm_reference_tests
player-vulkan-host	Build focused player Vulkan-host targets	2026-09-30T08:32:09.4659477Z ^[[36;1mcmake --build build/player-vulkan-host --config Release --parallel 2 --target horde_rt_player_primitive_contract_tests horde_rt_player_animation_tests horde_rt_held_item_socket_tests horde_rt_scene_abi_tests horde_rt_static_gltf_asset_tests horde_rt_skinned_character_smoke horde_rt_skinned_arm_reference_tests^[[0m
player-vulkan-host	Build focused player Vulkan-host targets	2026-09-30T08:32:09.4723554Z shell: /usr/bin/bash -e {0}
player-vulkan-host	Build focused player Vulkan-host targets	2026-09-30T08:32:09.4723829Z ##[endgroup]
player-vulkan-host	Build focused player Vulkan-host targets	2026-09-30T08:32:09.5062220Z [100%] Building CXX object CMakeFiles/horde_rt_player_primitive_contract_tests.dir/tests/PlayerPrimitiveContractTests.cpp.o
player-vulkan-host	Build focused player Vulkan-host targets	2026-09-30T08:32:10.8935834Z [100%] Linking CXX executable horde_rt_player_primitive_contract_tests
player-vulkan-host	Build focused player Vulkan-host targets	2026-09-30T08:32:10.9397856Z [100%] Built target horde_rt_player_primitive_contract_tests
player-vulkan-host	Build focused player Vulkan-host targets	2026-09-30T08:32:10.9601557Z [  0%] Building CXX object CMakeFiles/horde_gameplay_simulation.dir/src/gameplay/simulation/GameSimulation.cpp.o
player-vulkan-host	Build focused player Vulkan-host targets	2026-09-30T08:32:10.9608144Z [  0%] Building CXX object CMakeFiles/horde_gameplay_simulation.dir/src/gameplay/animation/PlayerAnimationState.cpp.o
player-vulkan-host	Build focused player Vulkan-host targets	2026-09-30T08:32:11.7560011Z [ 14%] Building CXX object CMakeFiles/horde_gameplay_simulation.dir/src/gameplay/animation/PlayerIkTargets.cpp.o
player-vulkan-host	Build focused player Vulkan-host targets	2026-09-30T08:32:12.0119121Z [ 14%] Building CXX object CMakeFiles/horde_gameplay_simulation.dir/src/gameplay/effects/FireEmitterState.cpp.o
player-vulkan-host	Build focused player Vulkan-host targets	2026-09-30T08:32:12.3079101Z [ 28%] Building CXX object CMakeFiles/horde_gameplay_simulation.dir/src/gameplay/interactions/InteractionState.cpp.o
player-vulkan-host	Build focused player Vulkan-host targets	2026-09-30T08:32:12.5380779Z [ 28%] Building CXX object CMakeFiles/horde_gameplay_simulation.dir/src/gameplay/interactions/ChestRewardSequence.cpp.o
player-vulkan-host	Build focused player Vulkan-host targets	2026-09-30T08:32:12.7743175Z [ 42%] Building CXX object CMakeFiles/horde_gameplay_simulation.dir/src/gameplay/interactions/FinaleSequence.cpp.o
player-vulkan-host	Build focused player Vulkan-host targets	2026-09-30T08:32:13.0029037Z [ 42%] Building CXX object CMakeFiles/horde_gameplay_simulation.dir/src/gameplay/items/LanternPendulum.cpp.o
player-vulkan-host	Build focused player Vulkan-host targets	2026-09-30T08:32:13.3550001Z [ 57%] Building CXX object CMakeFiles/horde_gameplay_simulation.dir/src/gameplay/items/HeldItemState.cpp.o
player-vulkan-host	Build focused player Vulkan-host targets	2026-09-30T08:32:13.4198534Z [ 57%] Building CXX object CMakeFiles/horde_gameplay_simulation.dir/src/gameplay/items/HeldItemKinematics.cpp.o
player-vulkan-host	Build focused player Vulkan-host targets	2026-09-30T08:32:13.4497040Z [ 71%] Building CXX object CMakeFiles/horde_gameplay_simulation.dir/src/gameplay/items/HeldLightState.cpp.o
player-vulkan-host	Build focused player Vulkan-host targets	2026-09-30T08:32:14.5447423Z [ 71%] Linking CXX static library libhorde_gameplay_simulation.a
player-vulkan-host	Build focused player Vulkan-host targets	2026-09-30T08:32:15.3521841Z [ 71%] Built target horde_gameplay_simulation
player-vulkan-host	Build focused player Vulkan-host targets	2026-09-30T08:32:15.3593471Z [ 71%] Building CXX object CMakeFiles/horde_rt_player_animation_tests.dir/tests/PlayerAnimationTests.cpp.o
player-vulkan-host	Build focused player Vulkan-host targets	2026-09-30T08:32:15.3595142Z [ 85%] Building CXX object CMakeFiles/horde_rt_player_animation_tests.dir/src/telemetry/RtPerformanceEvidence.cpp.o
player-vulkan-host	Build focused player Vulkan-host targets	2026-09-30T08:32:16.6118891Z [ 85%] Building CXX object CMakeFiles/horde_rt_player_animation_tests.dir/src/scene/assets/SkinnedMeshAsset.cpp.o
player-vulkan-host	Build focused player Vulkan-host targets	2026-09-30T08:32:16.6547844Z [100%] Building CXX object CMakeFiles/horde_rt_player_animation_tests.dir/src/vulkan/raytracing/PlayerRenderSlot.cpp.o
player-vulkan-host	Build focused player Vulkan-host targets	2026-09-30T08:32:19.9989052Z [100%] Linking CXX executable horde_rt_player_animation_tests
player-vulkan-host	Build focused player Vulkan-host targets	2026-09-30T08:32:20.0522906Z [100%] Built target horde_rt_player_animation_tests
player-vulkan-host	Build focused player Vulkan-host targets	2026-09-30T08:32:20.0837521Z [ 55%] Built target horde_gameplay_simulation
player-vulkan-host	Build focused player Vulkan-host targets	2026-09-30T08:32:20.0907149Z [ 66%] Building CXX object CMakeFiles/horde_rt_held_item_socket_tests.dir/tests/HeldItemSocketTests.cpp.o
player-vulkan-host	Build focused player Vulkan-host targets	2026-09-30T08:32:20.0909312Z [ 66%] Building CXX object CMakeFiles/horde_rt_held_item_socket_tests.dir/src/scene/assets/AssetManifest.cpp.o
player-vulkan-host	Build focused player Vulkan-host targets	2026-09-30T08:32:21.6307643Z [ 77%] Building CXX object CMakeFiles/horde_rt_held_item_socket_tests.dir/src/scene/assets/AssetValidation.cpp.o
player-vulkan-host	Build focused player Vulkan-host targets	2026-09-30T08:32:22.1486562Z [ 77%] Building CXX object CMakeFiles/horde_rt_held_item_socket_tests.dir/src/scene/assets/GltfDocument.cpp.o
player-vulkan-host	Build focused player Vulkan-host targets	2026-09-30T08:32:22.6550637Z [ 88%] Building CXX object CMakeFiles/horde_rt_held_item_socket_tests.dir/src/scene/assets/StaticMeshAsset.cpp.o
player-vulkan-host	Build focused player Vulkan-host targets	2026-09-30T08:32:24.7269388Z [ 88%] Building CXX object CMakeFiles/horde_rt_held_item_socket_tests.dir/src/vulkan/raytracing/HeldItemRenderSlot.cpp.o
player-vulkan-host	Build focused player Vulkan-host targets	2026-09-30T08:32:24.8010652Z [100%] Building CXX object CMakeFiles/horde_rt_held_item_socket_tests.dir/src/vulkan/raytracing/RtStaticMeshSlot.cpp.o
player-vulkan-host	Build focused player Vulkan-host targets	2026-09-30T08:32:26.6873322Z [100%] Linking CXX executable horde_rt_held_item_socket_tests
player-vulkan-host	Build focused player Vulkan-host targets	2026-09-30T08:32:26.7422761Z [100%] Built target horde_rt_held_item_socket_tests
player-vulkan-host	Build focused player Vulkan-host targets	2026-09-30T08:32:26.7634259Z [  0%] Building CXX object CMakeFiles/horde_rt_scene_abi_tests.dir/tests/RtSceneAbiTests.cpp.o
player-vulkan-host	Build focused player Vulkan-host targets	2026-09-30T08:32:26.7635648Z [ 50%] Building CXX object CMakeFiles/horde_rt_scene_abi_tests.dir/src/vulkan/raytracing/RtStaticMeshSlot.cpp.o
player-vulkan-host	Build focused player Vulkan-host targets	2026-09-30T08:32:27.9336873Z [ 50%] Building CXX object CMakeFiles/horde_rt_scene_abi_tests.dir/src/vulkan/raytracing/RtTextureArrays.cpp.o
player-vulkan-host	Build focused player Vulkan-host targets	2026-09-30T08:32:28.6262725Z [100%] Linking CXX executable horde_rt_scene_abi_tests
player-vulkan-host	Build focused player Vulkan-host targets	2026-09-30T08:32:28.6733416Z [100%] Built target horde_rt_scene_abi_tests
player-vulkan-host	Build focused player Vulkan-host targets	2026-09-30T08:32:28.6932077Z [ 25%] Building CXX object CMakeFiles/horde_rt_static_gltf_asset_tests.dir/tests/StaticGltfAssetTests.cpp.o
player-vulkan-host	Build focused player Vulkan-host targets	2026-09-30T08:32:28.6933928Z [ 25%] Building CXX object CMakeFiles/horde_rt_static_gltf_asset_tests.dir/src/scene/assets/AssetManifest.cpp.o
player-vulkan-host	Build focused player Vulkan-host targets	2026-09-30T08:32:31.3089551Z [ 50%] Building CXX object CMakeFiles/horde_rt_static_gltf_asset_tests.dir/src/scene/assets/AssetValidation.cpp.o
player-vulkan-host	Build focused player Vulkan-host targets	2026-09-30T08:32:31.8332102Z [ 50%] Building CXX object CMakeFiles/horde_rt_static_gltf_asset_tests.dir/src/scene/assets/GltfDocument.cpp.o
player-vulkan-host	Build focused player Vulkan-host targets	2026-09-30T08:32:33.1570647Z [ 75%] Building CXX object CMakeFiles/horde_rt_static_gltf_asset_tests.dir/src/scene/assets/StaticMeshAsset.cpp.o
player-vulkan-host	Build focused player Vulkan-host targets	2026-09-30T08:32:34.4712098Z [ 75%] Building CXX object CMakeFiles/horde_rt_static_gltf_asset_tests.dir/src/vulkan/raytracing/RtStaticMeshSlot.cpp.o
player-vulkan-host	Build focused player Vulkan-host targets	2026-09-30T08:32:36.9532006Z [100%] Linking CXX executable horde_rt_static_gltf_asset_tests
player-vulkan-host	Build focused player Vulkan-host targets	2026-09-30T08:32:37.0077326Z [100%] Built target horde_rt_static_gltf_asset_tests
player-vulkan-host	Build focused player Vulkan-host targets	2026-09-30T08:32:37.0328760Z [ 25%] Built target horde_gameplay_simulation
player-vulkan-host	Build focused player Vulkan-host targets	2026-09-30T08:32:37.0408960Z [ 30%] Building CXX object CMakeFiles/horde_rt_probe_core.dir/src/telemetry/RtPerformanceEvidence.cpp.o
player-vulkan-host	Build focused player Vulkan-host targets	2026-09-30T08:32:37.0410980Z [ 30%] Building CXX object CMakeFiles/horde_rt_probe_core.dir/src/telemetry/RtEvidencePublication.cpp.o
player-vulkan-host	Build focused player Vulkan-host targets	2026-09-30T08:32:37.5761307Z [ 35%] Building CXX object CMakeFiles/horde_rt_probe_core.dir/src/telemetry/RtBenchmarkEvidenceRun.cpp.o
player-vulkan-host	Build focused player Vulkan-host targets	2026-09-30T08:32:38.2887790Z [ 35%] Building CXX object CMakeFiles/horde_rt_probe_core.dir/src/telemetry/RtBenchmarkEvidenceReport.cpp.o
player-vulkan-host	Build focused player Vulkan-host targets	2026-09-30T08:32:38.3259892Z [ 35%] Building CXX object CMakeFiles/horde_rt_probe_core.dir/src/gameplay/ShowcaseBenchmark.cpp.o
player-vulkan-host	Build focused player Vulkan-host targets	2026-09-30T08:32:39.4473022Z [ 40%] Building CXX object CMakeFiles/horde_rt_probe_core.dir/src/scene/assets/AssetManifest.cpp.o
player-vulkan-host	Build focused player Vulkan-host targets	2026-09-30T08:32:39.8780028Z [ 40%] Building CXX object CMakeFiles/horde_rt_probe_core.dir/src/scene/assets/AssetValidation.cpp.o
player-vulkan-host	Build focused player Vulkan-host targets	2026-09-30T08:32:40.4153360Z [ 45%] Building CXX object CMakeFiles/horde_rt_probe_core.dir/src/scene/assets/GltfDocument.cpp.o
player-vulkan-host	Build focused player Vulkan-host targets	2026-09-30T08:32:42.0552173Z [ 45%] Building CXX object CMakeFiles/horde_rt_probe_core.dir/src/scene/assets/StaticMeshAsset.cpp.o
player-vulkan-host	Build focused player Vulkan-host targets	2026-09-30T08:32:43.0549446Z [ 50%] Building CXX object CMakeFiles/horde_rt_probe_core.dir/src/update/GitHubReleaseUpdater.cpp.o
player-vulkan-host	Build focused player Vulkan-host targets	2026-09-30T08:32:44.8454660Z [ 50%] Building CXX object CMakeFiles/horde_rt_probe_core.dir/src/vulkan/DeviceCapabilities.cpp.o
player-vulkan-host	Build focused player Vulkan-host targets	2026-09-30T08:32:45.1487828Z [ 55%] Building CXX object CMakeFiles/horde_rt_probe_core.dir/src/vulkan/RtCapabilityReport.cpp.o
player-vulkan-host	Build focused player Vulkan-host targets	2026-09-30T08:32:45.8586526Z [ 55%] Building CXX object CMakeFiles/horde_rt_probe_core.dir/src/vulkan/GpuFrameTimer.cpp.o
player-vulkan-host	Build focused player Vulkan-host targets	2026-09-30T08:32:46.0223693Z [ 60%] Building CXX object CMakeFiles/horde_rt_probe_core.dir/src/vulkan/VulkanContext.cpp.o
player-vulkan-host	Build focused player Vulkan-host targets	2026-09-30T08:32:46.6953038Z [ 60%] Building CXX object CMakeFiles/horde_rt_probe_core.dir/src/vulkan/raytracing/RayTracingRequirements.cpp.o
player-vulkan-host	Build focused player Vulkan-host targets	2026-09-30T08:32:46.9517633Z [ 65%] Building CXX object CMakeFiles/horde_rt_probe_core.dir/src/vulkan/raytracing/RtGpuResources.cpp.o
player-vulkan-host	Build focused player Vulkan-host targets	2026-09-30T08:32:47.9356990Z [ 65%] Building CXX object CMakeFiles/horde_rt_probe_core.dir/src/vulkan/raytracing/HeldItemRenderSlot.cpp.o
player-vulkan-host	Build focused player Vulkan-host targets	2026-09-30T08:32:47.9633994Z [ 70%] Building CXX object CMakeFiles/horde_rt_probe_core.dir/src/vulkan/raytracing/FireEmitterBuffer.cpp.o
player-vulkan-host	Build focused player Vulkan-host targets	2026-09-30T08:32:48.0112842Z [ 70%] Building CXX object CMakeFiles/horde_rt_probe_core.dir/src/vulkan/raytracing/RtStaticMeshSlot.cpp.o
player-vulkan-host	Build focused player Vulkan-host targets	2026-09-30T08:32:48.8180420Z [ 75%] Building CXX object CMakeFiles/horde_rt_probe_core.dir/src/vulkan/raytracing/RtTextureArrays.cpp.o
player-vulkan-host	Build focused player Vulkan-host targets	2026-09-30T08:32:49.0751022Z [ 75%] Building CXX object CMakeFiles/horde_rt_probe_core.dir/src/vulkan/raytracing/CharacterRenderSlot.cpp.o
player-vulkan-host	Build focused player Vulkan-host targets	2026-09-30T08:32:49.8853716Z [ 80%] Building CXX object CMakeFiles/horde_rt_probe_core.dir/src/vulkan/raytracing/PlayerRenderSlot.cpp.o
player-vulkan-host	Build focused player Vulkan-host targets	2026-09-30T08:32:50.4716664Z [ 80%] Building CXX object CMakeFiles/horde_rt_probe_core.dir/src/vulkan/raytracing/RtPipelineVariants.cpp.o
player-vulkan-host	Build focused player Vulkan-host targets	2026-09-30T08:32:50.8251932Z [ 80%] Building CXX object CMakeFiles/horde_rt_probe_core.dir/src/vulkan/raytracing/RtPipelineVariantProvider.cpp.o
player-vulkan-host	Build focused player Vulkan-host targets	2026-09-30T08:32:51.5568639Z [ 85%] Building CXX object CMakeFiles/horde_rt_probe_core.dir/src/vulkan/raytracing/RtPipelineBundleContracts.cpp.o
player-vulkan-host	Build focused player Vulkan-host targets	2026-09-30T08:32:51.7974832Z [ 85%] Building CXX object CMakeFiles/horde_rt_probe_core.dir/src/vulkan/raytracing/RtPipelineBundle.cpp.o
player-vulkan-host	Build focused player Vulkan-host targets	2026-09-30T08:32:52.4558381Z [ 90%] Building CXX object CMakeFiles/horde_rt_probe_core.dir/src/vulkan/raytracing/RtFrameEvidenceCoordinator.cpp.o
player-vulkan-host	Build focused player Vulkan-host targets	2026-09-30T08:32:52.4827583Z [ 90%] Building CXX object CMakeFiles/horde_rt_probe_core.dir/src/vulkan/raytracing/PresentableTinyRtScene.cpp.o
player-vulkan-host	Build focused player Vulkan-host targets	2026-09-30T08:32:53.6339796Z [ 95%] Building CXX object CMakeFiles/horde_rt_probe_core.dir/src/vulkan/raytracing/SimulationFrameAdapter.cpp.o
player-vulkan-host	Build focused player Vulkan-host targets	2026-09-30T08:32:54.5468502Z [ 95%] Building CXX object CMakeFiles/horde_rt_probe_core.dir/src/scene/assets/SkinnedMeshAsset.cpp.o
player-vulkan-host	Build focused player Vulkan-host targets	2026-09-30T08:32:58.4988976Z [100%] Linking CXX static library libhorde_rt_probe_core.a
player-vulkan-host	Build focused player Vulkan-host targets	2026-09-30T08:32:58.6109654Z [100%] Built target horde_rt_probe_core
player-vulkan-host	Build focused player Vulkan-host targets	2026-09-30T08:32:58.6178484Z [100%] Building CXX object CMakeFiles/horde_rt_skinned_character_smoke.dir/tests/SkinnedCharacterModelSmoke.cpp.o
player-vulkan-host	Build focused player Vulkan-host targets	2026-09-30T08:33:02.7699105Z [100%] Linking CXX executable horde_rt_skinned_character_smoke
player-vulkan-host	Build focused player Vulkan-host targets	2026-09-30T08:33:02.8283098Z [100%] Built target horde_rt_skinned_character_smoke
player-vulkan-host	Build focused player Vulkan-host targets	2026-09-30T08:33:02.8543155Z [ 23%] Built target horde_gameplay_simulation
player-vulkan-host	Build focused player Vulkan-host targets	2026-09-30T08:33:02.8931109Z [ 95%] Built target horde_rt_probe_core
player-vulkan-host	Build focused player Vulkan-host targets	2026-09-30T08:33:02.8999705Z [ 95%] Building CXX object CMakeFiles/horde_rt_skinned_arm_reference_tests.dir/tests/SkinnedArmReferenceTests.cpp.o
player-vulkan-host	Build focused player Vulkan-host targets	2026-09-30T08:33:04.9862845Z [100%] Linking CXX executable horde_rt_skinned_arm_reference_tests
player-vulkan-host	Build focused player Vulkan-host targets	2026-09-30T08:33:05.0357718Z [100%] Built target horde_rt_skinned_arm_reference_tests
player-vulkan-host	Run focused player contract and semantic fixtures	﻿2026-09-30T08:33:05.0427556Z ##[group]Run ctest --test-dir build/player-vulkan-host --build-config Release --output-on-failure --no-tests=error -R "^(horde_rt_player_primitive_contract_tests|horde_rt_player_manifest_agreement_tests|horde_rt_player_animation_tests|horde_rt_held_item_socket_tests|horde_rt_scene_abi_tests|horde_rt_static_gltf_asset_tests|horde_rt_skinned_character_smoke|horde_rt_skinned_arm_reference_tests|horde_rt_player_skinned_semantic_fixtures|horde_rt_player_viewmodel_admission|horde_rt_player_viewmodel_pose_fixtures)$"
player-vulkan-host	Run focused player contract and semantic fixtures	2026-09-30T08:33:05.0431134Z ^[[36;1mctest --test-dir build/player-vulkan-host --build-config Release --output-on-failure --no-tests=error -R "^(horde_rt_player_primitive_contract_tests|horde_rt_player_manifest_agreement_tests|horde_rt_player_animation_tests|horde_rt_held_item_socket_tests|horde_rt_scene_abi_tests|horde_rt_static_gltf_asset_tests|horde_rt_skinned_character_smoke|horde_rt_skinned_arm_reference_tests|horde_rt_player_skinned_semantic_fixtures|horde_rt_player_viewmodel_admission|horde_rt_player_viewmodel_pose_fixtures)$"^[[0m
player-vulkan-host	Run focused player contract and semantic fixtures	2026-09-30T08:33:05.0495417Z shell: /usr/bin/bash -e {0}
player-vulkan-host	Run focused player contract and semantic fixtures	2026-09-30T08:33:05.0495691Z ##[endgroup]
player-vulkan-host	Run focused player contract and semantic fixtures	2026-09-30T08:33:05.3626780Z Internal ctest changing into directory: /home/runner/work/The-Horde-RT-demo/The-Horde-RT-demo/build/player-vulkan-host
player-vulkan-host	Run focused player contract and semantic fixtures	2026-09-30T08:33:05.4259344Z Test project /home/runner/work/The-Horde-RT-demo/The-Horde-RT-demo/build/player-vulkan-host
player-vulkan-host	Run focused player contract and semantic fixtures	2026-09-30T08:33:05.4701726Z       Start  1: horde_rt_player_primitive_contract_tests
player-vulkan-host	Run focused player contract and semantic fixtures	2026-09-30T08:33:05.4761917Z  1/11 Test  #1: horde_rt_player_primitive_contract_tests ....   Passed    0.00 sec
player-vulkan-host	Run focused player contract and semantic fixtures	2026-09-30T08:33:05.4818100Z       Start  3: horde_rt_player_manifest_agreement_tests
player-vulkan-host	Run focused player contract and semantic fixtures	2026-09-30T08:33:06.3853587Z  2/11 Test  #3: horde_rt_player_manifest_agreement_tests ....   Passed    0.90 sec
player-vulkan-host	Run focused player contract and semantic fixtures	2026-09-30T08:33:06.3858911Z       Start 28: horde_rt_player_animation_tests
player-vulkan-host	Run focused player contract and semantic fixtures	2026-09-30T08:33:06.3888393Z  3/11 Test #28: horde_rt_player_animation_tests .............   Passed    0.00 sec
player-vulkan-host	Run focused player contract and semantic fixtures	2026-09-30T08:33:06.3889976Z       Start 30: horde_rt_held_item_socket_tests
player-vulkan-host	Run focused player contract and semantic fixtures	2026-09-30T08:33:06.4403370Z  4/11 Test #30: horde_rt_held_item_socket_tests .............   Passed    0.05 sec
player-vulkan-host	Run focused player contract and semantic fixtures	2026-09-30T08:33:06.4404743Z       Start 32: horde_rt_scene_abi_tests
player-vulkan-host	Run focused player contract and semantic fixtures	2026-09-30T08:33:06.4423748Z  5/11 Test #32: horde_rt_scene_abi_tests ....................   Passed    0.00 sec
player-vulkan-host	Run focused player contract and semantic fixtures	2026-09-30T08:33:06.4424890Z       Start 33: horde_rt_static_gltf_asset_tests
player-vulkan-host	Run focused player contract and semantic fixtures	2026-09-30T08:33:06.4700924Z  6/11 Test #33: horde_rt_static_gltf_asset_tests ............   Passed    0.03 sec
player-vulkan-host	Run focused player contract and semantic fixtures	2026-09-30T08:33:06.4702238Z       Start 52: horde_rt_skinned_arm_reference_tests
player-vulkan-host	Run focused player contract and semantic fixtures	2026-09-30T08:33:06.4720745Z  7/11 Test #52: horde_rt_skinned_arm_reference_tests ........   Passed    0.00 sec
player-vulkan-host	Run focused player contract and semantic fixtures	2026-09-30T08:33:06.4722313Z       Start 53: horde_rt_skinned_character_smoke
player-vulkan-host	Run focused player contract and semantic fixtures	2026-09-30T08:33:08.7203428Z  8/11 Test #53: horde_rt_skinned_character_smoke ............   Passed    2.25 sec
player-vulkan-host	Run focused player contract and semantic fixtures	2026-09-30T08:33:08.7254735Z       Start 54: horde_rt_player_skinned_semantic_fixtures
player-vulkan-host	Run focused player contract and semantic fixtures	2026-09-30T08:33:12.1268682Z  9/11 Test #54: horde_rt_player_skinned_semantic_fixtures ...   Passed    3.40 sec
player-vulkan-host	Run focused player contract and semantic fixtures	2026-09-30T08:33:12.1270023Z       Start 55: horde_rt_player_viewmodel_admission
player-vulkan-host	Run focused player contract and semantic fixtures	2026-09-30T08:33:12.1827937Z 10/11 Test #55: horde_rt_player_viewmodel_admission .........   Passed    0.06 sec
player-vulkan-host	Run focused player contract and semantic fixtures	2026-09-30T08:33:12.1829712Z       Start 56: horde_rt_player_viewmodel_pose_fixtures
player-vulkan-host	Run focused player contract and semantic fixtures	2026-09-30T08:33:13.5748965Z 11/11 Test #56: horde_rt_player_viewmodel_pose_fixtures .....   Passed    1.39 sec
player-vulkan-host	Run focused player contract and semantic fixtures	2026-09-30T08:33:13.5752098Z 
player-vulkan-host	Run focused player contract and semantic fixtures	2026-09-30T08:33:13.5752513Z 100% tests passed, 0 tests failed out of 11
player-vulkan-host	Run focused player contract and semantic fixtures	2026-09-30T08:33:13.5752774Z 
player-vulkan-host	Run focused player contract and semantic fixtures	2026-09-30T08:33:13.5752936Z Total Test time (real) =   8.15 sec
player-vulkan-host	Post Check out source	﻿2026-09-30T08:33:13.6202405Z Post job cleanup.
player-vulkan-host	Post Check out source	2026-09-30T08:33:13.7036032Z [command]/usr/bin/git version
player-vulkan-host	Post Check out source	2026-09-30T08:33:13.7081343Z git version 2.55.0
player-vulkan-host	Post Check out source	2026-09-30T08:33:13.7122501Z Temporarily overriding HOME='/home/runner/work/_temp/03129b2c-641d-4718-906e-d3d3c4d27aa1' before making global git config changes
player-vulkan-host	Post Check out source	2026-09-30T08:33:13.7123831Z Adding repository directory to the temporary git global config as a safe directory
player-vulkan-host	Post Check out source	2026-09-30T08:33:13.7128101Z [command]/usr/bin/git config --global --add safe.directory /home/runner/work/The-Horde-RT-demo/The-Horde-RT-demo
player-vulkan-host	Post Check out source	2026-09-30T08:33:13.7161582Z Removing SSH command configuration
player-vulkan-host	Post Check out source	2026-09-30T08:33:13.7168686Z [command]/usr/bin/git config --local --name-only --get-regexp core\.sshCommand
player-vulkan-host	Post Check out source	2026-09-30T08:33:13.7205158Z [command]/usr/bin/git submodule foreach --recursive sh -c "git config --local --name-only --get-regexp 'core\.sshCommand' && git config --local --unset-all 'core.sshCommand' || :"
player-vulkan-host	Post Check out source	2026-09-30T08:33:13.7466731Z Removing HTTP extra header
player-vulkan-host	Post Check out source	2026-09-30T08:33:13.7467904Z [command]/usr/bin/git config --local --name-only --get-regexp http\.https\:\/\/github\.com\/\.extraheader
player-vulkan-host	Post Check out source	2026-09-30T08:33:13.7504775Z [command]/usr/bin/git submodule foreach --recursive sh -c "git config --local --name-only --get-regexp 'http\.https\:\/\/github\.com\/\.extraheader' && git config --local --unset-all 'http.https://github.com/.extraheader' || :"
player-vulkan-host	Post Check out source	2026-09-30T08:33:13.7773841Z Removing includeIf entries pointing to credentials config files
player-vulkan-host	Post Check out source	2026-09-30T08:33:13.7781727Z [command]/usr/bin/git config --local --name-only --get-regexp ^includeIf\.gitdir:
player-vulkan-host	Post Check out source	2026-09-30T08:33:13.7819408Z includeif.gitdir:/home/runner/work/The-Horde-RT-demo/The-Horde-RT-demo/.git.path
player-vulkan-host	Post Check out source	2026-09-30T08:33:13.7820522Z includeif.gitdir:/home/runner/work/The-Horde-RT-demo/The-Horde-RT-demo/.git/worktrees/*.path
player-vulkan-host	Post Check out source	2026-09-30T08:33:13.7830471Z includeif.gitdir:/github/workspace/.git.path
player-vulkan-host	Post Check out source	2026-09-30T08:33:13.7831448Z includeif.gitdir:/github/workspace/.git/worktrees/*.path
player-vulkan-host	Post Check out source	2026-09-30T08:33:13.7833776Z [command]/usr/bin/git config --local --get-all includeif.gitdir:/home/runner/work/The-Horde-RT-demo/The-Horde-RT-demo/.git.path
player-vulkan-host	Post Check out source	2026-09-30T08:33:13.7860931Z /home/runner/work/_temp/git-credentials-e90a8e8e-9892-4d49-b17f-2a6cfdbbe8fb.config
player-vulkan-host	Post Check out source	2026-09-30T08:33:13.7876278Z [command]/usr/bin/git config --local --unset includeif.gitdir:/home/runner/work/The-Horde-RT-demo/The-Horde-RT-demo/.git.path /home/runner/work/_temp/git-credentials-e90a8e8e-9892-4d49-b17f-2a6cfdbbe8fb.config
player-vulkan-host	Post Check out source	2026-09-30T08:33:13.7919123Z [command]/usr/bin/git config --local --get-all includeif.gitdir:/home/runner/work/The-Horde-RT-demo/The-Horde-RT-demo/.git/worktrees/*.path
player-vulkan-host	Post Check out source	2026-09-30T08:33:13.7945501Z /home/runner/work/_temp/git-credentials-e90a8e8e-9892-4d49-b17f-2a6cfdbbe8fb.config
player-vulkan-host	Post Check out source	2026-09-30T08:33:13.7958475Z [command]/usr/bin/git config --local --unset includeif.gitdir:/home/runner/work/The-Horde-RT-demo/The-Horde-RT-demo/.git/worktrees/*.path /home/runner/work/_temp/git-credentials-e90a8e8e-9892-4d49-b17f-2a6cfdbbe8fb.config
player-vulkan-host	Post Check out source	2026-09-30T08:33:13.8001745Z [command]/usr/bin/git config --local --get-all includeif.gitdir:/github/workspace/.git.path
player-vulkan-host	Post Check out source	2026-09-30T08:33:13.8029965Z /github/runner_temp/git-credentials-e90a8e8e-9892-4d49-b17f-2a6cfdbbe8fb.config
player-vulkan-host	Post Check out source	2026-09-30T08:33:13.8041860Z [command]/usr/bin/git config --local --unset includeif.gitdir:/github/workspace/.git.path /github/runner_temp/git-credentials-e90a8e8e-9892-4d49-b17f-2a6cfdbbe8fb.config
player-vulkan-host	Post Check out source	2026-09-30T08:33:13.8086689Z [command]/usr/bin/git config --local --get-all includeif.gitdir:/github/workspace/.git/worktrees/*.path
player-vulkan-host	Post Check out source	2026-09-30T08:33:13.8137342Z /github/runner_temp/git-credentials-e90a8e8e-9892-4d49-b17f-2a6cfdbbe8fb.config
player-vulkan-host	Post Check out source	2026-09-30T08:33:13.8140451Z [command]/usr/bin/git config --local --unset includeif.gitdir:/github/workspace/.git/worktrees/*.path /github/runner_temp/git-credentials-e90a8e8e-9892-4d49-b17f-2a6cfdbbe8fb.config
player-vulkan-host	Post Check out source	2026-09-30T08:33:13.8174200Z [command]/usr/bin/git submodule foreach --recursive git config --local --show-origin --name-only --get-regexp remote.origin.url
player-vulkan-host	Post Check out source	2026-09-30T08:33:13.8427580Z Removing credentials config '/home/runner/work/_temp/git-credentials-e90a8e8e-9892-4d49-b17f-2a6cfdbbe8fb.config'
player-vulkan-host	Complete job	﻿2026-09-30T08:33:13.8600751Z Cleaning up orphan processes
