language,source_language,line_id,speaker_id,input_file,output_file,spoken_text,source_text_revision,source_text_sha256,delivery_notes,delivery_notes_revision,delivery_notes_sha256,generation_input_file,generation_input_status,release,recording_approved
en,en,prologue.kit_grate,kit,TTS-English-en/core-candidates/kit/prologue.kit_grate.txt,audio/voice/en/prologue.kit_grate.wav,"Mate, are you ok? I heard the collapse! The treasure should be just ahead. Be careful!",1,1a31d2c18023c1be6242ff3a9283d798033ec6b0075b71cb89e01794a8101d38,"Kit is unseen beyond the small grated WALL access panel. Start urgently, worried and on the edge of panic: 'Mate, are you ok?' is a genuine check for life, with a quick breath and strain in the voice rather than a cheerful greeting or a full scream. 'I heard the collapse!' carries the fear that prompted the call. Ease slightly into practical reassurance on 'The treasure should be just ahead', while still shaken; finish 'Be careful!' with protective urgency. Keep the words intelligible through the grate. Any stronger relief must follow a genuinely audible nearby player movement/footstep cue, never an assumed reply or unseen visual confirmation.",2,d62cfa00fb00223547f0f9615c72026c7f49a401a95caeb9204b280c1c7d8d03,TTS-Optional-ElevenLabs-en/prologue.kit_grate.txt,unauditioned_hint_not_guaranteed,core-candidates,False
en,en,rescue.found,kit,TTS-English-en/core-candidates/kit/rescue.found.txt,audio/voice/en/rescue.found.wav,There you are. Still in one piece?,1,dcd11fd018f363529cb50ddfce3259b3b9a951e4c6ec20066060d131266c166d,Kit; relieved renewed contact,1,496fba11f2e3cab467498065b9c63143b016466077383b698afe89b336a7a6ba,,not_authored,core-candidates,False
en,en,rescue.rope,kit,TTS-English-en/core-candidates/kit/rescue.rope.txt,audio/voice/en/rescue.rope.wav,Stay clear. Rope coming down.,1,2f6b9d691aed9457053222074c2c7d0fb85993eecf1b880b2e9755e9e1156db1,"Kit; practical, no joke",1,a290f8f2b3b2197b56675510661a487ae2f7619a583752efedfc5778773daab6,,not_authored,core-candidates,False
en,en,reunion.question,kit,TTS-English-en/core-candidates/kit/reunion.question.txt,audio/voice/en/reunion.question.wav,Steady. Catch your breath. Did you find it?,1,605160366068b6e057b162e3d6b613f3dc8067297a84b2a25a884a0bf966a85e,"Kit; first checking player, then curious",1,4aaabb2ceba29da0c29c38a04f196f8bd8f71b914d62eef76672ffc732fe88b2,,not_authored,core-candidates,False
en,en,reunion.hint,kit,TTS-English-en/core-candidates/kit/reunion.hint.txt,audio/voice/en/reunion.hint.wav,Let me see. Raise it.,1,ad4c5469e0067ad5a4a8b81b8a2ee31f449584203881b2846f8fbca7c2839425,"Kit; gentle, not impatient",1,dc92c42d3679a6702eeb0835c60d5fbe561c3d88f39553346fbd8f2a2be54028,,not_authored,core-candidates,False
en,en,reunion.proof,kit,TTS-English-en/core-candidates/kit/reunion.proof.txt,audio/voice/en/reunion.proof.wav,Then we're not chasing a story anymore.,1,c840c966ace50c4b77ca06ea1bcc308360f18e268a2e6898c216d332d95a490c,Kit; quiet wonder,1,f3020aca7766d0f84a15c7117f50c1afbd0a2c213cdae0c9913cb766c4b44779,,not_authored,core-candidates,False
en,en,reunion.first_piece,kit,TTS-English-en/core-candidates/kit/reunion.first_piece.txt,audio/voice/en/reunion.first_piece.wav,"A start, then. Let's see where it leads.",1,75cd92c83cff8672dc34640b6fcc8f6b33696d9bb855e8e8c353458fb29111e1,Kit; thoughtful,1,8ab7ffdf3083647e20307cbec141ede084a93b0bc10554072105a0e5abe27e51,,not_authored,core-candidates,False
en,en,reunion.depart,kit,TTS-English-en/core-candidates/kit/reunion.depart.txt,audio/voice/en/reunion.depart.wav,Come on. There's a fire and a dry seat waiting in the village.,1,fdd92934c6fb69a7c8a6e3ea82459a9047fbf27eead0855bc670e5ff0be42cad,Kit; warmth returning,1,d81c492f3e67b0452be51afcceaa73b0188a3abbd2b85c0fe089ba349fc05842,,not_authored,core-candidates,False
en,en,forest.night,kit,TTS-English-en/core-candidates/kit/forest.night.txt,audio/voice/en/forest.night.wav,I'd forgotten how big the sky was.,1,83ac9fc3b020ca09f492b9930d5200852437182443edd5dc7e61c63a498b3815,"Kit; low, taking in the woods",1,00684538ef4968265df2e7ea33428cf0860f0b5eb0595144e90974c1e9e4a8e4,,not_authored,core-candidates,False
en,en,forest.waystone,kit,TTS-English-en/core-candidates/kit/forest.waystone.txt,audio/voice/en/forest.waystone.wav,Hold it there. There are marks under the moss.,1,2327e1cfa024d4410931b6aef03dc1e200ba40691f9ea7719b379bcac57aec60,Kit; notices a real change,1,95590aa83305bbfe704b51af6d0c4cd35df40a760605d8d506c3465f27205e7b,,not_authored,core-candidates,False
en,en,forest.clue,kit,TTS-English-en/core-candidates/kit/forest.clue.txt,audio/voice/en/forest.clue.wav,"A road to the treasury, perhaps. Someone in the village might read it.",1,bc3e21d6874be80b995f6ec68f4e71342c035de1a8cf7d7125efd84baa79c0b1,"Kit; curious, not certain",1,3a6e82c1ca13d637be95f6c9beeb08458f501d60035f8d8015bb675017b771f4,,not_authored,core-candidates,False
en,en,forest.wait,kit,TTS-English-en/core-candidates/kit/forest.wait.txt,audio/voice/en/forest.wait.wav,I'll wait here.,1,b2d1c50f974f8824d25d5958eaa5a19f814035d9fb9314748b53a1a467b18dec,"Kit; nearby, no pressure",1,2ad2a9d43909329bcd5686860ed7c77fbac056f8db395c1305e976f9a6da3a18,,not_authored,core-candidates,False
en,en,forest.village,kit,TTS-English-en/core-candidates/kit/forest.village.txt,audio/voice/en/forest.village.wav,There. Chimney smoke.,1,9b93476154e938621a9b6c8fda5249e499077d161dd6188476431eb7a03faaf3,Kit; relieved,1,a8697e8ed614a506151cf2ddd1374c5f3e0dcb50b1a1a24a3b61c2f0d8e13234,,not_authored,core-candidates,False
en,en,hub.record_inspect,record_keeper,TTS-English-en/core-candidates/record_keeper/hub.record_inspect.txt,audio/voice/en/hub.record_inspect.wav,Bring the light closer. This mark belongs to the old treasury road.,1,5e30d83ce6f7deda943a07d8e405b8b2c64fbd6f8953ce74f0b1b91cdd10500e,"Natural, unhurried and intelligible.",1,86c89e36bbe5efdfc879689851a98e38c30e417a20da15ade7d6055b480c1b21,,not_authored,core-candidates,False
en,en,hub.first_errand,record_keeper,TTS-English-en/core-candidates/record_keeper/hub.first_errand.txt,audio/voice/en/hub.first_errand.wav,"The wayside shrine kept a road register. If it survived, it may name the next stops.",1,d8f1ffa47a3a16fe54eba50856366b14fa67e89f86c8ce4a5b5329786ba136df,"Natural, unhurried and intelligible.",1,86c89e36bbe5efdfc879689851a98e38c30e417a20da15ade7d6055b480c1b21,,not_authored,core-candidates,False
en,en,hub.shrine_direction,record_keeper,TTS-English-en/core-candidates/record_keeper/hub.shrine_direction.txt,audio/voice/en/hub.shrine_direction.wav,Take the northern path out of Bellwether. The shrine is on a short spur beyond it.,1,74bb4c8ad3fa28ad0964ccc9768d539963ac799d4889fa11711eb5c06505e305,"Natural, unhurried and intelligible.",1,86c89e36bbe5efdfc879689851a98e38c30e417a20da15ade7d6055b480c1b21,,not_authored,core-candidates,False
en,en,hub.lantern_inspection,record_keeper,TTS-English-en/core-candidates/record_keeper/hub.lantern_inspection.txt,audio/voice/en/hub.lantern_inspection.wav,May I look at that? Keep it steady.,1,1cc369f78db6f8598773e3ecfb5befdaeed4ae19ab813e4495aadc7cbf9cea6b,"Natural, unhurried and intelligible.",1,86c89e36bbe5efdfc879689851a98e38c30e417a20da15ade7d6055b480c1b21,,not_authored,core-candidates,False
en,en,hub.shrine_fallback,record_keeper,TTS-English-en/core-candidates/record_keeper/hub.shrine_fallback.txt,audio/voice/en/hub.shrine_fallback.wav,The old shrine has records of the treasury road. That is where I would start.,1,d7ad3ae5bf221dbcc2bdd7c94c2eb39bb30eea3e22e02be98e8eeee11166e1d3,"Natural, unhurried and intelligible.",1,86c89e36bbe5efdfc879689851a98e38c30e417a20da15ade7d6055b480c1b21,,not_authored,core-candidates,False
en,en,lantern.first_help,lantern,TTS-English-en/core-candidates/lantern/lantern.first_help.txt,audio/voice/en/lantern.first_help.wav,The lower stone. Its hinge is hidden under the roots.,1,e4b1bbe3cee9be863bfd103292c7549b467f2c43ec439657ef1639d73c013407,Quiet urgency; genuinely useful.,1,042a2c5331c71137c4ef183fa77f156ab4c8856ced81d74902de7d64e1ae634b,,not_authored,core-candidates,False
en,en,lantern.first_identity,lantern,TTS-English-en/core-candidates/lantern/lantern.first_identity.txt,audio/voice/en/lantern.first_identity.wav,I was king here. My keepers sealed me away.,1,7fa2b54c41a1d626d8777a0f7ba982b85a07e0164a38ca59d0ccab245a9e96a6,Measured and tired; no villain colouring.,1,d4674e78229c9627065289c027796b71d3da92657c968f9a3ccccf03a3afa3e4,,not_authored,core-candidates,False
en,en,lantern.king_name,lantern,TTS-English-en/core-candidates/lantern/lantern.king_name.txt,audio/voice/en/lantern.king_name.wav,Veyr. If the name still means anything.,1,89557bf3672727970d8d7561b1ee8c67535daa6850560c3580f5066d9f0e821f,"Natural, unhurried and intelligible.",1,86c89e36bbe5efdfc879689851a98e38c30e417a20da15ade7d6055b480c1b21,,not_authored,core-candidates,False
en,en,lantern.first_request,lantern,TTS-English-en/core-candidates/lantern/lantern.first_request.txt,audio/voice/en/lantern.first_request.wav,"Three seals guard the treasury. Find them, and I can put an end to this.",1,e9c52b5fe1550012541dff3fcc79f28821ba57bc1e60875bbd05555b89f1c7e4,"Natural, unhurried and intelligible.",1,86c89e36bbe5efdfc879689851a98e38c30e417a20da15ade7d6055b480c1b21,,not_authored,core-candidates,False
en,en,shrine.recap_mechanism,lantern,TTS-English-en/core-candidates/lantern/shrine.recap_mechanism.txt,audio/voice/en/shrine.recap_mechanism.wav,Look below the roots. The lower stone opens.,1,8c8babdf437949776dadc6bd075a2eb01e58e02b6057a58b249e248aab69cd5c,"Natural, unhurried and intelligible.",1,86c89e36bbe5efdfc879689851a98e38c30e417a20da15ade7d6055b480c1b21,,not_authored,core-candidates,False
en,en,shrine.recap_register,lantern,TTS-English-en/core-candidates/lantern/shrine.recap_register.txt,audio/voice/en/shrine.recap_register.wav,Take the register back to Bellwether. It will help you find the seals.,1,d9c73da8f392f1f92382f5b224d5d2a99bc1f7e7880a61700b1572b7d28fa07a,"Natural, unhurried and intelligible.",1,86c89e36bbe5efdfc879689851a98e38c30e417a20da15ade7d6055b480c1b21,,not_authored,core-candidates,False
en,en,shrine.register,record_keeper,TTS-English-en/core-candidates/record_keeper/shrine.register.txt,audio/voice/en/shrine.register.wav,The Abbey. The royal Foundry. Then the Glass Court.,1,aba31f31caa408b89c126b4b95ad7d37256a0c995d536b6c734351d856453dcd,"Natural, unhurried and intelligible.",1,86c89e36bbe5efdfc879689851a98e38c30e417a20da15ade7d6055b480c1b21,,not_authored,core-candidates,False
en,en,hub.two_routes,record_keeper,TTS-English-en/core-candidates/record_keeper/hub.two_routes.txt,audio/voice/en/hub.two_routes.wav,We can trace the first two roads. The Court's route is still sealed.,1,ae57e46db8a3a5bc9fe94c24cd423b594ffcb6ff0c86c7b525a52f43b5d19cc0,"Natural, unhurried and intelligible.",1,86c89e36bbe5efdfc879689851a98e38c30e417a20da15ade7d6055b480c1b21,,not_authored,core-candidates,False
en,en,hub.routes_independent,record_keeper,TTS-English-en/core-candidates/record_keeper/hub.routes_independent.txt,audio/voice/en/hub.routes_independent.wav,"You can take either road first. The Abbey lies downstream. The Foundry is east, across the gorge.",1,8a99b5ae0983a239721a4e17b2996f3932764d0a478534573473b6619b52e00f,"Natural, unhurried and intelligible.",1,86c89e36bbe5efdfc879689851a98e38c30e417a20da15ade7d6055b480c1b21,,not_authored,core-candidates,False
en,en,abbey.vista,lantern,TTS-English-en/core-candidates/lantern/abbey.vista.txt,audio/voice/en/abbey.vista.wav,Those are the Abbey towers. The entrance is below them.,1,24ab5f8333b1a4bdc298b6f8ff0f53246ecbf01a8b590b2731792b0363c5db21,"Natural, unhurried and intelligible.",1,86c89e36bbe5efdfc879689851a98e38c30e417a20da15ade7d6055b480c1b21,,not_authored,core-candidates,False
en,en,abbey.threshold,lantern,TTS-English-en/core-candidates/lantern/abbey.threshold.txt,audio/voice/en/abbey.threshold.wav,The bells called the road caravans to shelter.,1,0cefe919c4f83ce102df0aeb67aa30697763a13dfdb5410442ad0617b844613f,"Natural, unhurried and intelligible.",1,86c89e36bbe5efdfc879689851a98e38c30e417a20da15ade7d6055b480c1b21,,not_authored,core-candidates,False
en,en,abbey.attendants,lantern,TTS-English-en/core-candidates/lantern/abbey.attendants.txt,audio/voice/en/abbey.attendants.wav,They still tend the altar. Give them room.,1,10c2c3d6af990913efff034e3856d1ecc3bed814d03a577a965d2190fece9e48,"Natural, unhurried and intelligible.",1,86c89e36bbe5efdfc879689851a98e38c30e417a20da15ade7d6055b480c1b21,,not_authored,core-candidates,False
en,en,abbey.reflector,lantern,TTS-English-en/core-candidates/lantern/abbey.reflector.txt,audio/voice/en/abbey.reflector.wav,That plate was made to turn light into the side chapel.,1,08c82dfb8cb88c07a8412e34092b5c705a7cddd328b2401efad60b8fcce1205a,"Natural, unhurried and intelligible.",1,86c89e36bbe5efdfc879689851a98e38c30e417a20da15ade7d6055b480c1b21,,not_authored,core-candidates,False
en,en,abbey.reflector_place,lantern,TTS-English-en/core-candidates/lantern/abbey.reflector_place.txt,audio/voice/en/abbey.reflector_place.wav,Set it where the lantern can reach it. Turn the plate towards the receiver.,1,a0bf001e132b79c08333868c98244b4a50ee2c810ff60001d51b6359e3af40ee,"Natural, unhurried and intelligible.",1,86c89e36bbe5efdfc879689851a98e38c30e417a20da15ade7d6055b480c1b21,,not_authored,core-candidates,False
en,en,abbey.reflector_feedback,lantern,TTS-English-en/core-candidates/lantern/abbey.reflector_feedback.txt,audio/voice/en/abbey.reflector_feedback.wav,Watch the receiver. You will see when the light reaches it.,1,f9bf0049b5a15646be2103cb1eec7a1d2aad02e38056e60c7be284f7e6ad3838,"Natural, unhurried and intelligible.",1,86c89e36bbe5efdfc879689851a98e38c30e417a20da15ade7d6055b480c1b21,,not_authored,core-candidates,False
en,en,abbey.reflector_hint,lantern,TTS-English-en/core-candidates/lantern/abbey.reflector_hint.txt,audio/voice/en/abbey.reflector_hint.wav,The shutter blocks it. Try the light from the other side.,1,62d900234aee0ea68d13bd2bfc251059d585cf6e177b241a75985167fb83b83b,"Natural, unhurried and intelligible.",1,86c89e36bbe5efdfc879689851a98e38c30e417a20da15ade7d6055b480c1b21,,not_authored,core-candidates,False
en,en,abbey.reflector_reset,lantern,TTS-English-en/core-candidates/lantern/abbey.reflector_reset.txt,audio/voice/en/abbey.reflector_reset.wav,Bring the plate back to the light. You can turn it again from there.,1,adeddedc68552410e9c36411da256f3b583a974109697525e881d0f81da1efd0,"Natural, unhurried and intelligible.",1,86c89e36bbe5efdfc879689851a98e38c30e417a20da15ade7d6055b480c1b21,,not_authored,core-candidates,False
en,en,abbey.claim_mark,lantern,TTS-English-en/core-candidates/lantern/abbey.claim_mark.txt,audio/voice/en/abbey.claim_mark.wav,That silver came from the river settlements. We called it tribute.,1,8d7c4503a50ceeab4c41a77e838752239035da57b7e54cb2995083daeead8cac,"Natural, unhurried and intelligible.",1,86c89e36bbe5efdfc879689851a98e38c30e417a20da15ade7d6055b480c1b21,,not_authored,core-candidates,False
en,en,abbey.admission,lantern,TTS-English-en/core-candidates/lantern/abbey.admission.txt,audio/voice/en/abbey.admission.wav,They did not give it willingly.,1,ddf69fb7aa2c3642c0d7a806f677e3a5ab172d0dd6679e53814fa812402045d4,"Natural, unhurried and intelligible.",1,86c89e36bbe5efdfc879689851a98e38c30e417a20da15ade7d6055b480c1b21,,not_authored,core-candidates,False
en,en,abbey.oath_connection,lantern,TTS-English-en/core-candidates/lantern/abbey.oath_connection.txt,audio/voice/en/abbey.oath_connection.wav,An army has to be paid. You have seen how long this one served.,1,56e846054f3baaa415ddbe0e2736d8b66919e41f19bb88d929b8590005aa9156,"Natural, unhurried and intelligible.",1,86c89e36bbe5efdfc879689851a98e38c30e417a20da15ade7d6055b480c1b21,,not_authored,core-candidates,False
en,en,abbey.bellkeeper_warning,bellkeeper,TTS-English-en/core-candidates/bellkeeper/abbey.bellkeeper_warning.txt,audio/voice/en/abbey.bellkeeper_warning.wav,The sanctuary is closed.,1,8493e07374f71c844c4151fcb0f66fab8e91b468efa9aa176b3740aa80d6eb1c,Ritual authority; little wasted breath.,1,fae8cb69bd3efe84f1621ed5c6197229cefebd1578485e6baf137cbf7b6f6723,,not_authored,core-candidates,False
en,en,abbey.boss_hint,lantern,TTS-English-en/core-candidates/lantern/abbey.boss_hint.txt,audio/voice/en/abbey.boss_hint.wav,Open the shutter. Let the reflected light reach him.,1,b3f2cb53d0d9af79a3fc4af0da4f64f8726a7194cea168f92dc873c809947ffe,"Natural, unhurried and intelligible.",1,86c89e36bbe5efdfc879689851a98e38c30e417a20da15ade7d6055b480c1b21,,not_authored,core-candidates,False
en,en,abbey.seal,lantern,TTS-English-en/core-candidates/lantern/abbey.seal.txt,audio/voice/en/abbey.seal.wav,The Abbey seal. Take it carefully.,1,89d7fd000f0fe600b055ada214660cd7ac70cd2c57471fd9f4bd115bb9154a3c,"Natural, unhurried and intelligible.",1,86c89e36bbe5efdfc879689851a98e38c30e417a20da15ade7d6055b480c1b21,,not_authored,core-candidates,False
en,en,abbey.release_question,lantern,TTS-English-en/core-candidates/lantern/abbey.release_question.txt,audio/voice/en/abbey.release_question.wav,Their service should have ended with their lives. The treasury holds the bond.,1,add1372350cae4e32ef92ae5b84c633d9c5a92164abe4e7cc19ec4c67704cf2c,"Natural, unhurried and intelligible.",1,86c89e36bbe5efdfc879689851a98e38c30e417a20da15ade7d6055b480c1b21,,not_authored,core-candidates,False
en,en,foundry.threshold,lantern,TTS-English-en/core-candidates/lantern/foundry.threshold.txt,audio/voice/en/foundry.threshold.wav,This floor cast the army's pay. The furnaces below made its weapons.,1,f95045abb44e31763239270df48f64237b5951ec0083fcba0909414755ab80b7,"Natural, unhurried and intelligible.",1,86c89e36bbe5efdfc879689851a98e38c30e417a20da15ade7d6055b480c1b21,,not_authored,core-candidates,False
en,en,foundry.workers,lantern,TTS-English-en/core-candidates/lantern/foundry.workers.txt,audio/voice/en/foundry.workers.wav,The shift never ended.,1,f28a1deba5aa90fa97b6ab8b18c19d9d72511550f7b8fd73d9936dd4e2f5df50,"Natural, unhurried and intelligible.",1,86c89e36bbe5efdfc879689851a98e38c30e417a20da15ade7d6055b480c1b21,,not_authored,core-candidates,False
en,en,foundry.stand,lantern,TTS-English-en/core-candidates/lantern/foundry.stand.txt,audio/voice/en/foundry.stand.wav,Set the lantern in the stand. The shutter will hold back its light.,1,40fc81a2600b6c7a3d84f9453bb409e9fa9b7153ebcebcd7f23106af43e3dff4,"Natural, unhurried and intelligible.",1,86c89e36bbe5efdfc879689851a98e38c30e417a20da15ade7d6055b480c1b21,,not_authored,core-candidates,False
en,en,foundry.stand_receiver,lantern,TTS-English-en/core-candidates/lantern/foundry.stand_receiver.txt,audio/voice/en/foundry.stand_receiver.wav,Open it towards the receiver. Leave the light there while you move.,1,e6fd7f9fad8c8173c637d591078f5efaee973b3aa7c3bf967513c6f47e7b02be,"Natural, unhurried and intelligible.",1,86c89e36bbe5efdfc879689851a98e38c30e417a20da15ade7d6055b480c1b21,,not_authored,core-candidates,False
en,en,foundry.stand_result,lantern,TTS-English-en/core-candidates/lantern/foundry.stand_result.txt,audio/voice/en/foundry.stand_result.wav,The mechanism stays open while the light reaches it.,1,c457380426a7bece8f2151f26c0eb6ceabc9c1d4c4a022752992daa226548bc5,"Natural, unhurried and intelligible.",1,86c89e36bbe5efdfc879689851a98e38c30e417a20da15ade7d6055b480c1b21,,not_authored,core-candidates,False
en,en,foundry.shadow_hint,lantern,TTS-English-en/core-candidates/lantern/foundry.shadow_hint.txt,audio/voice/en/foundry.shadow_hint.wav,That watcher follows the light. Close the shutter before you cross.,1,f3205b3aebf274e1da61a3288e56e1ee274a48e3f9ce7bc01dfee8330faab510,"Natural, unhurried and intelligible.",1,86c89e36bbe5efdfc879689851a98e38c30e417a20da15ade7d6055b480c1b21,,not_authored,core-candidates,False
en,en,foundry.stand_reset,lantern,TTS-English-en/core-candidates/lantern/foundry.stand_reset.txt,audio/voice/en/foundry.stand_reset.wav,Close the shutter. Take the lantern back and try the stand from here.,1,7118ced5ec473f6f2467e15441ccd2b203a6ce8a1fabe37e6c63fc3f42550332,"Natural, unhurried and intelligible.",1,86c89e36bbe5efdfc879689851a98e38c30e417a20da15ade7d6055b480c1b21,,not_authored,core-candidates,False
en,en,foundry.bond_record,lantern,TTS-English-en/core-candidates/lantern/foundry.bond_record.txt,audio/voice/en/foundry.bond_record.wav,Service until the last campaign is ended. That was the oath.,1,0b3f6da0abe17f8f2256e4524bb6be42b8e76ad0816da8749232c86a8db894f3,"Natural, unhurried and intelligible.",1,86c89e36bbe5efdfc879689851a98e38c30e417a20da15ade7d6055b480c1b21,,not_authored,core-candidates,False
en,en,foundry.blame,lantern,TTS-English-en/core-candidates/lantern/foundry.blame.txt,audio/voice/en/foundry.blame.wav,My keepers kept the bond alive. Every soldier is still paying for it.,1,f356e149e9b41722ceddbe60e5fc2a643558304cc2ec2505f4ae2c6d96261f0c,"Natural, unhurried and intelligible.",1,86c89e36bbe5efdfc879689851a98e38c30e417a20da15ade7d6055b480c1b21,,not_authored,core-candidates,False
en,en,foundry.plunder_connection,lantern,TTS-English-en/core-candidates/lantern/foundry.plunder_connection.txt,audio/voice/en/foundry.plunder_connection.wav,The silver was brought home. The men never were.,1,bd2b38633a86e73d1d2092361ca7f8c5c754822dbfa6a6ed75023caa00ee9df9,"Natural, unhurried and intelligible.",1,86c89e36bbe5efdfc879689851a98e38c30e417a20da15ade7d6055b480c1b21,,not_authored,core-candidates,False
en,en,foundry.mintmaster_warning,master_of_coin,TTS-English-en/core-candidates/master_of_coin/foundry.mintmaster_warning.txt,audio/voice/en/foundry.mintmaster_warning.wav,No one leaves with the Crown's property.,1,11071b525d9cf02bee37777d3839dca79344e5daf938e8e708c87d802e777819,"Precise, brittle authority.",1,1b40d7cafb7e1c7b42fe856efd39423605d641ef4c91780c92e5c30dbdd96dab,,not_authored,core-candidates,False
en,en,foundry.boss_stand_hint,lantern,TTS-English-en/core-candidates/lantern/foundry.boss_stand_hint.txt,audio/voice/en/foundry.boss_stand_hint.wav,Leave the light on the mechanism. Move round to the open shell.,1,b5fa554564893b97ccde2d8c47d2a51e773b691a073bc49890baaba95b319d3e,"Natural, unhurried and intelligible.",1,86c89e36bbe5efdfc879689851a98e38c30e417a20da15ade7d6055b480c1b21,,not_authored,core-candidates,False
en,en,foundry.seal,lantern,TTS-English-en/core-candidates/lantern/foundry.seal.txt,audio/voice/en/foundry.seal.wav,Take the seal. We have kept them waiting long enough.,1,88a3c2b44c66df9b542ce92862e69699673392457c1c05514e2ac39e8d02b0c7,"Natural, unhurried and intelligible.",1,86c89e36bbe5efdfc879689851a98e38c30e417a20da15ade7d6055b480c1b21,,not_authored,core-candidates,False
en,en,foundry.record_review,record_keeper,TTS-English-en/core-candidates/record_keeper/foundry.record_review.txt,audio/voice/en/foundry.record_review.wav,"The names continue after the dates of death. These were people, not an endless supply.",1,6d8838ab5da28cd24ab77bac9e8c88719fbe04bbefa245440d4afaa06e215a9a,"Natural, unhurried and intelligible.",1,86c89e36bbe5efdfc879689851a98e38c30e417a20da15ade7d6055b480c1b21,,not_authored,core-candidates,False
en,en,return.one_seal,record_keeper,TTS-English-en/core-candidates/record_keeper/return.one_seal.txt,audio/voice/en/return.one_seal.wav,One seal. The other road may tell us what this opens.,1,eb79b0431c6920de6ed0e66fe951b5f5fd6b0b5bce27f23654f673c8e114a4b5,"Natural, unhurried and intelligible.",1,86c89e36bbe5efdfc879689851a98e38c30e417a20da15ade7d6055b480c1b21,,not_authored,core-candidates,False
en,en,return.foundry_remaining,record_keeper,TTS-English-en/core-candidates/record_keeper/return.foundry_remaining.txt,audio/voice/en/return.foundry_remaining.wav,The Foundry still holds its seal. You'll need a way across the broken bridge.,1,84390a6bcf452bff07320a7c3337e6bce278f6ea6e47057a260fb8ed16dc3c21,"Natural, unhurried and intelligible.",1,86c89e36bbe5efdfc879689851a98e38c30e417a20da15ade7d6055b480c1b21,,not_authored,core-candidates,False
en,en,return.one_seal_foundry,record_keeper,TTS-English-en/core-candidates/record_keeper/return.one_seal_foundry.txt,audio/voice/en/return.one_seal_foundry.wav,One seal. The other road may tell us what this opens.,1,eb79b0431c6920de6ed0e66fe951b5f5fd6b0b5bce27f23654f673c8e114a4b5,"Natural, unhurried and intelligible.",1,86c89e36bbe5efdfc879689851a98e38c30e417a20da15ade7d6055b480c1b21,,not_authored,core-candidates,False
en,en,return.abbey_remaining,record_keeper,TTS-English-en/core-candidates/record_keeper/return.abbey_remaining.txt,audio/voice/en/return.abbey_remaining.wav,The Abbey still holds its seal. Prepare for the submerged approach.,1,a4d6f89a82dbc5cda855aacc9b553f2fd459ce48ddc9303b4f6a1ba959a86474,"Natural, unhurried and intelligible.",1,86c89e36bbe5efdfc879689851a98e38c30e417a20da15ade7d6055b480c1b21,,not_authored,core-candidates,False
en,en,return.two_seals,record_keeper,TTS-English-en/core-candidates/record_keeper/return.two_seals.txt,audio/voice/en/return.two_seals.wav,Both seals fit the route mark. We can find the Glass Court now.,1,e920cd4471bdd9630829b4b22f984ff8d51b95e23f3c3c390a03b6fc1c524d73,"Natural, unhurried and intelligible.",1,86c89e36bbe5efdfc879689851a98e38c30e417a20da15ade7d6055b480c1b21,,not_authored,core-candidates,False
en,en,return.voice_reply,lantern,TTS-English-en/core-candidates/lantern/return.voice_reply.txt,audio/voice/en/return.voice_reply.wav,I remember what was done here. I would rather you saw it than took my word.,1,68d59a2638f769d3942bf918f1d9cb1100de43c7025368c0024432890014e885,"Natural, unhurried and intelligible.",1,86c89e36bbe5efdfc879689851a98e38c30e417a20da15ade7d6055b480c1b21,,not_authored,core-candidates,False
en,en,court.missing_abbey,lantern,TTS-English-en/core-candidates/lantern/court.missing_abbey.txt,audio/voice/en/court.missing_abbey.wav,The Abbey seal is still missing. This gate needs both.,1,7bbb81bdec1c91418b75e78a3bdd491bc91c001b13f4baa1777a00f86133b1e5,"Natural, unhurried and intelligible.",1,86c89e36bbe5efdfc879689851a98e38c30e417a20da15ade7d6055b480c1b21,,not_authored,core-candidates,False
en,en,court.missing_foundry,lantern,TTS-English-en/core-candidates/lantern/court.missing_foundry.txt,audio/voice/en/court.missing_foundry.wav,You still need the Foundry seal. One will not open this gate.,1,830e8bf8246645d67add6ac337d7aef3e1ed9a38e11e5efefc39b09fa11bca32,"Natural, unhurried and intelligible.",1,86c89e36bbe5efdfc879689851a98e38c30e417a20da15ade7d6055b480c1b21,,not_authored,core-candidates,False
en,en,court.missing_both,lantern,TTS-English-en/core-candidates/lantern/court.missing_both.txt,audio/voice/en/court.missing_both.wav,The Abbey and the Foundry. Bring both seals here.,1,e1ede0d8c8ef175681c9362cc000dc91ecf720b74305c0fb3504698c53e3d64c,"Natural, unhurried and intelligible.",1,86c89e36bbe5efdfc879689851a98e38c30e417a20da15ade7d6055b480c1b21,,not_authored,core-candidates,False
en,en,court.access_options,record_keeper,TTS-English-en/core-candidates/record_keeper/court.access_options.txt,audio/voice/en/court.access_options.wav,"We can prepare a ward, ask for climbing gear, or practise the ascent. Take the way you can manage.",1,14fe4454e4e29026aac4b1d6ec039b01fe67db80ab662b013f230abeba38a84d,"Natural, unhurried and intelligible.",1,86c89e36bbe5efdfc879689851a98e38c30e417a20da15ade7d6055b480c1b21,,not_authored,core-candidates,False
en,en,court.access_seals,record_keeper,TTS-English-en/core-candidates/record_keeper/court.access_seals.txt,audio/voice/en/court.access_seals.wav,"Whichever way you climb, take both seals. The gate will still be shut.",1,72edda0e192f8b32c79b380650498fcfc4e99f0929a3c98168ada57a04636823,"Natural, unhurried and intelligible.",1,86c89e36bbe5efdfc879689851a98e38c30e417a20da15ade7d6055b480c1b21,,not_authored,core-candidates,False
en,en,court.aperture_lesson,lantern,TTS-English-en/core-candidates/lantern/court.aperture_lesson.txt,audio/voice/en/court.aperture_lesson.wav,Fit the aperture. Narrow the light until it reaches only that receiver.,1,a7df4699fe321fe0211175f7d2f17d1d34b179a393b164ffde1982bc146b5ef2,"Natural, unhurried and intelligible.",1,86c89e36bbe5efdfc879689851a98e38c30e417a20da15ade7d6055b480c1b21,,not_authored,core-candidates,False
en,en,court.aperture_observe,lantern,TTS-English-en/core-candidates/lantern/court.aperture_observe.txt,audio/voice/en/court.aperture_observe.wav,Watch what changes when you move the beam away.,1,6403920017c7bfa63e76a0151365cc167a0bcdc3bdd02b5a56c57136376afc1b,"Natural, unhurried and intelligible.",1,86c89e36bbe5efdfc879689851a98e38c30e417a20da15ade7d6055b480c1b21,,not_authored,core-candidates,False
en,en,court.aperture_hint,lantern,TTS-English-en/core-candidates/lantern/court.aperture_hint.txt,audio/voice/en/court.aperture_hint.wav,The broad light reaches both. Narrow it before you turn towards the next receiver.,1,0d0571cabbd1a8c50757cee6f085d20e9db981b7695c5bca0f60803fab1ebba7,"Natural, unhurried and intelligible.",1,86c89e36bbe5efdfc879689851a98e38c30e417a20da15ade7d6055b480c1b21,,not_authored,core-candidates,False
en,en,court.garden,lantern,TTS-English-en/core-candidates/lantern/court.garden.txt,audio/voice/en/court.garden.wav,I used to walk here after the snow.,1,a20a17dbd6ac7faee2cdbc0e047726eb54a653e32cf6c8bffde701f4b23d8950,Rehearsed softness; no early sneer.,1,03107d351b1946851691100de4a2118a20d70d96cb81b5e8c4d9b0ece6cc37c4,,not_authored,core-candidates,False
en,en,court.recognition,court_keeper,TTS-English-en/core-candidates/court_keeper/court.recognition.txt,audio/voice/en/court.recognition.wav,Put that lantern down. Keep its shutter closed.,1,271e19bed3e2f3c0f6e15bbb8da02d6b758153db5defa60ae71aaa5c7ef22790,"Natural, unhurried and intelligible.",1,86c89e36bbe5efdfc879689851a98e38c30e417a20da15ade7d6055b480c1b21,,not_authored,core-candidates,False
en,en,court.voice_accuses,lantern,TTS-English-en/core-candidates/lantern/court.voice_accuses.txt,audio/voice/en/court.voice_accuses.wav,Another keeper. You know what their mercy looks like.,1,c88a807442f59fd52cba2479a9e4a1b248ab021ad054f58320c78b0c1c4f827c,"Natural, unhurried and intelligible.",1,86c89e36bbe5efdfc879689851a98e38c30e417a20da15ade7d6055b480c1b21,,not_authored,core-candidates,False
en,en,court.boss_aperture_hint,lantern,TTS-English-en/core-candidates/lantern/court.boss_aperture_hint.txt,audio/voice/en/court.boss_aperture_hint.wav,Narrow the beam. Hold it on the ward until the protection breaks.,1,b8d052bc4f93bd1c207bd0b6be06b54a47af8b30e56ab1e54f625a1e24469e87,"Natural, unhurried and intelligible.",1,86c89e36bbe5efdfc879689851a98e38c30e417a20da15ade7d6055b480c1b21,,not_authored,core-candidates,False
en,en,court.king_proof,court_keeper,TTS-English-en/decision-blocked/court_keeper/court.king_proof.txt,audio/voice/en/court.king_proof.wav,Read the king's order. His seal is beside ours. He ordered the prison made.,1,602f6dc84316794ed38dd2e7abeb3a7096753d3d4194c054365d7151b66d216c,"Natural, unhurried and intelligible.",1,86c89e36bbe5efdfc879689851a98e38c30e417a20da15ade7d6055b480c1b21,,not_authored,decision-blocked,False
en,en,court.true_bargain,court_keeper,TTS-English-en/decision-blocked/court_keeper/court.true_bargain.txt,audio/voice/en/court.true_bargain.wav,He bargained for victory. It gave him an army that could not stop serving.,1,01d0e7e60e66dc780b20802cc501f4e950fd6cd5a12f9e867ae44bb35c091393,"Natural, unhurried and intelligible.",1,86c89e36bbe5efdfc879689851a98e38c30e417a20da15ade7d6055b480c1b21,,not_authored,decision-blocked,False
en,en,court.fourth_keeper,court_keeper,TTS-English-en/decision-blocked/court_keeper/court.fourth_keeper.txt,audio/voice/en/court.fourth_keeper.wav,There were four of us. The one beneath the tomb kept watch over what you carry.,1,7cae13fb74bf008a16241ecd4b542f8aa7c70e98bdfc60b3b7120c2ab7d882ff,"Natural, unhurried and intelligible.",1,86c89e36bbe5efdfc879689851a98e38c30e417a20da15ade7d6055b480c1b21,,not_authored,decision-blocked,False
en,en,court.custody,court_keeper,TTS-English-en/decision-blocked/court_keeper/court.custody.txt,audio/voice/en/court.custody.wav,We held it. We could not release the soldiers without opening the bond.,1,e999ba646f8bc6065b2286be999d6702f43379c44762501ad4104002ce847592,"Natural, unhurried and intelligible.",1,86c89e36bbe5efdfc879689851a98e38c30e417a20da15ade7d6055b480c1b21,,not_authored,decision-blocked,False
en,en,court.memory_evidence,court_keeper,TTS-English-en/decision-blocked/court_keeper/court.memory_evidence.txt,audio/voice/en/court.memory_evidence.wav,That garden was planted after the king died.,1,6e2f9eb4a745e9fac7d031d626d8302101217cfb244c3ecff902d2977e8bca2b,"Natural, unhurried and intelligible.",1,86c89e36bbe5efdfc879689851a98e38c30e417a20da15ade7d6055b480c1b21,,not_authored,decision-blocked,False
en,en,court.recap_king,record_keeper,TTS-English-en/core-candidates/record_keeper/court.recap_king.txt,audio/voice/en/court.recap_king.wav,The king ordered the prison made. That seal is his.,1,45fc659428993acdaa908d1ed793ff6b836d6b039449f5694143c11db86dc846,"Natural, unhurried and intelligible.",1,86c89e36bbe5efdfc879689851a98e38c30e417a20da15ade7d6055b480c1b21,,not_authored,core-candidates,False
en,en,court.recap_identity,record_keeper,TTS-English-en/core-candidates/record_keeper/court.recap_identity.txt,audio/voice/en/court.recap_identity.wav,The voice is the one he bargained with. It was never the king.,1,e84dce7b296ffee6a269b10b13fe0f5a6fcb05a2401ee03bb33f9569b2afec93,"Natural, unhurried and intelligible.",1,86c89e36bbe5efdfc879689851a98e38c30e417a20da15ade7d6055b480c1b21,,not_authored,core-candidates,False
en,en,court.recap_bond,record_keeper,TTS-English-en/core-candidates/record_keeper/court.recap_bond.txt,audio/voice/en/court.recap_bond.wav,"The soldiers and the thing in the lantern are held by the same bond. Open it, and both go free.",1,38f11c75c8a748ab6c3d24c8703048478cf84f93a513d5bf4cf5bd910dba30c7,"Natural, unhurried and intelligible.",1,86c89e36bbe5efdfc879689851a98e38c30e417a20da15ade7d6055b480c1b21,,not_authored,core-candidates,False
en,en,court.final_seal,court_keeper,TTS-English-en/decision-blocked/court_keeper/court.final_seal.txt,audio/voice/en/court.final_seal.wav,The last seal leads to the treasury. You have seen what it keeps.,1,fb591f54ea2bf1f20f9d74b480a80ba85480e5bf27850c4c845739c525fc118d,"Natural, unhurried and intelligible.",1,86c89e36bbe5efdfc879689851a98e38c30e417a20da15ade7d6055b480c1b21,,not_authored,decision-blocked,False
en,en,court.ritual_truth,lantern,TTS-English-en/core-candidates/lantern/court.ritual_truth.txt,audio/voice/en/court.ritual_truth.wav,Open the bond and the soldiers go free. So do I.,1,2b6c20b78c69a480cdcd46b81f10977e351bcfda4f0826353280a29aa39892da,"Natural, unhurried and intelligible.",1,86c89e36bbe5efdfc879689851a98e38c30e417a20da15ade7d6055b480c1b21,,not_authored,core-candidates,False
en,en,court.preparation,record_keeper,TTS-English-en/core-candidates/record_keeper/court.preparation.txt,audio/voice/en/court.preparation.wav,Bring what you've learned. The wards and shutters were built to hold its light.,1,1a0da5a295ad6ff0b523fa4f7e01356c153e6150fedfbe7961150194955fe334,"Natural, unhurried and intelligible.",1,86c89e36bbe5efdfc879689851a98e38c30e417a20da15ade7d6055b480c1b21,,not_authored,core-candidates,False
en,en,court.preparation_tools,record_keeper,TTS-English-en/core-candidates/record_keeper/court.preparation_tools.txt,audio/voice/en/court.preparation_tools.wav,"The reflector, the stand, the aperture. Practise with them before you leave.",1,4d9eac3a89488a7f4bad48bbb3326fea641a1b435e09852fd597247386077f2b,"Natural, unhurried and intelligible.",1,86c89e36bbe5efdfc879689851a98e38c30e417a20da15ade7d6055b480c1b21,,not_authored,core-candidates,False
en,en,treasury.voice_promise,lantern,TTS-English-en/core-candidates/lantern/treasury.voice_promise.txt,audio/voice/en/treasury.voice_promise.wav,Every banner brought something home. I kept it all.,1,823c9b803d28b334f4ed3cf116332d3e903fa0e9df99450d3b831634a2e7c4f7,"Possessive warmth, disguise fraying.",1,4f6051c2e780e31e2ec8472e0deff4eebf26538f4b4eeb43d9eb215158eb9062,,not_authored,core-candidates,False
en,en,treasury.bound_dead,lantern,TTS-English-en/core-candidates/lantern/treasury.bound_dead.txt,audio/voice/en/treasury.bound_dead.wav,Break the bond. Their watch ends here.,1,d1221354e6c298a33b8c4dd444927028981f37ec0cd16461dab4e7352e6ee614,"Natural, unhurried and intelligible.",1,86c89e36bbe5efdfc879689851a98e38c30e417a20da15ade7d6055b480c1b21,,not_authored,core-candidates,False
en,en,treasury.risk_recap,lantern,TTS-English-en/core-candidates/lantern/treasury.risk_recap.txt,audio/voice/en/treasury.risk_recap.wav,The bond holds them here. It holds me too. There is no separate lock.,1,f6b07b784a89759121a67516e7361599ad8d3d2fb6563bae1de0536dc7429d6e,"Natural, unhurried and intelligible.",1,86c89e36bbe5efdfc879689851a98e38c30e417a20da15ade7d6055b480c1b21,,not_authored,core-candidates,False
en,en,treasury.release,lantern,TTS-English-en/optional-final-boss/lantern/treasury.release.txt,audio/voice/en/treasury.release.wav,At last.,1,41e7e213cacb4efde23024184c5a78e30573ac2dd27db3bfc8358fe7f039eb1d,First unguarded pleasure.,1,6564b6f7127b38403647428e7b7a8269072ab4aec7156a62b55f73033dae5509,,not_authored,optional-final-boss,False
en,en,treasury.entity_claim,lantern,TTS-English-en/optional-final-boss/lantern/treasury.entity_claim.txt,audio/voice/en/treasury.entity_claim.wav,I gave them victory. Their king promised me everything that followed.,1,e13a088f5258ac7d5e9dbd7c7159a92ee084132434d1ddea648fb020e2d4f30d,"Natural, unhurried and intelligible.",1,86c89e36bbe5efdfc879689851a98e38c30e417a20da15ade7d6055b480c1b21,,not_authored,optional-final-boss,False
en,en,treasury.entity_demand,lantern,TTS-English-en/optional-final-boss/lantern/treasury.entity_demand.txt,audio/voice/en/treasury.entity_demand.wav,Put down the light. You have carried it far enough.,1,8298f3f82f8f861856158aafa05a591afb611834333e96b8c1754ba02e778288,"Natural, unhurried and intelligible.",1,86c89e36bbe5efdfc879689851a98e38c30e417a20da15ade7d6055b480c1b21,,not_authored,optional-final-boss,False
en,en,finale.entity_pressure,lantern,TTS-English-en/optional-final-boss/lantern/finale.entity_pressure.txt,audio/voice/en/finale.entity_pressure.wav,You would leave this here?,1,b98ad03b771b98ef035ac0c2a8f40018eb01159d78f44e2acc14c3797091eddc,"Natural, unhurried and intelligible.",1,86c89e36bbe5efdfc879689851a98e38c30e417a20da15ade7d6055b480c1b21,,not_authored,optional-final-boss,False
en,en,bark.entity.command,lantern,TTS-English-en/optional-final-boss/lantern/bark.entity.command.txt,audio/voice/en/bark.entity.command.wav,Kneel.,1,8fa1e0d828947a73353eb47c32c9213c68ea7310211c06add1ed259316be5847,"Natural, unhurried and intelligible.",1,86c89e36bbe5efdfc879689851a98e38c30e417a20da15ade7d6055b480c1b21,,not_authored,optional-final-boss,False
en,en,finale.entity_light,lantern,TTS-English-en/optional-final-boss/lantern/finale.entity_light.txt,audio/voice/en/finale.entity_light.wav,Close that shutter!,1,9508d9109ca2510548060605e9f9a3cc5a798ebc6fe65156ea559d81d77758f9,"Natural, unhurried and intelligible.",1,86c89e36bbe5efdfc879689851a98e38c30e417a20da15ade7d6055b480c1b21,,not_authored,optional-final-boss,False
en,en,finale.entity_last,lantern,TTS-English-en/optional-final-boss/lantern/finale.entity_last.txt,audio/voice/en/finale.entity_last.wav,It was promised to me.,1,07662b3290672a415dc7657a3c04fc1374a26d5edd130f7b29f54f1aa263ea5e,"Natural, unhurried and intelligible.",1,86c89e36bbe5efdfc879689851a98e38c30e417a20da15ade7d6055b480c1b21,,not_authored,optional-final-boss,False
en,en,epilogue.welcome,tavern_keeper,TTS-English-en/core-candidates/tavern_keeper/epilogue.welcome.txt,audio/voice/en/epilogue.welcome.wav,You're back. Sit down. I'll find something hot.,1,bec54a9f5e2a1b8920c04dd9cf94abe59b884e87893bc2a66bf28e13e8c11a86,"Natural, unhurried and intelligible.",1,86c89e36bbe5efdfc879689851a98e38c30e417a20da15ade7d6055b480c1b21,,not_authored,core-candidates,False
en,en,epilogue.record,record_keeper,TTS-English-en/core-candidates/record_keeper/epilogue.record.txt,audio/voice/en/epilogue.record.wav,We'll write their names as people. Their service is over.,1,f5a7e78ce99d225148769b5b2eeca052d4826c4397886f8599b4577b2f7a5062,"Natural, unhurried and intelligible.",1,86c89e36bbe5efdfc879689851a98e38c30e417a20da15ade7d6055b480c1b21,,not_authored,core-candidates,False
en,en,bark.lantern.air,lantern,TTS-English-en/core-candidates/lantern/bark.lantern.air.txt,audio/voice/en/bark.lantern.air.wav,Air above you.,1,9a866f8d7ba14d4a1376d65129cf78078d94ccec2706f6b3a168a6f78073d2a7,"Natural, unhurried and intelligible.",1,86c89e36bbe5efdfc879689851a98e38c30e417a20da15ade7d6055b480c1b21,,not_authored,core-candidates,False
en,en,bark.lantern.smoke,lantern,TTS-English-en/core-candidates/lantern/bark.lantern.smoke.txt,audio/voice/en/bark.lantern.smoke.wav,Clear air through that arch.,1,70387d614206026cf03ed7b235a65ee86cdcf9e55ecb9fd38991f20a4b4a3648,"Natural, unhurried and intelligible.",1,86c89e36bbe5efdfc879689851a98e38c30e417a20da15ade7d6055b480c1b21,,not_authored,core-candidates,False
en,en,prologue.keeper_warning,fourth_keeper,TTS-English-en/decision-blocked/fourth_keeper/prologue.keeper_warning.txt,audio/voice/en/prologue.keeper_warning.wav,Leave this chamber. My watch is not ended.,1,2cb84b3289988f1956b3b670b60fcf4003fab79f00b72cba08ed3f9a22902e0c,"Natural, unhurried and intelligible.",1,86c89e36bbe5efdfc879689851a98e38c30e417a20da15ade7d6055b480c1b21,,not_authored,decision-blocked,False
en,en,prologue.keeper_last,fourth_keeper,TTS-English-en/decision-blocked/fourth_keeper/prologue.keeper_last.txt,audio/voice/en/prologue.keeper_last.wav,I cannot... leave my post.,1,8a3a46ca4f0347f3da5d21b824600cb1185ddfdc25b9aa39c162cafc6b63267f,"Natural, unhurried and intelligible.",1,86c89e36bbe5efdfc879689851a98e38c30e417a20da15ade7d6055b480c1b21,,not_authored,decision-blocked,False
en,en,kit.approach_injury.stop,kit,TTS-English-en/decision-blocked/kit/kit.approach_injury.stop.txt,audio/voice/en/kit.approach_injury.stop.wav,Ah. Wait a moment.,1,f0996277c3e23de6091447c801a4902d2ab39e2b2e86e09aca1004103861018e,"A short involuntary catch, then controlled.",1,32c807071917446584c0d5f3c66371af9b561f09a045eedc5c52c2c9bde9f571,,not_authored,decision-blocked,False
en,en,kit.approach_injury.ankle,kit,TTS-English-en/decision-blocked/kit/kit.approach_injury.ankle.txt,audio/voice/en/kit.approach_injury.ankle.wav,"Loose ground. Turned my ankle. I can stand, but give me a moment.",1,9bdcd03a527356e9bd78ec4a4608d98688cac3ed2b07e57fc0f1b35de38e3c3c,Testing carefully; no brave joke.,1,eea3298f3898126dff22cf3ee388625a6a0c80df6a4b3157b14e1fbd41ec70db,,not_authored,decision-blocked,False
en,en,kit.approach_injury.arm,kit,TTS-English-en/decision-blocked/kit/kit.approach_injury.arm.txt,audio/voice/en/kit.approach_injury.arm.wav,Lend me your arm for this bit. We’ll take it slowly.,1,77baf4269d73869c867516311d2c7011dcae599288895e0fd3de7185a58340e4,Plain request; lets the player move.,1,dbe116dff22664a05c4b7baec8cef530ef8ad2b2cd3955fd4ade87eb234adf92,,not_authored,decision-blocked,False
en,en,kit.accept_base.sit,kit,TTS-English-en/core-candidates/kit/kit.accept_base.sit.txt,audio/voice/en/kit.accept_base.sit.wav,Right. I’m sitting down before I make this worse.,1,ea19cfda5f96c3c3832bf947d8ba312bd8a74aae93bebc515a27a6d6ef6b8ade,"Annoyed at the injury, not the player.",1,195a4521625acc0a1d31376c6a4f764cccb48fe7248fb1b0d8291fe1d66ad23a,,not_authored,core-candidates,False
en,en,kit.accept_base.limit,kit,TTS-English-en/core-candidates/kit/kit.accept_base.limit.txt,audio/voice/en/kit.accept_base.limit.wav,I won’t get far along those roads like this. You’ll have to go without me.,1,13301be2231cef265fa0c75757877a1b75a8f84cd76f05c2dcf168bca85182da,Honest appraisal; no self-pity.,1,e01ec09c5996b862a96994a6249c8a250b205a0a31c6537ba3b3dfcdc0193ce6,,not_authored,core-candidates,False
en,en,kit.accept_base.work,kit,TTS-English-en/core-candidates/kit/kit.accept_base.work.txt,audio/voice/en/kit.accept_base.work.wav,Bring what you find back here. I can still make myself useful.,1,fc21e358a9b8adab33eaaa94d5084a382a3d155f3cc9bd979cc53855f527dfa0,Already clearing a space on the table.,1,4a8489b9c990ae7d0fe1d1922e0fbdbd4ee7236f6573b6cfdb24088b501e7ce2,,not_authored,core-candidates,False
en,en,hub.kit_introduce,kit,TTS-English-en/core-candidates/kit/hub.kit_introduce.txt,audio/voice/en/hub.kit_introduce.wav,The tomb was there. So was something worth the climb.,1,53af6383dc1d43a0832e44f8513f014abf0a4c3e5b298933538ae346b0684e11,Modest pride; gestures towards the player’s find.,1,7e079885287016ab789efea74e9a352fee6768d737c3516d47f43a827ccffa7e,,not_authored,core-candidates,False
en,en,kit.arrival_introduction.table,kit,TTS-English-en/core-candidates/kit/kit.arrival_introduction.table.txt,audio/voice/en/kit.arrival_introduction.table.wav,"There’s room on the table, if you want to show them.",1,aba357b9b31251dd4e2e535ed57586b1523e212dfd0acc7ad9317a7431771045,Invitation to a voluntary item presentation.,1,8e48a6320b459bfa30a67d752d152834912c2eeaef819b01227e91f39134fa2e,,not_authored,core-candidates,False
en,en,hub.hoard_answer,kit,TTS-English-en/core-candidates/kit/hub.hoard_answer.txt,audio/voice/en/hub.hoard_answer.wav,Armies need paying. I'm hoping we're both right.,1,9861f4ef942e70c21894f218e3ba6b1be3eab21b59c53c48480ab38d32dbd8fd,Lightly defensive; treasure still matters.,1,e4a42547d86718cf091cceb40f801badfceb9655dce1514f454072f2e3824700,,not_authored,core-candidates,False
en,en,hub.kit_stake,kit,TTS-English-en/core-candidates/kit/hub.kit_stake.txt,audio/voice/en/hub.kit_stake.wav,I'd like a roof that doesn't fall in. Treasure still seems a fair way to get one.,1,fbec86b7cbd6c8641af0e8b18759ba2c7336fd3809ab68b1dc38f3a7fdac1b25,Candid; the want is real.,1,470931191c624b3dd834e9a39002e9d8e25aecde641158b499507295071da4bf,,not_authored,core-candidates,False
en,en,kit.personal_stake.key,kit,TTS-English-en/core-candidates/kit/kit.personal_stake.key.txt,audio/voice/en/kit.personal_stake.key.wav,A door with my own key. I’ve had worse reasons for going digging.,1,1e0a824a1d8b7d3d847eeba88458174af8e599e82cdb3f1e89c33a6ad9381af5,"A small private smile, then let it rest.",1,c068e76f683784db6e68f9c9a8d7993c60341ff2898510a96bb741464d859f51,,not_authored,core-candidates,False
en,en,kit.shrine_departure.leave,kit,TTS-English-en/core-candidates/kit/kit.shrine_departure.leave.txt,audio/voice/en/kit.shrine_departure.leave.wav,"Off to the shrine, then. Leave a space in your bag for the register.",1,1530c63595f8cc1258fff2834441e7ba5fc64f5df06a2c4aa94092ff468aa673,Practical familiarity.,1,b5e7deadac58033d815c5da5354519d7e772ee2cbd32cc5378b2365fdc9340b0,,not_authored,core-candidates,False
en,en,kit.shrine_departure.return,kit,TTS-English-en/core-candidates/kit/kit.shrine_departure.return.txt,audio/voice/en/kit.shrine_departure.return.wav,And come back even if there’s nothing in it. I’d rather hear that than keep wondering.,1,18b49925d112df2d93b1549db85c4c60c4a742097f647c926a64eca2cab4b32c,Concern stated without a speech.,1,353cc4692569cdf9dcb755808a43a0134bcc49f88c2102326f702b7c844cbdf9,,not_authored,core-candidates,False
en,en,kit.shrine_empty_return.welcome,kit,TTS-English-en/core-candidates/kit/kit.shrine_empty_return.welcome.txt,audio/voice/en/kit.shrine_empty_return.welcome.wav,You’re back. Come and sit for a bit.,1,fc63b8db4b4b3d14f72bfa91fd41e6e3963b3d5657dc74bb4c80d9b10ac3ebf6,Relief first.,1,1c6fbb810824da4e80d777643e11592a2db1735c970247a42942236286e60f50,,not_authored,core-candidates,False
en,en,kit.shrine_empty_return.blank,kit,TTS-English-en/core-candidates/kit/kit.shrine_empty_return.blank.txt,audio/voice/en/kit.shrine_empty_return.blank.wav,"Still a blank on the route, then. We can have another look at what you brought from the tomb.",1,057afdc15c9101fdffc604da24ca462cf152382bcbd6b1e2a3e5cf379c479ccc,Looks at the presented route evidence; no rebuke.,1,af486042790d8ae6ae997ca3c27df1862f0ab58b2afb4d53b7cfd2273c7a494d,,not_authored,core-candidates,False
en,en,kit.shrine_register_return.found,kit,TTS-English-en/core-candidates/kit/kit.shrine_register_return.found.txt,audio/voice/en/kit.shrine_register_return.found.wav,You found it. Let’s have a look.,1,61c6703ef878b930e68cbdfceccc65c76efcaacd007209ed6538834617f15c41,Leans towards the offered register.,1,ea70ecf00f2ffeb2d2507db452a3fd9c36f2a0d430ef7fd597dec5f606b704f7,,not_authored,core-candidates,False
en,en,kit.shrine_register_return.routes,kit,TTS-English-en/core-candidates/kit/kit.shrine_register_return.routes.txt,audio/voice/en/kit.shrine_register_return.routes.wav,Abbey. Foundry. Glass Court. More road than I’d hoped for.,1,537ffecb6f5f574392b21c85054483fd52a53a7c248d2e5e9ed97d5522ac1336,Reading the visible names.,1,446ade3f5181d510ef3573d10572fc537f2b518d6a55896ec101e14b116e00bb,,not_authored,core-candidates,False
en,en,kit.shrine_register_return.work,kit,TTS-English-en/core-candidates/kit/kit.shrine_register_return.work.txt,audio/voice/en/kit.shrine_register_return.work.wav,Leave it open there. I can work through the marks while you’re seeing to your gear.,1,09e8bba253af7b0c8cd581d863190e4ed5e4f99fe9e52233ee7ddd76bdb336b5,Competent offer; does not take the item away.,1,f90804c02dec84204641788d406146030dce1bef3dccf6e00e2fdd3b4606c5fd,,not_authored,core-candidates,False
en,en,kit.voice_reaction,kit,TTS-English-en/core-candidates/kit/kit.voice_reaction.txt,audio/voice/en/kit.voice_reaction.wav,"Next time, a little warning before the lamp starts talking.",1,697e7e5cfbb0f82387371a98fd1faf53aa84ebe99f32baefa51d19afd80a514b,Startled; recovering practical composure.,1,2a9a887eb8c4dabdf3337cd05aedf0aefa17f2509a9ddb0d4d774d973ed9c00a,,not_authored,core-candidates,False
en,en,kit.first_direct_voice.finish,kit,TTS-English-en/core-candidates/kit/kit.first_direct_voice.finish.txt,audio/voice/en/kit.first_direct_voice.finish.wav,"Go on, then. I’m listening.",1,7ea7121828b1e0dcd9c5d6a5a46cf0eebc67b9fe73dbc03092690a0026631d30,"Looks towards the lantern, giving it room to answer.",1,e0fb29cefe8f5b274474e06341744b60c2a90cf38185f86a2f6fb8694a3f6f97,,not_authored,core-candidates,False
en,en,kit.royal_claim.king,kit,TTS-English-en/core-candidates/kit/kit.royal_claim.king.txt,audio/voice/en/kit.royal_claim.king.wav,King Veyr. That’s quite a claim to make from inside a lamp.,1,90a78d57152017d0492f10ddcc3fd37178548632e8d0be143811708ae2343eca,"Wary curiosity, no sneer.",1,601d921cfadd9214223305cea52b28b64f26e4c76e016211301486b6a2b6cd37,,not_authored,core-candidates,False
en,en,kit.royal_claim.help,kit,TTS-English-en/core-candidates/kit/kit.royal_claim.help.txt,audio/voice/en/kit.royal_claim.help.wav,"If you know the roads, help us get there and back. We can start with that.",1,7cc90e3e7b6c38cb5d1fe1aa61048ae5f2967f543ce5a05b0ee7aff6b9163fde,Sets a practical test for the voice.,1,46b5c24920023dc2ce36526fe101114f8fe523868695cd27efb2ca9e976dcf9e,,not_authored,core-candidates,False
en,en,kit.shared_table.frustration,kit,TTS-English-en/core-candidates/kit/kit.shared_table.frustration.txt,audio/voice/en/kit.shared_table.frustration.wav,I keep thinking I ought to be packing beside you.,1,bd427ed777819d2795ac0e572b13becf961e47e461df897874eac57260c7805d,Quiet frustration.,1,6ca3f8efbbe89157f8cde344d02783427b45a468354fe49e3efa793d02fae9a4,,not_authored,core-candidates,False
en,en,kit.shared_table.task,kit,TTS-English-en/core-candidates/kit/kit.shared_table.task.txt,audio/voice/en/kit.shared_table.task.wav,Put that end nearer the light. I can make out the old road marks.,1,460258edc5c564e77349d74e9a83ab587024a2e8eb61119c0c33c4f0b77d6fe7,Returns to useful work.,1,780f91592115b1f9d3a2789ed8b49c3add37f23d4a9d27d9eb7ab189a0b2ed3f,,not_authored,core-candidates,False
en,en,kit.shared_table.partners,kit,TTS-English-en/core-candidates/kit/kit.shared_table.partners.txt,audio/voice/en/kit.shared_table.partners.wav,You bring the pieces back. We’ll see what they make together.,1,345ef63c2853005e8b0212f9fad86da48a6d61d651e016de77b461311d1b6036,"Warm, settled partnership.",1,375ad97a95c04e14270f584e5adce9eaf9a0db61eb5bb235e6a4294a5b630314,,not_authored,core-candidates,False
en,en,kit.abbey_departure.route,kit,TTS-English-en/core-candidates/kit/kit.abbey_departure.route.txt,audio/voice/en/kit.abbey_departure.route.wav,"The Abbey, then. Keep the way back in mind before you go under.",1,3961bb0c3d7b99a7c6482df7fc98ed672d4a6d5106b70095bb3f76c3712af67b,"Careful, not instructional overreach.",1,330b066ee290b9a717e9f08ff38b3e79270fbcbbc23c919bb49408fbeba00b4e,,not_authored,core-candidates,False
en,en,kit.abbey_departure.empty,kit,TTS-English-en/core-candidates/kit/kit.abbey_departure.empty.txt,audio/voice/en/kit.abbey_departure.empty.wav,You can come back empty-handed. I’d sooner have you at the table.,1,436aef58ed4036f75bbc1e07464c972f14dd6fb5bfc7b5eecddbf12b1abe2396,Brief direct concern.,1,7e6f9b124243c56bd88e05bcd2c9f0da2a9694a8d2042f186c83caa8014f9757,,not_authored,core-candidates,False
en,en,kit.abbey_incomplete_no_tool.arrive,kit,TTS-English-en/core-candidates/kit/kit.abbey_incomplete_no_tool.arrive.txt,audio/voice/en/kit.abbey_incomplete_no_tool.arrive.wav,That strap’s soaked through. Hang the pack here.,1,2bf8a2ed0388b0d5d94678ad1ac75008060719be9e8c062e3cc1b5362c849939,Ordinary care; wet gear visibly present.,1,851dc515957315044d15f335cc0f0c9bc5f9c1583c11ce4dc90f8292dff8696d,,not_authored,core-candidates,False
en,en,kit.abbey_incomplete_no_tool.route,kit,TTS-English-en/core-candidates/kit/kit.abbey_incomplete_no_tool.route.txt,audio/voice/en/kit.abbey_incomplete_no_tool.route.wav,Show me where you turned back. We can start there next time.,1,57f5c55822d5685d5bbf0486e343dda1d9a9dfde7f072feeb682c007973af572,Invites a point on the route record.,1,86882fa1e9dd7882c66f4e88ab8b521753687cf1484d283db117260c9a1f648e,,not_authored,core-candidates,False
en,en,kit.abbey_incomplete_tool.turn,kit,TTS-English-en/core-candidates/kit/kit.abbey_incomplete_tool.turn.txt,audio/voice/en/kit.abbey_incomplete_tool.turn.wav,"Ah, you can turn the light without standing in its way.",1,a098bc5b6d66f226354c05ec32f1cdf83a8cb1a73daeac6e3eb0e367b6e279cd,Follows an actual safe demonstration.,1,531c4bec441b180aeaf027ed103686e9bf246de2e5d8a3d0599dd21a04e12295,,not_authored,core-candidates,False
en,en,kit.abbey_incomplete_tool.use,kit,TTS-English-en/core-candidates/kit/kit.abbey_incomplete_tool.use.txt,audio/voice/en/kit.abbey_incomplete_tool.use.wav,"Worth bringing that back, seal or no seal.",1,d477d635bd2e0b6eefd4fea2f1dd89139e808c048e40b1dfc786e86b58c5ec89,Genuine interest in a useful find.,1,a96fb929fb8f4ddbf7a407d4ed478ab291b2e31f6a09190688edefe238eb31f7,,not_authored,core-candidates,False
en,en,kit.abbey_incomplete_tool.rest,kit,TTS-English-en/core-candidates/kit/kit.abbey_incomplete_tool.rest.txt,audio/voice/en/kit.abbey_incomplete_tool.rest.wav,Set it down for a bit. The Abbey will still be there.,1,aeca75d2430e5c6bacc620395c86a4b80da1c14f2ce90e1fd26e76a5d37b9a3a,Makes space at the table.,1,57c5af1ac95d1ef23e362adda4e0a6d4b3e2c3b895254ca965346ecfadc39318,,not_authored,core-candidates,False
en,en,abbey.kit_return,kit,TTS-English-en/core-candidates/kit/abbey.kit_return.txt,audio/voice/en/abbey.kit_return.wav,You brought half the river home. Anything worth drying?,1,db82ac39d4baff115c7ce7ef1390b464745d0201608116379a938ccf66907d7f,A small joke after checking the player is safe.,1,7964b9c79d6d1435d6ffb0e535e41b9d400c7143b091d205ce6da066aa7409ad,,not_authored,core-candidates,False
en,en,kit.abbey_seal_return.seal,kit,TTS-English-en/core-candidates/kit/kit.abbey_seal_return.seal.txt,audio/voice/en/kit.abbey_seal_return.seal.wav,There it is. Put it here where we can see it properly.,1,0a733ba1ac7f7d0161a8d43b11f61a170d051c41dfc82fcea03c24453f2c81b3,Attention goes to the presented seal.,1,0b8db666910e782d403a69f687836de933a5d2b30f6683e86748d9eebd8d28ee,,not_authored,core-candidates,False
en,en,kit.abbey_plunder_evidence.mark,kit,TTS-English-en/core-candidates/kit/kit.abbey_plunder_evidence.mark.txt,audio/voice/en/kit.abbey_plunder_evidence.mark.wav,I thought that was just a maker’s mark.,1,79e23a5bbb5def753d5fdc5c7721413c87b5b31339451728f8494df81ea38d1b,Reassessing a visible object.,1,16df48d33b74bc1e87e8edd6a4cc071afd514effd62959253cb13772ee77988b,,not_authored,core-candidates,False
en,en,kit.abbey_plunder_evidence.home,kit,TTS-English-en/core-candidates/kit/kit.abbey_plunder_evidence.home.txt,audio/voice/en/kit.abbey_plunder_evidence.home.wav,Someone here still knows that mark. All that time under the water.,1,b7f8f7d2b262535484027ae52ad181f76484e0ec548f0a2c304dda6805955b52,Let the thought land.,1,bbe019f5d86c559512c54bacf08b4dba162a8c9a1a1e8f6aeaa17627b9fd528e,,not_authored,core-candidates,False
en,en,kit.abbey_plunder_evidence.share,kit,TTS-English-en/core-candidates/kit/kit.abbey_plunder_evidence.share.txt,audio/voice/en/kit.abbey_plunder_evidence.share.wav,I was already wondering what it would fetch. I wish I’d looked more closely.,1,f0e130fa68abeaf3fc8e9cd667b9555a82ac32966b0d8a45f030c15e11cc2e61,"Admits their own greed, not the player’s.",1,e539c9f4baa33a205dd47133c54f6d5ca38eceab6dc5d0fdc0e5be2c849ae5e5,,not_authored,core-candidates,False
en,en,kit.foundry_departure.route,kit,TTS-English-en/core-candidates/kit/kit.foundry_departure.route.txt,audio/voice/en/kit.foundry_departure.route.wav,"The Foundry road, then. Show me the crossing you’re taking.",1,1f1380b8cff5689c153a16dc547948d4a3ab7769f35eb84a767ba89a7785b849,Checks the route record with the player.,1,b82f1e91f1a6168edb6612e7d36483afbfb46ba1e95ab4c4442bf20933eebf4d,,not_authored,core-candidates,False
en,en,kit.foundry_departure.return,kit,TTS-English-en/core-candidates/kit/kit.foundry_departure.return.txt,audio/voice/en/kit.foundry_departure.return.wav,There. I’ll know which road to watch for you on.,1,1a155cb3c09460132a859121034c764e3fafc679029644e548bb06145b6654db,Accepts the player’s silent route indication.,1,5642e5cc6ee120560bfd7af2942c0a4d8268ce0af2451a3b6870bb101ba00e70,,not_authored,core-candidates,False
en,en,kit.foundry_incomplete_no_tool.soot,kit,TTS-English-en/core-candidates/kit/kit.foundry_incomplete_no_tool.soot.txt,audio/voice/en/kit.foundry_incomplete_no_tool.soot.wav,Hold still. You’ve got soot all round your eyes.,1,c2cba91fa0e5d4ef50428eb7c0ad630f52926ed780f4e072ea99304354e9553d,Offers a cloth; no automatic player handling.,1,6d9f61a0d699cc6986ceda64977a20517b5e2a899a2cfdfbdacb9f4864be2994,,not_authored,core-candidates,False
en,en,kit.foundry_incomplete_no_tool.pause,kit,TTS-English-en/core-candidates/kit/kit.foundry_incomplete_no_tool.pause.txt,audio/voice/en/kit.foundry_incomplete_no_tool.pause.wav,We can look at the road after you’ve had a wash. It won’t change while you’re here.,1,ba07ded4a39de67f0a6834f5a982f9b3be9bbb299599b7332c688e8dd9d8e454,Allows a welcome pause.,1,f037884c0d6658aac1607d011faee2a10c2e3bef4396a9aea77cec13a9887b67,,not_authored,core-candidates,False
en,en,kit.foundry_incomplete_tool.hold,kit,TTS-English-en/core-candidates/kit/kit.foundry_incomplete_tool.hold.txt,audio/voice/en/kit.foundry_incomplete_tool.hold.wav,It holds the lantern for you. And that closes the light off?,1,052a7df0688a44a7b4ea007522188026bb81a3a19dc57fe40d3616f7ca1f36d0,"Watches, asking about the presented shutter.",1,029424a6bebc85abe8dde142126c0a44ffb41a8c1f1d4e19d5c2cdc34ca6485a,,not_authored,core-candidates,False
en,en,kit.foundry_incomplete_tool.better,kit,TTS-English-en/core-candidates/kit/kit.foundry_incomplete_tool.better.txt,audio/voice/en/kit.foundry_incomplete_tool.better.wav,That’s better than wedging it between two stones.,1,c0a37e4da16a912f5e43033040a5a9d52dfdf442438e589daac4d9e6b3f22410,Practical approval of the demonstrated tool.,1,ed50e2b662afd531ec99dc2c576986800d23ddc297521b35e65080d86c943c77,,not_authored,core-candidates,False
en,en,kit.foundry_incomplete_tool.keep,kit,TTS-English-en/core-candidates/kit/kit.foundry_incomplete_tool.keep.txt,audio/voice/en/kit.foundry_incomplete_tool.keep.wav,Keep it by your gear. It’s earned its place.,1,a2a267180283e1979876dffa78e0526692e9e4970ec8edd6f5dc03c688f7c326,Familiar treasure-hunter judgement.,1,2c990224c86e0907f40f2c5abc0b880c8d110d28b238539fdeb0c0e9f9bc17d6,,not_authored,core-candidates,False
en,en,foundry.kit_return,kit,TTS-English-en/core-candidates/kit/foundry.kit_return.txt,audio/voice/en/foundry.kit_return.wav,You smell like the forge. Sit down before you fall down.,1,cb357af29fbd995fec04ee7e08d9b99b8b26b8f7284f11d53fdf47470a77f764,Dry humour with concern underneath.,1,bfe52c27b678d9f1dfc99759fec9cb65256bd24366235a4b5c60aef6e428ef03,,not_authored,core-candidates,False
en,en,kit.foundry_seal_return.seal,kit,TTS-English-en/core-candidates/kit/kit.foundry_seal_return.seal.txt,audio/voice/en/kit.foundry_seal_return.seal.wav,I’ll clear a space. Let’s see what all that smoke was hiding.,1,3a47aa47e382d9dba91a2ac77417ed23f84e298d7b74e9d01d1301b2a68ed26c,Moves ordinary table clutter for the presented seal.,1,08d8c412b717c2a770b12a1e2201b5a569089be5dc1d8377c7c967fcbe48238b,,not_authored,core-candidates,False
en,en,kit.foundry_bond_evidence.line,kit,TTS-English-en/core-candidates/kit/kit.foundry_bond_evidence.line.txt,audio/voice/en/kit.foundry_bond_evidence.line.wav,Show me that line again.,1,a412c8f08d0bb9cd061ac0a1309de5d2478aeea948fae8ffc1bcfa596847e591,Returns to the relevant passage.,1,546f4b21f3754b36b9cdd72789cb2b48cb37cb18ec4d49453d9200518af2e6f7,,not_authored,core-candidates,False
en,en,kit.foundry_bond_evidence.death,kit,TTS-English-en/core-candidates/kit/kit.foundry_bond_evidence.death.txt,audio/voice/en/kit.foundry_bond_evidence.death.wav,"They died, and someone kept counting what they owed.",1,d1c5490f8de99f610d4a4a28b418beb2a6f630bd5fdcf9df9c876bb04ee784ab,Anger kept quiet.,1,a62eb5dc762f7fcfa4f67436969274bdad8f71ccdccc41aec3b4f6aa8cc7c434,,not_authored,core-candidates,False
en,en,kit.foundry_bond_evidence.names,kit,TTS-English-en/core-candidates/kit/kit.foundry_bond_evidence.names.txt,audio/voice/en/kit.foundry_bond_evidence.names.wav,Leave the names uncovered. I want to read them.,1,332082164b5935aa12f90723a24d1b7b7fd513f4d890f7c17963805eb1d0f23c,"A personal response, not an instant new quest.",1,54980cd7b39ea32d9569a39dda50506494e002ef385b442c88c2550bf79d9df5,,not_authored,core-candidates,False
en,en,kit.abbey_first.progress,kit,TTS-English-en/core-candidates/kit/kit.abbey_first.progress.txt,audio/voice/en/kit.abbey_first.progress.wav,One seal out of the Abbey. The Foundry’s still ahead.,1,fad9ee4f6ef971b7b33750a190b75c5eefe5bae54ed6419f93bfb1831f1ad49d,Points to the two relevant route marks.,1,81286cf71b6f2dec54467188d37794e20742102338973fe200487134aab963f7,,not_authored,core-candidates,False
en,en,kit.abbey_first.prepare,kit,TTS-English-en/core-candidates/kit/kit.abbey_first.prepare.txt,audio/voice/en/kit.abbey_first.prepare.wav,Have your gear seen to before you try that road. I’ll keep working on these marks.,1,8fb45b12a706fade8b0fc9fec3b8e40400e446e447132f82247fae2638ebedd3,"Shared preparation, no mandatory purchase.",1,6a909981bc2fb426090f415e2cc9bdc24255e4d409d989e8a7e967efee172f4f,,not_authored,core-candidates,False
en,en,kit.foundry_first.progress,kit,TTS-English-en/core-candidates/kit/kit.foundry_first.progress.txt,audio/voice/en/kit.foundry_first.progress.wav,One seal out of the Foundry. The Abbey’s still ahead.,1,588d301d8b2dc6fcef312eb408faa60afea4045284c891214eb5e453f4e0667c,Points to the remaining road.,1,5a729afdebcf08c3ef0963742bee649830a15c2c70b022bfbad2bfae1e2be9fa,,not_authored,core-candidates,False
en,en,kit.foundry_first.prepare,kit,TTS-English-en/core-candidates/kit/kit.foundry_first.prepare.txt,audio/voice/en/kit.foundry_first.prepare.wav,Have another look at the crossing before you leave. I’ll keep at this.,1,b9cb0db928922470a4ff93fb54df3629a4c934153b0d64d53424fbbdbd60bdad,Suggests a useful review; no prescribed training or access route.,1,cbd6018731fa4ad8da50488cb45db36fbdab81a976f86e5df9021c02ea262d97,,not_authored,core-candidates,False
en,en,kit.two_seals.fit,kit,TTS-English-en/core-candidates/kit/kit.two_seals.fit.txt,audio/voice/en/kit.two_seals.fit.wav,"They fit. All that road, and they were made to sit together.",1,ec26a347459c333becf1b036537429933306fe61770d40915f531c4cd6077ab5,Studies the demonstrated route-mark fit.,1,6e21b683ae8192e8910a463c329242f94d442735ecddf0aa8a3da17ae55c8ac0,,not_authored,core-candidates,False
en,en,kit.two_seals.court,kit,TTS-English-en/core-candidates/kit/kit.two_seals.court.txt,audio/voice/en/kit.two_seals.court.wav,The Glass Court. Let’s find out what we can before you climb to it.,1,d134fe0a2e8195d3e7670f3fc809bc4a713fb8879368e6409bcc90bf529eb3d5,Interest with earned caution.,1,e1662b621fdaa0140e2530fe8d9601a370446301653a262db36dc18fd7a70015,,not_authored,core-candidates,False
en,en,return.kit_doubt,kit,TTS-English-en/core-candidates/kit/return.kit_doubt.txt,audio/voice/en/return.kit_doubt.wav,It knows every lock. Has it told us much about the people who lived behind them?,1,5b8481a4e6af19d8d124c3f650dcfd82fa5b8ce65ba432949667b1ef4d857a61,Private unease; considering evidence.,1,3a4cde9a85113e01f118a6cdb59d908391244d1fd58cdea579b0ac60231ac696,,not_authored,core-candidates,False
en,en,kit.doubt_from_evidence.jailer,kit,TTS-English-en/core-candidates/kit/kit.doubt_from_evidence.jailer.txt,audio/voice/en/kit.doubt_from_evidence.jailer.wav,A jailer keeps someone in. I’d like to know who was afraid of whom.,1,969a02a5e533032802610f631a15c2197ff26490d29eeac5def32e1f855a8ff1,Refers to the translation just heard.,1,d41574ed30dd66d722f9447068f5dc81308085fdc5828c54eea8f7aefd0161c5,,not_authored,core-candidates,False
en,en,kit.doubt_from_evidence.useful,kit,TTS-English-en/core-candidates/kit/kit.doubt_from_evidence.useful.txt,audio/voice/en/kit.doubt_from_evidence.useful.wav,It’s been useful. That’s why I want to believe it.,1,75556d9829fb27bbb96c05ec55cf27d5fb5119aa0a7c251e5d4a866e1364c9e7,Candid about their own temptation.,1,c57b37d7cdc8e4f34eabfb076a88ec430e884ad52be4ceb85eea1dea9e478acc,,not_authored,core-candidates,False
en,en,kit.ordinary_treasure.want,kit,TTS-English-en/core-candidates/kit/kit.ordinary_treasure.want.txt,audio/voice/en/kit.ordinary_treasure.want.wav,I still like the sound of coin on a table. I haven’t become a saint in this chair.,1,a3e3dd84bb58d7dbf84b71c5ce79881d948092586605a22f00736f1346514530,Warm candour; a rare dry smile.,1,93d45e62e5b91c7d01b0fbca261410fccb3a5c7e525f6a1c2ca6c7b5b9155584,,not_authored,core-candidates,False
en,en,kit.ordinary_treasure.use,kit,TTS-English-en/core-candidates/kit/kit.ordinary_treasure.use.txt,audio/voice/en/kit.ordinary_treasure.use.wav,Good boots. A sound roof. Those aren’t foolish things to want.,1,9cd098682d724fcb77e52045c3014fdd135c4740436857d645268fb27e018c31,"Practical, sincere.",1,7b97380b1a4e67cbdcba163f5b134a6ded1968bfd835e2c5abac96f90d6d6d21,,not_authored,core-candidates,False
en,en,kit.ordinary_treasure.wait,kit,TTS-English-en/core-candidates/kit/kit.ordinary_treasure.wait.txt,audio/voice/en/kit.ordinary_treasure.wait.wav,We can count it later. Stay a while first.,1,44e172b47a59bcc4fc09d0681d9a6b03e36bfab81b462a18a0565bb18aaad77e,Lets affection outrank the tally.,1,417a312790d7dcd73c1b260679ddc80b1c78c9b6983921d9891da32167ea3192,,not_authored,core-candidates,False
en,en,return.kit_enough,kit,TTS-English-en/core-candidates/kit/return.kit_enough.txt,audio/voice/en/return.kit_enough.wav,We've found more than I ever expected. I'd still like us both here to spend it.,1,26ba12b0ec3e04c75535a0868c50b5c6cd878aac3aa061711c55549ccc07c63b,"Sincere, a little reluctant.",1,ca58cf776f8b07eae247c7d0743599a8457fd32aa107eebfa4bcde818840bad0,,not_authored,core-candidates,False
en,en,kit.enough.waiting,kit,TTS-English-en/core-candidates/kit/kit.enough.waiting.txt,audio/voice/en/kit.enough.waiting.wav,I’m not good at waiting. Turns out I’m worse at pretending I don’t mind.,1,ca7e846e85fb2a0c401d9c9c372b30b4cb7a8f4b2652a95fa9bd0fa1a8e3ce68,A rare unguarded admission.,1,878f3b7e7447bd74846286508905c813d77cc697aaa220c651fa0fe21bae9ff4,,not_authored,core-candidates,False
en,en,kit.named_relic_choice.value,kit,TTS-English-en/core-candidates/kit/kit.named_relic_choice.value.txt,audio/voice/en/kit.named_relic_choice.value.wav,It’s worth something. I won’t pretend it isn’t.,1,5ea145660c7e2c218aa4460cead893194b269777e2c9e8ad8666a9deabedb22f,Admits the pull of its sale value.,1,69992e0d8a3247b0169899bdef370b80d3d07481dc674dbae4a3e2a988b1e5b3,,not_authored,core-candidates,False
en,en,kit.named_relic_choice.claim,kit,TTS-English-en/core-candidates/kit/kit.named_relic_choice.claim.txt,audio/voice/en/kit.named_relic_choice.claim.wav,But the claim holds up. That matters as well.,1,3240e1ef9e8bbb5b99194139a2521307bd9a3c67daddd46900707e41cc74f671,Looks towards the identified claimant.,1,184634440bd73c08f30086b7d89bf5b009c8d35d26e4df164b48961492386064,,not_authored,core-candidates,False
en,en,kit.named_relic_choice.time,kit,TTS-English-en/core-candidates/kit/kit.named_relic_choice.time.txt,audio/voice/en/kit.named_relic_choice.time.wav,You needn’t decide with the whole room watching.,1,33e3fa65fddaf77b302392189f2d717fe0a67dea25bf23ddc85c607a5047b6e4,Makes room for an unhurried player choice.,1,569bc246526e439fb69204c206c0b000859c66f8a21a2ac2792aa1c0db726648,,not_authored,core-candidates,False
en,en,kit.named_relic_returned.place,kit,TTS-English-en/core-candidates/kit/kit.named_relic_returned.place.txt,audio/voice/en/kit.named_relic_returned.place.wav,They’ve put it where the light catches the mark.,1,ed31fddcfd0d4b075e84f005a1985b41a35af4e76a661be623a6d5179c3025e2,Observes the actual display.,1,881173204f8f1cf60ba1fd3650cccb08af1760301dc39f6b87896cc4fd5847fe,,not_authored,core-candidates,False
en,en,kit.named_relic_returned.worth,kit,TTS-English-en/core-candidates/kit/kit.named_relic_returned.worth.txt,audio/voice/en/kit.named_relic_returned.worth.wav,I can see why they wanted it back.,1,1995d544ab67bbee1c34df2c12fa00341637b7aeb5538e0a37faa9ee3a45df22,Simple recognition; no moral scorekeeping.,1,263ad4434ffd9d5a7b9de4547cb5f24fc2dd71c3a472a576864dc7edc4ea3736,,not_authored,core-candidates,False
en,en,kit.named_relic_sold.candid,kit,TTS-English-en/core-candidates/kit/kit.named_relic_sold.candid.txt,audio/voice/en/kit.named_relic_sold.candid.wav,I know what the money’s worth. I was looking at it too.,1,08a29b70c792bac6aaa7b3bfac72d603eecb6a9a22b4d0eff69f88f28e476932,"Admits their own interest in the sale value, without asserting the player’s motive.",1,4524ab061eaaa42169d345a1efcde1a5e16d4c9f6efb6d0de50d3439d6b51d0a,,not_authored,core-candidates,False
en,en,kit.named_relic_sold.uneasy,kit,TTS-English-en/core-candidates/kit/kit.named_relic_sold.uneasy.txt,audio/voice/en/kit.named_relic_sold.uneasy.wav,"Still, I keep thinking about that mark.",1,e88ff49f385d87ecaadba7e2d8877e7ed756d0fb70fba992c2c48d42a1403373,Their own unease; no accusation.,1,441f219feff1f26bdf3142d90a8d66b4be57172ea34c15dbaa8816015f878b19,,not_authored,core-candidates,False
en,en,kit.named_relic_kept.notice,kit,TTS-English-en/core-candidates/kit/kit.named_relic_kept.notice.txt,audio/voice/en/kit.named_relic_kept.notice.wav,"Still got it, then.",1,a5bca6aeb89e7ae99db8f287d08bcd598c794cf05f4ea1e1049f05ff231ecef4,Notices the shown vessel.,1,68ab92be8a00c401a9ca292135762b3fdc01091a099fa718dc9544e3c25ba37b,,not_authored,core-candidates,False
en,en,kit.named_relic_kept.wrap,kit,TTS-English-en/core-candidates/kit/kit.named_relic_kept.wrap.txt,audio/voice/en/kit.named_relic_kept.wrap.wav,"Wrap it properly. Whatever you decide, it’s had enough knocks.",1,1cbc59a8b3a0bdc018cf9a1139d56031ddbb57dbd9cac68b066fb83ab414b339,Practical care for the object without settling ownership.,1,57ede5ae0c1bd33766585647b40f01e16061c3dd82b095242f4de90fa955c69b,,not_authored,core-candidates,False
en,en,kit.mill_working.sound,kit,TTS-English-en/core-candidates/kit/kit.mill_working.sound.txt,audio/voice/en/kit.mill_working.sound.wav,Listen to that. It’s holding steady.,1,6f074bb42e5dabce309135c02f05f892ad024b8786db0136305bfd40d68aaa83,Attends to the actual machinery.,1,5b189394ae20824fe6fc1a6aa671fd7c73aca5db5895e3ce435fd508d1c0718f,,not_authored,core-candidates,False
en,en,kit.mill_working.use,kit,TTS-English-en/core-candidates/kit/kit.mill_working.use.txt,audio/voice/en/kit.mill_working.use.wav,A good use for what came out of those ruins.,1,219fe5e83dd1b14c698b70d63acdee5b0515d5b12cca3de1a582bedf6a61b201,Pleased at a tangible result.,1,8be0621eb656ed764d67f3f73044c2df0c1711c935463bd305204993bec78485,,not_authored,core-candidates,False
en,en,kit.trade_reopened.wheels,kit,TTS-English-en/core-candidates/kit/kit.trade_reopened.wheels.txt,audio/voice/en/kit.trade_reopened.wheels.wav,Wheels on the road. There’s a sound I’ve missed.,1,9a4a76e3283f2e1d149651569efaa2020078bf4194b5f7d839033c77d1b9bd92,Watches the actual arrival.,1,11bb2701a05bda1d40765c3081a8a52a6665078a3f46b55d0f79cee8dbae751d,,not_authored,core-candidates,False
en,en,kit.trade_reopened.room,kit,TTS-English-en/core-candidates/kit/kit.trade_reopened.room.txt,audio/voice/en/kit.trade_reopened.room.wav,We might have to share our quiet corner now. I can live with that.,1,df454c2e1a417ea7fa8bd62e2fb7d622967a13da8ec1426cf2c254f3420a6337,"Welcoming, mildly possessive of their familiar place.",1,d4a649f517876d4b15438a45ae4709f7c26f8a721344988d11df8b3816727e7d,,not_authored,core-candidates,False
en,en,kit.family_stays.unpack,kit,TTS-English-en/core-candidates/kit/kit.family_stays.unpack.txt,audio/voice/en/kit.family_stays.unpack.wav,They’re unpacking. They really are staying.,1,f18fc3d7d08bfb76c2f712adf3426fe5e11204d199a94a164ea25cc88d21d41c,Quietly pleased after the witnessed decision.,1,195a8e72ee6d3413049785ba0c4cbd11a43701d03908c64c08a447826d18d0e8,,not_authored,core-candidates,False
en,en,kit.family_stays.home,kit,TTS-English-en/core-candidates/kit/kit.family_stays.home.txt,audio/voice/en/kit.family_stays.home.wav,They must think there’s something worth staying for.,1,6828ae045e9492aec11fb909123194716251cc673314b247ded87916631b26ed,Turns the thought over; no demand on the player.,1,6140bd258c7b53f124db62f27a3b3771da3287f0c690e0690b0d0da25653a75f,,not_authored,core-candidates,False
en,en,kit.recovery.progress,kit,TTS-English-en/core-candidates/kit/kit.recovery.progress.txt,audio/voice/en/kit.recovery.progress.wav,Getting about’s a little easier. I’ll take that.,1,ffa84825c3f24d63973455cf7fd2996b4b094aa7e3b67fe7b0660efe9db6b85b,Cautious satisfaction.,1,13137faf3017976e084aba7c5c7431b2fde78b40017b41a6947f1bf7cccc8aa9,,not_authored,core-candidates,False
en,en,kit.recovery.patience,kit,TTS-English-en/core-candidates/kit/kit.recovery.patience.txt,audio/voice/en/kit.recovery.patience.wav,Still not ready for those roads. I’m trying to be sensible about that.,1,3c44037ce5e9e09c498e5b11b0ca27305de0482f4002831be073644bf482b2fd,A little impatient with their own limits.,1,891552b32f401142bf147b85bf45e123e07f5f415be3baaebe6ee900a655b721,,not_authored,core-candidates,False
en,en,kit.court_departure.ridge,kit,TTS-English-en/core-candidates/kit/kit.court_departure.ridge.txt,audio/voice/en/kit.court_departure.ridge.wav,I’ll be looking for you on the ridge road this time.,1,beabcd618d81c59dbb8595b7022f32b6c64fe2c65a959b9b39ccec73bdf1ace3,Touches the route mark.,1,677c7b445caa62eee42726da26845553943c3cb215dd3293cf2e306d057af32d,,not_authored,core-candidates,False
en,en,kit.court_departure.questions,kit,TTS-English-en/core-candidates/kit/kit.court_departure.questions.txt,audio/voice/en/kit.court_departure.questions.wav,Bring the answers back if you can. Bring yourself back either way.,1,22021671b0db87f5d68db12c8c4ba1a9d9f70bb0edf9fa31f329aa31478030e7,"A plain request, then space to leave.",1,4bbf077980454fbf4cf748afed3c02a87b36854348599a4662cd8c9c538545ff,,not_authored,core-candidates,False
en,en,kit.court_incomplete_no_aperture.welcome,kit,TTS-English-en/core-candidates/kit/kit.court_incomplete_no_aperture.welcome.txt,audio/voice/en/kit.court_incomplete_no_aperture.welcome.wav,There’s a space beside the map. Show me where you got to.,1,a5c754e2139ac073f9fcb6e8df51e146e762e75583afd1e3e847971345d07c13,Makes the return welcome.,1,20bd4841267c8a56481b5d5573d8605b5635344f3f0977c96cc89d69a76f8f00,,not_authored,core-candidates,False
en,en,kit.court_incomplete_no_aperture.later,kit,TTS-English-en/core-candidates/kit/kit.court_incomplete_no_aperture.later.txt,audio/voice/en/kit.court_incomplete_no_aperture.later.wav,We can leave the difficult part for a moment.,1,438036eea1a985cfbc51215356b3f1592f647f01c6ad29883ef4b97c81f56a7d,No pressure to justify retreat.,1,5de41013671283197d13b4d2e9ea787424a76746dddc63cd56af16e1020924ee,,not_authored,core-candidates,False
en,en,kit.court_incomplete_aperture.beam,kit,TTS-English-en/core-candidates/kit/kit.court_incomplete_aperture.beam.txt,audio/voice/en/kit.court_incomplete_aperture.beam.wav,That makes it a much narrower light.,1,714cd7424a8ad349634689ef834a5e259e6f3cb1993e72841074b171ad610a1b,Watches the visible beam change.,1,1079fcdcfdc205c9fe314987c7db43dc7c3348b8e23fd3ef99d60181528de896,,not_authored,core-candidates,False
en,en,kit.court_incomplete_aperture.care,kit,TTS-English-en/core-candidates/kit/kit.court_incomplete_aperture.care.txt,audio/voice/en/kit.court_incomplete_aperture.care.wav,Put it with the others. I’ll move my things out of the way.,1,3534c86bf509570a0fd3a644f0927cd9cf898d93ad79a4beba5012bd36051b19,Careful accommodation of the player’s working tools.,1,0fed96310b1eb9133b7b76feb1a54efa75ace5a8b14f705ad10c8195c9f4baf6,,not_authored,core-candidates,False
en,en,kit.court_evidence_debrief.order,kit,TTS-English-en/core-candidates/kit/kit.court_evidence_debrief.order.txt,audio/voice/en/kit.court_evidence_debrief.order.wav,The king’s seal. Beside the keepers’. Let me look at that.,1,c6c8136504460dabbbc310640c730b032c87e563013366061fd18781b945e5e0,Examines the actual evidence.,1,133cf0697bd8d04ce6ca07de94b64b92e9de77689bf7a08babb1e9e11556e31f,,not_authored,core-candidates,False
en,en,kit.court_evidence_debrief.cost,kit,TTS-English-en/core-candidates/kit/kit.court_evidence_debrief.cost.txt,audio/voice/en/kit.court_evidence_debrief.cost.wav,And opening it frees the soldiers as well. That part was true.,1,bfcb96e2c6a1ec5bb04095702a16cdf6ed7988dc6541b0e4190901d45133e1ef,Takes in the explanation just heard.,1,ec850f46c2dd85361be6d95a52a066c7169e8a2d25d982e67078240090c03269,,not_authored,core-candidates,False
en,en,court.kit_response,kit,TTS-English-en/core-candidates/kit/court.kit_response.txt,audio/voice/en/court.kit_response.wav,Then we find a way to face it before we open anything.,1,0d77aaf18d45b27b840ff14ffb4ee86f1222704f476182ca1240791c190061cf,"Steady, worried; preparation rather than surrender.",1,a875239d58fff1585f72c011f450cb8dc0a0d045c493c95267903b34976c876e,,not_authored,core-candidates,False
en,en,kit.final_preparation.table,kit,TTS-English-en/core-candidates/kit/kit.final_preparation.table.txt,audio/voice/en/kit.final_preparation.table.wav,Put the tools here. One at a time. Let’s make sure nothing’s been left behind.,1,27a6572c232466523b1a47e622661e695923b1ed767e14fdaab032eb7125f3f4,Methodical partnership.,1,b8cd6d6e7f41e8ddda4ea75c41fe6618d7643f82bab5b537d3e8dc1743815e90,,not_authored,core-candidates,False
en,en,kit.final_preparation.practice,kit,TTS-English-en/core-candidates/kit/kit.final_preparation.practice.txt,audio/voice/en/kit.final_preparation.practice.wav,Show me again how they work together. Take your time.,1,0774e8dd6306bed9c7bfc130dbf6766896fb546cbda5fa1f6ad5d68ba27d353b,Invites safe practice with established interactions.,1,07b4ce198e742cc0d6fd69f3e0de9c610a853726afbfa11dcd5b4ba2f19ea8ae,,not_authored,core-candidates,False
en,en,kit.final_preparation.route,kit,TTS-English-en/core-candidates/kit/kit.final_preparation.route.txt,audio/voice/en/kit.final_preparation.route.wav,And show me the way back. I want that clear before you leave.,1,3dddc402aad052d0291cf27efb6bf9a1a31977a60d36668e4f228aabad6fc40d,Checks the actual route evidence.,1,6f40cf04e6e130faa5f87968fdbcca3ddaeede7f0fb5eed0ff06219dcfca6cbc,,not_authored,core-candidates,False
en,en,kit.final_departure.want,kit,TTS-English-en/core-candidates/kit/kit.final_departure.want.txt,audio/voice/en/kit.final_departure.want.wav,I wish I were going with you. I know I’d only slow you down.,1,e40b68ab0e52c7e65f137d45b7007ef100cac97453ece5cf258b708ec33abdd9,Honest regret; their current recovery matters.,1,782ed08bd9aac29c68f419d0f04020ee259ab483b94826e7e6c9a4e9a361af9c,,not_authored,core-candidates,False
en,en,kit.final_departure.place,kit,TTS-English-en/core-candidates/kit/kit.final_departure.place.txt,audio/voice/en/kit.final_departure.place.wav,"I’ll be here. Same table, same dreadful chair.",1,e65db3c1ca4164004b5630429bcfcb99853bd18359910e6a3e169d56944c9dac,"A small familiar anchor, not a string of jokes.",1,e3565a5f0341554a98f9fee48ca34cb378d41b519dd3cce6524e9c9e3c253c48,,not_authored,core-candidates,False
en,en,kit.final_departure.return,kit,TTS-English-en/core-candidates/kit/kit.final_departure.return.txt,audio/voice/en/kit.final_departure.return.wav,Come back and complain about it with me.,1,7d7afd29a25fa58d04816b72fccae7e9ab786d9ff768e4b5b8a2c4bcff595920,Softly; no response demanded.,1,440f4ef59ccadb0399f504763874daf939b25e94e6e4dd695e794fafbf2f8fd4,,not_authored,core-candidates,False
en,en,finale.kit_alive,kit,TTS-English-en/core-candidates/kit/finale.kit_alive.txt,audio/voice/en/finale.kit_alive.wav,There you are. Come on. One step at a time.,1,c55088c4fb4d74935d2f539b21404f7c2939631d42c2d3bdc98e9a31e99c1497,Relief before riches; gives the player room.,1,b3d7d5e869945132445b92fee0e7eccc230e05e41ec129f56f268182a72d4acc,,not_authored,core-candidates,False
en,en,kit.final_town_reunion.chair,kit,TTS-English-en/core-candidates/kit/kit.final_town_reunion.chair.txt,audio/voice/en/kit.final_town_reunion.chair.wav,Kept your chair. Come and take it.,1,fbc8670bf17db1e732dce054d875d04e6bd617ce3a417c3f2a837f659f1acf0e,"Simple, warm; the table now means something.",1,65f5dcf58eb8d7feeccfc389d9736a6e763faca0f584975d6a0ed3410c8f7857,,not_authored,core-candidates,False
en,en,kit.treasure_home.real,kit,TTS-English-en/core-candidates/kit/kit.treasure_home.real.txt,audio/voice/en/kit.treasure_home.real.wav,It’s real. We’ve actually got some of it here.,1,7e526535bf043034199316431d4a26cd57910410d8bd75f98f5cf64516b8b1bf,Looks between the treasure and the player.,1,9b05e15c2e4190c526cb5d673c4000af8729d3656bddaeac5891fa33775fe2f5,,not_authored,core-candidates,False
en,en,finale.kit_treasure,kit,TTS-English-en/core-candidates/kit/finale.kit_treasure.txt,audio/voice/en/finale.kit_treasure.wav,We'll need a bigger bag. Later.,1,f058faff8bd4d9bdcbb646a046daff1e83e24e20e4bf16d35685a55d786f1c3d,"A tired, fond joke; puts the person first.",1,1e17979ec8508d9ff0790ff820e44af6fac37fa7aa15e6d2975dd027e59097ed,,not_authored,core-candidates,False
en,en,kit.release_evidence.free,kit,TTS-English-en/core-candidates/kit/kit.release_evidence.free.txt,audio/voice/en/kit.release_evidence.free.wav,So it’s over. They’re free of it.,1,c12eb13eb6702da426a8129908dc5648276906bf11317e1f82840669bad9e0b7,"Receives the confirmed account, quietly.",1,be99daafeb8f9924588503578dbb9066c06369de0c1456853e728d39538eb32e,,not_authored,core-candidates,False
en,en,kit.release_evidence.names,kit,TTS-English-en/core-candidates/kit/kit.release_evidence.names.txt,audio/voice/en/kit.release_evidence.names.wav,I’m glad we kept their names.,1,d07f6c9781d0bb99aa2345d8f84250672d77d650000c3da02402629d07960d89,Refers to records actually retained and shown; require retained names as noted below.,1,e4e902aba910a3ca5db1c13ffe151da402ff79ad6a5ac1b771691115a6a7418f,,not_authored,core-candidates,False
en,en,epilogue.kit_roof,kit,TTS-English-en/core-candidates/kit/epilogue.kit_roof.txt,audio/voice/en/epilogue.kit_roof.wav,I asked about the room upstairs. Roof looks sound.,1,ba9099e0d853ff0b78eeeaa273d013126755cdfa73c4e5eaca9464e2e1c86542,"Pleased, tentative.",1,45dd1ba13bc98b6e299605257b0b192a09fafc095f4bc177735742b4d02f0409,,not_authored,core-candidates,False
en,en,kit.room_upstairs.stay,kit,TTS-English-en/core-candidates/kit/kit.room_upstairs.stay.txt,audio/voice/en/kit.room_upstairs.stay.wav,I’d like to stay a while. See what this place is like when we’re not passing through.,1,ab87a170d0105e6f2835167556e07c82393520f24537f28636199df4fe3b0758,A considered personal wish.,1,83cf09dd48d2a92d3dd2c44eebf5b49c29697e709fce32e7835b147f8e99a492,,not_authored,core-candidates,False
en,en,kit.quiet_closure.here,kit,TTS-English-en/core-candidates/kit/kit.quiet_closure.here.txt,audio/voice/en/kit.quiet_closure.here.wav,It’s good having you here.,1,0629c6532c77f638e539a368b5783d6e0a0afbce8ef354a7371a8eb8359df82e,"Quiet, no flourish.",1,c06e736d859e8ec546be19179072071ca4af14b2e2cca7dcf62c648f785f05a2,,not_authored,core-candidates,False
en,en,epilogue.kit_close,kit,TTS-English-en/core-candidates/kit/epilogue.kit_close.txt,audio/voice/en/epilogue.kit_close.wav,The rest can wait till morning.,1,e7b909a50d16b45e6d135b76804ccf0ce10b3ad2e6e89611644f07d96bbfa6d9,Companionable; let the silence hold.,1,cb88bc23b97387724a28aa4536fec6e8cc67e33574be15c3523a47189c1f3176,,not_authored,core-candidates,False
en,en,hub.service.tavern.greet,tavern_keeper,TTS-English-en/core-candidates/tavern_keeper/hub.service.tavern.greet.txt,audio/voice/en/hub.service.tavern.greet.wav,There’s room by the fire. Tell me what you need.,1,5c8de96953b279d225a20860fb67ac9bffee1b13f092e3a526213b7eeb253d6a,brisk hospitality; former caravan leader,1,3019799953b295534f18073d9bf36e7f4f97c963ddb668d940b3400f38cb97a3,,not_authored,core-candidates,False
en,en,hub.service.tavern.cancel,tavern_keeper,TTS-English-en/core-candidates/tavern_keeper/hub.service.tavern.cancel.txt,audio/voice/en/hub.service.tavern.cancel.wav,No hurry. I’ve waited longer for a wagon to turn.,1,d759b65c7a8890e1199a9de183ab2bcbac06ebf2708c7d95b230ce148e43f64c,brisk hospitality; former caravan leader,1,3019799953b295534f18073d9bf36e7f4f97c963ddb668d940b3400f38cb97a3,,not_authored,core-candidates,False
en,en,hub.service.tavern.insufficient,tavern_keeper,TTS-English-en/core-candidates/tavern_keeper/hub.service.tavern.insufficient.txt,audio/voice/en/hub.service.tavern.insufficient.wav,That won’t cover a room. You’re welcome to warm up here.,1,73ab57770675d51f633f6c589f6c0d4a2e3ff767b35a80bcf87d93c0d5909d19,brisk hospitality; former caravan leader,1,3019799953b295534f18073d9bf36e7f4f97c963ddb668d940b3400f38cb97a3,,not_authored,core-candidates,False
en,en,hub.service.record.greet,record_keeper,TTS-English-en/core-candidates/record_keeper/hub.service.record.greet.txt,audio/voice/en/hub.service.record.greet.wav,Show me the inscription before you tell me what you hope it says.,1,6c390115b77f3dd6c2fcab5c7bb0d724e149b641d3da73ebfdd8851e38ce50a2,"precise, patient; distinguishes evidence from wishes",1,19b218d29b3423dd14474566855652fee62eea96971db68bac34223a61270634,,not_authored,core-candidates,False
en,en,hub.service.record.cancel,record_keeper,TTS-English-en/core-candidates/record_keeper/hub.service.record.cancel.txt,audio/voice/en/hub.service.record.cancel.wav,We can leave the reading there. The stone will keep.,1,f3255b73fa0d6266f771384c7163b7bd439411b047aa7f62caf492b24f9ac6cf,"precise, patient; distinguishes evidence from wishes",1,19b218d29b3423dd14474566855652fee62eea96971db68bac34223a61270634,,not_authored,core-candidates,False
en,en,hub.service.record.insufficient,record_keeper,TTS-English-en/core-candidates/record_keeper/hub.service.record.insufficient.txt,audio/voice/en/hub.service.record.insufficient.wav,You haven’t brought what this working needs. We can still look at the inscription.,1,97d85a56c8f29123930696992eedb82032fca37f73b62595b8d6d1f43960800b,"precise, patient; distinguishes evidence from wishes",1,19b218d29b3423dd14474566855652fee62eea96971db68bac34223a61270634,,not_authored,core-candidates,False
en,en,hub.service.artificer.greet,artificer,TTS-English-en/core-candidates/artificer/hub.service.artificer.greet.txt,audio/voice/en/hub.service.artificer.greet.wav,Lay it flat. I want to see the worn side.,1,603b713d77164ebb22d8e478472c63c579f86b155f45bdb3032502296dca87e1,"plain, tactile; interested in wear and function",1,4275fb74e07718e92641e7e9f9bba3499cd63aa1aec944fe5afccf71658a56a5,,not_authored,core-candidates,False
en,en,hub.service.artificer.cancel,artificer,TTS-English-en/core-candidates/artificer/hub.service.artificer.cancel.txt,audio/voice/en/hub.service.artificer.cancel.wav,Take it with you. I haven’t changed anything.,1,a859c8eae290d92068f612e021719d95ac0829267988b544f1efcee69e776614,"plain, tactile; interested in wear and function",1,4275fb74e07718e92641e7e9f9bba3499cd63aa1aec944fe5afccf71658a56a5,,not_authored,core-candidates,False
en,en,hub.service.artificer.insufficient,artificer,TTS-English-en/core-candidates/artificer/hub.service.artificer.insufficient.txt,audio/voice/en/hub.service.artificer.insufficient.wav,I’m short of what this repair needs. I won’t take payment for half a job.,1,27413ca2ee7b9c183508be3891a393c952f079e694831c2044d19eb7d8ef9276,"plain, tactile; interested in wear and function",1,4275fb74e07718e92641e7e9f9bba3499cd63aa1aec944fe5afccf71658a56a5,,not_authored,core-candidates,False
en,en,hub.service.salvager.greet,salvager,TTS-English-en/core-candidates/salvager/hub.service.salvager.greet.txt,audio/voice/en/hub.service.salvager.greet.wav,Set your pack down. Show me how you move.,1,ef7668b98839872b5e5678a9277bd985205b46725f7df84b7bdc0fd0e18e4af6,unhurried; watches the body rather than the boast,1,0a877887834e89f1833b7ec36e5bae25f0ab4e09a0d32a5dc77bee0716ad3dce,,not_authored,core-candidates,False
en,en,hub.service.salvager.cancel,salvager,TTS-English-en/core-candidates/salvager/hub.service.salvager.cancel.txt,audio/voice/en/hub.service.salvager.cancel.wav,"Another time, then. Rest counts for something.",1,e6fe59269a2c626b26a37ba8eed6fe0c33fd85f80fa5f8dbf06a69ffe55c7d16,unhurried; watches the body rather than the boast,1,0a877887834e89f1833b7ec36e5bae25f0ab4e09a0d32a5dc77bee0716ad3dce,,not_authored,core-candidates,False
en,en,hub.service.salvager.insufficient,salvager,TTS-English-en/core-candidates/salvager/hub.service.salvager.insufficient.txt,audio/voice/en/hub.service.salvager.insufficient.wav,You’re missing what we need for that lesson. We can work on your footing here.,1,586422acfb800b43950c379e8d9bf6b9b6ad72bc5731b4139cdb397c5565f045,unhurried; watches the body rather than the boast,1,0a877887834e89f1833b7ec36e5bae25f0ab4e09a0d32a5dc77bee0716ad3dce,,not_authored,core-candidates,False
en,en,hub.service.dealer.greet,relic_dealer,TTS-English-en/core-candidates/relic_dealer/hub.service.dealer.greet.txt,audio/voice/en/hub.service.dealer.greet.wav,"Let’s see the whole piece, including the damage.",1,3f0412b859e9e8c485f7237d06a0eb783736084f1ae53f2709ada3d0165ac06c,"commercial, alert, without a theatrical sales patter",1,b11e7e5f47857528f6a20afaab3b6aa4d6be52c080e807333895f49e4cc4bf31,,not_authored,core-candidates,False
en,en,hub.service.dealer.cancel,relic_dealer,TTS-English-en/core-candidates/relic_dealer/hub.service.dealer.cancel.txt,audio/voice/en/hub.service.dealer.cancel.wav,Back in your bag it goes. An offer isn’t a sale.,1,87e652baa3abd3b5d994dd41412e6c7ae8ec0dfc1d43db7149163a364b1c2121,"commercial, alert, without a theatrical sales patter",1,b11e7e5f47857528f6a20afaab3b6aa4d6be52c080e807333895f49e4cc4bf31,,not_authored,core-candidates,False
en,en,hub.service.dealer.insufficient,relic_dealer,TTS-English-en/core-candidates/relic_dealer/hub.service.dealer.insufficient.txt,audio/voice/en/hub.service.dealer.insufficient.wav,That isn’t enough for this piece. Keep your coin until you’re sure.,1,0ca9f984a0aea6f7f9851d2406228c0cf327153aceeeb11037450a59a02513a1,"commercial, alert, without a theatrical sales patter",1,b11e7e5f47857528f6a20afaab3b6aa4d6be52c080e807333895f49e4cc4bf31,,not_authored,core-candidates,False
en,en,hub.ordinary_sale,relic_dealer,TTS-English-en/core-candidates/relic_dealer/hub.ordinary_sale.txt,audio/voice/en/hub.ordinary_sale.wav,"Common coin, ordinary silver. I can give you a price for those.",1,381c6de374de0cc5e89210999bae7541f725d0955843947a4dc3d0affa1ef0db,matter-of-fact; no pressure,1,c8ff8adfb56c329bceda91c4917c3ddad8f45bc0c8ec430b168d09ee44f5042f,,not_authored,core-candidates,False
en,en,hub.service_return,artificer,TTS-English-en/core-candidates/artificer/hub.service_return.txt,audio/voice/en/hub.service_return.wav,Back already? Put it on the bench. Let’s see what survived.,2,0dc89376421b753497392cbba2c5e46f8d76155cc5ffa93bec2a2a8ee9bbef14,familiar welcome; examine before judging,1,09628c365a559d7d0b88721263a84805c1bba2758539ee8706bdae66c64a10ea,,not_authored,core-candidates,False
en,en,hub.service.record.recap,record_keeper,TTS-English-en/core-candidates/record_keeper/hub.service.record.recap.txt,audio/voice/en/hub.service.record.recap.wav,We can go through it again. Start with the part that troubles you.,1,77adb2246d8f62dc1b2ed6f3305d204a2b3326ea695f7e3eed94507bc5de2c90,patient; no hint of annoyance,1,c6fc424fa559cef1b3792da73729d87b9835c7174dd68f100f0c1caaf5b28ab0,,not_authored,core-candidates,False
en,en,hub.service.salvager.refresh,salvager,TTS-English-en/core-candidates/salvager/hub.service.salvager.refresh.txt,audio/voice/en/hub.service.salvager.refresh.wav,Show me the part you want to practise. We’ll do it where a mistake is cheap.,1,65ee776de91d01b4157e154e9a60a3410512bcd17da0533df4d2f778c20ac53c,"calm, matter-of-fact",1,dfcd3bc8c9e0aca712e47b832ae2c7f8896f0df05be929e1ad66cdb38841f537,,not_authored,core-candidates,False
en,en,hub.service.tavern.kit,tavern_keeper,TTS-English-en/core-candidates/tavern_keeper/hub.service.tavern.kit.txt,audio/voice/en/hub.service.tavern.kit.wav,Kit’s staying here to recover. I’ll keep a place clear when you get back.,1,79477c71b168e68c042d7e2728a383d9984c1ec152a047967e9c897d4a454ec3,"reassuring, practical",1,fa154a3d469f20a1e51de353decc6501627727148c9d79fbe9e7911aa2b7a892,,not_authored,core-candidates,False
en,en,access.abbey_problem,salvager,TTS-English-en/core-candidates/salvager/access.abbey_problem.txt,audio/voice/en/access.abbey_problem.wav,"The Abbey door is underwater. There are air pockets beyond, if you can reach them.",1,68e593f7f77f52467005b874ad713d2fc944e6c41ff1a0bf1dc1b177a1e1895e,sober; no dare,1,af53847a1dc0eb5d892cb7bc0b90536ddc43de3f2b54614d107cdef6e85a3011,,not_authored,core-candidates,False
en,en,access.abbey_alternatives,salvager,TTS-English-en/core-candidates/salvager/access.abbey_alternatives.txt,audio/voice/en/access.abbey_alternatives.wav,"A ward, a breathing rig, or training for the crossing. Choose a way you can rely on.",1,24bc92aad91006b5cb19d84d0d260491377d6855fea1af2ad02a21eac30cd3a7,plain; makes the alternatives equal,1,ad569356f51037e153ea151f5b8fd737325f8273d89de1c453c08288756906dc,,not_authored,core-candidates,False
en,en,access.magic_offer,record_keeper,TTS-English-en/core-candidates/record_keeper/access.magic_offer.txt,audio/voice/en/access.magic_offer.wav,"Restore the shrine’s binding, and I can teach you a ward for the crossing.",2,c0b6bd6679124b4b7763b61de5f3495e200000fec33ab5c090ea75b49e3ab0aa,measured confidence,1,23555553096a1b883c936060157b16925548050e77e60b594900e992c9a36e7a,,not_authored,core-candidates,False
en,en,access.magic_task,record_keeper,TTS-English-en/core-candidates/record_keeper/access.magic_task.txt,audio/voice/en/access.magic_task.wav,We’ll begin with the marks at the wayside shrine. Read the whole binding before you try to mend it.,1,e51bd57f5677c9ebb1c433bf233affb5ed893eb698462ee5e7eee6846c632a25,careful teacher,1,d5505eaec676fa218c13216360deb53b431e927830ca40e0d82582ddae2c876c,,not_authored,core-candidates,False
en,en,access.magic_progress_read,record_keeper,TTS-English-en/core-candidates/record_keeper/access.magic_progress_read.txt,audio/voice/en/access.magic_progress_read.wav,Which part of the inscription is still broken? Start there.,1,2f0a976a5866681dec8827cc1c4f55d753e714ac6de8058dce1b6072d55c1217,gentle redirection,1,879cb54a6ac22b0015d4b15c92a8c68a30c3356cfe399909b6c4e63d612fe016,,not_authored,core-candidates,False
en,en,access.magic_progress_test,record_keeper,TTS-English-en/core-candidates/record_keeper/access.magic_progress_test.txt,audio/voice/en/access.magic_progress_test.wav,A bright mark is not proof of a sound binding. Test it before you trust it.,1,08f34e6afd60846971c7365a0a82599975c6dd5b7f519b0a355faebf2d9139af,precise; no scolding,1,9937493b76a05019fd5c771f87abfaadd7e9de28c188cdfe4c5acf8ac92d5c84,,not_authored,core-candidates,False
en,en,access.magic_limit,record_keeper,TTS-English-en/core-candidates/record_keeper/access.magic_limit.txt,audio/voice/en/access.magic_limit.wav,It will buy you breath. It will not last forever.,1,2faddf3222750890cf2a7544f70ef200edf26ee17b6c9c15e15ddee6389d0f97,explicit; let the limit land,1,4fc193e53bca2d2cb7ad4d48519ff0354e16137c31a5e1bc4115eb9ade1aa154,,not_authored,core-candidates,False
en,en,access.magic_retry_rest,record_keeper,TTS-English-en/core-candidates/record_keeper/access.magic_retry_rest.txt,audio/voice/en/access.magic_retry_rest.wav,Stay in the clear air until you’re ready. We can try again here.,1,7cde152c142cf608f4a44c3f7f52da6e3bb10d0d68c2f22dc7413ebcb4b4e9b2,"steady, unembarrassed",1,5e5d906a0f5798e53b009ee3036030d32236f87b2a772ed74fc6ff3bd26b601d,,not_authored,core-candidates,False
en,en,access.magic_complete,record_keeper,TTS-English-en/core-candidates/record_keeper/access.magic_complete.txt,audio/voice/en/access.magic_complete.wav,The binding held through the trial. You can use the ward for the Abbey crossing.,1,556f8acf596a51bbb5d13a6c3c13f589d56718f66324159616c29f38dee9564b,pleased by proof,1,4500da546af0b7bfe7f52372d1dc4603a12b4e8efc294aa2d2facdc316151e06,,not_authored,core-candidates,False
en,en,access.magic_complete_limit,record_keeper,TTS-English-en/core-candidates/record_keeper/access.magic_complete_limit.txt,audio/voice/en/access.magic_complete_limit.wav,Use the places where you can breathe. The ward gets you between them.,1,3a297da3acb8d26176dc39d2cba1cf410e389b71c400110b64293f33c13b0afb,calm emphasis,1,5b8df15ea89b222911042169df5f908e7c5ddc958880bf14313e75e52e3f0e61,,not_authored,core-candidates,False
en,en,access.tech_offer,artificer,TTS-English-en/core-candidates/artificer/access.tech_offer.txt,audio/voice/en/access.tech_offer.wav,The mill has a sound air chamber. Help repair its gearing; I’ll fit you a breathing rig.,2,ff0910c404751aac929bfadb6bfddb671462b76f5d076b77679525647441902a,practical; sees a repair that benefits two things,1,52f117e79a903d38723d83ddb918d592c81ede17404e64339a3712fb02da8a76,,not_authored,core-candidates,False
en,en,access.tech_task,artificer,TTS-English-en/core-candidates/artificer/access.tech_task.txt,audio/voice/en/access.tech_task.wav,Let me check the chamber before we remove anything. The mill still needs to work when we’re done.,1,8b9f5e0a9985392db65642bf84851c2275ca8cd12b0abbfa0262f8564393b2b9,firm care for shared equipment,1,fd5920b23498b90e7e713447fd8ec275a25aa5e7a02bceaed906f00f0c4f1dc9,,not_authored,core-candidates,False
en,en,access.tech_progress_fit,artificer,TTS-English-en/core-candidates/artificer/access.tech_progress_fit.txt,audio/voice/en/access.tech_progress_fit.wav,"Set the recovered fitting beside the old one. We need the fit, not just the right-looking metal.",1,9f19bb29cd07e7a8818af2b4f71b1880ab8d1dd3d85cb4330ef6e8d375378374,hands-on,1,5a7c0000c9c5fe5096268a9cf9c2555922a787d86bf018f8ab4a1ed1374cd5df,,not_authored,core-candidates,False
en,en,access.tech_progress_joint,artificer,TTS-English-en/core-candidates/artificer/access.tech_progress_joint.txt,audio/voice/en/access.tech_progress_joint.wav,"A loose joint is an inconvenience up here. Underwater, it’s the whole problem.",1,afbf93b34bd8c40a9d8fd8dffa18f092c534e4207dc58cebd22d88ffd1b41b37,dry; not grim for its own sake,1,062051136a87bb7c93357ebc9648facf901a50c93f9ac2cdec35280369774d31,,not_authored,core-candidates,False
en,en,access.tech_test,artificer,TTS-English-en/core-candidates/artificer/access.tech_test.txt,audio/voice/en/access.tech_test.wav,Shallow water first. We find the leaks here.,1,d9f243ed010f7bb0c4190b421d985c8d6530fc577122ba2a4c18d3cc728861b9,insists on proof,1,647f756fee0d7f0074d10b6c8770f1e6d8f50d9d087bbc21adef48ee91f80f79,,not_authored,core-candidates,False
en,en,access.tech_retry,artificer,TTS-English-en/core-candidates/artificer/access.tech_retry.txt,audio/voice/en/access.tech_retry.wav,Out of the water. Let me check the joint before you try again.,1,f9770b2c410cf57f6a082ff19ba501ab10cd9773221b2ed0c2fc37ca5347f3cc,"immediate, controlled",1,7f2d85258e4ce5e80733860aa4f0ec68977fa9e5f9460d02732b91989efea73f,,not_authored,core-candidates,False
en,en,access.tech_complete,artificer,TTS-English-en/core-candidates/artificer/access.tech_complete.txt,audio/voice/en/access.tech_complete.wav,No leak in that trial. The rig’s ready for the crossing.,1,08b6b8724f4a7fc00bc9d33b7fcf9238cb75bdc7be0a844dab22ebe137c91a41,quietly satisfied,1,cb17f959c0972124b0eaf41f4bc0112668c3f198a99125fba36bb2a2d96e141c,,not_authored,core-candidates,False
en,en,access.tech_complete_limit,artificer,TTS-English-en/core-candidates/artificer/access.tech_complete_limit.txt,audio/voice/en/access.tech_complete_limit.wav,It carries a supply of air. It doesn’t make more. Stop where you can breathe.,1,ef7dbc4c7ed27380e86317824d6820b632f55ca7dd3838268269237da52ef9a2,concrete limit,1,6295bac9c2052133d83177fe951b9fd8a24cf683076d85d713db3204c308e48b,,not_authored,core-candidates,False
en,en,access.body_offer,salvager,TTS-English-en/core-candidates/salvager/access.body_offer.txt,audio/voice/en/access.body_offer.wav,I can teach you the crossing. Slow your breathing. Learn where you can surface.,1,aebedc3ce516adeb2fb3f73a1f7e698bc7e24fee16c7552ffeb7de818fbdfa97,calm; no boasting,1,176dd58d29fb330e09a0a3747cc3e56dc105078fca2500fe88deb75f3944c569,,not_authored,core-candidates,False
en,en,access.body_task,salvager,TTS-English-en/core-candidates/salvager/access.body_task.txt,audio/voice/en/access.body_task.wav,We practise near a way out. Getting across is only half the lesson.,1,617abef38d9b4b35f436bb6c34b2f073e99aeb6e3f8d811b2f496d31176bb152,quiet authority,1,dbe19a669971e457d73c426ab83d29e6c77776b1170443ed2ef637a9c1fee13c,,not_authored,core-candidates,False
en,en,access.body_progress,salvager,TTS-English-en/core-candidates/salvager/access.body_progress.txt,audio/voice/en/access.body_progress.wav,Find your way back before you leave the edge. Show me.,1,85324c34e4bb5ef79bbc6a3aba511e1d6338c4c4de0110cba377fa03ecd5dcb6,invites player action,1,71db0a026fa261807bc236d49ceec94c235e92fd37f65548b524dfbb12d9b712,,not_authored,core-candidates,False
en,en,access.body_limit,salvager,TTS-English-en/core-candidates/salvager/access.body_limit.txt,audio/voice/en/access.body_limit.wav,Being strong won’t make water into air. Turn back while you still can.,2,f543cfa80ecaec327582b0d042927e91925ee707c070bd284b967544c5c0175e,"firm, unsentimental",1,41cda4c01bd55babe9911d1e3ad52277807ea9d0c18b812010cbed23394bd098,,not_authored,core-candidates,False
en,en,access.body_retry_stop,salvager,TTS-English-en/core-candidates/salvager/access.body_retry_stop.txt,audio/voice/en/access.body_retry_stop.wav,You came back. Good. Stay here until your breathing settles.,1,dc0669df74d50ae82a4826cda273129cc61ebf13e3ddcf77fc5293bdcd28e75b,no shame in retreat,1,f2574a35b5c0196dde9de6cccaf72f630e0e268984ff9dc5512d2f049cfec394,,not_authored,core-candidates,False
en,en,access.body_retry_plan,salvager,TTS-English-en/core-candidates/salvager/access.body_retry_plan.txt,audio/voice/en/access.body_retry_plan.wav,"On the next try, keep enough in reserve to return.",1,e48064248f1be244b744cf590792b4896a984793a2a8299027c6aa1b9867c3b6,"short, serious",1,7c7e0156df5dfb7519c53780b989e0a88db722305dd8a55ccfa26cde116fb4ce,,not_authored,core-candidates,False
en,en,access.body_complete,salvager,TTS-English-en/core-candidates/salvager/access.body_complete.txt,audio/voice/en/access.body_complete.wav,You found the next air point and kept a way back. That’s the crossing learned.,1,a39aa7cd4f6e818920e8ce2aedb1fb817cde82ec14a012abc2ca165676891797,specific acknowledgement,1,bb27d54aa71c5b4f5816471a92d3ecb98f8073e5da4d6bc5dce131a3041ac056,,not_authored,core-candidates,False
en,en,access.body_complete_limit,salvager,TTS-English-en/core-candidates/salvager/access.body_complete_limit.txt,audio/voice/en/access.body_complete_limit.wav,"At the Abbey, stop and look again. Don’t spend your breath proving the lesson.",1,20456e7e1321fd4f20c2c90015df0ecbdc5d8911b59462686bfd6ec0eff89b2f,affectionate firmness,1,560a35f739e01819f8f7a65b09cacd19aac2cef947aeeb159d7ad4bd238e037b,,not_authored,core-candidates,False
en,en,access.abbey_ready,salvager,TTS-English-en/core-candidates/salvager/access.abbey_ready.txt,audio/voice/en/access.abbey_ready.wav,You’ve made the practice crossing. Use the same care at the Abbey.,2,6fd7777e0f5e41be13a45c799d4fe32ed504c8e0fb6c8e2b1acc98950397f596,satisfied; no triumphalism,1,6eaebb47e9127da1dd7e1bd247ac7e3ae2fb5fe75de4f3bb6ad0884099096bf7,,not_authored,core-candidates,False
en,en,access.foundry_problem,tavern_keeper,TTS-English-en/core-candidates/tavern_keeper/access.foundry_problem.txt,audio/voice/en/access.foundry_problem.wav,The Foundry bridge has gone. The old maintenance path may still reach the far side.,1,6d3468bf5202d2546e730a449bfd8a230907fef58b304d392bbba91c47ca6a2f,former caravan leader; assesses routes,1,539554a18a2e5b985739800bde966a76eb11b9dc4227b320b6f1fdd334f9a7bb,,not_authored,core-candidates,False
en,en,access.foundry_alternatives,tavern_keeper,TTS-English-en/core-candidates/tavern_keeper/access.foundry_alternatives.txt,audio/voice/en/access.foundry_alternatives.wav,"Ask the smith about the span, the shrine keeper about the stones, or the salvager about the climb.",1,0eb0283779bdba6dfabaf51cb5894382479d5140eba467d726837a79599feebf,three practical options,1,045a69644cedc89930f8ab44b41c516a1f83bb8ef04a0dff998c85508bc4aaa0,,not_authored,core-candidates,False
en,en,access.bridge_tech,artificer,TTS-English-en/core-candidates/artificer/access.bridge_tech.txt,audio/voice/en/access.bridge_tech.wav,"The anchors held. With the right fittings, that span can carry you again.",1,a14184d6e31186cac3d9a1367b5b36d3c77bf6ed528b8c49467f92bf99e1d5f8,assesses remains,1,5a491615769e61c0801203267be66a46e9c97e9eee53ea9fee9688ed28610ac8,,not_authored,core-candidates,False
en,en,access.bridge_task,artificer,TTS-English-en/core-candidates/artificer/access.bridge_task.txt,audio/voice/en/access.bridge_task.wav,We check the load from this bank before anyone crosses.,1,5b284ebbbfa1dea6ac9ec8eeb6bef4775393eef3236f0493bb79ed32aeb4bfee,"practical, uncompromising",1,7eea881c06a5e50cffceac2a87f9a90d6bd45f83e1dd308a206bfa2590303404,,not_authored,core-candidates,False
en,en,hub.access.bridge.progress,artificer,TTS-English-en/core-candidates/artificer/hub.access.bridge.progress.txt,audio/voice/en/hub.access.bridge.progress.wav,Keep off the span until the repaired joints have been tested.,1,de7c2a28c6cadf108c65beb190c2b62772064badb1010f04330fb943f4deffcf,clear boundary,1,a25221bc1a671b4b6189341f26dfc8c4462802011e415e8c99bfcd64ee6d2c13,,not_authored,core-candidates,False
en,en,hub.access.bridge.retry,artificer,TTS-English-en/core-candidates/artificer/hub.access.bridge.retry.txt,audio/voice/en/hub.access.bridge.retry.wav,That joint moved. Stay on this bank while I check the fitting.,1,8f0db8839f7a19190da13e94f73d73f05d3ea7d32018aa5f3db48b74a13c640e,"alert, without panic",1,bcfadc67adf604eef9ca3653587ec47d0cd88c4dace8f95f5d2e23dd555c1d7d,,not_authored,core-candidates,False
en,en,access.bridge_complete,artificer,TTS-English-en/core-candidates/artificer/access.bridge_complete.txt,audio/voice/en/access.bridge_complete.wav,The repaired span held the test. You can cross.,1,f220d1ddfd5e8a9ef5bf3074e1a4fe7ec265ff026ace46dc3d520c444092f043,earned confidence,1,2431210a8d952dea80cebb90eb3739601ea61f901c1a4fe4e4aa3029b4bea0a8,,not_authored,core-candidates,False
en,en,access.bridge_return,artificer,TTS-English-en/core-candidates/artificer/access.bridge_return.txt,audio/voice/en/access.bridge_return.wav,"It gives you a way back, too. Keep that in mind before going deeper.",1,a24bce1bf1a07d713400a62453d3d361e6fcae630f979f3ce75e49c30eedd374,practical care,1,4a28ccc45e5363ed07525b123abe29b930e77566d817663387e043833e67da0c,,not_authored,core-candidates,False
en,en,access.crossing_magic,record_keeper,TTS-English-en/core-candidates/record_keeper/access.crossing_magic.txt,audio/voice/en/access.crossing_magic.wav,Those stones carried a crossing charm. We can restore it.,1,2ff6133e933ba7fd0394387c88529a350c1f87515bbc7c9e38b096fc6104ffed,inspects surviving evidence,1,3fc166819c192a81e36a920529df421e04d7ade70f55b4d85d401e9a03557186,,not_authored,core-candidates,False
en,en,access.stones_task,record_keeper,TTS-English-en/core-candidates/record_keeper/access.stones_task.txt,audio/voice/en/access.stones_task.wav,We’ll test the near part first. No one needs to step over the gorge to begin.,1,e13c389486aa3221ed61631f305ccfef34a143041412eae0d49d417839658ee1,"measured, reassuring",1,d058373cada57f47ed8067436eb876ddd5c3ceb4c8e4cdded2bfa827d529e283,,not_authored,core-candidates,False
en,en,hub.access.stones.progress,record_keeper,TTS-English-en/core-candidates/record_keeper/hub.access.stones.progress.txt,audio/voice/en/hub.access.stones.progress.wav,The charm must carry you back as well as out. Check the return before extending it.,1,dcbedbb10fef1011f5ebbc24cbd9c872cf5e145064794c19262cf12610dc03d8,careful; treats a working as a whole,1,a138cdbf1b3557b4c6ce20302b74b8bf449bdae49059b84e1c083abf29d92fa1,,not_authored,core-candidates,False
en,en,hub.access.stones.retry,record_keeper,TTS-English-en/core-candidates/record_keeper/hub.access.stones.retry.txt,audio/voice/en/hub.access.stones.retry.wav,It didn’t hold. We stay on solid ground and read the binding again.,1,a2a8693225e7734e446555af92fa60cc25887acbb357c81e251faab5ad1e9292,composed; welcomes evidence,1,ac5fe63fc0668a538150a0f970b749b5a2875cb442a11a535261528c5ee300ff,,not_authored,core-candidates,False
en,en,access.stones_complete,record_keeper,TTS-English-en/core-candidates/record_keeper/access.stones_complete.txt,audio/voice/en/access.stones_complete.wav,The crossing holds in both directions. Take it at the pace we tested.,1,168e974e452619d2dd00e6b87e865e225dc2a02e4ec315e870524d79d59c9002,measured confidence,1,23555553096a1b883c936060157b16925548050e77e60b594900e992c9a36e7a,,not_authored,core-candidates,False
en,en,access.stones_limit,record_keeper,TTS-English-en/core-candidates/record_keeper/access.stones_limit.txt,audio/voice/en/access.stones_limit.wav,This working carries you over the gorge. Smoke inside is another matter.,1,51ab13fa344c537f57d469524f3d7f0785699bce1bc86636936eb26fb2793161,keeps capabilities bounded,1,d9a624d140d7c7312fb64ee08a01e7dab765cba890551763df620299c8afe50e,,not_authored,core-candidates,False
en,en,access.climb_body,salvager,TTS-English-en/core-candidates/salvager/access.climb_body.txt,audio/voice/en/access.climb_body.wav,Use the old maintenance climb. Test each hold before you put your weight on it.,1,8b8ff6a533d98199d618f3e1ea7a5bb3e6ca72584d6eb8b047c5de0fe010226d,points out reachable holds,1,f279971270dba9a04230ce3f8e3200d9317a7317a7aa634ceb14aeef2ce76a1b,,not_authored,core-candidates,False
en,en,access.climb_task,salvager,TTS-English-en/core-candidates/salvager/access.climb_task.txt,audio/voice/en/access.climb_task.wav,We’ll practise coming down before we practise going higher.,1,61703021b3c3e3d7ba0291c0606dcc5f32826864d8c0a978d326b9490877ed20,matter-of-fact,1,7caa8048fd678855ba80094fc9660b7f0c129180840055978206f742cd892142,,not_authored,core-candidates,False
en,en,hub.access.climb.progress,salvager,TTS-English-en/core-candidates/salvager/hub.access.climb.progress.txt,audio/voice/en/hub.access.climb.progress.wav,"Find a place to rest, then look for the next hold. Don’t hang there making plans.",1,93ebf06542e80437aac1ff80d80baf60e188ac6768bbc8475e1900e2ba6b3ab3,brief practical coaching,1,05478c6d13a10fe7ae001d6081633f4f1f048f695a72f8f83ea53967f8051eb9,,not_authored,core-candidates,False
en,en,hub.access.climb.retry,salvager,TTS-English-en/core-candidates/salvager/hub.access.climb.retry.txt,audio/voice/en/hub.access.climb.retry.wav,Feet on the ground. Let your hands rest; the wall can wait.,1,ce275a006995d61c660a3ccb08a74a32e611b7bded56e22139a95922dab3fdde,steady; removes pressure,1,9ea6ab6e7c5401eb8ae509b86f55198cc4687d4538fd56809fcc0ccb02b6f67e,,not_authored,core-candidates,False
en,en,access.climb_complete,salvager,TTS-English-en/core-candidates/salvager/access.climb_complete.txt,audio/voice/en/access.climb_complete.wav,You’ve made the climb and the way down. The maintenance route is open to you.,1,d89be5d024eddd4c4196d56f4c0adc731d557cae1e853aa18fad53bac1aa9b09,"satisfied, restrained",1,e011daf217c1c7253147bd423e108e67ad5ad7f25f196eefc196d155cfb4c30f,,not_authored,core-candidates,False
en,en,access.climb_smoke,salvager,TTS-English-en/core-candidates/salvager/access.climb_smoke.txt,audio/voice/en/access.climb_smoke.wav,Strong arms won’t help your lungs in there. Plan where you’ll get clear air.,1,d000803a44fe3ff536e63f0316e658ab51d0ff42a576852f89494dbad9968f02,firm distinction,1,587674c09e52066edf523cb449822e47f29de5ce6781fc93a474a82a4b98c005,,not_authored,core-candidates,False
en,en,access.smoke_tech,artificer,TTS-English-en/core-candidates/artificer/access.smoke_tech.txt,audio/voice/en/access.smoke_tech.wav,This filter will help with the smoke. Get clear before it clogs.,1,8db3936734f4f849582905d026dc1b211deed2937f08472882643d6f22288dc4,honest limits,1,8571b2e390e76b2810f447e74854ca264bc9a1cde01fee37a32486684fb73c4b,,not_authored,core-candidates,False
en,en,access.smoke_magic,record_keeper,TTS-English-en/core-candidates/record_keeper/access.smoke_magic.txt,audio/voice/en/access.smoke_magic.wav,Keep the ward steady through the smoke. Find clean air before it fades.,1,6fd7b53dda9546dcda770c73976ba35eb592a38c55417fac155ad7354cf7e2da,clear instruction,1,d3bfec93bed8c74e8bec1a442c2659c88c30dca115a0e8a9a7391abb9d1a0d9d,,not_authored,core-candidates,False
en,en,access.smoke_body,salvager,TTS-English-en/core-candidates/salvager/access.smoke_body.txt,audio/voice/en/access.smoke_body.wav,"Take the short gaps between clear air. If your chest tightens, go back.",1,6659994d9529f4a1f3ae0cedc437d12933be985f95aedfd224584fa9e4b5f47b,serious; never macho,1,479ab47d19b072f4e10f02546b85b64bb49c376e1bc4eb47a1604022168cf96c,,not_authored,core-candidates,False
en,en,access.smoke_separate,salvager,TTS-English-en/core-candidates/salvager/access.smoke_separate.txt,audio/voice/en/access.smoke_separate.wav,Getting over the gorge settles the crossing. It doesn’t settle what you’ll breathe inside.,1,d2365b9aa9c2351a35c8f8b31749ee290bdeae58b8e57dfad90ccc48e291b9ed,plain,1,a116c9ed46d6207734a43317d30fd88f52ac8634c37d904bbf4e41d865f90475,,not_authored,core-candidates,False
en,en,access.smoke_retreat,salvager,TTS-English-en/core-candidates/salvager/access.smoke_retreat.txt,audio/voice/en/access.smoke_retreat.wav,"Use the clear stretches to recover. If you can’t reach the next one safely, come back and prepare.",1,ebcae85f4ea78692f69d204705fdc7d5d7836e0aba3ee544f6b7f882c6a4cbbb,practical; makes retreat normal,1,6decf3eecaaa2e9b9335523dfba8cabe2631ad66a519a63770d89b578837f7b0,,not_authored,core-candidates,False
en,en,hub.named_relic,relic_dealer,TTS-English-en/core-candidates/relic_dealer/hub.named_relic.txt,audio/voice/en/hub.named_relic.wav,That one’s marked. Find whose mark it is before you decide.,2,93607bb6fe6835d8423e9885e3d35c4b81f80e42524635e8e6b1986e1fb82620,observant,1,fd8de02ab9c707dd6497f1c9c1fc3013473a7c02049ecefb2a6691a06237a7f9,,not_authored,core-candidates,False
en,en,relic.inspect_record,record_keeper,TTS-English-en/core-candidates/record_keeper/relic.inspect_record.txt,audio/voice/en/relic.inspect_record.wav,"I can compare the mark with what we have. A resemblance is a reason to look, not proof.",1,783c195b11b7d1f4ab42aa1635f735d45ffe4e32b65f0ae09d5572d8b41e0306,precise,1,704a1142c7056b69b9b5dce8bcc23df7bb6f8e662b2a3f990854f37114485dd7,,not_authored,core-candidates,False
en,en,relic.inspect_price,relic_dealer,TTS-English-en/core-candidates/relic_dealer/relic.inspect_price.txt,audio/voice/en/relic.inspect_price.wav,I can value the metal now. Whether you want to sell it can wait.,1,30fe9f43a0c88423b45d62c924ede06d6a8d6210feba72fcdadb49f51bd11b0e,businesslike; leaves the choice open,1,8896014462f54974ca3afe80122f91c5a882cceda76ee8808fa89860613d6d36,,not_authored,core-candidates,False
en,en,relic.sale_preview,relic_dealer,TTS-English-en/core-candidates/relic_dealer/relic.sale_preview.txt,audio/voice/en/relic.sale_preview.wav,I can buy it at the price shown. You’ve also got a claim to weigh before you decide.,1,000b9fbe5cfe2b0dfbc1ae3fbae7c37fb31f7041791b7df4b06a53e531e248d7,neither cajoling nor moralising,1,8c3e3f1505540e176ad6dc3bc163d8ada2e27246ed40ab157abbe647444891ac,,not_authored,core-candidates,False
en,en,relic.sale_evidence,record_keeper,TTS-English-en/core-candidates/record_keeper/relic.sale_evidence.txt,audio/voice/en/relic.sale_evidence.wav,"The account of where it came from will remain here, whatever you choose.",1,e3e46b5b72b7d8794b508b1682b6b4a6f5b94d24e1b783f0e0e739bd5b413f8a,neutral; preserves history,1,70bb17dfc6ccb10b7a7454f95f28c2376a5356c637beef001d2a8e38de084395,,not_authored,core-candidates,False
en,en,hub.relic.decision_deferred,relic_dealer,TTS-English-en/core-candidates/relic_dealer/hub.relic.decision_deferred.txt,audio/voice/en/hub.relic.decision_deferred.wav,"Keep it for now, then. You don’t owe me a decision at the counter.",1,2903306a1df67dfc71a8f3f3b457a0fddb9ec8f232a4aa01fd901a1ed21dd806,relaxed; no inference about motive,1,559a1779fabcbe3d2d7d8a6209ed038781f5556cb3da9960063d9552601b742f,,not_authored,core-candidates,False
en,en,relic.return_preview,record_keeper,TTS-English-en/core-candidates/record_keeper/relic.return_preview.txt,audio/voice/en/relic.return_preview.wav,"The claim is established. If you want to return the piece, we can arrange the handover.",1,175bbab75864d40e398ec1cf6730d73a18614d9a3c9ca03122b12ed47b703bf5,gives a concrete option,1,f64597e2a9f400037c218697b1cf1186e4564609600483793ab999945af336f9,,not_authored,core-candidates,False
en,en,relic.return_choice,record_keeper,TTS-English-en/core-candidates/record_keeper/relic.return_choice.txt,audio/voice/en/relic.return_choice.wav,Take the time you need. This has nothing to do with opening the treasury.,1,0cdd7c5b45211c088051b2e6cb3e81949bfe427d96f3ba486380736891b75ee1,calm; does not pressure,1,ba8c91a10dad607d819337f1c4eb4a518c58a46b024b9b9b9ccd2181c45f35f5,,not_authored,core-candidates,False
en,en,relic.return_complete,record_keeper,TTS-English-en/core-candidates/record_keeper/relic.return_complete.txt,audio/voice/en/relic.return_complete.wav,The piece is back with its claimant. I’ll record the return beside its history.,1,4fb92729426b26262b0b4ea1fc392fc9352f1ae860b2af701cf8952bd9a72a74,quiet satisfaction,1,1bce4c56020624aab03ec9dae30b8d1e56f90250973815ee917185193e8c04e3,,not_authored,core-candidates,False
en,en,relic.return_dealer,relic_dealer,TTS-English-en/core-candidates/relic_dealer/relic.return_dealer.txt,audio/voice/en/relic.return_dealer.wav,Then it’s off my counter. Fair enough. Show me what else you brought.,1,b7971e6969c2262a853d5b2ac3da02b77fa83726e33e43735d0d124f091b1a76,accepts the choice without sulking,1,d3dad5544a7479ba147306c691c027aa61131bbd80585eb8c5088805f5cf4c9f,,not_authored,core-candidates,False
en,en,relic.sold_evidence,record_keeper,TTS-English-en/core-candidates/record_keeper/relic.sold_evidence.txt,audio/voice/en/relic.sold_evidence.wav,The sale didn’t erase the mark or its history. The record is still here.,1,3bd570b24b9b019f078b5058481b8a28327dfa1dd7b19587ee97eab44db3ab5c,steady,1,57e1f047b30bdadc4b84b18061faf30a0dd3d58336cbc91c8dd28a6b6f4927e9,,not_authored,core-candidates,False
en,en,relic.sold_recovery,relic_dealer,TTS-English-en/core-candidates/relic_dealer/relic.sold_recovery.txt,audio/voice/en/relic.sold_recovery.wav,Let’s check where the piece is and what it would take to recover it.,1,0a44ee6e83571d19b4d8dcbf33f9455dc36cbb0cf53a6eb57e03973f75d59b83,practical; no invented price,1,ccdfaf01c351e70709dccdf6b275f40b8fcaa550864756b63ebd05d038583556,,not_authored,core-candidates,False
en,en,hub.mill_repaired,tavern_keeper,TTS-English-en/core-candidates/tavern_keeper/hub.mill_repaired.txt,audio/voice/en/hub.mill_repaired.wav,The mill’s turning again. We can grind here instead of sending grain over the ridge.,2,bba476af80634c206207401f2d8972175af8ac6015a201a6427a2debea6781bf,pleased; a caravan journey no longer needed,1,ff01f19982e1dccadf64b0d9a66ab02ae83ca5c1b12743d965236793721baa7d,,not_authored,core-candidates,False
en,en,hub.mill_artificer,artificer,TTS-English-en/core-candidates/artificer/hub.mill_artificer.txt,audio/voice/en/hub.mill_artificer.wav,Listen to that. No knock in the gearing. That’s how it should run.,1,d7f07361bb4564b94f595a98f9ed67bfca4835af708812deac9a5e14bb99e885,ordinary workmanship pride,1,78d28c112c573697a48a30c50aacd37678430dc53dab536d0b80951f2d28a7b8,,not_authored,core-candidates,False
en,en,foundry.component,artificer,TTS-English-en/core-candidates/artificer/foundry.component.txt,audio/voice/en/foundry.component.wav,These fittings could put a wagon back on the road. If you can spare them.,1,9856365ecf3e806bcc1e2f1baccc30c690818763be1d8cf05cb21dab4d13ffd6,sees practical value,1,d5c3604bf84242cd84467527e9153b113c1b21a0c4c631ab7daf3c111b101513,,not_authored,core-candidates,False
en,en,hub.component_choice,tavern_keeper,TTS-English-en/core-candidates/tavern_keeper/hub.component_choice.txt,audio/voice/en/hub.component_choice.wav,Show them what you’d take first. Let them choose.,1,88869258142739254e1a9074ec0b40f2f22826d7993924e034d65d83cab4ae7b,fair dealing; respects the traveller,1,02b4d303b76bcb7b53f1ce88d030a142b966d0ddd357b98b28622725168adb08,,not_authored,core-candidates,False
en,en,hub.trade_arrived,tavern_keeper,TTS-English-en/core-candidates/tavern_keeper/hub.trade_arrived.txt,audio/voice/en/hub.trade_arrived.wav,A wagon came through. We unloaded it together.,1,03bf2a9ad215f6a4b226967774b603f1c7caecbc5dd545bab070c94232b3cdfa,modest hope; enjoys the mundane work,1,ea0549c519a83e04c830f2c4bbb60d39447459be9ba96479f1c6eaf2c2d9358f,,not_authored,core-candidates,False
en,en,hub.trade_stock,relic_dealer,TTS-English-en/core-candidates/relic_dealer/hub.trade_stock.txt,audio/voice/en/hub.trade_stock.wav,I’ve put the new stock out. Have a look if you need anything.,1,1094c781a9601d85ceee7894a4af5ae2b5f704af698ae01adf09e5ccfb654803,brisk; benefit made tangible,1,68bf5a406fda9effa24347a1b9efdc4d7491576a63d99efc91d44ed6ffbc3836,,not_authored,core-candidates,False
en,en,tavern.preseals.weight.1,relic_dealer,TTS-English-en/core-candidates/relic_dealer/tavern.preseals.weight.1.txt,audio/voice/en/tavern.preseals.weight.1.wav,A good haul ought to have some weight to it.,1,247befbc60459abdb6afe35f2d7f39388b7878b531d7671aa148171c597cdcba,appraising,1,01699a76aaa284aea7cec24b6b3daeff4f258ea7f9c0dfc222fe7228522111dd,,not_authored,core-candidates,False
en,en,tavern.preseals.weight.2,tavern_keeper,TTS-English-en/core-candidates/tavern_keeper/tavern.preseals.weight.2.txt,audio/voice/en/tavern.preseals.weight.2.wav,So does a broken axle. Pack for the road back.,1,3c80de864ab1d4967282344f605ead7dc2800061230daabaeadf319394dbe4b5,caravan experience,1,86692adff59261f794c21d5b060faf6656e81d1d93d21d5949aebb8ab6d10c59,,not_authored,core-candidates,False
en,en,tavern.preseals.weight.3,relic_dealer,TTS-English-en/core-candidates/relic_dealer/tavern.preseals.weight.3.txt,audio/voice/en/tavern.preseals.weight.3.wav,I was going to suggest smaller valuables.,1,57e7ffbabd3945f75a2a0d19f692ad99448a0d6611bb99f7a06fa429b8550eab,"dry, mildly affronted",1,d77826cecbb6666691be071f0a1a80e7ec2a88b7fb1f23bbdaedb406a7740b51,,not_authored,core-candidates,False
en,en,tavern.preseals.bell.1,tavern_keeper,TTS-English-en/core-candidates/tavern_keeper/tavern.preseals.bell.1.txt,audio/voice/en/tavern.preseals.bell.1.wav,They say the bell rings some nights with no hand on the rope.,1,3a54b28b0af43cf13920b9eb6833764afad56aa136ccf14018a065ab9bec3395,familiar local story,1,28f29d4314af06f4c20d9a8cceaf74b8b1c7886947b4a6d7e65deb2a2aa07f59,,not_authored,core-candidates,False
en,en,tavern.preseals.bell.2,record_keeper,TTS-English-en/core-candidates/record_keeper/tavern.preseals.bell.2.txt,audio/voice/en/tavern.preseals.bell.2.wav,They say a good many things. I’d like to hear it for myself.,1,cff661a81e67fb56bc6f163545722570771feba6eb321c47ab643a2344489e9e,curiosity without endorsement,1,7509d5192210913168586496510089cec71ab8a1909515e758f92368bfe8e2ec,,not_authored,core-candidates,False
en,en,tavern.preseals.bell.3,tavern_keeper,TTS-English-en/core-candidates/tavern_keeper/tavern.preseals.bell.3.txt,audio/voice/en/tavern.preseals.bell.3.wav,"If you do, point anyone lost toward the door. That’s what the bell was for.",1,d591a15084ea68e0f836f4cc619e62ad896988279d8549df9eef9b243af59171,warm practicality,1,edb791394098eba9e64a79eebf67d67d0b50549b9ec16f9974893dcbceb6456e,,not_authored,core-candidates,False
en,en,tavern.preseals.kit.1,kit,TTS-English-en/core-candidates/kit/tavern.preseals.kit.1.txt,audio/voice/en/tavern.preseals.kit.1.wav,I could at least sort the packs.,1,136e1d05ddbbdcdf2389e8ebca827825b22936ca0467ebd5b02747c47f37e702,"restless, trying to be useful",1,ca06a05d61968e34494f84b3c84d1e66c15206aad15f34ae1da2324ce8049ab3,,not_authored,core-candidates,False
en,en,tavern.preseals.kit.2,tavern_keeper,TTS-English-en/core-candidates/tavern_keeper/tavern.preseals.kit.2.txt,audio/voice/en/tavern.preseals.kit.2.wav,"From the chair, if you like.",1,ed798513c797dfaa3a31682d1866ee7c38c758c2ea120b514c1dee28074a3a2e,accommodating but firm,1,8792896ffdba832196ca3232c70a479bc17af6bbe338d6bc27ceaf6f0dee8f53,,not_authored,core-candidates,False
en,en,tavern.preseals.kit.3,salvager,TTS-English-en/core-candidates/salvager/tavern.preseals.kit.3.txt,audio/voice/en/tavern.preseals.kit.3.wav,Leave the carrying to someone who isn’t recovering.,1,4de3bf208e530367af682e1f814ccc48160f2a0637e17111179cf8996f6d0e0f,affectionate authority,1,f67bb34e687cf5952780a6a7708d8f99d9728e16dba94cd95751b85618be5430,,not_authored,core-candidates,False
en,en,tavern.oneseal.pack.1,tavern_keeper,TTS-English-en/core-candidates/tavern_keeper/tavern.oneseal.pack.1.txt,audio/voice/en/tavern.oneseal.pack.1.wav,"One road behind you, another still to try. I’d repack before setting out.",1,9273611af4650b3571dcc75b5d71725c27b61676f6fdafd658ba0d21b6d30470,route-wise,1,99c142ec8866395d173d37abc12bbfa775b520ee7c1676eb97ce28855fae03a8,,not_authored,core-candidates,False
en,en,tavern.oneseal.pack.2,artificer,TTS-English-en/core-candidates/artificer/tavern.oneseal.pack.2.txt,audio/voice/en/tavern.oneseal.pack.2.wav,Bring the gear over. I’ll show you what needs checking.,1,eac35f560005df95b800c3036564a90237da3a9c649056875db3e8a16a1ebd72,offers a practical next step,1,1104d7db27b2481dbd7129080f4662f0a3e207bf7d77960f2a08037ab9dd0ffc,,not_authored,core-candidates,False
en,en,tavern.oneseal.pack.3,salvager,TTS-English-en/core-candidates/salvager/tavern.oneseal.pack.3.txt,audio/voice/en/tavern.oneseal.pack.3.wav,After you’ve sat down.,1,02f5dd5fb1a05e70b3ec622a65177c9d63601b10b3dbe2b6fd790e3e7f546951,quiet interruption,1,cd8db9db71d08c1306fe8ae2e23d87bd714eb6d90ac32353536a60bcfdd4f67e,,not_authored,core-candidates,False
en,en,tavern.oneseal.claims.1,relic_dealer,TTS-English-en/core-candidates/relic_dealer/tavern.oneseal.claims.1.txt,audio/voice/en/tavern.oneseal.claims.1.wav,A royal stamp makes a piece easier to sell.,1,2177d4d890657bad1e3a34915787f3244692f5918d694c88155db88eec8907f0,trade observation,1,1c58918fbee7bb1f91f5dbb99fbcf9b28ce05b34e394c9361d7d4aaa01b67cc6,,not_authored,core-candidates,False
en,en,tavern.oneseal.claims.2,record_keeper,TTS-English-en/core-candidates/record_keeper/tavern.oneseal.claims.2.txt,audio/voice/en/tavern.oneseal.claims.2.wav,It tells you who claimed it. Not how they came by it.,1,c3fdb3491ba8358693b2dc7ead4151f7ecd12434086963e025ae38e300db36d1,precise distinction,1,3c4a9e294a23b5d43df91c08a351dc8788138acd853c71c18b6f64b2c2e2b231,,not_authored,core-candidates,False
en,en,tavern.oneseal.claims.3,relic_dealer,TTS-English-en/core-candidates/relic_dealer/tavern.oneseal.claims.3.txt,audio/voice/en/tavern.oneseal.claims.3.wav,That’s why I asked you to read it.,1,b4becb3c16d9628deee48789912bbbfd914d109d635a56735cf627dba44a9aad,practical acceptance,1,4ac372a62dc0b3a9e622f529dfce70f109d00abda0f2e46b30d45b1a6070635b,,not_authored,core-candidates,False
en,en,tavern.oneseal.kit.1,kit,TTS-English-en/core-candidates/kit/tavern.oneseal.kit.1.txt,audio/voice/en/tavern.oneseal.kit.1.wav,Bring back one piece I can look at without getting out of this chair.,1,9e3e33868aa57d8cb1ff9112e480a0b5b177451b44c9d9f90d04bb81c3990258,wry impatience,1,736ba05e500ffdcf1c019ee780de44a096bf7a29c63217080b04b35b261c1dd2,,not_authored,core-candidates,False
en,en,tavern.oneseal.kit.2,artificer,TTS-English-en/core-candidates/artificer/tavern.oneseal.kit.2.txt,audio/voice/en/tavern.oneseal.kit.2.wav,Something that isn’t dripping on my tools.,1,f742f059ada1e2b1a11083732212c410ddfcc6fe6b1bab394206c167434d65b5,dry,1,b755cb248c3c4a7d94f835b4421809336e7015850342064be4dfa23349dcdcaa,,not_authored,core-candidates,False
en,en,tavern.oneseal.kit.3,kit,TTS-English-en/core-candidates/kit/tavern.oneseal.kit.3.txt,audio/voice/en/tavern.oneseal.kit.3.wav,Your tools aren’t in my chair. We’ve got room to compromise.,1,c97e74fd7d27c12d6971bf94868f5171e79c41a91850b626f55fcb5f08ecd33c,gentle teasing,1,0eb52ceb7ea84b44e162d507cfa7aaa6535cd72472f503b5920d2a2c14ffa80a,,not_authored,core-candidates,False
en,en,tavern.twoseals.ridge.1,tavern_keeper,TTS-English-en/core-candidates/tavern_keeper/tavern.twoseals.ridge.1.txt,audio/voice/en/tavern.twoseals.ridge.1.wav,So it’s the high ridge next. Check what you’re carrying before the climb.,1,d4779078c40570e75c9589fcb5aabac2694d57f41d47f9e85427047fb17fbc33,old caravan habit,1,c745c7b3bb46765516289d84c647de549201daf57a6517536c2701ba8f951e29,,not_authored,core-candidates,False
en,en,tavern.twoseals.ridge.2,salvager,TTS-English-en/core-candidates/salvager/tavern.twoseals.ridge.2.txt,audio/voice/en/tavern.twoseals.ridge.2.wav,And leave room to rest on the way.,1,12a81077b9b72abf39a1b064a8320d5c9f361f7e5a326c677abac69882893b2e,calm,1,2b4b2eadf7b2aece598d2f2ad4637361614a738a7cdf1a457d8b46db072184d5,,not_authored,core-candidates,False
en,en,tavern.twoseals.ridge.3,relic_dealer,TTS-English-en/core-candidates/relic_dealer/tavern.twoseals.ridge.3.txt,audio/voice/en/tavern.twoseals.ridge.3.wav,I can wait for the treasure. I’d rather have someone left to trade with.,1,375a47aeca93b0097bba1b95efe4e6a5fd2e5864ef6f9816105c3713547c02b8,unsentimental concern,1,6cd724d56a3e43dc2980ff93a17cdb667946f87df7051aa9ae3b7e793aa5a7bc,,not_authored,core-candidates,False
en,en,tavern.twoseals.reading.1,record_keeper,TTS-English-en/core-candidates/record_keeper/tavern.twoseals.reading.1.txt,audio/voice/en/tavern.twoseals.reading.1.wav,I’ve been checking that word again. Keeper. Jailer. The surrounding lines matter.,1,27ed1a8978b095054d007c2792228f79f8606ea4144a5c0afc42bf8e493ddcd1,troubled by evidence,1,93e1e65fb44489264cb6e12e504317aef9aab3684a1ac52bbbe14c79648b6de2,,not_authored,core-candidates,False
en,en,tavern.twoseals.reading.2,artificer,TTS-English-en/core-candidates/artificer/tavern.twoseals.reading.2.txt,audio/voice/en/tavern.twoseals.reading.2.wav,A lock can keep trouble in or people out. Same piece of iron.,1,415bc49c27d0f5d6f1bfb544f3de5c4d47272eef216933ab30c21c995944f244,concrete analogy,1,abc65cacf980aedee7c12c1dd6356e884b55831214841ebe70d9df1244f4c242,,not_authored,core-candidates,False
en,en,tavern.twoseals.reading.3,record_keeper,TTS-English-en/core-candidates/record_keeper/tavern.twoseals.reading.3.txt,audio/voice/en/tavern.twoseals.reading.3.wav,Yes. And the inscription ought to tell us which.,1,611e3925b69b98a4f40e2a83f2dc2f40f4e34eb4ddb50a7d94ebc6e2314ba84d,not yet certain,1,4144c75eb688a5e694b59216758c4372c619568664bc9a7821434f8a0722ae5e,,not_authored,core-candidates,False
en,en,tavern.twoseals.kit.1,kit,TTS-English-en/core-candidates/kit/tavern.twoseals.kit.1.txt,audio/voice/en/tavern.twoseals.kit.1.wav,I’m getting to know this chair better than I meant to.,1,b1d54979b357c17742f1ed078a3477fc1399d5fff0ff7fca74f142e47b6c0d94,"wry, a little lonely",1,28a72a36ebbe4a28ba224055c1c4bc5f76afacdd387db1b275933e12f633a5a1,,not_authored,core-candidates,False
en,en,tavern.twoseals.kit.2,tavern_keeper,TTS-English-en/core-candidates/tavern_keeper/tavern.twoseals.kit.2.txt,audio/voice/en/tavern.twoseals.kit.2.wav,You can complain about it from the road when you’re well.,1,e17f35fdaba121c63bc2132ef706b8d4746feb5e3885a6690b258623259f4ee9,warmly matter-of-fact,1,980f8de64d2759f0c0a10ea2373444d374e83469ed1e8672877ad56d0d3bf829,,not_authored,core-candidates,False
en,en,tavern.twoseals.kit.3,kit,TTS-English-en/core-candidates/kit/tavern.twoseals.kit.3.txt,audio/voice/en/tavern.twoseals.kit.3.wav,I’ll come back and complain in person. Better service.,1,e92c8bc90f76e134904dd9e1fe976fc2b8a3b28d474cc9d83fa9b17b217de9aa,small smile,1,377e46dfa500dcb5feb942e157c0448bdfde5c81abb4608dd1c69e9ff313eaae,,not_authored,core-candidates,False
en,en,tavern.finale.supper.1,tavern_keeper,TTS-English-en/core-candidates/tavern_keeper/tavern.finale.supper.1.txt,audio/voice/en/tavern.finale.supper.1.wav,Something hot first. Accounts after.,1,f9c93bce19ec99ab5ee1f1726be9fc371b9cdcbea3e620a63d95458fb165f988,relief expressed as hospitality,1,90ef7e106e15ae8478252de5afe347671a95165cab22525a7f943fe9a3a981b6,,not_authored,core-candidates,False
en,en,tavern.finale.supper.2,relic_dealer,TTS-English-en/core-candidates/relic_dealer/tavern.finale.supper.2.txt,audio/voice/en/tavern.finale.supper.2.wav,I can wait.,1,d8a726eac1d0dea534b30ab40ffff7899c4862e4d55445e17fae5ba68ff60ba1,unusually simple,1,90ec246732bc505db8f8b1490da157a32ddf012db35198cb83291d727e169847,,not_authored,core-candidates,False
en,en,tavern.finale.supper.3,tavern_keeper,TTS-English-en/core-candidates/tavern_keeper/tavern.finale.supper.3.txt,audio/voice/en/tavern.finale.supper.3.wav,Good. Make room.,1,66ee9311d5bed2839dbfd2b746f1d762df3e9abada5b04602c873a96a1a8824a,welcoming,1,908c8cca2e39e297f6ca4a44a4057cda36072f6ba11fe372f072317450fb6d76,,not_authored,core-candidates,False
en,en,tavern.finale.names.1,record_keeper,TTS-English-en/core-candidates/record_keeper/tavern.finale.names.1.txt,audio/voice/en/tavern.finale.names.1.wav,I’m copying the names from the service records.,1,00d124d485b836b4c52a7ff56abf723a7914d14fd8b5c726a5510173411e2e21,quietly purposeful,1,dca6c3db6e9a6ddb75e450c040f19260d1c23e23085453256c29ea89084e86cd,,not_authored,core-candidates,False
en,en,tavern.finale.names.2,relic_dealer,TTS-English-en/core-candidates/relic_dealer/tavern.finale.names.2.txt,audio/voice/en/tavern.finale.names.2.wav,Will there be a place to read them?,1,0f944493c8446ccce416540f75f53ed715ec59f62900edebbe337c8e5953257a,sincere curiosity,1,5314d0ca13fc3bde9793f3c0dce2ee140bce71f4581379dbb76854fddceae828,,not_authored,core-candidates,False
en,en,tavern.finale.names.3,record_keeper,TTS-English-en/core-candidates/record_keeper/tavern.finale.names.3.txt,audio/voice/en/tavern.finale.names.3.wav,That’s what I’m making.,1,bc5719116d4745c32f0e2a14e47fc46af5d8fbd6627abc7ad638fa1124f8b5c8,simple resolve,1,50fc1baddd8d6fe41231c6d3ab9b2548c7ac1d1e1a0002a3bd3d85379d2a5b31,,not_authored,core-candidates,False
en,en,tavern.finale.kit.1,kit,TTS-English-en/core-candidates/kit/tavern.finale.kit.1.txt,audio/voice/en/tavern.finale.kit.1.wav,There you are. Bring a chair over.,1,c06e133f350b995f9b206de5ddc2d180ad867c1dde4ed219ecc230cce278fa50,relief before questions,1,52ee5c31a2ccc9fc4545c42bedaf0978bba8804e0c4be7eab943899674f95ef8,,not_authored,core-candidates,False
en,en,tavern.finale.kit.2,tavern_keeper,TTS-English-en/core-candidates/tavern_keeper/tavern.finale.kit.2.txt,audio/voice/en/tavern.finale.kit.2.wav,Let them put the pack down.,1,7881ea535a947797a615568f68194e696512331cb94dd4eb25c9e4603573b55e,"fond, brisk",1,0708a8c02d36a01b4d8f863376b55059187d0dea64be10362609d3b8f04b8b00,,not_authored,core-candidates,False
en,en,tavern.finale.kit.3,kit,TTS-English-en/core-candidates/kit/tavern.finale.kit.3.txt,audio/voice/en/tavern.finale.kit.3.wav,Yes. Do that first. I’m not going anywhere.,1,5323e0a5f319ec9984101355efcc2ed4c127c007c0c2fdf5a37dec2a4f28c5fe,lets the moment settle,1,c480fc245f2e6910a3fb132986f7e0cd43464224ef77f31fafd32f721fb59a55,,not_authored,core-candidates,False
en,en,hub.passing.arrival,tavern_keeper,TTS-English-en/core-candidates/tavern_keeper/hub.passing.arrival.txt,audio/voice/en/hub.passing.arrival.wav,Your friend’s settled. Come in when you’re ready.,1,111d2cf3222ed37a8044544a21c1aedcbd6c464880f2f992c08cc23f3303447a,quiet hospitality,1,96bd00c7db25a0e73c0e0edc0e3dc9d93ad8917bbe76ccf3a016a60837bf5302,,not_authored,core-candidates,False
en,en,hub.passing.churchyard,record_keeper,TTS-English-en/core-candidates/record_keeper/hub.passing.churchyard.txt,audio/voice/en/hub.passing.churchyard.wav,"These graves belong to Bellwether. The old burial ground is farther northwest, beyond the woods.",1,9f31f3f16a58176df83946ebed735ce5c820ff7f2b0457d8079ae96256674445,clear local orientation,1,57b86a7a8a27811a0f336c28db92ecf22b5317ac7ea87c8e70cef96bd819b1f2,,not_authored,core-candidates,False
en,en,hub.passing.shrine,record_keeper,TTS-English-en/core-candidates/record_keeper/hub.passing.shrine.txt,audio/voice/en/hub.passing.shrine.wav,The wayside shrine is beyond the northern edge. Stay with the path until the turn.,1,3af8887a6d47a01b2527ea165a501aa676e7ecce5b545d4f1488e0d7c64c3f48,"useful, not commanding",1,387e31b6547c0ac0905c8215bc49554050b4e053958f1dbca179b01e204369c7,,not_authored,core-candidates,False
en,en,hub.passing.mill_work,artificer,TTS-English-en/core-candidates/artificer/hub.passing.mill_work.txt,audio/voice/en/hub.passing.mill_work.wav,Mind the loose parts. They’re laid out in order.,1,683dc39b4d12b41ab4c4b1628df1793d5c3f384fedaa3ad9f38f42ec8e19a29e,"absorbed, courteous",1,37a8f861bf141dc68636499cf4a30fb59deba9ff87f505469376d0ce5767d87f,,not_authored,core-candidates,False
en,en,hub.passing.mill_running,artificer,TTS-English-en/core-candidates/artificer/hub.passing.mill_running.txt,audio/voice/en/hub.passing.mill_running.wav,Still running. Good.,1,7a5e5e56f2f38305388fa2a021ce14a4bef2252c3efdc7004d4861635abe6f53,small satisfaction,1,02d5d24085109a6eb5b3a0c66e5be1a81b5081cd5f4e82ff59e2bb403083c6c6,,not_authored,core-candidates,False
en,en,hub.passing.wet_gear,artificer,TTS-English-en/core-candidates/artificer/hub.passing.wet_gear.txt,audio/voice/en/hub.passing.wet_gear.wav,Dry the joints before you put that away.,1,5e4b27cbcd7038d1020a9bf6f4444e91ce84d0eb790222d5667e41a390a82607,practical eye for damage prevention,1,021b77abeef4514ae6aff3c73b242be86ceed649ee591dfbe0fd2002a42435f8,,not_authored,core-candidates,False
en,en,hub.passing.heavy_pack,salvager,TTS-English-en/core-candidates/salvager/hub.passing.heavy_pack.txt,audio/voice/en/hub.passing.heavy_pack.wav,Try moving in it before you start the climb.,1,51dd3db8eea4a532b0a18f96bd627a5a23e8c9ead2194c01acf07080be23c304,observes rather than judges,1,7d16c1e93a55a0bd16c0597a8189045b8bbe1b22df7a3233e9a79763ead88487,,not_authored,core-candidates,False
en,en,hub.passing.learned_retreat,salvager,TTS-English-en/core-candidates/salvager/hub.passing.learned_retreat.txt,audio/voice/en/hub.passing.learned_retreat.wav,Coming back was part of the lesson. Good to see you remembered.,1,c7bdfc824b2fd6aabb2759baeec548b52af01f913b6303a2c038f251c354be25,affectionate understatement,1,103fd4514125bb38f818fd46d138578ec2f77c8f2e0ddd2c3b07bade037f4f73,,not_authored,core-candidates,False
en,en,hub.passing.relic_returned,relic_dealer,TTS-English-en/core-candidates/relic_dealer/hub.passing.relic_returned.txt,audio/voice/en/hub.passing.relic_returned.wav,I’ve taken that piece off the list. What else have you found?,1,58065e1897a6bae6b37a4942ab29b5ea69be693f9ec09023964b62cbd4201ccf,no resentment,1,38c00fa96f64a07861cbef1f98dec919cb6ae94834cc2996658693942fb3dcae,,not_authored,core-candidates,False
en,en,hub.passing.trade_arrived,tavern_keeper,TTS-English-en/core-candidates/tavern_keeper/hub.passing.trade_arrived.txt,audio/voice/en/hub.passing.trade_arrived.wav,Good to hear wheels out there again.,1,1ca2294a67eb5c46fb85e02eb5af51bda6cffd6e78c0481be3b3e01778790033,"warm, understated",1,4f87b75f72d9d883b88f474dd52eaba98d13f2e99a610fd3229a803ec66d43d5,,not_authored,core-candidates,False
en,en,hub.passing.two_seals,record_keeper,TTS-English-en/core-candidates/record_keeper/hub.passing.two_seals.txt,audio/voice/en/hub.passing.two_seals.wav,The ridge route is open. Bring the inscriptions back if you can.,1,9ffbabbf33aabe632a9aac7c3b83ae46e70275e6f1476719a49ac6bbfac2d7a6,focused anticipation,1,13c555cfc55d394aa14d680cf24447ec96605608a4a4f6036ed7246ccb9af0e2,,not_authored,core-candidates,False
en,en,hub.passing.finale,tavern_keeper,TTS-English-en/core-candidates/tavern_keeper/hub.passing.finale.txt,audio/voice/en/hub.passing.finale.wav,You can leave the pack by your chair.,1,50f80c475a2375328034ae839fafcb4ce05b9d8ad25fc9e6d374f7e082ef7ca3,ordinary welcome; enough said,1,b8cfbd5f546bd29976f822427666219e4326338d2c28f16649fd4ee2007b2aee,,not_authored,core-candidates,False
en,en,hub.lore.caravan.1,tavern_keeper,TTS-English-en/core-candidates/tavern_keeper/hub.lore.caravan.1.txt,audio/voice/en/hub.lore.caravan.1.wav,"I used to lead caravans through here. You learn a road by where you can stop, not just where it ends.",1,417edf4f26ec7f34783598b74658cd222b8349675046600cd67de7a97c9ad77f,recollection grounded in approved role,1,a6b3068fa81ef04e955e8b51a1e73410ed62af8cbb37116d66f678fed88418b2,,not_authored,core-candidates,False
en,en,hub.lore.caravan.2,tavern_keeper,TTS-English-en/core-candidates/tavern_keeper/hub.lore.caravan.2.txt,audio/voice/en/hub.lore.caravan.2.wav,Bellwether was a good stop. I’d like it to be one again.,1,307a3fe4ef7fa2df0c2e0a5cf91ec45c429d0847982ca0d45624732a3b11da47,personal stake without a new backstory,1,f4dc37f14acb3270a9ff4a42cc31cdc95aabd432ca866916b8cdf1d99c0a4b76,,not_authored,core-candidates,False
en,en,hub.lore.bell.1,tavern_keeper,TTS-English-en/core-candidates/tavern_keeper/hub.lore.bell.1.txt,audio/voice/en/hub.lore.bell.1.wav,The church bell brought travellers home through the forest mist. That’s where Bellwether gets its name.,1,ea0501d25f2ffcff05b85d8d52fa8b4f2e7803c20dbe8f7a6e8e76027cfdaed7,plain pride,1,d619e08ba49335f462ce363af64b9ecb4f5c13384a92bac85df310d6bf1a1894,,not_authored,core-candidates,False
en,en,hub.lore.bell.2,tavern_keeper,TTS-English-en/core-candidates/tavern_keeper/hub.lore.bell.2.txt,audio/voice/en/hub.lore.bell.2.wav,A sound you could follow when the road disappeared under your feet.,1,75222a44c8438a08d1b13c6384b7d13b39dbe72c879ff1f4ba9c0e4e6a9fd7fc,lets the image breathe,1,a3874f6f778453308ad008b6a42783408bbbc9ba4f2309ca40d756aa5f269e6f,,not_authored,core-candidates,False
en,en,hub.lore.histories.1,record_keeper,TTS-English-en/core-candidates/record_keeper/hub.lore.histories.1.txt,audio/voice/en/hub.lore.histories.1.wav,The Veyrlands were the heart of King Veyr’s realm. We’ve kept more warnings about him than useful dates.,1,f58d6d69bcc0c3d2492b97600eb214b6ff5008d0bb81dcd5b662529e55f3eee1,"scholarly frustration, lightly held",1,a81036d0581dfbb6ae1002639d0066750ae287f646fdacb7c9e5be34a8d3ffd8,,not_authored,core-candidates,False
en,en,hub.lore.histories.2,record_keeper,TTS-English-en/core-candidates/record_keeper/hub.lore.histories.2.txt,audio/voice/en/hub.lore.histories.2.wav,"If you find a record, bring the context with it. A broken line can make a convincing lie.",1,ba650455ba031260d4ab72f953a8787af7d3a2143136fe2645272206fa7e9a45,practical request; no prophecy,1,0166502fd0a7dd7c148307010ba0e30f39c870459e93327f408057ce98d9bf0b,,not_authored,core-candidates,False
en,en,lantern.town_identity,lantern,TTS-English-en/core-candidates/lantern/lantern.town_identity.txt,audio/voice/en/lantern.town_identity.wav,I am Veyr. Your friend has found the road to my treasury.,1,3c827360e2cc636ea485b20ad68512c4f028a22ac1427f7d918dd7a0df79a448,"Measured courtesy; a claim, not confirmed identity.",1,9dada585cdd32cb99496934e6e80fd204460d0f48f081d77617057a22f818c70,,not_authored,core-candidates,False
en,en,lantern.town_seals,lantern,TTS-English-en/core-candidates/lantern/lantern.town_seals.txt,audio/voice/en/lantern.town_seals.wav,"Three seals. The Abbey, the Foundry, and the Glass Court. Bring them together, and the road opens.",1,7570288ec11ce6123ad0d443d570ac95a0f9632625b437a3ec528dc7af236dbe,Plain and helpful; no early menace.,1,8827d6ab0d73bb4201d80e4588b3a74bfa2a14df2379488f5c45c1a5f9ad282f,,not_authored,core-candidates,False
en,en,hub.horde_army,tavern_keeper,TTS-English-en/core-candidates/tavern_keeper/hub.horde_army.txt,audio/voice/en/hub.horde_army.wav,My grandfather called the Horde an army. You treasure hunters always hear the other word.,1,21c0f2d646f70f53c6e695733b6b7db535c5c0a204f081655b91cf039c896934,"Matter-of-fact, mildly amused.",1,42d930a8d21d25cda10842103e11eca19a4f0a46957864cfd24ecbabfba0d9ae,,not_authored,core-candidates,False
en,en,hub.arrival,tavern_keeper,TTS-English-en/core-candidates/tavern_keeper/hub.arrival.txt,audio/voice/en/hub.arrival.wav,Shut the door behind you. Both of you look frozen.,1,11f2aa420b3c5b8d377623e6471b2443122a8c36bc05928224e47d2079d49fe4,"Brisk welcome, practical care.",1,46f30b1436ac2d17ba86b38325ca5c387c820834c1f8207bdc653ab25a6e57cd,,not_authored,core-candidates,False
en,en,relic.claim_review,record_keeper,TTS-English-en/core-candidates/record_keeper/relic.claim_review.txt,audio/voice/en/relic.claim_review.wav,The mark matches the record. The claim holds.,1,8c600f8927c1f640a7a6ec575467cf1b142c0488c29309ae0d259eeadf366386,"Careful conclusion after evidence, not a guess.",1,a447aa9c05d8762d07b8d717ca41ccd266810401969a07e52972415dfc0d1c0d,,not_authored,core-candidates,False
en,en,return.keeper_word,record_keeper,TTS-English-en/core-candidates/record_keeper/return.keeper_word.txt,audio/voice/en/return.keeper_word.wav,"I read this as keeper of the treasury. Here, the same word means jailer.",1,13a235234618cc1ed3923a59db4d10c94ff6fb0c824615fc948b98fc1c3776d1,Careful correction.,1,cadc2a5e791b2b6ae942dd4611e7ca90f3a4c6b37a14bb962a31bfa43da3a4ea,,not_authored,core-candidates,False
