UpdateCTestConfiguration  from :<repo>/DartConfiguration.tcl
UpdateCTestConfiguration  from :<repo>/build/presets/windows-x64-debug/DartConfiguration.tcl
Parse Config file:<repo>/build/presets/windows-x64-debug/DartConfiguration.tcl
Test project <repo>/build/presets/windows-x64-debug
Constructing a list of tests
Done constructing a list of tests
Updating test list for fixtures
Added 0 tests to meet fixture requirements
Checking test dependency graph...
Checking test dependency graph end
test 152
    Start 152: horde_rt_rescue_traversal_tests

152: Test command: "<repo>\build\presets\windows-x64-debug\Debug\horde_rt_rescue_traversal_tests.exe"
152: Working Directory: <repo>/build/presets/windows-x64-debug
152: Test timeout computed to be: 1500
152: continuous alternating rope grips must keep loaded player root motion below 30 mm per tick
152: continuous alternating landing grips must keep player root motion below 30 mm per tick
152: Rescue traversal cases=21335 failures=2
1/5 Test #152: horde_rt_rescue_traversal_tests .............***Failed    4.30 sec
continuous alternating rope grips must keep loaded player root motion below 30 mm per tick
continuous alternating landing grips must keep player root motion below 30 mm per tick
Rescue traversal cases=21335 failures=2

test 153
    Start 153: horde_rt_rescue_blockout_import_tests

153: Test command: "<repo>\build\presets\windows-x64-debug\Debug\horde_rt_rescue_blockout_import_tests.exe"
153: Working Directory: <repo>/build/presets/windows-x64-debug
153: Test timeout computed to be: 1500
2/5 Test #153: horde_rt_rescue_blockout_import_tests .......   Passed    2.98 sec
test 154
    Start 154: horde_rt_rescue_journey_integration_tests

154: Test command: "<repo>\build\presets\windows-x64-debug\Debug\horde_rt_rescue_journey_integration_tests.exe"
154: Working Directory: <repo>/build/presets/windows-x64-debug
154: Test timeout computed to be: 1500
154: Rescue journey integration cases=6997 failures=0 retained_triangles=934
3/5 Test #154: horde_rt_rescue_journey_integration_tests ...   Passed    8.82 sec
test 155
    Start 155: horde_rt_rescue_source_admission_tests

155: Test command: <user-home>\AppData\Local\Programs\Python\Python312\python.exe "<repo>/tests/RescueBlockoutSourceAdmissionTests.py"
155: Working Directory: <repo>/build/presets/windows-x64-debug
155: Test timeout computed to be: 1500
155: Rescue blockout source admission passed: exact existing hashes, missing path, and changed bytes.
4/5 Test #155: horde_rt_rescue_source_admission_tests ......   Passed    0.14 sec
test 156
    Start 156: horde_rt_rescue_rig_attachment_tests

156: Test command: "<repo>\build\presets\windows-x64-debug\Debug\horde_rt_rescue_rig_attachment_tests.exe"
156: Working Directory: <repo>/build/presets/windows-x64-debug
156: Test timeout computed to be: 180
156: FAIL: rescue rig/attachment resolution: Gameplay-authored player Grip basis produced a non-rigid hand target: Held-item socket transform must be rigid and unit scale. determinants=-1.000000/-1.000000.
156: FAIL: rescue rig/attachment resolution: Gameplay-authored player Grip basis produced a non-rigid hand target: Held-item socket transform must be rigid and unit scale. determinants=-1.000000/-1.000000.
156: FAIL: rescue rig/attachment resolution: Gameplay-authored player Grip basis produced a non-rigid hand target: Held-item socket transform must be rigid and unit scale. determinants=-1.000000/-1.000000.
156: FAIL: rescue rig/attachment resolution: Gameplay-authored player Grip basis produced a non-rigid hand target: Held-item socket transform must be rigid and unit scale. determinants=-1.000000/-1.000000.
156: FAIL: rescue rig/attachment resolution: Gameplay-authored player Grip basis produced a non-rigid hand target: Held-item socket transform must be rigid and unit scale. determinants=-1.000000/-1.000000.
156: FAIL: rescue rig/attachment resolution: Gameplay-authored player Grip basis produced a non-rigid hand target: Held-item socket transform must be rigid and unit scale. determinants=-1.000000/-1.000000.
156: FAIL: rescue rig/attachment resolution: Gameplay-authored player Grip basis produced a non-rigid hand target: Held-item socket transform must be rigid and unit scale. determinants=-1.000000/-1.000000.
156: FAIL: rescue rig/attachment resolution: Gameplay-authored player Grip basis produced a non-rigid hand target: Held-item socket transform must be rigid and unit scale. determinants=-1.000000/-1.000000.
156: FAIL: rescue rig/attachment resolution: Gameplay-authored player Grip basis produced a non-rigid hand target: Held-item socket transform must be rigid and unit scale. determinants=-1.000000/-1.000000.
156: FAIL: rescue rig/attachment resolution: Gameplay-authored player Grip basis produced a non-rigid hand target: Held-item socket transform must be rigid and unit scale. determinants=-1.000000/-1.000000.
156: FAIL: rescue rig/attachment resolution: Gameplay-authored player Grip basis produced a non-rigid hand target: Held-item socket transform must be rigid and unit scale. determinants=-1.000000/-1.000000.
156: FAIL: both solved rope grips must remain within the admitted imported forearm reach
156: FAIL: rescue rig/attachment resolution: Gameplay-authored player Grip basis produced a non-rigid hand target: Held-item socket transform must be rigid and unit scale. determinants=-1.000000/-1.000000.
156: FAIL: both solved rope grips must remain within the admitted imported forearm reach
156: FAIL: rescue rig/attachment resolution: Gameplay-authored player Grip basis produced a non-rigid hand target: Held-item socket transform must be rigid and unit scale. determinants=-1.000000/-1.000000.
156: FAIL: both solved rope grips must remain within the admitted imported forearm reach
156: FAIL: rescue rig/attachment resolution: Gameplay-authored player Grip basis produced a non-rigid hand target: Held-item socket transform must be rigid and unit scale. determinants=-1.000000/-1.000000.
156: FAIL: both solved rope grips must remain within the admitted imported forearm reach
156: FAIL: rescue rig/attachment resolution: Gameplay-authored player Grip basis produced a non-rigid hand target: Held-item socket transform must be rigid and unit scale. determinants=-1.000000/-1.000000.
156: FAIL: both solved rope grips must remain within the admitted imported forearm reach
156: FAIL: rescue rig/attachment resolution: Gameplay-authored player Grip basis produced a non-rigid hand target: Held-item socket transform must be rigid and unit scale. determinants=-1.000000/-1.000000.
156: FAIL: both solved rope grips must remain within the admitted imported forearm reach
156: FAIL: rescue rig/attachment resolution: Gameplay-authored player Grip basis produced a non-rigid hand target: Held-item socket transform must be rigid and unit scale. determinants=-1.000000/-1.000000.
156: FAIL: both solved rope grips must remain within the admitted imported forearm reach
156: FAIL: rescue rig/attachment resolution: Gameplay-authored player Grip basis produced a non-rigid hand target: Held-item socket transform must be rigid and unit scale. determinants=-1.000000/-1.000000.
156: FAIL: both solved rope grips must remain within the admitted imported forearm reach
156: FAIL: rescue rig/attachment resolution: Gameplay-authored player Grip basis produced a non-rigid hand target: Held-item socket transform must be rigid and unit scale. determinants=-1.000000/-1.000000.
156: FAIL: both solved rope grips must remain within the admitted imported forearm reach
156: FAIL: rescue rig/attachment resolution: Gameplay-authored player Grip basis produced a non-rigid hand target: Held-item socket transform must be rigid and unit scale. determinants=-1.000000/-1.000000.
156: FAIL: both solved rope grips must remain within the admitted imported forearm reach
156: FAIL: rescue rig/attachment resolution: Gameplay-authored player Grip basis produced a non-rigid hand target: Held-item socket transform must be rigid and unit scale. determinants=-1.000000/-1.000000.
156: FAIL: both solved rope grips must remain within the admitted imported forearm reach
156: FAIL: rescue rig/attachment resolution: Gameplay-authored player Grip basis produced a non-rigid hand target: Held-item socket transform must be rigid and unit scale. determinants=-1.000000/-1.000000.
156: FAIL: both solved rope grips must remain within the admitted imported forearm reach
156: FAIL: rescue rig/attachment resolution: Gameplay-authored player Grip basis produced a non-rigid hand target: Held-item socket transform must be rigid and unit scale. determinants=-1.000000/-1.000000.
156: FAIL: both solved rope grips must remain within the admitted imported forearm reach
156: FAIL: rescue rig/attachment resolution: Gameplay-authored player Grip basis produced a non-rigid hand target: Held-item socket transform must be rigid and unit scale. determinants=-1.000000/-1.000000.
156: FAIL: both solved rope grips must remain within the admitted imported forearm reach
156: FAIL: rescue rig/attachment resolution: Gameplay-authored player Grip basis produced a non-rigid hand target: Held-item socket transform must be rigid and unit scale. determinants=-1.000000/-1.000000.
156: FAIL: both solved rope grips must remain within the admitted imported forearm reach
156: FAIL: rescue rig/attachment resolution: Gameplay-authored player Grip basis produced a non-rigid hand target: Held-item socket transform must be rigid and unit scale. determinants=-1.000000/-1.000000.
156: FAIL: both solved rope grips must remain within the admitted imported forearm reach
156: FAIL: rescue rig/attachment resolution: Gameplay-authored player Grip basis produced a non-rigid hand target: Held-item socket transform must be rigid and unit scale. determinants=-1.000000/-1.000000.
156: FAIL: both solved rope grips must remain within the admitted imported forearm reach
156: FAIL: rescue rig/attachment resolution: Gameplay-authored player Grip basis produced a non-rigid hand target: Held-item socket transform must be rigid and unit scale. determinants=-1.000000/-1.000000.
156: FAIL: both solved rope grips must remain within the admitted imported forearm reach
156: FAIL: rescue rig/attachment resolution: Gameplay-authored player Grip basis produced a non-rigid hand target: Held-item socket transform must be rigid and unit scale. determinants=-1.000000/-1.000000.
156: FAIL: both solved rope grips must remain within the admitted imported forearm reach
156: FAIL: rescue rig/attachment resolution: Gameplay-authored player Grip basis produced a non-rigid hand target: Held-item socket transform must be rigid and unit scale. determinants=-1.000000/-1.000000.
156: FAIL: both solved rope grips must remain within the admitted imported forearm reach
156: FAIL: rescue rig/attachment resolution: Gameplay-authored player Grip basis produced a non-rigid hand target: Held-item socket transform must be rigid and unit scale. determinants=-1.000000/-1.000000.
156: FAIL: both solved rope grips must remain within the admitted imported forearm reach
156: FAIL: rescue rig/attachment resolution: Gameplay-authored player Grip basis produced a non-rigid hand target: Held-item socket transform must be rigid and unit scale. determinants=-1.000000/-1.000000.
156: FAIL: both solved rope grips must remain within the admitted imported forearm reach
156: FAIL: rescue rig/attachment resolution: Gameplay-authored player Grip basis produced a non-rigid hand target: Held-item socket transform must be rigid and unit scale. determinants=-1.000000/-1.000000.
156: FAIL: both solved rope grips must remain within the admitted imported forearm reach
156: FAIL: rescue rig/attachment resolution: Gameplay-authored player Grip basis produced a non-rigid hand target: Held-item socket transform must be rigid and unit scale. determinants=-1.000000/-1.000000.
156: FAIL: both solved rope grips must remain within the admitted imported forearm reach
156: FAIL: rescue rig/attachment resolution: Gameplay-authored player Grip basis produced a non-rigid hand target: Held-item socket transform must be rigid and unit scale. determinants=-1.000000/-1.000000.
156: FAIL: both solved rope grips must remain within the admitted imported forearm reach
156: FAIL: rescue rig/attachment resolution: Gameplay-authored player Grip basis produced a non-rigid hand target: Held-item socket transform must be rigid and unit scale. determinants=-1.000000/-1.000000.
156: FAIL: both solved rope grips must remain within the admitted imported forearm reach
156: FAIL: rescue rig/attachment resolution: Gameplay-authored player Grip basis produced a non-rigid hand target: Held-item socket transform must be rigid and unit scale. determinants=-1.000000/-1.000000.
156: FAIL: both solved rope grips must remain within the admitted imported forearm reach
156: FAIL: rescue rig/attachment resolution: Gameplay-authored player Grip basis produced a non-rigid hand target: Held-item socket transform must be rigid and unit scale. determinants=-1.000000/-1.000000.
156: FAIL: both solved rope grips must remain within the admitted imported forearm reach
156: FAIL: rescue rig/attachment resolution: Gameplay-authored player Grip basis produced a non-rigid hand target: Held-item socket transform must be rigid and unit scale. determinants=-1.000000/-1.000000.
156: FAIL: both solved rope grips must remain within the admitted imported forearm reach
156: FAIL: rescue rig/attachment resolution: Gameplay-authored player Grip basis produced a non-rigid hand target: Held-item socket transform must be rigid and unit scale. determinants=-1.000000/-1.000000.
156: FAIL: both solved rope grips must remain within the admitted imported forearm reach
156: FAIL: rescue rig/attachment resolution: Gameplay-authored player Grip basis produced a non-rigid hand target: Held-item socket transform must be rigid and unit scale. determinants=-1.000000/-1.000000.
156: FAIL: both solved rope grips must remain within the admitted imported forearm reach
156: FAIL: rescue rig/attachment resolution: Gameplay-authored player Grip basis produced a non-rigid hand target: Held-item socket transform must be rigid and unit scale. determinants=-1.000000/-1.000000.
156: FAIL: both solved rope grips must remain within the admitted imported forearm reach
156: FAIL: rescue rig/attachment resolution: Gameplay-authored player Grip basis produced a non-rigid hand target: Held-item socket transform must be rigid and unit scale. determinants=-1.000000/-1.000000.
156: FAIL: both solved rope grips must remain within the admitted imported forearm reach
156: FAIL: rescue rig/attachment resolution: Gameplay-authored player Grip basis produced a non-rigid hand target: Held-item socket transform must be rigid and unit scale. determinants=-1.000000/-1.000000.
156: FAIL: both solved rope grips must remain within the admitted imported forearm reach
156: FAIL: rescue rig/attachment resolution: Gameplay-authored player Grip basis produced a non-rigid hand target: Held-item socket transform must be rigid and unit scale. determinants=-1.000000/-1.000000.
156: FAIL: both solved rope grips must remain within the admitted imported forearm reach
156: FAIL: rescue rig/attachment resolution: Gameplay-authored player Grip basis produced a non-rigid hand target: Held-item socket transform must be rigid and unit scale. determinants=-1.000000/-1.000000.
156: FAIL: both solved rope grips must remain within the admitted imported forearm reach
156: FAIL: rescue rig/attachment resolution: Gameplay-authored player Grip basis produced a non-rigid hand target: Held-item socket transform must be rigid and unit scale. determinants=-1.000000/-1.000000.
156: FAIL: both solved rope grips must remain within the admitted imported forearm reach
156: FAIL: rescue rig/attachment resolution: Gameplay-authored player Grip basis produced a non-rigid hand target: Held-item socket transform must be rigid and unit scale. determinants=-1.000000/-1.000000.
156: FAIL: both solved rope grips must remain within the admitted imported forearm reach
156: FAIL: rescue rig/attachment resolution: Gameplay-authored player Grip basis produced a non-rigid hand target: Held-item socket transform must be rigid and unit scale. determinants=-1.000000/-1.000000.
156: FAIL: both solved rope grips must remain within the admitted imported forearm reach
156: FAIL: rescue rig/attachment resolution: Gameplay-authored player Grip basis produced a non-rigid hand target: Held-item socket transform must be rigid and unit scale. determinants=-1.000000/-1.000000.
156: FAIL: both solved rope grips must remain within the admitted imported forearm reach
156: FAIL: rescue rig/attachment resolution: Gameplay-authored player Grip basis produced a non-rigid hand target: Held-item socket transform must be rigid and unit scale. determinants=-1.000000/-1.000000.
156: FAIL: both solved rope grips must remain within the admitted imported forearm reach
156: FAIL: rescue rig/attachment resolution: Gameplay-authored player Grip basis produced a non-rigid hand target: Held-item socket transform must be rigid and unit scale. determinants=-1.000000/-1.000000.
156: FAIL: both solved rope grips must remain within the admitted imported forearm reach
156: FAIL: rescue rig/attachment resolution: Gameplay-authored player Grip basis produced a non-rigid hand target: Held-item socket transform must be rigid and unit scale. determinants=-1.000000/-1.000000.
156: FAIL: both solved rope grips must remain within the admitted imported forearm reach
156: FAIL: rescue rig/attachment resolution: Gameplay-authored player Grip basis produced a non-rigid hand target: Held-item socket transform must be rigid and unit scale. determinants=-1.000000/-1.000000.
156: FAIL: both solved rope grips must remain within the admitted imported forearm reach
156: FAIL: rescue rig/attachment resolution: Gameplay-authored player Grip basis produced a non-rigid hand target: Held-item socket transform must be rigid and unit scale. determinants=-1.000000/-1.000000.
156: FAIL: both solved rope grips must remain within the admitted imported forearm reach
156: FAIL: rescue rig/attachment resolution: Gameplay-authored player Grip basis produced a non-rigid hand target: Held-item socket transform must be rigid and unit scale. determinants=-1.000000/-1.000000.
156: FAIL: both solved rope grips must remain within the admitted imported forearm reach
156: FAIL: rescue rig/attachment resolution: Gameplay-authored player Grip basis produced a non-rigid hand target: Held-item socket transform must be rigid and unit scale. determinants=-1.000000/-1.000000.
156: FAIL: both solved rope grips must remain within the admitted imported forearm reach
156: FAIL: rescue rig/attachment resolution: Gameplay-authored player Grip basis produced a non-rigid hand target: Held-item socket transform must be rigid and unit scale. determinants=-1.000000/-1.000000.
156: FAIL: both solved rope grips must remain within the admitted imported forearm reach
156: FAIL: rescue rig/attachment resolution: Gameplay-authored player Grip basis produced a non-rigid hand target: Held-item socket transform must be rigid and unit scale. determinants=-1.000000/-1.000000.
156: FAIL: both solved rope grips must remain within the admitted imported forearm reach
156: FAIL: rescue rig/attachment resolution: Gameplay-authored player Grip basis produced a non-rigid hand target: Held-item socket transform must be rigid and unit scale. determinants=-1.000000/-1.000000.
156: FAIL: both solved rope grips must remain within the admitted imported forearm reach
156: FAIL: rescue rig/attachment resolution: Gameplay-authored player Grip basis produced a non-rigid hand target: Held-item socket transform must be rigid and unit scale. determinants=-1.000000/-1.000000.
156: FAIL: both solved rope grips must remain within the admitted imported forearm reach
156: FAIL: rescue rig/attachment resolution: Gameplay-authored player Grip basis produced a non-rigid hand target: Held-item socket transform must be rigid and unit scale. determinants=-1.000000/-1.000000.
156: FAIL: both solved rope grips must remain within the admitted imported forearm reach
156: FAIL: rescue rig/attachment resolution: Gameplay-authored player Grip basis produced a non-rigid hand target: Held-item socket transform must be rigid and unit scale. determinants=-1.000000/-1.000000.
156: FAIL: both solved rope grips must remain within the admitted imported forearm reach
156: FAIL: rescue rig/attachment resolution: Gameplay-authored player Grip basis produced a non-rigid hand target: Held-item socket transform must be rigid and unit scale. determinants=-1.000000/-1.000000.
156: FAIL: both solved rope grips must remain within the admitted imported forearm reach
156: FAIL: rescue rig/attachment resolution: Gameplay-authored player Grip basis produced a non-rigid hand target: Held-item socket transform must be rigid and unit scale. determinants=-1.000000/-1.000000.
156: FAIL: both solved rope grips must remain within the admitted imported forearm reach
156: FAIL: rescue rig/attachment resolution: Gameplay-authored player Grip basis produced a non-rigid hand target: Held-item socket transform must be rigid and unit scale. determinants=-1.000000/-1.000000.
156: FAIL: both solved rope grips must remain within the admitted imported forearm reach
156: FAIL: rescue rig/attachment resolution: Gameplay-authored player Grip basis produced a non-rigid hand target: Held-item socket transform must be rigid and unit scale. determinants=-1.000000/-1.000000.
156: FAIL: both solved rope grips must remain within the admitted imported forearm reach
156: FAIL: rescue rig/attachment resolution: Gameplay-authored player Grip basis produced a non-rigid hand target: Held-item socket transform must be rigid and unit scale. determinants=-1.000000/-1.000000.
156: FAIL: both solved rope grips must remain within the admitted imported forearm reach
156: FAIL: rescue rig/attachment resolution: Gameplay-authored player Grip basis produced a non-rigid hand target: Held-item socket transform must be rigid and unit scale. determinants=-1.000000/-1.000000.
156: FAIL: both solved rope grips must remain within the admitted imported forearm reach
156: FAIL: rescue rig/attachment resolution: Gameplay-authored player Grip basis produced a non-rigid hand target: Held-item socket transform must be rigid and unit scale. determinants=-1.000000/-1.000000.
156: FAIL: both solved rope grips must remain within the admitted imported forearm reach
156: FAIL: rescue rig/attachment resolution: Gameplay-authored player Grip basis produced a non-rigid hand target: Held-item socket transform must be rigid and unit scale. determinants=-1.000000/-1.000000.
156: FAIL: both solved rope grips must remain within the admitted imported forearm reach
156: FAIL: rescue rig/attachment resolution: Gameplay-authored player Grip basis produced a non-rigid hand target: Held-item socket transform must be rigid and unit scale. determinants=-1.000000/-1.000000.
156: FAIL: both solved rope grips must remain within the admitted imported forearm reach
156: FAIL: rescue rig/attachment resolution: Gameplay-authored player Grip basis produced a non-rigid hand target: Held-item socket transform must be rigid and unit scale. determinants=-1.000000/-1.000000.
156: FAIL: both solved rope grips must remain within the admitted imported forearm reach
156: FAIL: rescue rig/attachment resolution: Gameplay-authored player Grip basis produced a non-rigid hand target: Held-item socket transform must be rigid and unit scale. determinants=-1.000000/-1.000000.
156: FAIL: both solved rope grips must remain within the admitted imported forearm reach
156: FAIL: rescue rig/attachment resolution: Gameplay-authored player Grip basis produced a non-rigid hand target: Held-item socket transform must be rigid and unit scale. determinants=-1.000000/-1.000000.
156: FAIL: both solved rope grips must remain within the admitted imported forearm reach
156: FAIL: rescue rig/attachment resolution: Gameplay-authored player Grip basis produced a non-rigid hand target: Held-item socket transform must be rigid and unit scale. determinants=-1.000000/-1.000000.
156: FAIL: both solved rope grips must remain within the admitted imported forearm reach
156: FAIL: rescue rig/attachment resolution: Gameplay-authored player Grip basis produced a non-rigid hand target: Held-item socket transform must be rigid and unit scale. determinants=-1.000000/-1.000000.
156: FAIL: both solved rope grips must remain within the admitted imported forearm reach
156: FAIL: rescue rig/attachment resolution: Gameplay-authored player Grip basis produced a non-rigid hand target: Held-item socket transform must be rigid and unit scale. determinants=-1.000000/-1.000000.
156: FAIL: both solved rope grips must remain within the admitted imported forearm reach
156: FAIL: rescue rig/attachment resolution: Gameplay-authored player Grip basis produced a non-rigid hand target: Held-item socket transform must be rigid and unit scale. determinants=-1.000000/-1.000000.
156: FAIL: both solved rope grips must remain within the admitted imported forearm reach
156: FAIL: rescue rig/attachment resolution: Gameplay-authored player Grip basis produced a non-rigid hand target: Held-item socket transform must be rigid and unit scale. determinants=-1.000000/-1.000000.
156: FAIL: both solved rope grips must remain within the admitted imported forearm reach
156: FAIL: rescue rig/attachment resolution: Gameplay-authored player Grip basis produced a non-rigid hand target: Held-item socket transform must be rigid and unit scale. determinants=-1.000000/-1.000000.
156: FAIL: both solved rope grips must remain within the admitted imported forearm reach
156: FAIL: rescue rig/attachment resolution: Gameplay-authored player Grip basis produced a non-rigid hand target: Held-item socket transform must be rigid and unit scale. determinants=-1.000000/-1.000000.
156: FAIL: both solved rope grips must remain within the admitted imported forearm reach
156: FAIL: rescue rig/attachment resolution: Gameplay-authored player Grip basis produced a non-rigid hand target: Held-item socket transform must be rigid and unit scale. determinants=-1.000000/-1.000000.
156: FAIL: both solved rope grips must remain within the admitted imported forearm reach
156: FAIL: rescue rig/attachment resolution: Gameplay-authored player Grip basis produced a non-rigid hand target: Held-item socket transform must be rigid and unit scale. determinants=-1.000000/-1.000000.
156: FAIL: both solved rope grips must remain within the admitted imported forearm reach
156: FAIL: rescue rig/attachment resolution: Gameplay-authored player Grip basis produced a non-rigid hand target: Held-item socket transform must be rigid and unit scale. determinants=-1.000000/-1.000000.
156: FAIL: both solved rope grips must remain within the admitted imported forearm reach
156: FAIL: rescue rig/attachment resolution: Gameplay-authored player Grip basis produced a non-rigid hand target: Held-item socket transform must be rigid and unit scale. determinants=-1.000000/-1.000000.
156: FAIL: both solved rope grips must remain within the admitted imported forearm reach
156: FAIL: rescue rig/attachment resolution: Gameplay-authored player Grip basis produced a non-rigid hand target: Held-item socket transform must be rigid and unit scale. determinants=-1.000000/-1.000000.
156: FAIL: both solved rope grips must remain within the admitted imported forearm reach
156: FAIL: rescue rig/attachment resolution: Gameplay-authored player Grip basis produced a non-rigid hand target: Held-item socket transform must be rigid and unit scale. determinants=-1.000000/-1.000000.
156: FAIL: both solved rope grips must remain within the admitted imported forearm reach
156: FAIL: rescue rig/attachment resolution: Gameplay-authored player Grip basis produced a non-rigid hand target: Held-item socket transform must be rigid and unit scale. determinants=-1.000000/-1.000000.
156: FAIL: both solved rope grips must remain within the admitted imported forearm reach
156: FAIL: rescue rig/attachment resolution: Gameplay-authored player Grip basis produced a non-rigid hand target: Held-item socket transform must be rigid and unit scale. determinants=-1.000000/-1.000000.
156: FAIL: both solved rope grips must remain within the admitted imported forearm reach
156: FAIL: rescue rig/attachment resolution: Gameplay-authored player Grip basis produced a non-rigid hand target: Held-item socket transform must be rigid and unit scale. determinants=-1.000000/-1.000000.
156: FAIL: both solved rope grips must remain within the admitted imported forearm reach
156: FAIL: rescue rig/attachment resolution: Gameplay-authored player Grip basis produced a non-rigid hand target: Held-item socket transform must be rigid and unit scale. determinants=-1.000000/-1.000000.
156: FAIL: both solved rope grips must remain within the admitted imported forearm reach
156: FAIL: rescue rig/attachment resolution: Gameplay-authored player Grip basis produced a non-rigid hand target: Held-item socket transform must be rigid and unit scale. determinants=-1.000000/-1.000000.
156: FAIL: both solved rope grips must remain within the admitted imported forearm reach
156: FAIL: rescue rig/attachment resolution: Gameplay-authored player Grip basis produced a non-rigid hand target: Held-item socket transform must be rigid and unit scale. determinants=-1.000000/-1.000000.
156: FAIL: both solved rope grips must remain within the admitted imported forearm reach
156: FAIL: rescue rig/attachment resolution: Gameplay-authored player Grip basis produced a non-rigid hand target: Held-item socket transform must be rigid and unit scale. determinants=-1.000000/-1.000000.
156: FAIL: both solved rope grips must remain within the admitted imported forearm reach
156: FAIL: rescue rig/attachment resolution: Gameplay-authored player Grip basis produced a non-rigid hand target: Held-item socket transform must be rigid and unit scale. determinants=-1.000000/-1.000000.
156: FAIL: both solved rope grips must remain within the admitted imported forearm reach
156: FAIL: rescue rig/attachment resolution: Gameplay-authored player Grip basis produced a non-rigid hand target: Held-item socket transform must be rigid and unit scale. determinants=-1.000000/-1.000000.
156: FAIL: both solved rope grips must remain within the admitted imported forearm reach
156: FAIL: rescue rig/attachment resolution: Gameplay-authored player Grip basis produced a non-rigid hand target: Held-item socket transform must be rigid and unit scale. determinants=-1.000000/-1.000000.
156: FAIL: both solved rope grips must remain within the admitted imported forearm reach
156: FAIL: rescue rig/attachment resolution: Gameplay-authored player Grip basis produced a non-rigid hand target: Held-item socket transform must be rigid and unit scale. determinants=-1.000000/-1.000000.
156: FAIL: both solved rope grips must remain within the admitted imported forearm reach
156: FAIL: rescue rig/attachment resolution: Gameplay-authored player Grip basis produced a non-rigid hand target: Held-item socket transform must be rigid and unit scale. determinants=-1.000000/-1.000000.
156: FAIL: both solved rope grips must remain within the admitted imported forearm reach
156: FAIL: rescue rig/attachment resolution: Gameplay-authored player Grip basis produced a non-rigid hand target: Held-item socket transform must be rigid and unit scale. determinants=-1.000000/-1.000000.
156: FAIL: both solved rope grips must remain within the admitted imported forearm reach
156: FAIL: rescue rig/attachment resolution: Gameplay-authored player Grip basis produced a non-rigid hand target: Held-item socket transform must be rigid and unit scale. determinants=-1.000000/-1.000000.
156: FAIL: both solved rope grips must remain within the admitted imported forearm reach
156: FAIL: rescue rig/attachment resolution: Gameplay-authored player Grip basis produced a non-rigid hand target: Held-item socket transform must be rigid and unit scale. determinants=-1.000000/-1.000000.
156: FAIL: both solved rope grips must remain within the admitted imported forearm reach
156: FAIL: rescue rig/attachment resolution: Gameplay-authored player Grip basis produced a non-rigid hand target: Held-item socket transform must be rigid and unit scale. determinants=-1.000000/-1.000000.
156: FAIL: both solved rope grips must remain within the admitted imported forearm reach
156: FAIL: rescue rig/attachment resolution: Gameplay-authored player Grip basis produced a non-rigid hand target: Held-item socket transform must be rigid and unit scale. determinants=-1.000000/-1.000000.
156: FAIL: both solved rope grips must remain within the admitted imported forearm reach
156: FAIL: rescue rig/attachment resolution: Gameplay-authored player Grip basis produced a non-rigid hand target: Held-item socket transform must be rigid and unit scale. determinants=-1.000000/-1.000000.
156: FAIL: both solved rope grips must remain within the admitted imported forearm reach
156: FAIL: rescue rig/attachment resolution: Gameplay-authored player Grip basis produced a non-rigid hand target: Held-item socket transform must be rigid and unit scale. determinants=-1.000000/-1.000000.
156: FAIL: both solved rope grips must remain within the admitted imported forearm reach
156: FAIL: rescue rig/attachment resolution: Gameplay-authored player Grip basis produced a non-rigid hand target: Held-item socket transform must be rigid and unit scale. determinants=-1.000000/-1.000000.
156: FAIL: both solved rope grips must remain within the admitted imported forearm reach
156: FAIL: rescue rig/attachment resolution: Gameplay-authored player Grip basis produced a non-rigid hand target: Held-item socket transform must be rigid and unit scale. determinants=-1.000000/-1.000000.
156: FAIL: both solved rope grips must remain within the admitted imported forearm reach
156: FAIL: rescue rig/attachment resolution: Gameplay-authored player Grip basis produced a non-rigid hand target: Held-item socket transform must be rigid and unit scale. determinants=-1.000000/-1.000000.
156: FAIL: both solved rope grips must remain within the admitted imported forearm reach
156: FAIL: rescue rig/attachment resolution: Gameplay-authored player Grip basis produced a non-rigid hand target: Held-item socket transform must be rigid and unit scale. determinants=-1.000000/-1.000000.
156: FAIL: both solved rope grips must remain within the admitted imported forearm reach
156: FAIL: rescue rig/attachment resolution: Gameplay-authored player Grip basis produced a non-rigid hand target: Held-item socket transform must be rigid and unit scale. determinants=-1.000000/-1.000000.
156: FAIL: both solved rope grips must remain within the admitted imported forearm reach
156: FAIL: rescue rig/attachment resolution: Gameplay-authored player Grip basis produced a non-rigid hand target: Held-item socket transform must be rigid and unit scale. determinants=-1.000000/-1.000000.
156: FAIL: both solved rope grips must remain within the admitted imported forearm reach
156: FAIL: rescue rig/attachment resolution: Gameplay-authored player Grip basis produced a non-rigid hand target: Held-item socket transform must be rigid and unit scale. determinants=-1.000000/-1.000000.
156: FAIL: both solved rope grips must remain within the admitted imported forearm reach
156: FAIL: rescue rig/attachment resolution: Gameplay-authored player Grip basis produced a non-rigid hand target: Held-item socket transform must be rigid and unit scale. determinants=-1.000000/-1.000000.
156: FAIL: both solved rope grips must remain within the admitted imported forearm reach
156: FAIL: rescue rig/attachment resolution: Gameplay-authored player Grip basis produced a non-rigid hand target: Held-item socket transform must be rigid and unit scale. determinants=-1.000000/-1.000000.
156: FAIL: both solved rope grips must remain within the admitted imported forearm reach
156: FAIL: rescue rig/attachment resolution: Gameplay-authored player Grip basis produced a non-rigid hand target: Held-item socket transform must be rigid and unit scale. determinants=-1.000000/-1.000000.
156: FAIL: both solved rope grips must remain within the admitted imported forearm reach
156: FAIL: rescue rig/attachment resolution: Gameplay-authored player Grip basis produced a non-rigid hand target: Held-item socket transform must be rigid and unit scale. determinants=-1.000000/-1.000000.
156: FAIL: both solved rope grips must remain within the admitted imported forearm reach
156: FAIL: rescue rig/attachment resolution: Gameplay-authored player Grip basis produced a non-rigid hand target: Held-item socket transform must be rigid and unit scale. determinants=-1.000000/-1.000000.
156: FAIL: both solved rope grips must remain within the admitted imported forearm reach
156: FAIL: rescue rig/attachment resolution: Gameplay-authored player Grip basis produced a non-rigid hand target: Held-item socket transform must be rigid and unit scale. determinants=-1.000000/-1.000000.
156: FAIL: both solved rope grips must remain within the admitted imported forearm reach
156: FAIL: rescue rig/attachment resolution: Gameplay-authored player Grip basis produced a non-rigid hand target: Held-item socket transform must be rigid and unit scale. determinants=-1.000000/-1.000000.
156: FAIL: both solved rope grips must remain within the admitted imported forearm reach
156: FAIL: rescue rig/attachment resolution: Gameplay-authored player Grip basis produced a non-rigid hand target: Held-item socket transform must be rigid and unit scale. determinants=-1.000000/-1.000000.
156: FAIL: both solved rope grips must remain within the admitted imported forearm reach
156: FAIL: rescue rig/attachment resolution: Gameplay-authored player Grip basis produced a non-rigid hand target: Held-item socket transform must be rigid and unit scale. determinants=-1.000000/-1.000000.
156: FAIL: both solved rope grips must remain within the admitted imported forearm reach
156: FAIL: rescue rig/attachment resolution: Gameplay-authored player Grip basis produced a non-rigid hand target: Held-item socket transform must be rigid and unit scale. determinants=-1.000000/-1.000000.
156: FAIL: both solved rope grips must remain within the admitted imported forearm reach
156: FAIL: rescue rig/attachment resolution: Gameplay-authored player Grip basis produced a non-rigid hand target: Held-item socket transform must be rigid and unit scale. determinants=-1.000000/-1.000000.
156: FAIL: both solved rope grips must remain within the admitted imported forearm reach
156: FAIL: rescue rig/attachment resolution: Gameplay-authored player Grip basis produced a non-rigid hand target: Held-item socket transform must be rigid and unit scale. determinants=-1.000000/-1.000000.
156: FAIL: both solved rope grips must remain within the admitted imported forearm reach
156: FAIL: rescue rig/attachment resolution: Gameplay-authored player Grip basis produced a non-rigid hand target: Held-item socket transform must be rigid and unit scale. determinants=-1.000000/-1.000000.
156: FAIL: both solved rope grips must remain within the admitted imported forearm reach
156: FAIL: rescue rig/attachment resolution: Gameplay-authored player Grip basis produced a non-rigid hand target: Held-item socket transform must be rigid and unit scale. determinants=-1.000000/-1.000000.
156: FAIL: both solved rope grips must remain within the admitted imported forearm reach
156: FAIL: rescue rig/attachment resolution: Gameplay-authored player Grip basis produced a non-rigid hand target: Held-item socket transform must be rigid and unit scale. determinants=-1.000000/-1.000000.
156: FAIL: both solved rope grips must remain within the admitted imported forearm reach
156: FAIL: rescue rig/attachment resolution: Gameplay-authored player Grip basis produced a non-rigid hand target: Held-item socket transform must be rigid and unit scale. determinants=-1.000000/-1.000000.
156: FAIL: both solved rope grips must remain within the admitted imported forearm reach
156: FAIL: rescue rig/attachment resolution: Gameplay-authored player Grip basis produced a non-rigid hand target: Held-item socket transform must be rigid and unit scale. determinants=-1.000000/-1.000000.
156: FAIL: both solved rope grips must remain within the admitted imported forearm reach
156: FAIL: rescue rig/attachment resolution: Gameplay-authored player Grip basis produced a non-rigid hand target: Held-item socket transform must be rigid and unit scale. determinants=-1.000000/-1.000000.
156: FAIL: both solved rope grips must remain within the admitted imported forearm reach
156: FAIL: rescue rig/attachment resolution: Gameplay-authored player Grip basis produced a non-rigid hand target: Held-item socket transform must be rigid and unit scale. determinants=-1.000000/-1.000000.
156: FAIL: both solved rope grips must remain within the admitted imported forearm reach
156: FAIL: rescue rig/attachment resolution: Gameplay-authored player Grip basis produced a non-rigid hand target: Held-item socket transform must be rigid and unit scale. determinants=-1.000000/-1.000000.
156: FAIL: both solved rope grips must remain within the admitted imported forearm reach
156: FAIL: rescue rig/attachment resolution: Gameplay-authored player Grip basis produced a non-rigid hand target: Held-item socket transform must be rigid and unit scale. determinants=-1.000000/-1.000000.
156: FAIL: both solved rope grips must remain within the admitted imported forearm reach
156: FAIL: rescue rig/attachment resolution: Gameplay-authored player Grip basis produced a non-rigid hand target: Held-item socket transform must be rigid and unit scale. determinants=-1.000000/-1.000000.
156: FAIL: both solved rope grips must remain within the admitted imported forearm reach
156: FAIL: rescue rig/attachment resolution: Gameplay-authored player Grip basis produced a non-rigid hand target: Held-item socket transform must be rigid and unit scale. determinants=-1.000000/-1.000000.
156: FAIL: both solved rope grips must remain within the admitted imported forearm reach
156: FAIL: rescue rig/attachment resolution: Gameplay-authored player Grip basis produced a non-rigid hand target: Held-item socket transform must be rigid and unit scale. determinants=-1.000000/-1.000000.
156: FAIL: both solved rope grips must remain within the admitted imported forearm reach
156: FAIL: rescue rig/attachment resolution: Gameplay-authored player Grip basis produced a non-rigid hand target: Held-item socket transform must be rigid and unit scale. determinants=-1.000000/-1.000000.
156: FAIL: both solved rope grips must remain within the admitted imported forearm reach
156: FAIL: rescue rig/attachment resolution: Gameplay-authored player Grip basis produced a non-rigid hand target: Held-item socket transform must be rigid and unit scale. determinants=-1.000000/-1.000000.
156: FAIL: both solved rope grips must remain within the admitted imported forearm reach
156: FAIL: rescue rig/attachment resolution: Gameplay-authored player Grip basis produced a non-rigid hand target: Held-item socket transform must be rigid and unit scale. determinants=-1.000000/-1.000000.
156: FAIL: both solved rope grips must remain within the admitted imported forearm reach
156: FAIL: rescue rig/attachment resolution: Gameplay-authored player Grip basis produced a non-rigid hand target: Held-item socket transform must be rigid and unit scale. determinants=-1.000000/-1.000000.
156: FAIL: both solved rope grips must remain within the admitted imported forearm reach
156: FAIL: rescue rig/attachment resolution: Gameplay-authored player Grip basis produced a non-rigid hand target: Held-item socket transform must be rigid and unit scale. determinants=-1.000000/-1.000000.
156: FAIL: both solved rope grips must remain within the admitted imported forearm reach
156: FAIL: rescue rig/attachment resolution: Gameplay-authored player Grip basis produced a non-rigid hand target: Held-item socket transform must be rigid and unit scale. determinants=-1.000000/-1.000000.
156: FAIL: both solved rope grips must remain within the admitted imported forearm reach
156: FAIL: rescue rig/attachment resolution: Gameplay-authored player Grip basis produced a non-rigid hand target: Held-item socket transform must be rigid and unit scale. determinants=-1.000000/-1.000000.
156: FAIL: both solved rope grips must remain within the admitted imported forearm reach
156: FAIL: rescue rig/attachment resolution: Gameplay-authored player Grip basis produced a non-rigid hand target: Held-item socket transform must be rigid and unit scale. determinants=-1.000000/-1.000000.
156: FAIL: both solved rope grips must remain within the admitted imported forearm reach
156: FAIL: rescue rig/attachment resolution: Gameplay-authored player Grip basis produced a non-rigid hand target: Held-item socket transform must be rigid and unit scale. determinants=-1.000000/-1.000000.
156: FAIL: both solved rope grips must remain within the admitted imported forearm reach
156: FAIL: rescue rig/attachment resolution: Gameplay-authored player Grip basis produced a non-rigid hand target: Held-item socket transform must be rigid and unit scale. determinants=-1.000000/-1.000000.
156: FAIL: both solved rope grips must remain within the admitted imported forearm reach
156: FAIL: rescue rig/attachment resolution: Gameplay-authored player Grip basis produced a non-rigid hand target: Held-item socket transform must be rigid and unit scale. determinants=-1.000000/-1.000000.
156: FAIL: both solved rope grips must remain within the admitted imported forearm reach
156: FAIL: rescue rig/attachment resolution: Gameplay-authored player Grip basis produced a non-rigid hand target: Held-item socket transform must be rigid and unit scale. determinants=-1.000000/-1.000000.
156: FAIL: both solved rope grips must remain within the admitted imported forearm reach
156: FAIL: rescue rig/attachment resolution: Gameplay-authored player Grip basis produced a non-rigid hand target: Held-item socket transform must be rigid and unit scale. determinants=-1.000000/-1.000000.
156: FAIL: both solved rope grips must remain within the admitted imported forearm reach
156: FAIL: rescue rig/attachment resolution: Gameplay-authored player Grip basis produced a non-rigid hand target: Held-item socket transform must be rigid and unit scale. determinants=-1.000000/-1.000000.
156: FAIL: both solved rope grips must remain within the admitted imported forearm reach
156: FAIL: rescue rig/attachment resolution: Gameplay-authored player Grip basis produced a non-rigid hand target: Held-item socket transform must be rigid and unit scale. determinants=-1.000000/-1.000000.
156: FAIL: both solved rope grips must remain within the admitted imported forearm reach
156: FAIL: rescue rig/attachment resolution: Gameplay-authored player Grip basis produced a non-rigid hand target: Held-item socket transform must be rigid and unit scale. determinants=-1.000000/-1.000000.
156: FAIL: both solved rope grips must remain within the admitted imported forearm reach
156: FAIL: rescue rig/attachment resolution: Gameplay-authored player Grip basis produced a non-rigid hand target: Held-item socket transform must be rigid and unit scale. determinants=-1.000000/-1.000000.
156: FAIL: both solved rope grips must remain within the admitted imported forearm reach
156: FAIL: rescue rig/attachment resolution: Gameplay-authored player Grip basis produced a non-rigid hand target: Held-item socket transform must be rigid and unit scale. determinants=-1.000000/-1.000000.
156: FAIL: both solved rope grips must remain within the admitted imported forearm reach
156: FAIL: rescue rig/attachment resolution: Gameplay-authored player Grip basis produced a non-rigid hand target: Held-item socket transform must be rigid and unit scale. determinants=-1.000000/-1.000000.
156: FAIL: both solved rope grips must remain within the admitted imported forearm reach
156: FAIL: rescue rig/attachment resolution: Gameplay-authored player Grip basis produced a non-rigid hand target: Held-item socket transform must be rigid and unit scale. determinants=-1.000000/-1.000000.
156: FAIL: both solved rope grips must remain within the admitted imported forearm reach
156: FAIL: rescue rig/attachment resolution: Gameplay-authored player Grip basis produced a non-rigid hand target: Held-item socket transform must be rigid and unit scale. determinants=-1.000000/-1.000000.
156: FAIL: both solved rope grips must remain within the admitted imported forearm reach
156: FAIL: rescue rig/attachment resolution: Gameplay-authored player Grip basis produced a non-rigid hand target: Held-item socket transform must be rigid and unit scale. determinants=-1.000000/-1.000000.
156: FAIL: both solved rope grips must remain within the admitted imported forearm reach
156: FAIL: rescue rig/attachment resolution: Gameplay-authored player Grip basis produced a non-rigid hand target: Held-item socket transform must be rigid and unit scale. determinants=-1.000000/-1.000000.
156: FAIL: both solved rope grips must remain within the admitted imported forearm reach
156: FAIL: rescue rig/attachment resolution: Gameplay-authored player Grip basis produced a non-rigid hand target: Held-item socket transform must be rigid and unit scale. determinants=-1.000000/-1.000000.
156: FAIL: both solved rope grips must remain within the admitted imported forearm reach
156: FAIL: rescue rig/attachment resolution: Gameplay-authored player Grip basis produced a non-rigid hand target: Held-item socket transform must be rigid and unit scale. determinants=-1.000000/-1.000000.
156: FAIL: both solved rope grips must remain within the admitted imported forearm reach
156: FAIL: rescue rig/attachment resolution: Gameplay-authored player Grip basis produced a non-rigid hand target: Held-item socket transform must be rigid and unit scale. determinants=-1.000000/-1.000000.
156: FAIL: both solved rope grips must remain within the admitted imported forearm reach
156: FAIL: rescue rig/attachment resolution: Gameplay-authored player Grip basis produced a non-rigid hand target: Held-item socket transform must be rigid and unit scale. determinants=-1.000000/-1.000000.
156: FAIL: both solved rope grips must remain within the admitted imported forearm reach
156: FAIL: rescue rig/attachment resolution: Gameplay-authored player Grip basis produced a non-rigid hand target: Held-item socket transform must be rigid and unit scale. determinants=-1.000000/-1.000000.
156: FAIL: both solved rope grips must remain within the admitted imported forearm reach
156: FAIL: rescue rig/attachment resolution: Gameplay-authored player Grip basis produced a non-rigid hand target: Held-item socket transform must be rigid and unit scale. determinants=-1.000000/-1.000000.
156: FAIL: both solved rope grips must remain within the admitted imported forearm reach
156: FAIL: rescue rig/attachment resolution: Gameplay-authored player Grip basis produced a non-rigid hand target: Held-item socket transform must be rigid and unit scale. determinants=-1.000000/-1.000000.
156: FAIL: both solved rope grips must remain within the admitted imported forearm reach
156: FAIL: rescue rig/attachment resolution: Gameplay-authored player Grip basis produced a non-rigid hand target: Held-item socket transform must be rigid and unit scale. determinants=-1.000000/-1.000000.
156: FAIL: both solved rope grips must remain within the admitted imported forearm reach
156: FAIL: rescue rig/attachment resolution: Gameplay-authored player Grip basis produced a non-rigid hand target: Held-item socket transform must be rigid and unit scale. determinants=-1.000000/-1.000000.
156: FAIL: both solved rope grips must remain within the admitted imported forearm reach
156: FAIL: rescue rig/attachment resolution: Gameplay-authored player Grip basis produced a non-rigid hand target: Held-item socket transform must be rigid and unit scale. determinants=-1.000000/-1.000000.
156: FAIL: both solved rope grips must remain within the admitted imported forearm reach
156: FAIL: rescue rig/attachment resolution: Gameplay-authored player Grip basis produced a non-rigid hand target: Held-item socket transform must be rigid and unit scale. determinants=-1.000000/-1.000000.
156: FAIL: both solved rope grips must remain within the admitted imported forearm reach
156: FAIL: rescue rig/attachment resolution: Gameplay-authored player Grip basis produced a non-rigid hand target: Held-item socket transform must be rigid and unit scale. determinants=-1.000000/-1.000000.
156: FAIL: both solved rope grips must remain within the admitted imported forearm reach
156: FAIL: rescue rig/attachment resolution: Gameplay-authored player Grip basis produced a non-rigid hand target: Held-item socket transform must be rigid and unit scale. determinants=-1.000000/-1.000000.
156: FAIL: both solved rope grips must remain within the admitted imported forearm reach
156: FAIL: rescue rig/attachment resolution: Gameplay-authored player Grip basis produced a non-rigid hand target: Held-item socket transform must be rigid and unit scale. determinants=-1.000000/-1.000000.
156: FAIL: both solved rope grips must remain within the admitted imported forearm reach
156: FAIL: rescue rig/attachment resolution: Gameplay-authored player Grip basis produced a non-rigid hand target: Held-item socket transform must be rigid and unit scale. determinants=-1.000000/-1.000000.
156: FAIL: both solved rope grips must remain within the admitted imported forearm reach
156: FAIL: rescue rig/attachment resolution: Gameplay-authored player Grip basis produced a non-rigid hand target: Held-item socket transform must be rigid and unit scale. determinants=-1.000000/-1.000000.
156: FAIL: both solved rope grips must remain within the admitted imported forearm reach
156: FAIL: rescue rig/attachment resolution: Gameplay-authored player Grip basis produced a non-rigid hand target: Held-item socket transform must be rigid and unit scale. determinants=-1.000000/-1.000000.
156: FAIL: both solved rope grips must remain within the admitted imported forearm reach
156: FAIL: rescue rig/attachment resolution: Gameplay-authored player Grip basis produced a non-rigid hand target: Held-item socket transform must be rigid and unit scale. determinants=-1.000000/-1.000000.
156: FAIL: both solved rope grips must remain within the admitted imported forearm reach
156: FAIL: rescue rig/attachment resolution: Gameplay-authored player Grip basis produced a non-rigid hand target: Held-item socket transform must be rigid and unit scale. determinants=-1.000000/-1.000000.
156: FAIL: both solved rope grips must remain within the admitted imported forearm reach
156: FAIL: rescue rig/attachment resolution: Gameplay-authored player Grip basis produced a non-rigid hand target: Held-item socket transform must be rigid and unit scale. determinants=-1.000000/-1.000000.
156: FAIL: both solved rope grips must remain within the admitted imported forearm reach
156: FAIL: rescue rig/attachment resolution: Gameplay-authored player Grip basis produced a non-rigid hand target: Held-item socket transform must be rigid and unit scale. determinants=-1.000000/-1.000000.
156: FAIL: both solved rope grips must remain within the admitted imported forearm reach
156: FAIL: rescue rig/attachment resolution: Gameplay-authored player Grip basis produced a non-rigid hand target: Held-item socket transform must be rigid and unit scale. determinants=-1.000000/-1.000000.
156: FAIL: both solved rope grips must remain within the admitted imported forearm reach
156: FAIL: rescue rig/attachment resolution: Gameplay-authored player Grip basis produced a non-rigid hand target: Held-item socket transform must be rigid and unit scale. determinants=-1.000000/-1.000000.
156: FAIL: both solved rope grips must remain within the admitted imported forearm reach
156: FAIL: rescue rig/attachment resolution: Gameplay-authored player Grip basis produced a non-rigid hand target: Held-item socket transform must be rigid and unit scale. determinants=-1.000000/-1.000000.
156: FAIL: both solved rope grips must remain within the admitted imported forearm reach
156: FAIL: rescue rig/attachment resolution: Gameplay-authored player Grip basis produced a non-rigid hand target: Held-item socket transform must be rigid and unit scale. determinants=-1.000000/-1.000000.
156: FAIL: both solved rope grips must remain within the admitted imported forearm reach
156: FAIL: rescue rig/attachment resolution: Gameplay-authored player Grip basis produced a non-rigid hand target: Held-item socket transform must be rigid and unit scale. determinants=-1.000000/-1.000000.
156: FAIL: both solved rope grips must remain within the admitted imported forearm reach
156: FAIL: rescue rig/attachment resolution: Gameplay-authored player Grip basis produced a non-rigid hand target: Held-item socket transform must be rigid and unit scale. determinants=-1.000000/-1.000000.
156: FAIL: both solved rope grips must remain within the admitted imported forearm reach
156: FAIL: rescue rig/attachment resolution: Gameplay-authored player Grip basis produced a non-rigid hand target: Held-item socket transform must be rigid and unit scale. determinants=-1.000000/-1.000000.
156: FAIL: both solved rope grips must remain within the admitted imported forearm reach
156: FAIL: rescue rig/attachment resolution: Gameplay-authored player Grip basis produced a non-rigid hand target: Held-item socket transform must be rigid and unit scale. determinants=-1.000000/-1.000000.
156: FAIL: both solved rope grips must remain within the admitted imported forearm reach
156: FAIL: rescue rig/attachment resolution: Gameplay-authored player Grip basis produced a non-rigid hand target: Held-item socket transform must be rigid and unit scale. determinants=-1.000000/-1.000000.
156: FAIL: both solved rope grips must remain within the admitted imported forearm reach
156: FAIL: rescue rig/attachment resolution: Gameplay-authored player Grip basis produced a non-rigid hand target: Held-item socket transform must be rigid and unit scale. determinants=-1.000000/-1.000000.
156: FAIL: both solved rope grips must remain within the admitted imported forearm reach
156: FAIL: rescue rig/attachment resolution: Gameplay-authored player Grip basis produced a non-rigid hand target: Held-item socket transform must be rigid and unit scale. determinants=-1.000000/-1.000000.
156: FAIL: both solved rope grips must remain within the admitted imported forearm reach
156: FAIL: rescue rig/attachment resolution: Gameplay-authored player Grip basis produced a non-rigid hand target: Held-item socket transform must be rigid and unit scale. determinants=-1.000000/-1.000000.
156: FAIL: both solved rope grips must remain within the admitted imported forearm reach
156: FAIL: rescue rig/attachment resolution: Gameplay-authored player Grip basis produced a non-rigid hand target: Held-item socket transform must be rigid and unit scale. determinants=-1.000000/-1.000000.
156: FAIL: both solved rope grips must remain within the admitted imported forearm reach
156: FAIL: rescue rig/attachment resolution: Gameplay-authored player Grip basis produced a non-rigid hand target: Held-item socket transform must be rigid and unit scale. determinants=-1.000000/-1.000000.
156: FAIL: both solved rope grips must remain within the admitted imported forearm reach
156: FAIL: rescue rig/attachment resolution: Gameplay-authored player Grip basis produced a non-rigid hand target: Held-item socket transform must be rigid and unit scale. determinants=-1.000000/-1.000000.
156: FAIL: both solved rope grips must remain within the admitted imported forearm reach
156: FAIL: rescue rig/attachment resolution: Gameplay-authored player Grip basis produced a non-rigid hand target: Held-item socket transform must be rigid and unit scale. determinants=-1.000000/-1.000000.
156: FAIL: both solved rope grips must remain within the admitted imported forearm reach
156: FAIL: rescue rig/attachment resolution: Gameplay-authored player Grip basis produced a non-rigid hand target: Held-item socket transform must be rigid and unit scale. determinants=-1.000000/-1.000000.
156: FAIL: both solved rope grips must remain within the admitted imported forearm reach
156: FAIL: rescue rig/attachment resolution: Gameplay-authored player Grip basis produced a non-rigid hand target: Held-item socket transform must be rigid and unit scale. determinants=-1.000000/-1.000000.
156: FAIL: both solved rope grips must remain within the admitted imported forearm reach
156: FAIL: rescue rig/attachment resolution: Gameplay-authored player Grip basis produced a non-rigid hand target: Held-item socket transform must be rigid and unit scale. determinants=-1.000000/-1.000000.
156: FAIL: both solved rope grips must remain within the admitted imported forearm reach
156: FAIL: rescue rig/attachment resolution: Gameplay-authored player Grip basis produced a non-rigid hand target: Held-item socket transform must be rigid and unit scale. determinants=-1.000000/-1.000000.
156: FAIL: both solved rope grips must remain within the admitted imported forearm reach
156: FAIL: rescue rig/attachment resolution: Gameplay-authored player Grip basis produced a non-rigid hand target: Held-item socket transform must be rigid and unit scale. determinants=-1.000000/-1.000000.
156: FAIL: both solved rope grips must remain within the admitted imported forearm reach
156: FAIL: rescue rig/attachment resolution: Gameplay-authored player Grip basis produced a non-rigid hand target: Held-item socket transform must be rigid and unit scale. determinants=-1.000000/-1.000000.
156: FAIL: both solved rope grips must remain within the admitted imported forearm reach
156: FAIL: rescue rig/attachment resolution: Gameplay-authored player Grip basis produced a non-rigid hand target: Held-item socket transform must be rigid and unit scale. determinants=-1.000000/-1.000000.
156: FAIL: both solved rope grips must remain within the admitted imported forearm reach
156: FAIL: rescue rig/attachment resolution: Gameplay-authored player Grip basis produced a non-rigid hand target: Held-item socket transform must be rigid and unit scale. determinants=-1.000000/-1.000000.
156: FAIL: both solved rope grips must remain within the admitted imported forearm reach
156: FAIL: rescue rig/attachment resolution: Gameplay-authored player Grip basis produced a non-rigid hand target: Held-item socket transform must be rigid and unit scale. determinants=-1.000000/-1.000000.
156: FAIL: both solved rope grips must remain within the admitted imported forearm reach
156: FAIL: rescue rig/attachment resolution: Gameplay-authored player Grip basis produced a non-rigid hand target: Held-item socket transform must be rigid and unit scale. determinants=-1.000000/-1.000000.
156: FAIL: both solved rope grips must remain within the admitted imported forearm reach
156: FAIL: rescue rig/attachment resolution: Gameplay-authored player Grip basis produced a non-rigid hand target: Held-item socket transform must be rigid and unit scale. determinants=-1.000000/-1.000000.
156: FAIL: both solved rope grips must remain within the admitted imported forearm reach
156: FAIL: rescue rig/attachment resolution: Gameplay-authored player Grip basis produced a non-rigid hand target: Held-item socket transform must be rigid and unit scale. determinants=-1.000000/-1.000000.
156: FAIL: both solved rope grips must remain within the admitted imported forearm reach
156: FAIL: rescue rig/attachment resolution: Gameplay-authored player Grip basis produced a non-rigid hand target: Held-item socket transform must be rigid and unit scale. determinants=-1.000000/-1.000000.
156: FAIL: both solved rope grips must remain within the admitted imported forearm reach
156: FAIL: rescue rig/attachment resolution: Gameplay-authored player Grip basis produced a non-rigid hand target: Held-item socket transform must be rigid and unit scale. determinants=-1.000000/-1.000000.
156: FAIL: both solved rope grips must remain within the admitted imported forearm reach
156: FAIL: rescue rig/attachment resolution: Gameplay-authored player Grip basis produced a non-rigid hand target: Held-item socket transform must be rigid and unit scale. determinants=-1.000000/-1.000000.
156: FAIL: both solved rope grips must remain within the admitted imported forearm reach
156: FAIL: rescue rig/attachment resolution: Gameplay-authored player Grip basis produced a non-rigid hand target: Held-item socket transform must be rigid and unit scale. determinants=-1.000000/-1.000000.
156: FAIL: both solved rope grips must remain within the admitted imported forearm reach
156: FAIL: rescue rig/attachment resolution: Gameplay-authored player Grip basis produced a non-rigid hand target: Held-item socket transform must be rigid and unit scale. determinants=-1.000000/-1.000000.
156: FAIL: both solved rope grips must remain within the admitted imported forearm reach
156: FAIL: rescue rig/attachment resolution: Gameplay-authored player Grip basis produced a non-rigid hand target: Held-item socket transform must be rigid and unit scale. determinants=-1.000000/-1.000000.
156: FAIL: both solved rope grips must remain within the admitted imported forearm reach
156: FAIL: rescue rig/attachment resolution: Gameplay-authored player Grip basis produced a non-rigid hand target: Held-item socket transform must be rigid and unit scale. determinants=-1.000000/-1.000000.
156: FAIL: both solved rope grips must remain within the admitted imported forearm reach
156: FAIL: rescue rig/attachment resolution: Gameplay-authored player Grip basis produced a non-rigid hand target: Held-item socket transform must be rigid and unit scale. determinants=-1.000000/-1.000000.
156: FAIL: both solved rope grips must remain within the admitted imported forearm reach
156: FAIL: rescue rig/attachment resolution: Gameplay-authored player Grip basis produced a non-rigid hand target: Held-item socket transform must be rigid and unit scale. determinants=-1.000000/-1.000000.
156: FAIL: both solved rope grips must remain within the admitted imported forearm reach
156: FAIL: rescue rig/attachment resolution: Gameplay-authored player Grip basis produced a non-rigid hand target: Held-item socket transform must be rigid and unit scale. determinants=-1.000000/-1.000000.
156: FAIL: both solved rope grips must remain within the admitted imported forearm reach
156: FAIL: rescue rig/attachment resolution: Gameplay-authored player Grip basis produced a non-rigid hand target: Held-item socket transform must be rigid and unit scale. determinants=-1.000000/-1.000000.
156: FAIL: both solved rope grips must remain within the admitted imported forearm reach
156: FAIL: rescue rig/attachment resolution: Gameplay-authored player Grip basis produced a non-rigid hand target: Held-item socket transform must be rigid and unit scale. determinants=-1.000000/-1.000000.
156: FAIL: both solved rope grips must remain within the admitted imported forearm reach
156: FAIL: rescue rig/attachment resolution: Gameplay-authored player Grip basis produced a non-rigid hand target: Held-item socket transform must be rigid and unit scale. determinants=-1.000000/-1.000000.
156: FAIL: both solved rope grips must remain within the admitted imported forearm reach
156: FAIL: rescue rig/attachment resolution: Gameplay-authored player Grip basis produced a non-rigid hand target: Held-item socket transform must be rigid and unit scale. determinants=-1.000000/-1.000000.
156: FAIL: both solved rope grips must remain within the admitted imported forearm reach
156: FAIL: rescue rig/attachment resolution: Gameplay-authored player Grip basis produced a non-rigid hand target: Held-item socket transform must be rigid and unit scale. determinants=-1.000000/-1.000000.
156: FAIL: both solved rope grips must remain within the admitted imported forearm reach
156: FAIL: rescue rig/attachment resolution: Gameplay-authored player Grip basis produced a non-rigid hand target: Held-item socket transform must be rigid and unit scale. determinants=-1.000000/-1.000000.
156: FAIL: both solved rope grips must remain within the admitted imported forearm reach
156: FAIL: rescue rig/attachment resolution: Gameplay-authored player Grip basis produced a non-rigid hand target: Held-item socket transform must be rigid and unit scale. determinants=-1.000000/-1.000000.
156: FAIL: both solved rope grips must remain within the admitted imported forearm reach
156: FAIL: rescue rig/attachment resolution: Gameplay-authored player Grip basis produced a non-rigid hand target: Held-item socket transform must be rigid and unit scale. determinants=-1.000000/-1.000000.
156: FAIL: both solved rope grips must remain within the admitted imported forearm reach
156: FAIL: rescue rig/attachment resolution: Gameplay-authored player Grip basis produced a non-rigid hand target: Held-item socket transform must be rigid and unit scale. determinants=-1.000000/-1.000000.
156: FAIL: both solved rope grips must remain within the admitted imported forearm reach
156: FAIL: rescue rig/attachment resolution: Gameplay-authored player Grip basis produced a non-rigid hand target: Held-item socket transform must be rigid and unit scale. determinants=-1.000000/-1.000000.
156: FAIL: both solved rope grips must remain within the admitted imported forearm reach
156: FAIL: rescue rig/attachment resolution: Gameplay-authored player Grip basis produced a non-rigid hand target: Held-item socket transform must be rigid and unit scale. determinants=-1.000000/-1.000000.
156: FAIL: both solved rope grips must remain within the admitted imported forearm reach
156: FAIL: rescue rig/attachment resolution: Gameplay-authored player Grip basis produced a non-rigid hand target: Held-item socket transform must be rigid and unit scale. determinants=-1.000000/-1.000000.
156: FAIL: both solved rope grips must remain within the admitted imported forearm reach
156: FAIL: rescue rig/attachment resolution: Gameplay-authored player Grip basis produced a non-rigid hand target: Held-item socket transform must be rigid and unit scale. determinants=-1.000000/-1.000000.
156: FAIL: both solved rope grips must remain within the admitted imported forearm reach
156: FAIL: rescue rig/attachment resolution: Gameplay-authored player Grip basis produced a non-rigid hand target: Held-item socket transform must be rigid and unit scale. determinants=-1.000000/-1.000000.
156: FAIL: both solved rope grips must remain within the admitted imported forearm reach
156: FAIL: rescue rig/attachment resolution: Gameplay-authored player Grip basis produced a non-rigid hand target: Held-item socket transform must be rigid and unit scale. determinants=-1.000000/-1.000000.
156: FAIL: both solved rope grips must remain within the admitted imported forearm reach
156: FAIL: rescue rig/attachment resolution: Gameplay-authored player Grip basis produced a non-rigid hand target: Held-item socket transform must be rigid and unit scale. determinants=-1.000000/-1.000000.
156: FAIL: both solved rope grips must remain within the admitted imported forearm reach
156: FAIL: rescue rig/attachment resolution: Gameplay-authored player Grip basis produced a non-rigid hand target: Held-item socket transform must be rigid and unit scale. determinants=-1.000000/-1.000000.
156: FAIL: both solved rope grips must remain within the admitted imported forearm reach
156: FAIL: rescue rig/attachment resolution: Gameplay-authored player Grip basis produced a non-rigid hand target: Held-item socket transform must be rigid and unit scale. determinants=-1.000000/-1.000000.
156: FAIL: both solved rope grips must remain within the admitted imported forearm reach
156: FAIL: rescue rig/attachment resolution: Gameplay-authored player Grip basis produced a non-rigid hand target: Held-item socket transform must be rigid and unit scale. determinants=-1.000000/-1.000000.
156: FAIL: both solved rope grips must remain within the admitted imported forearm reach
156: FAIL: rescue rig/attachment resolution: Gameplay-authored player Grip basis produced a non-rigid hand target: Held-item socket transform must be rigid and unit scale. determinants=-1.000000/-1.000000.
156: FAIL: both solved rope grips must remain within the admitted imported forearm reach
156: FAIL: rescue rig/attachment resolution: Gameplay-authored player Grip basis produced a non-rigid hand target: Held-item socket transform must be rigid and unit scale. determinants=-1.000000/-1.000000.
156: FAIL: both solved rope grips must remain within the admitted imported forearm reach
156: FAIL: rescue rig/attachment resolution: Gameplay-authored player Grip basis produced a non-rigid hand target: Held-item socket transform must be rigid and unit scale. determinants=-1.000000/-1.000000.
156: FAIL: both solved rope grips must remain within the admitted imported forearm reach
156: FAIL: rescue rig/attachment resolution: Gameplay-authored player Grip basis produced a non-rigid hand target: Held-item socket transform must be rigid and unit scale. determinants=-1.000000/-1.000000.
156: FAIL: both solved rope grips must remain within the admitted imported forearm reach
156: FAIL: rescue rig/attachment resolution: Gameplay-authored player Grip basis produced a non-rigid hand target: Held-item socket transform must be rigid and unit scale. determinants=-1.000000/-1.000000.
156: FAIL: both solved rope grips must remain within the admitted imported forearm reach
156: FAIL: rescue rig/attachment resolution: Gameplay-authored player Grip basis produced a non-rigid hand target: Held-item socket transform must be rigid and unit scale. determinants=-1.000000/-1.000000.
156: FAIL: both solved rope grips must remain within the admitted imported forearm reach
156: FAIL: rescue rig/attachment resolution: Gameplay-authored player Grip basis produced a non-rigid hand target: Held-item socket transform must be rigid and unit scale. determinants=-1.000000/-1.000000.
156: FAIL: both solved rope grips must remain within the admitted imported forearm reach
156: FAIL: rescue rig/attachment resolution: Gameplay-authored player Grip basis produced a non-rigid hand target: Held-item socket transform must be rigid and unit scale. determinants=-1.000000/-1.000000.
156: FAIL: both solved rope grips must remain within the admitted imported forearm reach
156: FAIL: rescue rig/attachment resolution: Gameplay-authored player Grip basis produced a non-rigid hand target: Held-item socket transform must be rigid and unit scale. determinants=-1.000000/-1.000000.
156: FAIL: both solved rope grips must remain within the admitted imported forearm reach
156: FAIL: rescue rig/attachment resolution: Gameplay-authored player Grip basis produced a non-rigid hand target: Held-item socket transform must be rigid and unit scale. determinants=-1.000000/-1.000000.
156: FAIL: both solved rope grips must remain within the admitted imported forearm reach
156: FAIL: rescue rig/attachment resolution: Gameplay-authored player Grip basis produced a non-rigid hand target: Held-item socket transform must be rigid and unit scale. determinants=-1.000000/-1.000000.
156: FAIL: both solved rope grips must remain within the admitted imported forearm reach
156: FAIL: rescue rig/attachment resolution: Gameplay-authored player Grip basis produced a non-rigid hand target: Held-item socket transform must be rigid and unit scale. determinants=-1.000000/-1.000000.
156: FAIL: both solved rope grips must remain within the admitted imported forearm reach
156: FAIL: rescue rig/attachment resolution: Gameplay-authored player Grip basis produced a non-rigid hand target: Held-item socket transform must be rigid and unit scale. determinants=-1.000000/-1.000000.
156: FAIL: both solved rope grips must remain within the admitted imported forearm reach
156: FAIL: rescue rig/attachment resolution: Gameplay-authored player Grip basis produced a non-rigid hand target: Held-item socket transform must be rigid and unit scale. determinants=-1.000000/-1.000000.
156: FAIL: both solved rope grips must remain within the admitted imported forearm reach
156: FAIL: rescue rig/attachment resolution: Gameplay-authored player Grip basis produced a non-rigid hand target: Held-item socket transform must be rigid and unit scale. determinants=-1.000000/-1.000000.
156: FAIL: both solved rope grips must remain within the admitted imported forearm reach
156: FAIL: rescue rig/attachment resolution: Gameplay-authored player Grip basis produced a non-rigid hand target: Held-item socket transform must be rigid and unit scale. determinants=-1.000000/-1.000000.
156: FAIL: both solved rope grips must remain within the admitted imported forearm reach
156: FAIL: rescue rig/attachment resolution: Gameplay-authored player Grip basis produced a non-rigid hand target: Held-item socket transform must be rigid and unit scale. determinants=-1.000000/-1.000000.
156: FAIL: both solved rope grips must remain within the admitted imported forearm reach
156: FAIL: rescue rig/attachment resolution: Gameplay-authored player Grip basis produced a non-rigid hand target: Held-item socket transform must be rigid and unit scale. determinants=-1.000000/-1.000000.
156: FAIL: both solved rope grips must remain within the admitted imported forearm reach
156: FAIL: rescue rig/attachment resolution: Gameplay-authored player Grip basis produced a non-rigid hand target: Held-item socket transform must be rigid and unit scale. determinants=-1.000000/-1.000000.
156: FAIL: both solved rope grips must remain within the admitted imported forearm reach
156: FAIL: rescue rig/attachment resolution: Gameplay-authored player Grip basis produced a non-rigid hand target: Held-item socket transform must be rigid and unit scale. determinants=-1.000000/-1.000000.
156: FAIL: both solved rope grips must remain within the admitted imported forearm reach
156: FAIL: rescue rig/attachment resolution: Gameplay-authored player Grip basis produced a non-rigid hand target: Held-item socket transform must be rigid and unit scale. determinants=-1.000000/-1.000000.
156: FAIL: both solved rope grips must remain within the admitted imported forearm reach
156: FAIL: rescue rig/attachment resolution: Gameplay-authored player Grip basis produced a non-rigid hand target: Held-item socket transform must be rigid and unit scale. determinants=-1.000000/-1.000000.
156: FAIL: both solved rope grips must remain within the admitted imported forearm reach
156: FAIL: rescue rig/attachment resolution: Gameplay-authored player Grip basis produced a non-rigid hand target: Held-item socket transform must be rigid and unit scale. determinants=-1.000000/-1.000000.
156: FAIL: both solved rope grips must remain within the admitted imported forearm reach
156: FAIL: rescue rig/attachment resolution: Gameplay-authored player Grip basis produced a non-rigid hand target: Held-item socket transform must be rigid and unit scale. determinants=-1.000000/-1.000000.
156: FAIL: both solved rope grips must remain within the admitted imported forearm reach
156: FAIL: rescue rig/attachment resolution: Gameplay-authored player Grip basis produced a non-rigid hand target: Held-item socket transform must be rigid and unit scale. determinants=-1.000000/-1.000000.
156: FAIL: both solved rope grips must remain within the admitted imported forearm reach
156: FAIL: rescue rig/attachment resolution: Gameplay-authored player Grip basis produced a non-rigid hand target: Held-item socket transform must be rigid and unit scale. determinants=-1.000000/-1.000000.
156: FAIL: both solved rope grips must remain within the admitted imported forearm reach
156: FAIL: rescue rig/attachment resolution: Gameplay-authored player Grip basis produced a non-rigid hand target: Held-item socket transform must be rigid and unit scale. determinants=-1.000000/-1.000000.
156: FAIL: both solved rope grips must remain within the admitted imported forearm reach
156: FAIL: rescue rig/attachment resolution: Gameplay-authored player Grip basis produced a non-rigid hand target: Held-item socket transform must be rigid and unit scale. determinants=-1.000000/-1.000000.
156: FAIL: both solved rope grips must remain within the admitted imported forearm reach
156: FAIL: rescue rig/attachment resolution: Gameplay-authored player Grip basis produced a non-rigid hand target: Held-item socket transform must be rigid and unit scale. determinants=-1.000000/-1.000000.
156: FAIL: both solved rope grips must remain within the admitted imported forearm reach
156: FAIL: rescue rig/attachment resolution: Gameplay-authored player Grip basis produced a non-rigid hand target: Held-item socket transform must be rigid and unit scale. determinants=-1.000000/-1.000000.
156: FAIL: both solved rope grips must remain within the admitted imported forearm reach
156: FAIL: rescue rig/attachment resolution: Gameplay-authored player Grip basis produced a non-rigid hand target: Held-item socket transform must be rigid and unit scale. determinants=-1.000000/-1.000000.
156: FAIL: both solved rope grips must remain within the admitted imported forearm reach
156: FAIL: rescue rig/attachment resolution: Gameplay-authored player Grip basis produced a non-rigid hand target: Held-item socket transform must be rigid and unit scale. determinants=-1.000000/-1.000000.
156: FAIL: both solved rope grips must remain within the admitted imported forearm reach
156: FAIL: rescue rig/attachment resolution: Gameplay-authored player Grip basis produced a non-rigid hand target: Held-item socket transform must be rigid and unit scale. determinants=-1.000000/-1.000000.
156: FAIL: both solved rope grips must remain within the admitted imported forearm reach
156: FAIL: rescue rig/attachment resolution: Gameplay-authored player Grip basis produced a non-rigid hand target: Held-item socket transform must be rigid and unit scale. determinants=-1.000000/-1.000000.
156: FAIL: both solved rope grips must remain within the admitted imported forearm reach
156: FAIL: rescue rig/attachment resolution: Gameplay-authored player Grip basis produced a non-rigid hand target: Held-item socket transform must be rigid and unit scale. determinants=-1.000000/-1.000000.
156: FAIL: both solved rope grips must remain within the admitted imported forearm reach
156: FAIL: rescue rig/attachment resolution: Gameplay-authored player Grip basis produced a non-rigid hand target: Held-item socket transform must be rigid and unit scale. determinants=-1.000000/-1.000000.
156: FAIL: both solved rope grips must remain within the admitted imported forearm reach
156: FAIL: rescue rig/attachment resolution: Gameplay-authored player Grip basis produced a non-rigid hand target: Held-item socket transform must be rigid and unit scale. determinants=-1.000000/-1.000000.
156: FAIL: both solved rope grips must remain within the admitted imported forearm reach
156: FAIL: rescue rig/attachment resolution: Gameplay-authored player Grip basis produced a non-rigid hand target: Held-item socket transform must be rigid and unit scale. determinants=-1.000000/-1.000000.
156: FAIL: both solved rope grips must remain within the admitted imported forearm reach
156: FAIL: rescue rig/attachment resolution: Gameplay-authored player Grip basis produced a non-rigid hand target: Held-item socket transform must be rigid and unit scale. determinants=-1.000000/-1.000000.
156: FAIL: both solved rope grips must remain within the admitted imported forearm reach
156: FAIL: rescue rig/attachment resolution: Gameplay-authored player Grip basis produced a non-rigid hand target: Held-item socket transform must be rigid and unit scale. determinants=-1.000000/-1.000000.
156: FAIL: both solved rope grips must remain within the admitted imported forearm reach
156: FAIL: rescue rig/attachment resolution: Gameplay-authored player Grip basis produced a non-rigid hand target: Held-item socket transform must be rigid and unit scale. determinants=-1.000000/-1.000000.
156: FAIL: both solved rope grips must remain within the admitted imported forearm reach
156: FAIL: rescue rig/attachment resolution: Gameplay-authored player Grip basis produced a non-rigid hand target: Held-item socket transform must be rigid and unit scale. determinants=-1.000000/-1.000000.
156: FAIL: both solved rope grips must remain within the admitted imported forearm reach
156: FAIL: rescue rig/attachment resolution: Gameplay-authored player Grip basis produced a non-rigid hand target: Held-item socket transform must be rigid and unit scale. determinants=-1.000000/-1.000000.
156: FAIL: both solved rope grips must remain within the admitted imported forearm reach
156: FAIL: rescue rig/attachment resolution: Gameplay-authored player Grip basis produced a non-rigid hand target: Held-item socket transform must be rigid and unit scale. determinants=-1.000000/-1.000000.
156: FAIL: both solved rope grips must remain within the admitted imported forearm reach
156: FAIL: rescue rig/attachment resolution: Gameplay-authored player Grip basis produced a non-rigid hand target: Held-item socket transform must be rigid and unit scale. determinants=-1.000000/-1.000000.
156: FAIL: both solved rope grips must remain within the admitted imported forearm reach
156: FAIL: rescue rig/attachment resolution: Gameplay-authored player Grip basis produced a non-rigid hand target: Held-item socket transform must be rigid and unit scale. determinants=-1.000000/-1.000000.
156: FAIL: both solved rope grips must remain within the admitted imported forearm reach
156: FAIL: rescue rig/attachment resolution: Gameplay-authored player Grip basis produced a non-rigid hand target: Held-item socket transform must be rigid and unit scale. determinants=-1.000000/-1.000000.
156: FAIL: both solved rope grips must remain within the admitted imported forearm reach
156: FAIL: rescue rig/attachment resolution: Gameplay-authored player Grip basis produced a non-rigid hand target: Held-item socket transform must be rigid and unit scale. determinants=-1.000000/-1.000000.
156: FAIL: both solved rope grips must remain within the admitted imported forearm reach
156: FAIL: rescue rig/attachment resolution: Gameplay-authored player Grip basis produced a non-rigid hand target: Held-item socket transform must be rigid and unit scale. determinants=-1.000000/-1.000000.
156: FAIL: both solved rope grips must remain within the admitted imported forearm reach
156: FAIL: rescue rig/attachment resolution: Gameplay-authored player Grip basis produced a non-rigid hand target: Held-item socket transform must be rigid and unit scale. determinants=-1.000000/-1.000000.
156: FAIL: both solved rope grips must remain within the admitted imported forearm reach
156: FAIL: rescue rig/attachment resolution: Gameplay-authored player Grip basis produced a non-rigid hand target: Held-item socket transform must be rigid and unit scale. determinants=-1.000000/-1.000000.
156: FAIL: both solved rope grips must remain within the admitted imported forearm reach
156: FAIL: rescue rig/attachment resolution: Gameplay-authored player Grip basis produced a non-rigid hand target: Held-item socket transform must be rigid and unit scale. determinants=-1.000000/-1.000000.
156: FAIL: both solved rope grips must remain within the admitted imported forearm reach
156: FAIL: rescue rig/attachment resolution: Gameplay-authored player Grip basis produced a non-rigid hand target: Held-item socket transform must be rigid and unit scale. determinants=-1.000000/-1.000000.
156: FAIL: both solved rope grips must remain within the admitted imported forearm reach
156: FAIL: rescue rig/attachment resolution: Gameplay-authored player Grip basis produced a non-rigid hand target: Held-item socket transform must be rigid and unit scale. determinants=-1.000000/-1.000000.
156: FAIL: both solved rope grips must remain within the admitted imported forearm reach
156: FAIL: rescue rig/attachment resolution: Gameplay-authored player Grip basis produced a non-rigid hand target: Held-item socket transform must be rigid and unit scale. determinants=-1.000000/-1.000000.
156: FAIL: both solved rope grips must remain within the admitted imported forearm reach
156: FAIL: rescue rig/attachment resolution: Gameplay-authored player Grip basis produced a non-rigid hand target: Held-item socket transform must be rigid and unit scale. determinants=-1.000000/-1.000000.
156: FAIL: both solved rope grips must remain within the admitted imported forearm reach
156: FAIL: rescue rig/attachment resolution: Gameplay-authored player Grip basis produced a non-rigid hand target: Held-item socket transform must be rigid and unit scale. determinants=-1.000000/-1.000000.
156: FAIL: both solved rope grips must remain within the admitted imported forearm reach
156: FAIL: rescue rig/attachment resolution: Gameplay-authored player Grip basis produced a non-rigid hand target: Held-item socket transform must be rigid and unit scale. determinants=-1.000000/-1.000000.
156: FAIL: both solved rope grips must remain within the admitted imported forearm reach
156: FAIL: rescue rig/attachment resolution: Gameplay-authored player Grip basis produced a non-rigid hand target: Held-item socket transform must be rigid and unit scale. determinants=-1.000000/-1.000000.
156: FAIL: both solved rope grips must remain within the admitted imported forearm reach
156: FAIL: rescue rig/attachment resolution: Gameplay-authored player Grip basis produced a non-rigid hand target: Held-item socket transform must be rigid and unit scale. determinants=-1.000000/-1.000000.
156: FAIL: both solved rope grips must remain within the admitted imported forearm reach
156: FAIL: rescue rig/attachment resolution: Gameplay-authored player Grip basis produced a non-rigid hand target: Held-item socket transform must be rigid and unit scale. determinants=-1.000000/-1.000000.
156: FAIL: both solved rope grips must remain within the admitted imported forearm reach
156: FAIL: rescue rig/attachment resolution: Gameplay-authored player Grip basis produced a non-rigid hand target: Held-item socket transform must be rigid and unit scale. determinants=-1.000000/-1.000000.
156: FAIL: both solved rope grips must remain within the admitted imported forearm reach
156: FAIL: rescue rig/attachment resolution: Gameplay-authored player Grip basis produced a non-rigid hand target: Held-item socket transform must be rigid and unit scale. determinants=-1.000000/-1.000000.
156: FAIL: both solved rope grips must remain within the admitted imported forearm reach
156: FAIL: rescue rig/attachment resolution: Gameplay-authored player Grip basis produced a non-rigid hand target: Held-item socket transform must be rigid and unit scale. determinants=-1.000000/-1.000000.
156: FAIL: both solved rope grips must remain within the admitted imported forearm reach
156: FAIL: rescue rig/attachment resolution: Gameplay-authored player Grip basis produced a non-rigid hand target: Held-item socket transform must be rigid and unit scale. determinants=-1.000000/-1.000000.
156: FAIL: both solved rope grips must remain within the admitted imported forearm reach
156: FAIL: rescue rig/attachment resolution: Gameplay-authored player Grip basis produced a non-rigid hand target: Held-item socket transform must be rigid and unit scale. determinants=-1.000000/-1.000000.
156: FAIL: both solved rope grips must remain within the admitted imported forearm reach
156: FAIL: rescue rig/attachment resolution: Gameplay-authored player Grip basis produced a non-rigid hand target: Held-item socket transform must be rigid and unit scale. determinants=-1.000000/-1.000000.
156: FAIL: both solved rope grips must remain within the admitted imported forearm reach
156: FAIL: rescue rig/attachment resolution: Gameplay-authored player Grip basis produced a non-rigid hand target: Held-item socket transform must be rigid and unit scale. determinants=-1.000000/-1.000000.
156: FAIL: both solved rope grips must remain within the admitted imported forearm reach
156: FAIL: rescue rig/attachment resolution: Gameplay-authored player Grip basis produced a non-rigid hand target: Held-item socket transform must be rigid and unit scale. determinants=-1.000000/-1.000000.
156: FAIL: both solved rope grips must remain within the admitted imported forearm reach
156: FAIL: rescue rig/attachment resolution: Gameplay-authored player Grip basis produced a non-rigid hand target: Held-item socket transform must be rigid and unit scale. determinants=-1.000000/-1.000000.
156: FAIL: both solved rope grips must remain within the admitted imported forearm reach
156: FAIL: rescue rig/attachment resolution: Gameplay-authored player Grip basis produced a non-rigid hand target: Held-item socket transform must be rigid and unit scale. determinants=-1.000000/-1.000000.
156: FAIL: both solved rope grips must remain within the admitted imported forearm reach
156: FAIL: rescue rig/attachment resolution: Gameplay-authored player Grip basis produced a non-rigid hand target: Held-item socket transform must be rigid and unit scale. determinants=-1.000000/-1.000000.
156: FAIL: both solved rope grips must remain within the admitted imported forearm reach
156: FAIL: rescue rig/attachment resolution: Gameplay-authored player Grip basis produced a non-rigid hand target: Held-item socket transform must be rigid and unit scale. determinants=-1.000000/-1.000000.
156: FAIL: both solved rope grips must remain within the admitted imported forearm reach
156: FAIL: rescue rig/attachment resolution: Gameplay-authored player Grip basis produced a non-rigid hand target: Held-item socket transform must be rigid and unit scale. determinants=-1.000000/-1.000000.
156: FAIL: both solved rope grips must remain within the admitted imported forearm reach
156: FAIL: rescue rig/attachment resolution: Gameplay-authored player Grip basis produced a non-rigid hand target: Held-item socket transform must be rigid and unit scale. determinants=-1.000000/-1.000000.
156: FAIL: both solved rope grips must remain within the admitted imported forearm reach
156: FAIL: rescue rig/attachment resolution: Gameplay-authored player Grip basis produced a non-rigid hand target: Held-item socket transform must be rigid and unit scale. determinants=-1.000000/-1.000000.
156: FAIL: both solved rope grips must remain within the admitted imported forearm reach
156: FAIL: rescue rig/attachment resolution: Gameplay-authored player Grip basis produced a non-rigid hand target: Held-item socket transform must be rigid and unit scale. determinants=-1.000000/-1.000000.
156: FAIL: both solved rope grips must remain within the admitted imported forearm reach
156: FAIL: rescue rig/attachment resolution: Gameplay-authored player Grip basis produced a non-rigid hand target: Held-item socket transform must be rigid and unit scale. determinants=-1.000000/-1.000000.
156: FAIL: both solved rope grips must remain within the admitted imported forearm reach
156: FAIL: rescue rig/attachment resolution: Gameplay-authored player Grip basis produced a non-rigid hand target: Held-item socket transform must be rigid and unit scale. determinants=-1.000000/-1.000000.
156: FAIL: both solved rope grips must remain within the admitted imported forearm reach
156: FAIL: rescue rig/attachment resolution: Gameplay-authored player Grip basis produced a non-rigid hand target: Held-item socket transform must be rigid and unit scale. determinants=-1.000000/-1.000000.
156: FAIL: both solved rope grips must remain within the admitted imported forearm reach
156: FAIL: rescue rig/attachment resolution: Gameplay-authored player Grip basis produced a non-rigid hand target: Held-item socket transform must be rigid and unit scale. determinants=-1.000000/-1.000000.
156: FAIL: both solved rope grips must remain within the admitted imported forearm reach
156: FAIL: rescue rig/attachment resolution: Gameplay-authored player Grip basis produced a non-rigid hand target: Held-item socket transform must be rigid and unit scale. determinants=-1.000000/-1.000000.
156: FAIL: both solved rope grips must remain within the admitted imported forearm reach
156: FAIL: rescue rig/attachment resolution: Gameplay-authored player Grip basis produced a non-rigid hand target: Held-item socket transform must be rigid and unit scale. determinants=-1.000000/-1.000000.
156: FAIL: both solved rope grips must remain within the admitted imported forearm reach
156: FAIL: rescue rig/attachment resolution: Gameplay-authored player Grip basis produced a non-rigid hand target: Held-item socket transform must be rigid and unit scale. determinants=-1.000000/-1.000000.
156: FAIL: both solved rope grips must remain within the admitted imported forearm reach
156: FAIL: rescue rig/attachment resolution: Gameplay-authored player Grip basis produced a non-rigid hand target: Held-item socket transform must be rigid and unit scale. determinants=-1.000000/-1.000000.
156: FAIL: both solved rope grips must remain within the admitted imported forearm reach
156: FAIL: rescue rig/attachment resolution: Gameplay-authored player Grip basis produced a non-rigid hand target: Held-item socket transform must be rigid and unit scale. determinants=-1.000000/-1.000000.
156: FAIL: both solved rope grips must remain within the admitted imported forearm reach
156: FAIL: rescue rig/attachment resolution: Gameplay-authored player Grip basis produced a non-rigid hand target: Held-item socket transform must be rigid and unit scale. determinants=-1.000000/-1.000000.
156: FAIL: both solved rope grips must remain within the admitted imported forearm reach
156: FAIL: rescue rig/attachment resolution: Gameplay-authored player Grip basis produced a non-rigid hand target: Held-item socket transform must be rigid and unit scale. determinants=-1.000000/-1.000000.
156: FAIL: both solved rope grips must remain within the admitted imported forearm reach
156: FAIL: rescue rig/attachment resolution: Gameplay-authored player Grip basis produced a non-rigid hand target: Held-item socket transform must be rigid and unit scale. determinants=-1.000000/-1.000000.
156: FAIL: both solved rope grips must remain within the admitted imported forearm reach
156: FAIL: rescue rig/attachment resolution: Gameplay-authored player Grip basis produced a non-rigid hand target: Held-item socket transform must be rigid and unit scale. determinants=-1.000000/-1.000000.
156: FAIL: both solved rope grips must remain within the admitted imported forearm reach
156: FAIL: rescue rig/attachment resolution: Gameplay-authored player Grip basis produced a non-rigid hand target: Held-item socket transform must be rigid and unit scale. determinants=-1.000000/-1.000000.
156: FAIL: both solved rope grips must remain within the admitted imported forearm reach
156: FAIL: rescue rig/attachment resolution: Gameplay-authored player Grip basis produced a non-rigid hand target: Held-item socket transform must be rigid and unit scale. determinants=-1.000000/-1.000000.
156: FAIL: both solved rope grips must remain within the admitted imported forearm reach
156: FAIL: rescue rig/attachment resolution: Gameplay-authored player Grip basis produced a non-rigid hand target: Held-item socket transform must be rigid and unit scale. determinants=-1.000000/-1.000000.
156: FAIL: both solved rope grips must remain within the admitted imported forearm reach
156: FAIL: rescue rig/attachment resolution: Gameplay-authored player Grip basis produced a non-rigid hand target: Held-item socket transform must be rigid and unit scale. determinants=-1.000000/-1.000000.
156: FAIL: both solved rope grips must remain within the admitted imported forearm reach
156: FAIL: rescue rig/attachment resolution: Gameplay-authored player Grip basis produced a non-rigid hand target: Held-item socket transform must be rigid and unit scale. determinants=-1.000000/-1.000000.
156: FAIL: both solved rope grips must remain within the admitted imported forearm reach
156: FAIL: rescue rig/attachment resolution: Gameplay-authored player Grip basis produced a non-rigid hand target: Held-item socket transform must be rigid and unit scale. determinants=-1.000000/-1.000000.
156: FAIL: both solved rope grips must remain within the admitted imported forearm reach
156: FAIL: rescue rig/attachment resolution: Gameplay-authored player Grip basis produced a non-rigid hand target: Held-item socket transform must be rigid and unit scale. determinants=-1.000000/-1.000000.
156: FAIL: both solved rope grips must remain within the admitted imported forearm reach
156: FAIL: rescue rig/attachment resolution: Gameplay-authored player Grip basis produced a non-rigid hand target: Held-item socket transform must be rigid and unit scale. determinants=-1.000000/-1.000000.
156: FAIL: both solved rope grips must remain within the admitted imported forearm reach
156: FAIL: rescue rig/attachment resolution: Gameplay-authored player Grip basis produced a non-rigid hand target: Held-item socket transform must be rigid and unit scale. determinants=-1.000000/-1.000000.
156: FAIL: both solved rope grips must remain within the admitted imported forearm reach
156: FAIL: rescue rig/attachment resolution: Gameplay-authored player Grip basis produced a non-rigid hand target: Held-item socket transform must be rigid and unit scale. determinants=-1.000000/-1.000000.
156: FAIL: both solved rope grips must remain within the admitted imported forearm reach
156: FAIL: rescue rig/attachment resolution: Gameplay-authored player Grip basis produced a non-rigid hand target: Held-item socket transform must be rigid and unit scale. determinants=-1.000000/-1.000000.
156: FAIL: both solved rope grips must remain within the admitted imported forearm reach
156: FAIL: rescue rig/attachment resolution: Gameplay-authored player Grip basis produced a non-rigid hand target: Held-item socket transform must be rigid and unit scale. determinants=-1.000000/-1.000000.
156: FAIL: both solved rope grips must remain within the admitted imported forearm reach
156: FAIL: rescue rig/attachment resolution: Gameplay-authored player Grip basis produced a non-rigid hand target: Held-item socket transform must be rigid and unit scale. determinants=-1.000000/-1.000000.
156: FAIL: both solved rope grips must remain within the admitted imported forearm reach
156: FAIL: rescue rig/attachment resolution: Gameplay-authored player Grip basis produced a non-rigid hand target: Held-item socket transform must be rigid and unit scale. determinants=-1.000000/-1.000000.
156: FAIL: both solved rope grips must remain within the admitted imported forearm reach
156: FAIL: rescue rig/attachment resolution: Gameplay-authored player Grip basis produced a non-rigid hand target: Held-item socket transform must be rigid and unit scale. determinants=-1.000000/-1.000000.
156: FAIL: both solved rope grips must remain within the admitted imported forearm reach
156: FAIL: rescue rig/attachment resolution: Gameplay-authored player Grip basis produced a non-rigid hand target: Held-item socket transform must be rigid and unit scale. determinants=-1.000000/-1.000000.
156: FAIL: both solved rope grips must remain within the admitted imported forearm reach
156: FAIL: rescue rig/attachment resolution: Gameplay-authored player Grip basis produced a non-rigid hand target: Held-item socket transform must be rigid and unit scale. determinants=-1.000000/-1.000000.
156: FAIL: both solved rope grips must remain within the admitted imported forearm reach
156: FAIL: rescue rig/attachment resolution: Gameplay-authored player Grip basis produced a non-rigid hand target: Held-item socket transform must be rigid and unit scale. determinants=-1.000000/-1.000000.
156: FAIL: both solved rope grips must remain within the admitted imported forearm reach
156: FAIL: rescue rig/attachment resolution: Gameplay-authored player Grip basis produced a non-rigid hand target: Held-item socket transform must be rigid and unit scale. determinants=-1.000000/-1.000000.
156: FAIL: both solved rope grips must remain within the admitted imported forearm reach
156: FAIL: rescue rig/attachment resolution: Gameplay-authored player Grip basis produced a non-rigid hand target: Held-item socket transform must be rigid and unit scale. determinants=-1.000000/-1.000000.
156: FAIL: both solved rope grips must remain within the admitted imported forearm reach
156: FAIL: rescue rig/attachment resolution: Gameplay-authored player Grip basis produced a non-rigid hand target: Held-item socket transform must be rigid and unit scale. determinants=-1.000000/-1.000000.
156: FAIL: both solved rope grips must remain within the admitted imported forearm reach
156: FAIL: rescue rig/attachment resolution: Gameplay-authored player Grip basis produced a non-rigid hand target: Held-item socket transform must be rigid and unit scale. determinants=-1.000000/-1.000000.
156: FAIL: both solved rope grips must remain within the admitted imported forearm reach
156: FAIL: rescue rig/attachment resolution: Gameplay-authored player Grip basis produced a non-rigid hand target: Held-item socket transform must be rigid and unit scale. determinants=-1.000000/-1.000000.
156: FAIL: both solved rope grips must remain within the admitted imported forearm reach
156: FAIL: rescue rig/attachment resolution: Gameplay-authored player Grip basis produced a non-rigid hand target: Held-item socket transform must be rigid and unit scale. determinants=-1.000000/-1.000000.
156: FAIL: both solved rope grips must remain within the admitted imported forearm reach
156: FAIL: rescue rig/attachment resolution: Gameplay-authored player Grip basis produced a non-rigid hand target: Held-item socket transform must be rigid and unit scale. determinants=-1.000000/-1.000000.
156: FAIL: both solved rope grips must remain within the admitted imported forearm reach
156: FAIL: rescue rig/attachment resolution: Gameplay-authored player Grip basis produced a non-rigid hand target: Held-item socket transform must be rigid and unit scale. determinants=-1.000000/-1.000000.
156: FAIL: both solved rope grips must remain within the admitted imported forearm reach
156: FAIL: rescue rig/attachment resolution: Gameplay-authored player Grip basis produced a non-rigid hand target: Held-item socket transform must be rigid and unit scale. determinants=-1.000000/-1.000000.
156: FAIL: both solved rope grips must remain within the admitted imported forearm reach
156: FAIL: rescue rig/attachment resolution: Gameplay-authored player Grip basis produced a non-rigid hand target: Held-item socket transform must be rigid and unit scale. determinants=-1.000000/-1.000000.
156: FAIL: both solved rope grips must remain within the admitted imported forearm reach
156: FAIL: rescue rig/attachment resolution: Gameplay-authored player Grip basis produced a non-rigid hand target: Held-item socket transform must be rigid and unit scale. determinants=-1.000000/-1.000000.
156: FAIL: both solved rope grips must remain within the admitted imported forearm reach
156: FAIL: rescue rig/attachment resolution: Gameplay-authored player Grip basis produced a non-rigid hand target: Held-item socket transform must be rigid and unit scale. determinants=-1.000000/-1.000000.
156: FAIL: both solved rope grips must remain within the admitted imported forearm reach
156: FAIL: rescue rig/attachment resolution: Gameplay-authored player Grip basis produced a non-rigid hand target: Held-item socket transform must be rigid and unit scale. determinants=-1.000000/-1.000000.
156: FAIL: both solved rope grips must remain within the admitted imported forearm reach
156: FAIL: rescue rig/attachment resolution: Gameplay-authored player Grip basis produced a non-rigid hand target: Held-item socket transform must be rigid and unit scale. determinants=-1.000000/-1.000000.
156: FAIL: both solved rope grips must remain within the admitted imported forearm reach
156: FAIL: rescue rig/attachment resolution: Gameplay-authored player Grip basis produced a non-rigid hand target: Held-item socket transform must be rigid and unit scale. determinants=-1.000000/-1.000000.
156: FAIL: both solved rope grips must remain within the admitted imported forearm reach
156: FAIL: rescue rig/attachment resolution: Gameplay-authored player Grip basis produced a non-rigid hand target: Held-item socket transform must be rigid and unit scale. determinants=-1.000000/-1.000000.
156: FAIL: both solved rope grips must remain within the admitted imported forearm reach
156: FAIL: rescue rig/attachment resolution: Gameplay-authored player Grip basis produced a non-rigid hand target: Held-item socket transform must be rigid and unit scale. determinants=-1.000000/-1.000000.
156: FAIL: both solved rope grips must remain within the admitted imported forearm reach
156: FAIL: rescue rig/attachment resolution: Gameplay-authored player Grip basis produced a non-rigid hand target: Held-item socket transform must be rigid and unit scale. determinants=-1.000000/-1.000000.
156: FAIL: both solved rope grips must remain within the admitted imported forearm reach
156: FAIL: rescue rig/attachment resolution: Gameplay-authored player Grip basis produced a non-rigid hand target: Held-item socket transform must be rigid and unit scale. determinants=-1.000000/-1.000000.
156: FAIL: both solved rope grips must remain within the admitted imported forearm reach
156: FAIL: rescue rig/attachment resolution: Gameplay-authored player Grip basis produced a non-rigid hand target: Held-item socket transform must be rigid and unit scale. determinants=-1.000000/-1.000000.
156: FAIL: both solved rope grips must remain within the admitted imported forearm reach
156: FAIL: rescue rig/attachment resolution: Gameplay-authored player Grip basis produced a non-rigid hand target: Held-item socket transform must be rigid and unit scale. determinants=-1.000000/-1.000000.
156: FAIL: both solved rope grips must remain within the admitted imported forearm reach
156: FAIL: rescue rig/attachment resolution: Gameplay-authored player Grip basis produced a non-rigid hand target: Held-item socket transform must be rigid and unit scale. determinants=-1.000000/-1.000000.
156: FAIL: both solved rope grips must remain within the admitted imported forearm reach
156: FAIL: rescue rig/attachment resolution: Gameplay-authored player Grip basis produced a non-rigid hand target: Held-item socket transform must be rigid and unit scale. determinants=-1.000000/-1.000000.
156: FAIL: both solved rope grips must remain within the admitted imported forearm reach
156: FAIL: rescue rig/attachment resolution: Gameplay-authored player Grip basis produced a non-rigid hand target: Held-item socket transform must be rigid and unit scale. determinants=-1.000000/-1.000000.
156: FAIL: both solved rope grips must remain within the admitted imported forearm reach
156: FAIL: rescue rig/attachment resolution: Gameplay-authored player Grip basis produced a non-rigid hand target: Held-item socket transform must be rigid and unit scale. determinants=-1.000000/-1.000000.
156: FAIL: both solved rope grips must remain within the admitted imported forearm reach
156: FAIL: rescue rig/attachment resolution: Gameplay-authored player Grip basis produced a non-rigid hand target: Held-item socket transform must be rigid and unit scale. determinants=-1.000000/-1.000000.
156: FAIL: both solved rope grips must remain within the admitted imported forearm reach
156: FAIL: rescue rig/attachment resolution: Gameplay-authored player Grip basis produced a non-rigid hand target: Held-item socket transform must be rigid and unit scale. determinants=-1.000000/-1.000000.
156: FAIL: both solved rope grips must remain within the admitted imported forearm reach
156: FAIL: rescue rig/attachment resolution: Gameplay-authored player Grip basis produced a non-rigid hand target: Held-item socket transform must be rigid and unit scale. determinants=-1.000000/-1.000000.
156: FAIL: both solved rope grips must remain within the admitted imported forearm reach
156: FAIL: rescue rig/attachment resolution: Gameplay-authored player Grip basis produced a non-rigid hand target: Held-item socket transform must be rigid and unit scale. determinants=-1.000000/-1.000000.
156: FAIL: both solved rope grips must remain within the admitted imported forearm reach
156: FAIL: rescue rig/attachment resolution: Gameplay-authored player Grip basis produced a non-rigid hand target: Held-item socket transform must be rigid and unit scale. determinants=-1.000000/-1.000000.
156: FAIL: both solved rope grips must remain within the admitted imported forearm reach
156: FAIL: rescue rig/attachment resolution: Gameplay-authored player Grip basis produced a non-rigid hand target: Held-item socket transform must be rigid and unit scale. determinants=-1.000000/-1.000000.
156: FAIL: both solved rope grips must remain within the admitted imported forearm reach
156: FAIL: rescue rig/attachment resolution: Gameplay-authored player Grip basis produced a non-rigid hand target: Held-item socket transform must be rigid and unit scale. determinants=-1.000000/-1.000000.
156: FAIL: both solved rope grips must remain within the admitted imported forearm reach
156: FAIL: rescue rig/attachment resolution: Gameplay-authored player Grip basis produced a non-rigid hand target: Held-item socket transform must be rigid and unit scale. determinants=-1.000000/-1.000000.
156: FAIL: both solved rope grips must remain within the admitted imported forearm reach
156: FAIL: rescue rig/attachment resolution: Gameplay-authored player Grip basis produced a non-rigid hand target: Held-item socket transform must be rigid and unit scale. determinants=-1.000000/-1.000000.
156: FAIL: both solved rope grips must remain within the admitted imported forearm reach
156: FAIL: rescue rig/attachment resolution: Gameplay-authored player Grip basis produced a non-rigid hand target: Held-item socket transform must be rigid and unit scale. determinants=-1.000000/-1.000000.
156: FAIL: both solved rope grips must remain within the admitted imported forearm reach
156: FAIL: rescue rig/attachment resolution: Gameplay-authored player Grip basis produced a non-rigid hand target: Held-item socket transform must be rigid and unit scale. determinants=-1.000000/-1.000000.
156: FAIL: both solved rope grips must remain within the admitted imported forearm reach
156: FAIL: rescue rig/attachment resolution: Gameplay-authored player Grip basis produced a non-rigid hand target: Held-item socket transform must be rigid and unit scale. determinants=-1.000000/-1.000000.
156: FAIL: both solved rope grips must remain within the admitted imported forearm reach
156: FAIL: rescue rig/attachment resolution: Gameplay-authored player Grip basis produced a non-rigid hand target: Held-item socket transform must be rigid and unit scale. determinants=-1.000000/-1.000000.
156: FAIL: both solved rope grips must remain within the admitted imported forearm reach
156: FAIL: rescue rig/attachment resolution: Gameplay-authored player Grip basis produced a non-rigid hand target: Held-item socket transform must be rigid and unit scale. determinants=-1.000000/-1.000000.
156: FAIL: both solved rope grips must remain within the admitted imported forearm reach
156: FAIL: rescue rig/attachment resolution: Gameplay-authored player Grip basis produced a non-rigid hand target: Held-item socket transform must be rigid and unit scale. determinants=-1.000000/-1.000000.
156: FAIL: both solved rope grips must remain within the admitted imported forearm reach
156: FAIL: rescue rig/attachment resolution: Gameplay-authored player Grip basis produced a non-rigid hand target: Held-item socket transform must be rigid and unit scale. determinants=-1.000000/-1.000000.
156: FAIL: both solved rope grips must remain within the admitted imported forearm reach
156: FAIL: rescue rig/attachment resolution: Gameplay-authored player Grip basis produced a non-rigid hand target: Held-item socket transform must be rigid and unit scale. determinants=-1.000000/-1.000000.
156: FAIL: both solved rope grips must remain within the admitted imported forearm reach
156: FAIL: rescue rig/attachment resolution: Gameplay-authored player Grip basis produced a non-rigid hand target: Held-item socket transform must be rigid and unit scale. determinants=-1.000000/-1.000000.
156: FAIL: both solved rope grips must remain within the admitted imported forearm reach
156: FAIL: rescue rig/attachment resolution: Gameplay-authored player Grip basis produced a non-rigid hand target: Held-item socket transform must be rigid and unit scale. determinants=-1.000000/-1.000000.
156: FAIL: both solved rope grips must remain within the admitted imported forearm reach
156: FAIL: rescue rig/attachment resolution: Gameplay-authored player Grip basis produced a non-rigid hand target: Held-item socket transform must be rigid and unit scale. determinants=-1.000000/-1.000000.
156: FAIL: both solved rope grips must remain within the admitted imported forearm reach
156: FAIL: rescue rig/attachment resolution: Gameplay-authored player Grip basis produced a non-rigid hand target: Held-item socket transform must be rigid and unit scale. determinants=-1.000000/-1.000000.
156: FAIL: both solved rope grips must remain within the admitted imported forearm reach
156: FAIL: rescue rig/attachment resolution: Gameplay-authored player Grip basis produced a non-rigid hand target: Held-item socket transform must be rigid and unit scale. determinants=-1.000000/-1.000000.
156: FAIL: both solved rope grips must remain within the admitted imported forearm reach
156: FAIL: rescue rig/attachment resolution: Gameplay-authored player Grip basis produced a non-rigid hand target: Held-item socket transform must be rigid and unit scale. determinants=-1.000000/-1.000000.
156: FAIL: both solved rope grips must remain within the admitted imported forearm reach
156: FAIL: rescue rig/attachment resolution: Gameplay-authored player Grip basis produced a non-rigid hand target: Held-item socket transform must be rigid and unit scale. determinants=-1.000000/-1.000000.
156: FAIL: both solved rope grips must remain within the admitted imported forearm reach
156: FAIL: rescue rig/attachment resolution: Gameplay-authored player Grip basis produced a non-rigid hand target: Held-item socket transform must be rigid and unit scale. determinants=-1.000000/-1.000000.
156: FAIL: both solved rope grips must remain within the admitted imported forearm reach
156: FAIL: rescue rig/attachment resolution: Gameplay-authored player Grip basis produced a non-rigid hand target: Held-item socket transform must be rigid and unit scale. determinants=-1.000000/-1.000000.
156: FAIL: both solved rope grips must remain within the admitted imported forearm reach
156: FAIL: rescue rig/attachment resolution: Gameplay-authored player Grip basis produced a non-rigid hand target: Held-item socket transform must be rigid and unit scale. determinants=-1.000000/-1.000000.
156: FAIL: both solved rope grips must remain within the admitted imported forearm reach
156: FAIL: rescue rig/attachment resolution: Gameplay-authored player Grip basis produced a non-rigid hand target: Held-item socket transform must be rigid and unit scale. determinants=-1.000000/-1.000000.
156: FAIL: both solved rope grips must remain within the admitted imported forearm reach
156: FAIL: rescue rig/attachment resolution: Gameplay-authored player Grip basis produced a non-rigid hand target: Held-item socket transform must be rigid and unit scale. determinants=-1.000000/-1.000000.
156: FAIL: both solved rope grips must remain within the admitted imported forearm reach
156: FAIL: rescue rig/attachment resolution: Gameplay-authored player Grip basis produced a non-rigid hand target: Held-item socket transform must be rigid and unit scale. determinants=-1.000000/-1.000000.
156: FAIL: both solved rope grips must remain within the admitted imported forearm reach
156: FAIL: rescue rig/attachment resolution: Gameplay-authored player Grip basis produced a non-rigid hand target: Held-item socket transform must be rigid and unit scale. determinants=-1.000000/-1.000000.
156: FAIL: both solved rope grips must remain within the admitted imported forearm reach
156: FAIL: rescue rig/attachment resolution: Gameplay-authored player Grip basis produced a non-rigid hand target: Held-item socket transform must be rigid and unit scale. determinants=-1.000000/-1.000000.
156: FAIL: both solved rope grips must remain within the admitted imported forearm reach
156: FAIL: rescue rig/attachment resolution: Gameplay-authored player Grip basis produced a non-rigid hand target: Held-item socket transform must be rigid and unit scale. determinants=-1.000000/-1.000000.
156: FAIL: both solved rope grips must remain within the admitted imported forearm reach
156: FAIL: rescue rig/attachment resolution: Gameplay-authored player Grip basis produced a non-rigid hand target: Held-item socket transform must be rigid and unit scale. determinants=-1.000000/-1.000000.
156: FAIL: both solved rope grips must remain within the admitted imported forearm reach
156: FAIL: rescue rig/attachment resolution: Gameplay-authored player Grip basis produced a non-rigid hand target: Held-item socket transform must be rigid and unit scale. determinants=-1.000000/-1.000000.
156: FAIL: both solved rope grips must remain within the admitted imported forearm reach
156: FAIL: rescue rig/attachment resolution: Gameplay-authored player Grip basis produced a non-rigid hand target: Held-item socket transform must be rigid and unit scale. determinants=-1.000000/-1.000000.
156: FAIL: both solved rope grips must remain within the admitted imported forearm reach
156: FAIL: rescue rig/attachment resolution: Gameplay-authored player Grip basis produced a non-rigid hand target: Held-item socket transform must be rigid and unit scale. determinants=-1.000000/-1.000000.
156: FAIL: both solved rope grips must remain within the admitted imported forearm reach
156: FAIL: rescue rig/attachment resolution: Gameplay-authored player Grip basis produced a non-rigid hand target: Held-item socket transform must be rigid and unit scale. determinants=-1.000000/-1.000000.
156: FAIL: both solved rope grips must remain within the admitted imported forearm reach
156: FAIL: rescue rig/attachment resolution: Gameplay-authored player Grip basis produced a non-rigid hand target: Held-item socket transform must be rigid and unit scale. determinants=-1.000000/-1.000000.
156: FAIL: both solved rope grips must remain within the admitted imported forearm reach
156: FAIL: rescue rig/attachment resolution: Gameplay-authored player Grip basis produced a non-rigid hand target: Held-item socket transform must be rigid and unit scale. determinants=-1.000000/-1.000000.
156: FAIL: both solved rope grips must remain within the admitted imported forearm reach
156: FAIL: rescue rig/attachment resolution: Gameplay-authored player Grip basis produced a non-rigid hand target: Held-item socket transform must be rigid and unit scale. determinants=-1.000000/-1.000000.
156: FAIL: both solved rope grips must remain within the admitted imported forearm reach
156: FAIL: rescue rig/attachment resolution: Gameplay-authored player Grip basis produced a non-rigid hand target: Held-item socket transform must be rigid and unit scale. determinants=-1.000000/-1.000000.
156: FAIL: both solved rope grips must remain within the admitted imported forearm reach
156: FAIL: rescue rig/attachment resolution: Gameplay-authored player Grip basis produced a non-rigid hand target: Held-item socket transform must be rigid and unit scale. determinants=-1.000000/-1.000000.
156: FAIL: both solved rope grips must remain within the admitted imported forearm reach
156: FAIL: rescue rig/attachment resolution: Gameplay-authored player Grip basis produced a non-rigid hand target: Held-item socket transform must be rigid and unit scale. determinants=-1.000000/-1.000000.
156: FAIL: both solved rope grips must remain within the admitted imported forearm reach
156: FAIL: rescue rig/attachment resolution: Gameplay-authored player Grip basis produced a non-rigid hand target: Held-item socket transform must be rigid and unit scale. determinants=-1.000000/-1.000000.
156: FAIL: both solved rope grips must remain within the admitted imported forearm reach
156: FAIL: rescue rig/attachment resolution: Gameplay-authored player Grip basis produced a non-rigid hand target: Held-item socket transform must be rigid and unit scale. determinants=-1.000000/-1.000000.
156: FAIL: both solved rope grips must remain within the admitted imported forearm reach
156: FAIL: rescue rig/attachment resolution: Gameplay-authored player Grip basis produced a non-rigid hand target: Held-item socket transform must be rigid and unit scale. determinants=-1.000000/-1.000000.
156: FAIL: both solved rope grips must remain within the admitted imported forearm reach
156: FAIL: rescue rig/attachment resolution: Gameplay-authored player Grip basis produced a non-rigid hand target: Held-item socket transform must be rigid and unit scale. determinants=-1.000000/-1.000000.
156: FAIL: both solved rope grips must remain within the admitted imported forearm reach
156: FAIL: rescue rig/attachment resolution: Gameplay-authored player Grip basis produced a non-rigid hand target: Held-item socket transform must be rigid and unit scale. determinants=-1.000000/-1.000000.
156: FAIL: both solved rope grips must remain within the admitted imported forearm reach
156: FAIL: rescue rig/attachment resolution: Gameplay-authored player Grip basis produced a non-rigid hand target: Held-item socket transform must be rigid and unit scale. determinants=-1.000000/-1.000000.
156: FAIL: both solved rope grips must remain within the admitted imported forearm reach
156: FAIL: rescue rig/attachment resolution: Gameplay-authored player Grip basis produced a non-rigid hand target: Held-item socket transform must be rigid and unit scale. determinants=-1.000000/-1.000000.
156: FAIL: both solved rope grips must remain within the admitted imported forearm reach
156: FAIL: rescue rig/attachment resolution: Gameplay-authored player Grip basis produced a non-rigid hand target: Held-item socket transform must be rigid and unit scale. determinants=-1.000000/-1.000000.
156: FAIL: both solved rope grips must remain within the admitted imported forearm reach
156: FAIL: rescue rig/attachment resolution: Gameplay-authored player Grip basis produced a non-rigid hand target: Held-item socket transform must be rigid and unit scale. determinants=-1.000000/-1.000000.
156: FAIL: both solved rope grips must remain within the admitted imported forearm reach
156: FAIL: rescue rig/attachment resolution: Gameplay-authored player Grip basis produced a non-rigid hand target: Held-item socket transform must be rigid and unit scale. determinants=-1.000000/-1.000000.
156: FAIL: both solved rope grips must remain within the admitted imported forearm reach
156: FAIL: rescue rig/attachment resolution: Gameplay-authored player Grip basis produced a non-rigid hand target: Held-item socket transform must be rigid and unit scale. determinants=-1.000000/-1.000000.
156: FAIL: both solved rope grips must remain within the admitted imported forearm reach
156: FAIL: rescue rig/attachment resolution: Gameplay-authored player Grip basis produced a non-rigid hand target: Held-item socket transform must be rigid and unit scale. determinants=-1.000000/-1.000000.
156: FAIL: rescue rig/attachment resolution: Gameplay-authored player Grip basis produced a non-rigid hand target: Held-item socket transform must be rigid and unit scale. determinants=-1.000000/-1.000000.
156: FAIL: rescue rig/attachment resolution: Gameplay-authored player Grip basis produced a non-rigid hand target: Held-item socket transform must be rigid and unit scale. determinants=-1.000000/-1.000000.
156: FAIL: rescue rig/attachment resolution: Gameplay-authored player Grip basis produced a non-rigid hand target: Held-item socket transform must be rigid and unit scale. determinants=-1.000000/-1.000000.
156: FAIL: rescue rig/attachment resolution: Gameplay-authored player Grip basis produced a non-rigid hand target: Held-item socket transform must be rigid and unit scale. determinants=-1.000000/-1.000000.
156: FAIL: rescue rig/attachment resolution: Gameplay-authored player Grip basis produced a non-rigid hand target: Held-item socket transform must be rigid and unit scale. determinants=-1.000000/-1.000000.
156: FAIL: rescue rig/attachment resolution: Gameplay-authored player Grip basis produced a non-rigid hand target: Held-item socket transform must be rigid and unit scale. determinants=-1.000000/-1.000000.
156: FAIL: rescue rig/attachment resolution: Gameplay-authored player Grip basis produced a non-rigid hand target: Held-item socket transform must be rigid and unit scale. determinants=-1.000000/-1.000000.
156: FAIL: rescue rig/attachment resolution: Gameplay-authored player Grip basis produced a non-rigid hand target: Held-item socket transform must be rigid and unit scale. determinants=-1.000000/-1.000000.
156: FAIL: rescue rig/attachment resolution: Gameplay-authored player Grip basis produced a non-rigid hand target: Held-item socket transform must be rigid and unit scale. determinants=-1.000000/-1.000000.
156: FAIL: rescue rig/attachment resolution: Gameplay-authored player Grip basis produced a non-rigid hand target: Held-item socket transform must be rigid and unit scale. determinants=-1.000000/-1.000000.
156: FAIL: rescue rig/attachment resolution: Gameplay-authored player Grip basis produced a non-rigid hand target: Held-item socket transform must be rigid and unit scale. determinants=-1.000000/-1.000000.
156: FAIL: rescue rig/attachment resolution: Gameplay-authored player Grip basis produced a non-rigid hand target: Held-item socket transform must be rigid and unit scale. determinants=-1.000000/-1.000000.
156: FAIL: rescue rig/attachment resolution: Gameplay-authored player Grip basis produced a non-rigid hand target: Held-item socket transform must be rigid and unit scale. determinants=-1.000000/-1.000000.
156: FAIL: rescue rig/attachment resolution: Gameplay-authored player Grip basis produced a non-rigid hand target: Held-item socket transform must be rigid and unit scale. determinants=-1.000000/-1.000000.
156: FAIL: rescue rig/attachment resolution: Gameplay-authored player Grip basis produced a non-rigid hand target: Held-item socket transform must be rigid and unit scale. determinants=-1.000000/-1.000000.
156: FAIL: rescue rig/attachment resolution: Gameplay-authored player Grip basis produced a non-rigid hand target: Held-item socket transform must be rigid and unit scale. determinants=-1.000000/-1.000000.
156: FAIL: rescue rig/attachment resolution: Gameplay-authored player Grip basis produced a non-rigid hand target: Held-item socket transform must be rigid and unit scale. determinants=-1.000000/-1.000000.
156: FAIL: rescue rig/attachment resolution: Gameplay-authored player Grip basis produced a non-rigid hand target: Held-item socket transform must be rigid and unit scale. determinants=-1.000000/-1.000000.
156: FAIL: rescue rig/attachment resolution: Gameplay-authored player Grip basis produced a non-rigid hand target: Held-item socket transform must be rigid and unit scale. determinants=-1.000000/-1.000000.
156: FAIL: rescue rig/attachment resolution: Gameplay-authored player Grip basis produced a non-rigid hand target: Held-item socket transform must be rigid and unit scale. determinants=-1.000000/-1.000000.
156: FAIL: rescue rig/attachment resolution: Gameplay-authored player Grip basis produced a non-rigid hand target: Held-item socket transform must be rigid and unit scale. determinants=-1.000000/-1.000000.
156: FAIL: rescue rig/attachment resolution: Gameplay-authored player Grip basis produced a non-rigid hand target: Held-item socket transform must be rigid and unit scale. determinants=-1.000000/-1.000000.
156: FAIL: rescue rig/attachment resolution: Gameplay-authored player Grip basis produced a non-rigid hand target: Held-item socket transform must be rigid and unit scale. determinants=-1.000000/-1.000000.
156: FAIL: rescue rig/attachment resolution: Gameplay-authored player Grip basis produced a non-rigid hand target: Held-item socket transform must be rigid and unit scale. determinants=-1.000000/-1.000000.
156: FAIL: rescue rig/attachment resolution: Gameplay-authored player Grip basis produced a non-rigid hand target: Held-item socket transform must be rigid and unit scale. determinants=-1.000000/-1.000000.
156: FAIL: rescue rig/attachment resolution: Gameplay-authored player Grip basis produced a non-rigid hand target: Held-item socket transform must be rigid and unit scale. determinants=-1.000000/-1.000000.
156: FAIL: rescue rig/attachment resolution: Gameplay-authored player Grip basis produced a non-rigid hand target: Held-item socket transform must be rigid and unit scale. determinants=-1.000000/-1.000000.
156: FAIL: rescue rig/attachment resolution: Gameplay-authored player Grip basis produced a non-rigid hand target: Held-item socket transform must be rigid and unit scale. determinants=-1.000000/-1.000000.
156: FAIL: rescue rig/attachment resolution: Gameplay-authored player Grip basis produced a non-rigid hand target: Held-item socket transform must be rigid and unit scale. determinants=-1.000000/-1.000000.
156: FAIL: rescue rig/attachment resolution: Gameplay-authored player Grip basis produced a non-rigid hand target: Held-item socket transform must be rigid and unit scale. determinants=-1.000000/-1.000000.
156: FAIL: rescue rig/attachment resolution: Gameplay-authored player Grip basis produced a non-rigid hand target: Held-item socket transform must be rigid and unit scale. determinants=-1.000000/-1.000000.
156: Rescue rig attachment cases=3221 failures=876 sampled_poses=459
5/5 Test #156: horde_rt_rescue_rig_attachment_tests ........***Failed    3.07 sec
FAIL: rescue rig/attachment resolution: Gameplay-authored player Grip basis produced a non-rigid hand target: Held-item socket transform must be rigid and unit scale. determinants=-1.000000/-1.000000.
FAIL: rescue rig/attachment resolution: Gameplay-authored player Grip basis produced a non-rigid hand target: Held-item socket transform must be rigid and unit scale. determinants=-1.000000/-1.000000.
FAIL: rescue rig/attachment resolution: Gameplay-authored player Grip basis produced a non-rigid hand target: Held-item socket transform must be rigid and unit scale. determinants=-1.000000/-1.000000.
FAIL: rescue rig/attachment resolution: Gameplay-authored player Grip basis produced a non-rigid hand target: Held-item socket transform must be rigid and unit scale. determinants=-1.000000/-1.000000.
FAIL: rescue rig/attachment resolution: Gameplay-authored player Grip basis produced a non-rigid hand target: Held-item socket transform must be rigid and unit scale. determinants=-1.000000/-1.000000.
FAIL: rescue rig/attachment resolution: Gameplay-authored player Grip basis produced a non-rigid hand target: Held-item socket transform must be rigid and unit scale. determinants=-1.000000/-1.000000.
FAIL: rescue rig/attachment resolution: Gameplay-authored player Grip basis produced a non-rigid hand target: Held-item socket transform must be rigid and unit scale. determinants=-1.000000/-1.000000.
FAIL: rescue rig/attachment resolution: Gameplay-authored player Grip basis produced a non-rigid hand target: Held-item socket transform must be rigid and unit scale. determinants=-1.000000/-1.000000.
FAIL: rescue rig/attachment resolution: Gameplay-authored player Grip basis produced a non-rigid hand target: Held-item socket transform must be rigid and unit scale. determinants=-1.000000/-1.000000.
FAIL: rescue rig/attachment resolution: Gameplay-authored player Grip basis produced a non-rigid hand target: Held-item socket transform must be rigid and unit scale. determinants=-1.000000/-1.000000.
FAIL: rescue rig/attachment resolution: Gameplay-authored player Grip basis produced a non-rigid hand target: Held-item socket transform must be rigid and unit scale. determinants=-1.000000/-1.000000.
FAIL: both solved rope grips must remain within the admitted imported forearm reach
FAIL: rescue rig/attachment resolution: Gameplay-authored player Grip basis produced a non-rigid hand target: Held-item socket transform must be rigid and unit scale. determinants=-1.000000/-1.000000.
FAIL: both solved rope grips must remain within the admitted imported forearm reach
FAIL: rescue rig/attachment resolution: Gameplay-authored player Grip basis produced a non-rigid hand target: Held-item socket transform must be rigid and unit scale. determinants=-1.000000/-1.000000.
FAIL: both solved rope grips must remain within the admitted imported forearm reach
FAIL: rescue rig/attachment resolution: Gameplay-authored player Grip basis produced a non-rigid hand target: Held-item socket transform must be rigid and unit scale. determinants=-1.000000/-1.000000.
FAIL: both solved rope grips must remain within the admitted imported forearm reach
FAIL: rescue rig/attachment resolution: Gameplay-authored player Grip basis produced a non-rigid hand target: Held-item socket transform must be rigid and unit scale. determinants=-1.000000/-1.000000.
FAIL: both solved rope grips must remain within the admitted imported forearm reach
FAIL: rescue rig/attachment resolution: Gameplay-authored player Grip basis produced a non-rigid hand target: Held-item socket transform must be rigid and unit scale. determinants=-1.000000/-1.000000.
FAIL: both solved rope grips must remain within the admitted imported forearm reach
FAIL: rescue rig/attachment resolution: Gameplay-authored player Grip basis produced a non-rigid hand target: Held-item socket transform must be rigid and unit scale. determinants=-1.000000/-1.000000.
FAIL: both solved rope grips must remain within the admitted imported forearm reach
FAIL: rescue rig/attachment resolution: Gameplay-authored player Grip basis produced a non-rigid hand target: Held-item socket transform must be rigid and unit scale. determinants=-1.000000/-1.000000.
FAIL: both solved rope grips must remain within the admitted imported forearm reach
FAIL: rescue rig/attachment resolution: Gameplay-authored player Grip basis produced a non-rigid hand target: Held-item socket transform must be rigid and unit scale. determinants=-1.000000/-1.000000.
FAIL: both solved rope grips must remain within the admitted imported forearm reach
FAIL: rescue rig/attachment resolution: Gameplay-authored player Grip basis produced a non-rigid hand target: Held-item socket transform must be rigid and unit scale. determinants=-1.000000/-1.000000.
FAIL: both solved rope grips must remain within the admitted imported forearm reach
FAIL: rescue rig/attachment resolution: Gameplay-authored player Grip basis produced a non-rigid hand target: Held-item socket transform must be rigid and unit scale. determinants=-1.000000/-1.000000.
FAIL: both solved rope grips must remain within the admitted imported forearm reach
FAIL: rescue rig/attachment resolution: Gameplay-authored player Grip basis produced a non-rigid hand target: Held-item socket transform must be rigid and unit scale. determinants=-1.000000/-1.000000.
FAIL: both solved rope grips must remain within the admitted imported forearm reach
FAIL: rescue rig/attachment resolution: Gameplay-authored player Grip basis produced a non-rigid hand target: Held-item socket transform must be rigid and unit scale. determinants=-1.000000/-1.000000.
FAIL: both solved rope grips must remain within the admitted imported forearm reach
FAIL: rescue rig/attachment resolution: Gameplay-authored player Grip basis produced a non-rigid hand target: Held-item socket transform must be rigid and unit scale. determinants=-1.000000/-1.000000.
FAIL: both solved rope grips must remain within the admitted imported forearm reach
FAIL: rescue rig/attachment resolution: Gameplay-authored player Grip basis produced a non-rigid hand target: Held-item socket transform must be rigid and unit scale. determinants=-1.000000/-1.000000.
FAIL: both solved rope grips must remain within the admitted imported forearm reach
FAIL: rescue rig/attachment resolution: Gameplay-authored player Grip basis produced a non-rigid hand target: Held-item socket transform must be rigid and unit scale. determinants=-1.000000/-1.000000.
FAIL: both solved rope grips must remain within the admitted imported forearm reach
FAIL: rescue rig/attachment resolution: Gameplay-authored player Grip basis produced a non-rigid hand target: Held-item socket transform must be rigid and unit scale. determinants=-1.000000/-1.000000.
FAIL: both solved rope grips must remain within the admitted imported forearm reach
FAIL: rescue rig/attachment resolution: Gameplay-authored player Grip basis produced a non-rigid hand target: Held-item socket transform must be rigid and unit scale. determinants=-1.000000/-1.000000.
FAIL: both solved rope grips must remain within the admitted imported forearm reach
FAIL: rescue rig/attachment resolution: Gameplay-authored player Grip basis produced a non-rigid hand target: Held-item socket transform must be rigid and unit scale. determinants=-1.000000/-1.000000.
FAIL: both solved rope grips must remain within the admitted imported forearm reach
FAIL: rescue rig/attachment resolution: Gameplay-authored player Grip basis produced a non-rigid hand target: Held-item socket transform must be rigid and unit scale. determinants=-1.000000/-1.000000.
FAIL: both solved rope grips must remain within the admitted imported forearm reach
FAIL: rescue rig/attachment resolution: Gameplay-authored player Grip basis produced a non-rigid hand target: Held-item socket transform must be rigid and unit scale. determinants=-1.000000/-1.000000.
FAIL: both solved rope grips must remain within the admitted imported forearm reach
FAIL: rescue rig/attachment resolution: Gameplay-authored player Grip basis produced a non-rigid hand target: Held-item socket transform must be rigid and unit scale. determinants=-1.000000/-1.000000.
FAIL: both solved rope grips must remain within the admitted imported forearm reach
FAIL: rescue rig/attachment resolution: Gameplay-authored player Grip basis produced a non-rigid hand target: Held-item socket transform must be rigid and unit scale. determinants=-1.000000/-1.000000.
FAIL: both solved rope grips must remain within the admitted imported forearm reach
FAIL: rescue rig/attachment resolution: Gameplay-authored player Grip basis produced a non-rigid hand target: Held-item socket transform must be rigid and unit scale. determinants=-1.000000/-1.000000.
FAIL: both solved rope grips must remain within the admitted imported forearm reach
FAIL: rescue rig/attachment resolution: Gameplay-authored player Grip basis produced a non-rigid hand target: Held-item socket transform must be rigid and unit scale. determinants=-1.000000/-1.000000.
FAIL: both solved rope grips must remain within the admitted imported forearm reach
FAIL: rescue rig/attachment resolution: Gameplay-authored player Grip basis produced a non-rigid hand target: Held-item socket transform must be rigid and unit scale. determinants=-1.000000/-1.000000.
FAIL: both solved rope grips must remain within the admitted imported forearm reach
FAIL: rescue rig/attachment resolution: Gameplay-authored player Grip basis produced a non-rigid hand target: Held-item socket transform must be rigid and unit scale. determinants=-1.000000/-1.000000.
FAIL: both solved rope grips must remain within the admitted imported forearm reach
FAIL: rescue rig/attachment resolution: Gameplay-authored player Grip basis produced a non-rigid hand target: Held-item socket transform must be rigid and unit scale. determinants=-1.000000/-1.000000.
FAIL: both solved rope grips must remain within the admitted imported forearm reach
FAIL: rescue rig/attachment resolution: Gameplay-authored player Grip basis produced a non-rigid hand target: Held-item socket transform must be rigid and unit scale. determinants=-1.000000/-1.000000.
FAIL: both solved rope grips must remain within the admitted imported forearm reach
FAIL: rescue rig/attachment resolution: Gameplay-authored player Grip basis produced a non-rigid hand target: Held-item socket transform must be rigid and unit scale. determinants=-1.000000/-1.000000.
FAIL: both solved rope grips must remain within the admitted imported forearm reach
FAIL: rescue rig/attachment resolution: Gameplay-authored player Grip basis produced a non-rigid hand target: Held-item socket transform must be rigid and unit scale. determinants=-1.000000/-1.000000.
FAIL: both solved rope grips must remain within the admitted imported forearm reach
FAIL: rescue rig/attachment resolution: Gameplay-authored player Grip basis produced a non-rigid hand target: Held-item socket transform must be rigid and unit scale. determinants=-1.000000/-1.000000.
FAIL: both solved rope grips must remain within the admitted imported forearm reach
FAIL: rescue rig/attachment resolution: Gameplay-authored player Grip basis produced a non-rigid hand target: Held-item socket transform must be rigid and unit scale. determinants=-1.000000/-1.000000.
FAIL: both solved rope grips must remain within the admitted imported forearm reach
FAIL: rescue rig/attachment resolution: Gameplay-authored player Grip basis produced a non-rigid hand target: Held-item socket transform must be rigid and unit scale. determinants=-1.000000/-1.000000.
FAIL: both solved rope grips must remain within the admitted imported forearm reach
FAIL: rescue rig/attachment resolution: Gameplay-authored player Grip basis produced a non-rigid hand target: Held-item socket transform must be rigid and unit scale. determinants=-1.000000/-1.000000.
FAIL: both solved rope grips must remain within the admitted imported forearm reach
FAIL: rescue rig/attachment resolution: Gameplay-authored player Grip basis produced a non-rigid hand target: Held-item socket transform must be rigid and unit scale. determinants=-1.000000/-1.000000.
FAIL: both solved rope grips must remain within the admitted imported forearm reach
FAIL: rescue rig/attachment resolution: Gameplay-authored player Grip basis produced a non-rigid hand target: Held-item socket transform must be rigid and unit scale. determinants=-1.000000/-1.000000.
FAIL: both solved rope grips must remain within the admitted imported forearm reach
FAIL: rescue rig/attachment resolution: Gameplay-authored player Grip basis produced a non-rigid hand target: Held-item socket transform must be rigid and unit scale. determinants=-1.000000/-1.000000.
FAIL: both solved rope grips must remain within the admitted imported forearm reach
FAIL: rescue rig/attachment resolution: Gameplay-authored player Grip basis produced a non-rigid hand target: Held-item socket transform must be rigid and unit scale. determinants=-1.000000/-1.000000.
FAIL: both solved rope grips must remain within the admitted imported forearm reach
FAIL: rescue rig/attachment resolution: Gameplay-authored player Grip basis produced a non-rigid hand target: Held-item socket transform must be rigid and unit scale. determinants=-1.000000/-1.000000.
FAIL: both solved rope grips must remain within the admitted imported forearm reach
FAIL: rescue rig/attachment resolution: Gameplay-authored player Grip basis produced a non-rigid hand target: Held-item socket transform must be rigid and unit scale. determinants=-1.000000/-1.000000.
FAIL: both solved rope grips must remain within the admitted imported forearm reach
FAIL: rescue rig/attachment resolution: Gameplay-authored player Grip basis produced a non-rigid hand target: Held-item socket transform must be rigid and unit scale. determinants=-1.000000/-1.000000.
FAIL: both solved rope grips must remain within the admitted imported forearm reach
FAIL: rescue rig/attachment resolution: Gameplay-authored player Grip basis produced a non-rigid hand target: Held-item socket transform must be rigid and unit scale. determinants=-1.000000/-1.000000.
FAIL: both solved rope grips must remain within the admitted imported forearm reach
FAIL: rescue rig/attachment resolution: Gameplay-authored player Grip basis produced a non-rigid hand target: Held-item socket transform must be rigid and unit scale. determinants=-1.000000/-1.000000.
FAIL: both solved rope grips must remain within the admitted imported forearm reach
FAIL: rescue rig/attachment resolution: Gameplay-authored player Grip basis produced a non-rigid hand target: Held-item socket transform must be rigid and unit scale. determinants=-1.000000/-1.000000.
FAIL: both solved rope grips must remain within the admitted imported forearm reach
FAIL: rescue rig/attachment resolution: Gameplay-authored player Grip basis produced a non-rigid hand target: Held-item socket transform must be rigid and unit scale. determinants=-1.000000/-1.000000.
FAIL: both solved rope grips must remain within the admitted imported forearm reach
FAIL: rescue rig/attachment resolution: Gameplay-authored player Grip basis produced a non-rigid hand target: Held-item socket transform must be rigid and unit scale. determinants=-1.000000/-1.000000.
FAIL: both solved rope grips must remain within the admitted imported forearm reach
FAIL: rescue rig/attachment resolution: Gameplay-authored player Grip basis produced a non-rigid hand target: Held-item socket transform must be rigid and unit scale. determinants=-1.000000/-1.000000.
FAIL: both solved rope grips must remain within the admitted imported forearm reach
FAIL: rescue rig/attachment resolution: Gameplay-authored player Grip basis produced a non-rigid hand target: Held-item socket transform must be rigid and unit scale. determinants=-1.000000/-1.000000.
FAIL: both solved rope grips must remain within the admitted imported forearm reach
FAIL: rescue rig/attachment resolution: Gameplay-authored player Grip basis produced a non-rigid hand target: Held-item socket transform must be rigid and unit scale. determinants=-1.000000/-1.000000.
FAIL: both solved rope grips must remain within the admitted imported forearm reach
FAIL: rescue rig/attachment resolution: Gameplay-authored player Grip basis produced a non-rigid hand target: Held-item socket transform must be rigid and unit scale. determinants=-1.000000/-1.000000.
FAIL: both solved rope grips must remain within the admitted imported forearm reach
FAIL: rescue rig/attachment resolution: Gameplay-authored player Grip basis produced a non-rigid hand target: Held-item socket transform must be rigid and unit scale. determinants=-1.000000/-1.000000.
FAIL: both solved rope grips must remain within the admitted imported forearm reach
FAIL: rescue rig/attachment resolution: Gameplay-authored player Grip basis produced a non-rigid hand target: Held-item socket transform must be rigid and unit scale. determinants=-1.000000/-1.000000.
FAIL: both solved rope grips must remain within the admitted imported forearm reach
FAIL: rescue rig/attachment resolution: Gameplay-authored player Grip basis produced a non-rigid hand target: Held-item socket transform must be rigid and unit scale. determinants=-1.000000/-1.000000.
FAIL: both solved rope grips must remain within the admitted imported forearm reach
FAIL: rescue rig/attachment resolution: Gameplay-authored player Grip basis produced a non-rigid hand target: Held-item socket transform must be rigid and unit scale. determinants=-1.000000/-1.000000.
FAIL: both solved rope grips must remain within the admitted imported forearm reach
FAIL: rescue rig/attachment resolution: Gameplay-authored player Grip basis produced a non-rigid hand target: Held-item socket transform must be rigid and unit scale. determinants=-1.000000/-1.000000.
FAIL: both solved rope grips must remain within the admitted imported forearm reach
FAIL: rescue rig/attachment resolution: Gameplay-authored player Grip basis produced a non-rigid hand target: Held-item socket transform must be rigid and unit scale. determinants=-1.000000/-1.000000.
FAIL: both solved rope grips must remain within the admitted imported forearm reach
FAIL: rescue rig/attachment resolution: Gameplay-authored player Grip basis produced a non-rigid hand target: Held-item socket transform must be rigid and unit scale. determinants=-1.000000/-1.000000.
FAIL: both solved rope grips must remain within the admitted imported forearm reach
FAIL: rescue rig/attachment resolution: Gameplay-authored player Grip basis produced a non-rigid hand target: Held-item socket transform must be rigid and unit scale. determinants=-1.000000/-1.000000.
FAIL: both solved rope grips must remain within the admitted imported forearm reach
FAIL: rescue rig/attachment resolution: Gameplay-authored player Grip basis produced a non-rigid hand target: Held-item socket transform must be rigid and unit scale. determinants=-1.000000/-1.000000.
FAIL: both solved rope grips must remain within the admitted imported forearm reach
FAIL: rescue rig/attachment resolution: Gameplay-authored player Grip basis produced a non-rigid hand target: Held-item socket transform must be rigid and unit scale. determinants=-1.000000/-1.000000.
FAIL: both solved rope grips must remain within the admitted imported forearm reach
FAIL: rescue rig/attachment resolution: Gameplay-authored player Grip basis produced a non-rigid hand target: Held-item socket transform must be rigid and unit scale. determinants=-1.000000/-1.000000.
FAIL: both solved rope grips must remain within the admitted imported forearm reach
FAIL: rescue rig/attachment resolution: Gameplay-authored player Grip basis produced a non-rigid hand target: Held-item socket transform must be rigid and unit scale. determinants=-1.000000/-1.000000.
FAIL: both solved rope grips must remain within the admitted imported forearm reach
FAIL: rescue rig/attachment resolution: Gameplay-authored player Grip basis produced a non-rigid hand target: Held-item socket transform must be rigid and unit scale. determinants=-1.000000/-1.000000.
FAIL: both solved rope grips must remain within the admitted imported forearm reach
FAIL: rescue rig/attachment resolution: Gameplay-authored player Grip basis produced a non-rigid hand target: Held-item socket transform must be rigid and unit scale. determinants=-1.000000/-1.000000.
FAIL: both solved rope grips must remain within the admitted imported forearm reach
FAIL: rescue rig/attachment resolution: Gameplay-authored player Grip basis produced a non-rigid hand target: Held-item socket transform must be rigid and unit scale. determinants=-1.000000/-1.000000.
FAIL: both solved rope grips must remain within the admitted imported forearm reach
FAIL: rescue rig/attachment resolution: Gameplay-authored player Grip basis produced a non-rigid hand target: Held-item socket transform must be rigid and unit scale. determinants=-1.000000/-1.000000.
FAIL: both solved rope grips must remain within the admitted imported forearm reach
FAIL: rescue rig/attachment resolution: Gameplay-authored player Grip basis produced a non-rigid hand target: Held-item socket transform must be rigid and unit scale. determinants=-1.000000/-1.000000.
FAIL: both solved rope grips must remain within the admitted imported forearm reach
FAIL: rescue rig/attachment resolution: Gameplay-authored player Grip basis produced a non-rigid hand target: Held-item socket transform must be rigid and unit scale. determinants=-1.000000/-1.000000.
FAIL: both solved rope grips must remain within the admitted imported forearm reach
FAIL: rescue rig/attachment resolution: Gameplay-authored player Grip basis produced a non-rigid hand target: Held-item socket transform must be rigid and unit scale. determinants=-1.000000/-1.000000.
FAIL: both solved rope grips must remain within the admitted imported forearm reach
FAIL: rescue rig/attachment resolution: Gameplay-authored player Grip basis produced a non-rigid hand target: Held-item socket transform must be rigid and unit scale. determinants=-1.000000/-1.000000.
FAIL: both solved rope grips must remain within the admitted imported forearm reach
FAIL: rescue rig/attachment resolution: Gameplay-authored player Grip basis produced a non-rigid hand target: Held-item socket transform must be rigid and unit scale. determinants=-1.000000/-1.000000.
FAIL: both solved rope grips must remain within the admitted imported forearm reach
FAIL: rescue rig/attachment resolution: Gameplay-authored player Grip basis produced a non-rigid hand target: Held-item socket transform must be rigid and unit scale. determinants=-1.000000/-1.000000.
FAIL: both solved rope grips must remain within the admitted imported forearm reach
FAIL: rescue rig/attachment resolution: Gameplay-authored player Grip basis produced a non-rigid hand target: Held-item socket transform must be rigid and unit scale. determinants=-1.000000/-1.000000.
FAIL: both solved rope grips must remain within the admitted imported forearm reach
FAIL: rescue rig/attachment resolution: Gameplay-authored player Grip basis produced a non-rigid hand target: Held-item socket transform must be rigid and unit scale. determinants=-1.000000/-1.000000.
FAIL: both solved rope grips must remain within the admitted imported forearm reach
FAIL: rescue rig/attachment resolution: Gameplay-authored player Grip basis produced a non-rigid hand target: Held-item socket transform must be rigid and unit scale. determinants=-1.000000/-1.000000.
FAIL: both solved rope grips must remain within the admitted imported forearm reach
FAIL: rescue rig/attachment resolution: Gameplay-authored player Grip basis produced a non-rigid hand target: Held-item socket transform must be rigid and unit scale. determinants=-1.000000/-1.000000.
FAIL: both solved rope grips must remain within the admitted imported forearm reach
FAIL: rescue rig/attachment resolution: Gameplay-authored player Grip basis produced a non-rigid hand target: Held-item socket transform must be rigid and unit scale. determinants=-1.000000/-1.000000.
FAIL: both solved rope grips must remain within the admitted imported forearm reach
FAIL: rescue rig/attachment resolution: Gameplay-authored player Grip basis produced a non-rigid hand target: Held-item socket transform must be rigid and unit scale. determinants=-1.000000/-1.000000.
FAIL: both solved rope grips must remain within the admitted imported forearm reach
FAIL: rescue rig/attachment resolution: Gameplay-authored player Grip basis produced a non-rigid hand target: Held-item socket transform must be rigid and unit scale. determinants=-1.000000/-1.000000.
FAIL: both solved rope grips must remain within the admitted imported forearm reach
FAIL: rescue rig/attachment resolution: Gameplay-authored player Grip basis produced a non-rigid hand target: Held-item socket transform must be rigid and unit scale. determinants=-1.000000/-1.000000.
FAIL: both solved rope grips must remain within the admitted imported forearm reach
FAIL: rescue rig/attachment resolution: Gameplay-authored player Grip basis produced a non-rigid hand target: Held-item socket transform must be rigid and unit scale. determinants=-1.000000/-1.000000.
FAIL: both solved rope grips must remain within the admitted imported forearm reach
FAIL: rescue rig/attachment resolution: Gameplay-authored player Grip basis produced a non-rigid hand target: Held-item socket transform must be rigid and unit scale. determinants=-1.000000/-1.000000.
FAIL: both solved rope grips must remain within the admitted imported forearm reach
FAIL: rescue rig/attachment resolution: Gameplay-authored player Grip basis produced a non-rigid hand target: Held-item socket transform must be rigid and unit scale. determinants=-1.000000/-1.000000.
FAIL: both solved rope grips must remain within the admitted imported forearm reach
FAIL: rescue rig/attachment resolution: Gameplay-authored player Grip basis produced a non-rigid hand target: Held-item socket transform must be rigid and unit scale. determinants=-1.000000/-1.000000.
FAIL: both solved rope grips must remain within the admitted imported forearm reach
FAIL: rescue rig/attachment resolution: Gameplay-authored player Grip basis produced a non-rigid hand target: Held-item socket transform must be rigid and unit scale. determinants=-1.000000/-1.000000.
FAIL: both solved rope grips must remain within the admitted imported forearm reach
FAIL: rescue rig/attachment resolution: Gameplay-authored player Grip basis produced a non-rigid hand target: Held-item socket transform must be rigid and unit scale. determinants=-1.000000/-1.000000.
FAIL: both solved rope grips must remain within the admitted imported forearm reach
FAIL: rescue rig/attachment resolution: Gameplay-authored player Grip basis produced a non-rigid hand target: Held-item socket transform must be rigid and unit scale. determinants=-1.000000/-1.000000.
FAIL: both solved rope grips must remain within the admitted imported forearm reach
FAIL: rescue rig/attachment resolution: Gameplay-authored player Grip basis produced a non-rigid hand target: Held-item socket transform must be rigid and unit scale. determinants=-1.000000/-1.000000.
FAIL: both solved rope grips must remain within the admitted imported forearm reach
FAIL: rescue rig/attachment resolution: Gameplay-authored player Grip basis produced a non-rigid hand target: Held-item socket transform must be rigid and unit scale. determinants=-1.000000/-1.000000.
FAIL: both solved rope grips must remain within the admitted imported forearm reach
FAIL: rescue rig/attachment resolution: Gameplay-authored player Grip basis produced a non-rigid hand target: Held-item socket transform must be rigid and unit scale. determinants=-1.000000/-1.000000.
FAIL: both solved rope grips must remain within the admitted imported forearm reach
FAIL: rescue rig/attachment resolution: Gameplay-authored player Grip basis produced a non-rigid hand target: Held-item socket transform must be rigid and unit scale. determinants=-1.000000/-1.000000.
FAIL: both solved rope grips must remain within the admitted imported forearm reach
FAIL: rescue rig/attachment resolution: Gameplay-authored player Grip basis produced a non-rigid hand target: Held-item socket transform must be rigid and unit scale. determinants=-1.000000/-1.000000.
FAIL: both solved rope grips must remain within the admitted imported forearm reach
FAIL: rescue rig/attachment resolution: Gameplay-authored player Grip basis produced a non-rigid hand target: Held-item socket transform must be rigid and unit scale. determinants=-1.000000/-1.000000.
FAIL: both solved rope grips must remain within the admitted imported forearm reach
FAIL: rescue rig/attachment resolution: Gameplay-authored player Grip basis produced a non-rigid hand target: Held-item socket transform must be rigid and unit scale. determinants=-1.000000/-1.000000.
FAIL: both solved rope grips must remain within the admitted imported forearm reach
FAIL: rescue rig/attachment resolution: Gameplay-authored player Grip basis produced a non-rigid hand target: Held-item socket transform must be rigid and unit scale. determinants=-1.000000/-1.000000.
FAIL: both solved rope grips must remain within the admitted imported forearm reach
FAIL: rescue rig/attachment resolution: Gameplay-authored player Grip basis produced a non-rigid hand target: Held-item socket transform must be rigid and unit scale. determinants=-1.000000/-1.000000.
FAIL: both solved rope grips must remain within the admitted imported forearm reach
FAIL: rescue rig/attachment resolution: Gameplay-authored player Grip basis produced a non-rigid hand target: Held-item socket transform must be rigid and unit scale. determinants=-1.000000/-1.000000.
FAIL: both solved rope grips must remain within the admitted imported forearm reach
FAIL: rescue rig/attachment resolution: Gameplay-authored player Grip basis produced a non-rigid hand target: Held-item socket transform must be rigid and unit scale. determinants=-1.000000/-1.000000.
FAIL: both solved rope grips must remain within the admitted imported forearm reach
FAIL: rescue rig/attachment resolution: Gameplay-authored player Grip basis produced a non-rigid hand target: Held-item socket transform must be rigid and unit scale. determinants=-1.000000/-1.000000.
FAIL: both solved rope grips must remain within the admitted imported forearm reach
FAIL: rescue rig/attachment resolution: Gameplay-authored player Grip basis produced a non-rigid hand target: Held-item socket transform must be rigid and unit scale. determinants=-1.000000/-1.000000.
FAIL: both solved rope grips must remain within the admitted imported forearm reach
FAIL: rescue rig/attachment resolution: Gameplay-authored player Grip basis produced a non-rigid hand target: Held-item socket transform must be rigid and unit scale. determinants=-1.000000/-1.000000.
FAIL: both solved rope grips must remain within the admitted imported forearm reach
FAIL: rescue rig/attachment resolution: Gameplay-authored player Grip basis produced a non-rigid hand target: Held-item socket transform must be rigid and unit scale. determinants=-1.000000/-1.000000.
FAIL: both solved rope grips must remain within the admitted imported forearm reach
FAIL: rescue rig/attachment resolution: Gameplay-authored player Grip basis produced a non-rigid hand target: Held-item socket transform must be rigid and unit scale. determinants=-1.000000/-1.000000.
FAIL: both solved rope grips must remain within the admitted imported forearm reach
FAIL: rescue rig/attachment resolution: Gameplay-authored player Grip basis produced a non-rigid hand target: Held-item socket transform must be rigid and unit scale. determinants=-1.000000/-1.000000.
FAIL: both solved rope grips must remain within the admitted imported forearm reach
FAIL: rescue rig/attachment resolution: Gameplay-authored player Grip basis produced a non-rigid hand target: Held-item socket transform must be rigid and unit scale. determinants=-1.000000/-1.000000.
FAIL: both solved rope grips must remain within the admitted imported forearm reach
FAIL: rescue rig/attachment resolution: Gameplay-authored player Grip basis produced a non-rigid hand target: Held-item socket transform must be rigid and unit scale. determinants=-1.000000/-1.000000.
FAIL: both solved rope grips must remain within the admitted imported forearm reach
FAIL: rescue rig/attachment resolution: Gameplay-authored player Grip basis produced a non-rigid hand target: Held-item socket transform must be rigid and unit scale. determinants=-1.000000/-1.000000.
FAIL: both solved rope grips must remain within the admitted imported forearm reach
FAIL: rescue rig/attachment resolution: Gameplay-authored player Grip basis produced a non-rigid hand target: Held-item socket transform must be rigid and unit scale. determinants=-1.000000/-1.000000.
FAIL: both solved rope grips must remain within the admitted imported forearm reach
FAIL: rescue rig/attachment resolution: Gameplay-authored player Grip basis produced a non-rigid hand target: Held-item socket transform must be rigid and unit scale. determinants=-1.000000/-1.000000.
FAIL: both solved rope grips must remain within the admitted imported forearm reach
FAIL: rescue rig/attachment resolution: Gameplay-authored player Grip basis produced a non-rigid hand target: Held-item socket transform must be rigid and unit scale. determinants=-1.000000/-1.000000.
FAIL: both solved rope grips must remain within the admitted imported forearm reach
FAIL: rescue rig/attachment resolution: Gameplay-authored player Grip basis produced a non-rigid hand target: Held-item socket transform must be rigid and unit scale. determinants=-1.000000/-1.000000.
FAIL: both solved rope grips must remain within the admitted imported forearm reach
FAIL: rescue rig/attachment resolution: Gameplay-authored player Grip basis produced a non-rigid hand target: Held-item socket transform must be rigid and unit scale. determinants=-1.000000/-1.000000.
FAIL: both solved rope grips must remain within the admitted imported forearm reach
FAIL: rescue rig/attachment resolution: Gameplay-authored player Grip basis produced a non-rigid hand target: Held-item socket transform must be rigid and unit scale. determinants=-1.000000/-1.000000.
FAIL: both solved rope grips must remain within the admitted imported forearm reach
FAIL: rescue rig/attachment resolution: Gameplay-authored player Grip basis produced a non-rigid hand target: Held-item socket transform must be rigid and unit scale. determinants=-1.000000/-1.000000.
FAIL: both solved rope grips must remain within the admitted imported forearm reach
FAIL: rescue rig/attachment resolution: Gameplay-authored player Grip basis produced a non-rigid hand target: Held-item socket transform must be rigid and unit scale. determinants=-1.000000/-1.000000.
FAIL: both solved rope grips must remain within the admitted imported forearm reach
FAIL: rescue rig/attachment resolution: Gameplay-authored player Grip basis produced a non-rigid hand target: Held-item socket transform must be rigid and unit scale. determinants=-1.000000/-1.000000.
FAIL: both solved rope grips must remain within the admitted imported forearm reach
FAIL: rescue rig/attachment resolution: Gameplay-authored player Grip basis produced a non-rigid hand target: Held-item socket transform must be rigid and unit scale. determinants=-1.000000/-1.000000.
FAIL: both solved rope grips must remain within the admitted imported forearm reach
FAIL: rescue rig/attachment resolution: Gameplay-authored player Grip basis produced a non-rigid hand target: Held-item socket transform must be rigid and unit scale. determinants=-1.000000/-1.000000.
FAIL: both solved rope grips must remain within the admitted imported forearm reach
FAIL: rescue rig/attachment resolution: Gameplay-authored player Grip basis produced a non-rigid hand target: Held-item socket transform must be rigid and unit scale. determinants=-1.000000/-1.000000.
FAIL: both solved rope grips must remain within the admitted imported forearm reach
FAIL: rescue rig/attachment resolution: Gameplay-authored player Grip basis produced a non-rigid hand target: Held-item socket transform must be rigid and unit scale. determinants=-1.000000/-1.000000.
FAIL: both solved rope grips must remain within the admitted imported forearm reach
FAIL: rescue rig/attachment resolution: Gameplay-authored player Grip basis produced a non-rigid hand target: Held-item socket transform must be rigid and unit scale. determinants=-1.000000/-1.000000.
FAIL: both solved rope grips must remain within the admitted imported forearm reach
FAIL: rescue rig/attachment resolution: Gameplay-authored player Grip basis produced a non-rigid hand target: Held-item socket transform must be rigid and unit scale. determinants=-1.000000/-1.000000.
FAIL: both solved rope grips must remain within the admitted imported forearm reach
FAIL: rescue rig/attachment resolution: Gameplay-authored player Grip basis produced a non-rigid hand target: Held-item socket transform must be rigid and unit scale. determinants=-1.000000/-1.000000.
FAIL: both solved rope grips must remain within the admitted imported forearm reach
FAIL: rescue rig/attachment resolution: Gameplay-authored player Grip basis produced a non-rigid hand target: Held-item socket transform must be rigid and unit scale. determinants=-1.000000/-1.000000.
FAIL: both solved rope grips must remain within the admitted imported forearm reach
FAIL: rescue rig/attachment resolution: Gameplay-authored player Grip basis produced a non-rigid hand target: Held-item socket transform must be rigid and unit scale. determinants=-1.000000/-1.000000.
FAIL: both solved rope grips must remain within the admitted imported forearm reach
FAIL: rescue rig/attachment resolution: Gameplay-authored player Grip basis produced a non-rigid hand target: Held-item socket transform must be rigid and unit scale. determinants=-1.000000/-1.000000.
FAIL: both solved rope grips must remain within the admitted imported forearm reach
FAIL: rescue rig/attachment resolution: Gameplay-authored player Grip basis produced a non-rigid hand target: Held-item socket transform must be rigid and unit scale. determinants=-1.000000/-1.000000.
FAIL: both solved rope grips must remain within the admitted imported forearm reach
FAIL: rescue rig/attachment resolution: Gameplay-authored player Grip basis produced a non-rigid hand target: Held-item socket transform must be rigid and unit scale. determinants=-1.000000/-1.000000.
FAIL: both solved rope grips must remain within the admitted imported forearm reach
FAIL: rescue rig/attachment resolution: Gameplay-authored player Grip basis produced a non-rigid hand target: Held-item socket transform must be rigid and unit scale. determinants=-1.000000/-1.000000.
FAIL: both solved rope grips must remain within the admitted imported forearm reach
FAIL: rescue rig/attachment resolution: Gameplay-authored player Grip basis produced a non-rigid hand target: Held-item socket transform must be rigid and unit scale. determinants=-1.000000/-1.000000.
FAIL: both solved rope grips must remain within the admitted imported forearm reach
FAIL: rescue rig/attachment resolution: Gameplay-authored player Grip basis produced a non-rigid hand target: Held-item socket transform must be rigid and unit scale. determinants=-1.000000/-1.000000.
FAIL: both solved rope grips must remain within the admitted imported forearm reach
FAIL: rescue rig/attachment resolution: Gameplay-authored player Grip basis produced a non-rigid hand target: Held-item socket transform must be rigid and unit scale. determinants=-1.000000/-1.000000.
FAIL: both solved rope grips must remain within the admitted imported forearm reach
FAIL: rescue rig/attachment resolution: Gameplay-authored player Grip basis produced a non-rigid hand target: Held-item socket transform must be rigid and unit scale. determinants=-1.000000/-1.000000.
FAIL: both solved rope grips must remain within the admitted imported forearm reach
FAIL: rescue rig/attachment resolution: Gameplay-authored player Grip basis produced a non-rigid hand target: Held-item socket transform must be rigid and unit scale. determinants=-1.000000/-1.000000.
FAIL: both solved rope grips must remain within the admitted imported forearm reach
FAIL: rescue rig/attachment resolution: Gameplay-authored player Grip basis produced a non-rigid hand target: Held-item socket transform must be rigid and unit scale. determinants=-1.000000/-1.000000.
FAIL: both solved rope grips must remain within the admitted imported forearm reach
FAIL: rescue rig/attachment resolution: Gameplay-authored player Grip basis produced a non-rigid hand target: Held-item socket transform must be rigid and unit scale. determinants=-1.000000/-1.000000.
FAIL: both solved rope grips must remain within the admitted imported forearm reach
FAIL: rescue rig/attachment resolution: Gameplay-authored player Grip basis produced a non-rigid hand target: Held-item socket transform must be rigid and unit scale. determinants=-1.000000/-1.000000.
FAIL: both solved rope grips must remain within the admitted imported forearm reach
FAIL: rescue rig/attachment resolution: Gameplay-authored player Grip basis produced a non-rigid hand target: Held-item socket transform must be rigid and unit scale. determinants=-1.000000/-1.000000.
FAIL: both solved rope grips must remain within the admitted imported forearm reach
FAIL: rescue rig/attachment resolution: Gameplay-authored player Grip basis produced a non-rigid hand target: Held-item socket transform must be rigid and unit scale. determinants=-1.000000/-1.000000.
FAIL: both solved rope grips must remain within the admitted imported forearm reach
FAIL: rescue rig/attachment resolution: Gameplay-authored player Grip basis produced a non-rigid hand target: Held-item socket transform must be rigid and unit scale. determinants=-1.000000/-1.000000.
FAIL: both solved rope grips must remain within the admitted imported forearm reach
FAIL: rescue rig/attachment resolution: Gameplay-authored player Grip basis produced a non-rigid hand target: Held-item socket transform must be rigid and unit scale. determinants=-1.000000/-1.000000.
FAIL: both solved rope grips must remain within the admitted imported forearm reach
FAIL: rescue rig/attachment resolution: Gameplay-authored player Grip basis produced a non-rigid hand target: Held-item socket transform must be rigid and unit scale. determinants=-1.000000/-1.000000.
FAIL: both solved rope grips must remain within the admitted imported forearm reach
FAIL: rescue rig/attachment resolution: Gameplay-authored player Grip basis produced a non-rigid hand target: Held-item socket transform must be rigid and unit scale. determinants=-1.000000/-1.000000.
FAIL: both solved rope grips must remain within the admitted imported forearm reach
FAIL: rescue rig/attachment resolution: Gameplay-authored player Grip basis produced a non-rigid hand target: Held-item socket transform must be rigid and unit scale. determinants=-1.000000/-1.000000.
FAIL: both solved rope grips must remain within the admitted imported forearm reach
FAIL: rescue rig/attachment resolution: Gameplay-authored player Grip basis produced a non-rigid hand target: Held-item socket transform must be rigid and unit scale. determinants=-1.000000/-1.000000.
FAIL: both solved rope grips must remain within the admitted imported forearm reach
FAIL: rescue rig/attachment resolution: Gameplay-authored player Grip basis produced a non-rigid hand target: Held-item socket transform must be rigid and unit scale. determinants=-1.000000/-1.000000.
FAIL: both solved rope grips must remain within the admitted imported forearm reach
FAIL: rescue rig/attachment resolution: Gameplay-authored player Grip basis produced a non-rigid hand target: Held-item socket transform must be rigid and unit scale. determinants=-1.000000/-1.000000.
FAIL: both solved rope grips must remain within the admitted imported forearm reach
FAIL: rescue rig/attachment resolution: Gameplay-authored player Grip basis produced a non-rigid hand target: Held-item socket transform must be rigid and unit scale. determinants=-1.000000/-1.000000.
FAIL: both solved rope grips must remain within the admitted imported forearm reach
FAIL: rescue rig/attachment resolution: Gameplay-authored player Grip basis produced a non-rigid hand target: Held-item socket transform must be rigid and unit scale. determinants=-1.000000/-1.000000.
FAIL: both solved rope grips must remain within the admitted imported forearm reach
FAIL: rescue rig/attachment resolution: Gameplay-authored player Grip basis produced a non-rigid hand target: Held-item socket transform must be rigid and unit scale. determinants=-1.000000/-1.000000.
FAIL: both solved rope grips must remain within the admitted imported forearm reach
FAIL: rescue rig/attachment resolution: Gameplay-authored player Grip basis produced a non-rigid hand target: Held-item socket transform must be rigid and unit scale. determinants=-1.000000/-1.000000.
FAIL: both solved rope grips must remain within the admitted imported forearm reach
FAIL: rescue rig/attachment resolution: Gameplay-authored player Grip basis produced a non-rigid hand target: Held-item socket transform must be rigid and unit scale. determinants=-1.000000/-1.000000.
FAIL: both solved rope grips must remain within the admitted imported forearm reach
FAIL: rescue rig/attachment resolution: Gameplay-authored player Grip basis produced a non-rigid hand target: Held-item socket transform must be rigid and unit scale. determinants=-1.000000/-1.000000.
FAIL: both solved rope grips must remain within the admitted imported forearm reach
FAIL: rescue rig/attachment resolution: Gameplay-authored player Grip basis produced a non-rigid hand target: Held-item socket transform must be rigid and unit scale. determinants=-1.000000/-1.000000.
FAIL: both solved rope grips must remain within the admitted imported forearm reach
FAIL: rescue rig/attachment resolution: Gameplay-authored player Grip basis produced a non-rigid hand target: Held-item socket transform must be rigid and unit scale. determinants=-1.000000/-1.000000.
FAIL: both solved rope grips must remain within the admitted imported forearm reach
FAIL: rescue rig/attachment resolution: Gameplay-authored player Grip basis produced a non-rigid hand target: Held-item socket transform must be rigid and unit scale. determinants=-1.000000/-1.000000.
FAIL: both solved rope grips must remain within the admitted imported forearm reach
FAIL: rescue rig/attachment resolution: Gameplay-authored player Grip basis produced a non-rigid hand target: Held-item socket transform must be rigid and unit scale. determinants=-1.000000/-1.000000.
FAIL: both solved rope grips must remain within the admitted imported forearm reach
FAIL: rescue rig/attachment resolution: Gameplay-authored player Grip basis produced a non-rigid hand target: Held-item socket transform must be rigid and unit scale. determinants=-1.000000/-1.000000.
FAIL: both solved rope grips must remain within the admitted imported forearm reach
FAIL: rescue rig/attachment resolution: Gameplay-authored player Grip basis produced a non-rigid hand target: Held-item socket transform must be rigid and unit scale. determinants=-1.000000/-1.000000.
FAIL: both solved rope grips must remain within the admitted imported forearm reach
FAIL: rescue rig/attachment resolution: Gameplay-authored player Grip basis produced a non-rigid hand target: Held-item socket transform must be rigid and unit scale. determinants=-1.000000/-1.000000.
FAIL: both solved rope grips must remain within the admitted imported forearm reach
FAIL: rescue rig/attachment resolution: Gameplay-authored player Grip basis produced a non-rigid hand target: Held-item socket transform must be rigid and unit scale. determinants=-1.000000/-1.000000.
FAIL: both solved rope grips must remain within the admitted imported forearm reach
FAIL: rescue rig/attachment resolution: Gameplay-authored player Grip basis produced a non-rigid hand target: Held-item socket transform must be rigid and unit scale. determinants=-1.000000/-1.000000.
FAIL: both solved rope grips must remain within the admitted imported forearm reach
FAIL: rescue rig/attachment resolution: Gameplay-authored player Grip basis produced a non-rigid hand target: Held-item socket transform must be rigid and unit scale. determinants=-1.000000/-1.000000.
FAIL: both solved rope grips must remain within the admitted imported forearm reach
FAIL: rescue rig/attachment resolution: Gameplay-authored player Grip basis produced a non-rigid hand target: Held-item socket transform must be rigid and unit scale. determinants=-1.000000/-1.000000.
FAIL: both solved rope grips must remain within the admitted imported forearm reach
FAIL: rescue rig/attachment resolution: Gameplay-authored player Grip basis produced a non-rigid hand target: Held-item socket transform must be rigid and unit scale. determinants=-1.000000/-1.000000.
FAIL: both solved rope grips must remain within the admitted imported forearm reach
FAIL: rescue rig/attachment resolution: Gameplay-authored player Grip basis produced a non-rigid hand target: Held-item socket transform must be rigid and unit scale. determinants=-1.000000/-1.000000.
FAIL: both solved rope grips must remain within the admitted imported forearm reach
FAIL: rescue rig/attachment resolution: Gameplay-authored player Grip basis produced a non-rigid hand target: Held-item socket transform must be rigid and unit scale. determinants=-1.000000/-1.000000.
FAIL: both solved rope grips must remain within the admitted imported forearm reach
FAIL: rescue rig/attachment resolution: Gameplay-authored player Grip basis produced a non-rigid hand target: Held-item socket transform must be rigid and unit scale. determinants=-1.000000/-1.000000.
FAIL: both solved rope grips must remain within the admitted imported forearm reach
FAIL: rescue rig/attachment resolution: Gameplay-authored player Grip basis produced a non-rigid hand target: Held-item socket transform must be rigid and unit scale. determinants=-1.000000/-1.000000.
FAIL: both solved rope grips must remain within the admitted imported forearm reach
FAIL: rescue rig/attachment resolution: Gameplay-authored player Grip basis produced a non-rigid hand target: Held-item socket transform must be rigid and unit scale. determinants=-1.000000/-1.000000.
FAIL: both solved rope grips must remain within the admitted imported forearm reach
FAIL: rescue rig/attachment resolution: Gameplay-authored player Grip basis produced a non-rigid hand target: Held-item socket transform must be rigid and unit scale. determinants=-1.000000/-1.000000.
FAIL: both solved rope grips must remain within the admitted imported forearm reach
FAIL: rescue rig/attachment resolution: Gameplay-authored player Grip basis produced a non-rigid hand target: Held-item socket transform must be rigid and unit scale. determinants=-1.000000/-1.000000.
FAIL: both solved rope grips must remain within the admitted imported forearm reach
FAIL: rescue rig/attachment resolution: Gameplay-authored player Grip basis produced a non-rigid hand target: Held-item socket transform must be rigid and unit scale. determinants=-1.000000/-1.000000.
FAIL: both solved rope grips must remain within the admitted imported forearm reach
FAIL: rescue rig/attachment resolution: Gameplay-authored player Grip basis produced a non-rigid hand target: Held-item socket transform must be rigid and unit scale. determinants=-1.000000/-1.000000.
FAIL: both solved rope grips must remain within the admitted imported forearm reach
FAIL: rescue rig/attachment resolution: Gameplay-authored player Grip basis produced a non-rigid hand target: Held-item socket transform must be rigid and unit scale. determinants=-1.000000/-1.000000.
FAIL: both solved rope grips must remain within the admitted imported forearm reach
FAIL: rescue rig/attachment resolution: Gameplay-authored player Grip basis produced a non-rigid hand target: Held-item socket transform must be rigid and unit scale. determinants=-1.000000/-1.000000.
FAIL: both solved rope grips must remain within the admitted imported forearm reach
FAIL: rescue rig/attachment resolution: Gameplay-authored player Grip basis produced a non-rigid hand target: Held-item socket transform must be rigid and unit scale. determinants=-1.000000/-1.000000.
FAIL: both solved rope grips must remain within the admitted imported forearm reach
FAIL: rescue rig/attachment resolution: Gameplay-authored player Grip basis produced a non-rigid hand target: Held-item socket transform must be rigid and unit scale. determinants=-1.000000/-1.000000.
FAIL: both solved rope grips must remain within the admitted imported forearm reach
FAIL: rescue rig/attachment resolution: Gameplay-authored player Grip basis produced a non-rigid hand target: Held-item socket transform must be rigid and unit scale. determinants=-1.000000/-1.000000.
FAIL: both solved rope grips must remain within the admitted imported forearm reach
FAIL: rescue rig/attachment resolution: Gameplay-authored player Grip basis produced a non-rigid hand target: Held-item socket transform must be rigid and unit scale. determinants=-1.000000/-1.000000.
FAIL: both solved rope grips must remain within the admitted imported forearm reach
FAIL: rescue rig/attachment resolution: Gameplay-authored player Grip basis produced a non-rigid hand target: Held-item socket transform must be rigid and unit scale. determinants=-1.000000/-1.000000.
FAIL: both solved rope grips must remain within the admitted imported forearm reach
FAIL: rescue rig/attachment resolution: Gameplay-authored player Grip basis produced a non-rigid hand target: Held-item socket transform must be rigid and unit scale. determinants=-1.000000/-1.000000.
FAIL: both solved rope grips must remain within the admitted imported forearm reach
FAIL: rescue rig/attachment resolution: Gameplay-authored player Grip basis produced a non-rigid hand target: Held-item socket transform must be rigid and unit scale. determinants=-1.000000/-1.000000.
FAIL: both solved rope grips must remain within the admitted imported forearm reach
FAIL: rescue rig/attachment resolution: Gameplay-authored player Grip basis produced a non-rigid hand target: Held-item socket transform must be rigid and unit scale. determinants=-1.000000/-1.000000.
FAIL: both solved rope grips must remain within the admitted imported forearm reach
FAIL: rescue rig/attachment resolution: Gameplay-authored player Grip basis produced a non-rigid hand target: Held-item socket transform must be rigid and unit scale. determinants=-1.000000/-1.000000.
FAIL: both solved rope grips must remain within the admitted imported forearm reach
FAIL: rescue rig/attachment resolution: Gameplay-authored player Grip basis produced a non-rigid hand target: Held-item socket transform must be rigid and unit scale. determinants=-1.000000/-1.000000.
FAIL: both solved rope grips must remain within the admitted imported forearm reach
FAIL: rescue rig/attachment resolution: Gameplay-authored player Grip basis produced a non-rigid hand target: Held-item socket transform must be rigid and unit scale. determinants=-1.000000/-1.000000.
FAIL: both solved rope grips must remain within the admitted imported forearm reach
FAIL: rescue rig/attachment resolution: Gameplay-authored player Grip basis produced a non-rigid hand target: Held-item socket transform must be rigid and unit scale. determinants=-1.000000/-1.000000.
FAIL: both solved rope grips must remain within the admitted imported forearm reach
FAIL: rescue rig/attachment resolution: Gameplay-authored player Grip basis produced a non-rigid hand target: Held-item socket transform must be rigid and unit scale. determinants=-1.000000/-1.000000.
FAIL: both solved rope grips must remain within the admitted imported forearm reach
FAIL: rescue rig/attachment resolution: Gameplay-authored player Grip basis produced a non-rigid hand target: Held-item socket transform must be rigid and unit scale. determinants=-1.000000/-1.000000.
FAIL: both solved rope grips must remain within the admitted imported forearm reach
FAIL: rescue rig/attachment resolution: Gameplay-authored player Grip basis produced a non-rigid hand target: Held-item socket transform must be rigid and unit scale. determinants=-1.000000/-1.000000.
FAIL: both solved rope grips must remain within the admitted imported forearm reach
FAIL: rescue rig/attachment resolution: Gameplay-authored player Grip basis produced a non-rigid hand target: Held-item socket transform must be rigid and unit scale. determinants=-1.000000/-1.000000.
FAIL: both solved rope grips must remain within the admitted imported forearm reach
FAIL: rescue rig/attachment resolution: Gameplay-authored player Grip basis produced a non-rigid hand target: Held-item socket transform must be rigid and unit scale. determinants=-1.000000/-1.000000.
FAIL: both solved rope grips must remain within the admitted imported forearm reach
FAIL: rescue rig/attachment resolution: Gameplay-authored player Grip basis produced a non-rigid hand target: Held-item socket transform must be rigid and unit scale. determinants=-1.000000/-1.000000.
FAIL: both solved rope grips must remain within the admitted imported forearm reach
FAIL: rescue rig/attachment resolution: Gameplay-authored player Grip basis produced a non-rigid hand target: Held-item socket transform must be rigid and unit scale. determinants=-1.000000/-1.000000.
FAIL: both solved rope grips must remain within the admitted imported forearm reach
FAIL: rescue rig/attachment resolution: Gameplay-authored player Grip basis produced a non-rigid hand target: Held-item socket transform must be rigid and unit scale. determinants=-1.000000/-1.000000.
FAIL: both solved rope grips must remain within the admitted imported forearm reach
FAIL: rescue rig/attachment resolution: Gameplay-authored player Grip basis produced a non-rigid hand target: Held-item socket transform must be rigid and unit scale. determinants=-1.000000/-1.000000.
FAIL: both solved rope grips must remain within the admitted imported forearm reach
FAIL: rescue rig/attachment resolution: Gameplay-authored player Grip basis produced a non-rigid hand target: Held-item socket transform must be rigid and unit scale. determinants=-1.000000/-1.000000.
FAIL: both solved rope grips must remain within the admitted imported forearm reach
FAIL: rescue rig/attachment resolution: Gameplay-authored player Grip basis produced a non-rigid hand target: Held-item socket transform must be rigid and unit scale. determinants=-1.000000/-1.000000.
FAIL: both solved rope grips must remain within the admitted imported forearm reach
FAIL: rescue rig/attachment resolution: Gameplay-authored player Grip basis produced a non-rigid hand target: Held-item socket transform must be rigid and unit scale. determinants=-1.000000/-1.000000.
FAIL: both solved rope grips must remain within the admitted imported forearm reach
FAIL: rescue rig/attachment resolution: Gameplay-authored player Grip basis produced a non-rigid hand target: Held-item socket transform must be rigid and unit scale. determinants=-1.000000/-1.000000.
FAIL: both solved rope grips must remain within the admitted imported forearm reach
FAIL: rescue rig/attachment resolution: Gameplay-authored player Grip basis produced a non-rigid hand target: Held-item socket transform must be rigid and unit scale. determinants=-1.000000/-1.000000.
FAIL: both solved rope grips must remain within the admitted imported forearm reach
FAIL: rescue rig/attachment resolution: Gameplay-authored player Grip basis produced a non-rigid hand target: Held-item socket transform must be rigid and unit scale. determinants=-1.000000/-1.000000.
FAIL: both solved rope grips must remain within the admitted imported forearm reach
FAIL: rescue rig/attachment resolution: Gameplay-authored player Grip basis produced a non-rigid hand target: Held-item socket transform must be rigid and unit scale. determinants=-1.000000/-1.000000.
FAIL: both solved rope grips must remain within the admitted imported forearm reach
FAIL: rescue rig/attachment resolution: Gameplay-authored player Grip basis produced a non-rigid hand target: Held-item socket transform must be rigid and unit scale. determinants=-1.000000/-1.000000.
FAIL: both solved rope grips must remain within the admitted imported forearm reach
FAIL: rescue rig/attachment resolution: Gameplay-authored player Grip basis produced a non-rigid hand target: Held-item socket transform must be rigid and unit scale. determinants=-1.000000/-1.000000.
FAIL: both solved rope grips must remain within the admitted imported forearm reach
FAIL: rescue rig/attachment resolution: Gameplay-authored player Grip basis produced a non-rigid hand target: Held-item socket transform must be rigid and unit scale. determinants=-1.000000/-1.000000.
FAIL: both solved rope grips must remain within the admitted imported forearm reach
FAIL: rescue rig/attachment resolution: Gameplay-authored player Grip basis produced a non-rigid hand target: Held-item socket transform must be rigid and unit scale. determinants=-1.000000/-1.000000.
FAIL: both solved rope grips must remain within the admitted imported forearm reach
FAIL: rescue rig/attachment resolution: Gameplay-authored player Grip basis produced a non-rigid hand target: Held-item socket transform must be rigid and unit scale. determinants=-1.000000/-1.000000.
FAIL: both solved rope grips must remain within the admitted imported forearm reach
FAIL: rescue rig/attachment resolution: Gameplay-authored player Grip basis produced a non-rigid hand target: Held-item socket transform must be rigid and unit scale. determinants=-1.000000/-1.000000.
FAIL: both solved rope grips must remain within the admitted imported forearm reach
FAIL: rescue rig/attachment resolution: Gameplay-authored player Grip basis produced a non-rigid hand target: Held-item socket transform must be rigid and unit scale. determinants=-1.000000/-1.000000.
FAIL: both solved rope grips must remain within the admitted imported forearm reach
FAIL: rescue rig/attachment resolution: Gameplay-authored player Grip basis produced a non-rigid hand target: Held-item socket transform must be rigid and unit scale. determinants=-1.000000/-1.000000.
FAIL: both solved rope grips must remain within the admitted imported forearm reach
FAIL: rescue rig/attachment resolution: Gameplay-authored player Grip basis produced a non-rigid hand target: Held-item socket transform must be rigid and unit scale. determinants=-1.000000/-1.000000.
FAIL: both solved rope grips must remain within the admitted imported forearm reach
FAIL: rescue rig/attachment resolution: Gameplay-authored player Grip basis produced a non-rigid hand target: Held-item socket transform must be rigid and unit scale. determinants=-1.000000/-1.000000.
FAIL: both solved rope grips must remain within the admitted imported forearm reach
FAIL: rescue rig/attachment resolution: Gameplay-authored player Grip basis produced a non-rigid hand target: Held-item socket transform must be rigid and unit scale. determinants=-1.000000/-1.000000.
FAIL: both solved rope grips must remain within the admitted imported forearm reach
FAIL: rescue rig/attachment resolution: Gameplay-authored player Grip basis produced a non-rigid hand target: Held-item socket transform must be rigid and unit scale. determinants=-1.000000/-1.000000.
FAIL: both solved rope grips must remain within the admitted imported forearm reach
FAIL: rescue rig/attachment resolution: Gameplay-authored player Grip basis produced a non-rigid hand target: Held-item socket transform must be rigid and unit scale. determinants=-1.000000/-1.000000.
FAIL: both solved rope grips must remain within the admitted imported forearm reach
FAIL: rescue rig/attachment resolution: Gameplay-authored player Grip basis produced a non-rigid hand target: Held-item socket transform must be rigid and unit scale. determinants=-1.000000/-1.000000.
FAIL: both solved rope grips must remain within the admitted imported forearm reach
FAIL: rescue rig/attachment resolution: Gameplay-authored player Grip basis produced a non-rigid hand target: Held-item socket transform must be rigid and unit scale. determinants=-1.000000/-1.000000.
FAIL: both solved rope grips must remain within the admitted imported forearm reach
FAIL: rescue rig/attachment resolution: Gameplay-authored player Grip basis produced a non-rigid hand target: Held-item socket transform must be rigid and unit scale. determinants=-1.000000/-1.000000.
FAIL: both solved rope grips must remain within the admitted imported forearm reach
FAIL: rescue rig/attachment resolution: Gameplay-authored player Grip basis produced a non-rigid hand target: Held-item socket transform must be rigid and unit scale. determinants=-1.000000/-1.000000.
FAIL: both solved rope grips must remain within the admitted imported forearm reach
FAIL: rescue rig/attachment resolution: Gameplay-authored player Grip basis produced a non-rigid hand target: Held-item socket transform must be rigid and unit scale. determinants=-1.000000/-1.000000.
FAIL: both solved rope grips must remain within the admitted imported forearm reach
FAIL: rescue rig/attachment resolution: Gameplay-authored player Grip basis produced a non-rigid hand target: Held-item socket transform must be rigid and unit scale. determinants=-1.000000/-1.000000.
FAIL: both solved rope grips must remain within the admitted imported forearm reach
FAIL: rescue rig/attachment resolution: Gameplay-authored player Grip basis produced a non-rigid hand target: Held-item socket transform must be rigid and unit scale. determinants=-1.000000/-1.000000.
FAIL: both solved rope grips must remain within the admitted imported forearm reach
FAIL: rescue rig/attachment resolution: Gameplay-authored player Grip basis produced a non-rigid hand target: Held-item socket transform must be rigid and unit scale. determinants=-1.000000/-1.000000.
FAIL: both solved rope grips must remain within the admitted imported forearm reach
FAIL: rescue rig/attachment resolution: Gameplay-authored player Grip basis produced a non-rigid hand target: Held-item socket transform must be rigid and unit scale. determinants=-1.000000/-1.000000.
FAIL: both solved rope grips must remain within the admitted imported forearm reach
FAIL: rescue rig/attachment resolution: Gameplay-authored player Grip basis produced a non-rigid hand target: Held-item socket transform must be rigid and unit scale. determinants=-1.000000/-1.000000.
FAIL: both solved rope grips must remain within the admitted imported forearm reach
FAIL: rescue rig/attachment resolution: Gameplay-authored player Grip basis produced a non-rigid hand target: Held-item socket transform must be rigid and unit scale. determinants=-1.000000/-1.000000.
FAIL: both solved rope grips must remain within the admitted imported forearm reach
FAIL: rescue rig/attachment resolution: Gameplay-authored player Grip basis produced a non-rigid hand target: Held-item socket transform must be rigid and unit scale. determinants=-1.000000/-1.000000.
FAIL: both solved rope grips must remain within the admitted imported forearm reach
FAIL: rescue rig/attachment resolution: Gameplay-authored player Grip basis produced a non-rigid hand target: Held-item socket transform must be rigid and unit scale. determinants=-1.000000/-1.000000.
FAIL: both solved rope grips must remain within the admitted imported forearm reach
FAIL: rescue rig/attachment resolution: Gameplay-authored player Grip basis produced a non-rigid hand target: Held-item socket transform must be rigid and unit scale. determinants=-1.000000/-1.000000.
FAIL: both solved rope grips must remain within the admitted imported forearm reach
FAIL: rescue rig/attachment resolution: Gameplay-authored player Grip basis produced a non-rigid hand target: Held-item socket transform must be rigid and unit scale. determinants=-1.000000/-1.000000.
FAIL: both solved rope grips must remain within the admitted imported forearm reach
FAIL: rescue rig/attachment resolution: Gameplay-authored player Grip basis produced a non-rigid hand target: Held-item socket transform must be rigid and unit scale. determinants=-1.000000/-1.000000.
FAIL: both solved rope grips must remain within the admitted imported forearm reach
FAIL: rescue rig/attachment resolution: Gameplay-authored player Grip basis produced a non-rigid hand target: Held-item socket transform must be rigid and unit scale. determinants=-1.000000/-1.000000.
FAIL: both solved rope grips must remain within the admitted imported forearm reach
FAIL: rescue rig/attachment resolution: Gameplay-authored player Grip basis produced a non-rigid hand target: Held-item socket transform must be rigid and unit scale. determinants=-1.000000/-1.000000.
FAIL: both solved rope grips must remain within the admitted imported forearm reach
FAIL: rescue rig/attachment resolution: Gameplay-authored player Grip basis produced a non-rigid hand target: Held-item socket transform must be rigid and unit scale. determinants=-1.000000/-1.000000.
FAIL: both solved rope grips must remain within the admitted imported forearm reach
FAIL: rescue rig/attachment resolution: Gameplay-authored player Grip basis produced a non-rigid hand target: Held-item socket transform must be rigid and unit scale. determinants=-1.000000/-1.000000.
FAIL: both solved rope grips must remain within the admitted imported forearm reach
FAIL: rescue rig/attachment resolution: Gameplay-authored player Grip basis produced a non-rigid hand target: Held-item socket transform must be rigid and unit scale. determinants=-1.000000/-1.000000.
FAIL: both solved rope grips must remain within the admitted imported forearm reach
FAIL: rescue rig/attachment resolution: Gameplay-authored player Grip basis produced a non-rigid hand target: Held-item socket transform must be rigid and unit scale. determinants=-1.000000/-1.000000.
FAIL: both solved rope grips must remain within the admitted imported forearm reach
FAIL: rescue rig/attachment resolution: Gameplay-authored player Grip basis produced a non-rigid hand target: Held-item socket transform must be rigid and unit scale. determinants=-1.000000/-1.000000.
FAIL: both solved rope grips must remain within the admitted imported forearm reach
FAIL: rescue rig/attachment resolution: Gameplay-authored player Grip basis produced a non-rigid hand target: Held-item socket transform must be rigid and unit scale. determinants=-1.000000/-1.000000.
FAIL: both solved rope grips must remain within the admitted imported forearm reach
FAIL: rescue rig/attachment resolution: Gameplay-authored player Grip basis produced a non-rigid hand target: Held-item socket transform must be rigid and unit scale. determinants=-1.000000/-1.000000.
FAIL: both solved rope grips must remain within the admitted imported forearm reach
FAIL: rescue rig/attachment resolution: Gameplay-authored player Grip basis produced a non-rigid hand target: Held-item socket transform must be rigid and unit scale. determinants=-1.000000/-1.000000.
FAIL: both solved rope grips must remain within the admitted imported forearm reach
FAIL: rescue rig/attachment resolution: Gameplay-authored player Grip basis produced a non-rigid hand target: Held-item socket transform must be rigid and unit scale. determinants=-1.000000/-1.000000.
FAIL: both solved rope grips must remain within the admitted imported forearm reach
FAIL: rescue rig/attachment resolution: Gameplay-authored player Grip basis produced a non-rigid hand target: Held-item socket transform must be rigid and unit scale. determinants=-1.000000/-1.000000.
FAIL: both solved rope grips must remain within the admitted imported forearm reach
FAIL: rescue rig/attachment resolution: Gameplay-authored player Grip basis produced a non-rigid hand target: Held-item socket transform must be rigid and unit scale. determinants=-1.000000/-1.000000.
FAIL: both solved rope grips must remain within the admitted imported forearm reach
FAIL: rescue rig/attachment resolution: Gameplay-authored player Grip basis produced a non-rigid hand target: Held-item socket transform must be rigid and unit scale. determinants=-1.000000/-1.000000.
FAIL: both solved rope grips must remain within the admitted imported forearm reach
FAIL: rescue rig/attachment resolution: Gameplay-authored player Grip basis produced a non-rigid hand target: Held-item socket transform must be rigid and unit scale. determinants=-1.000000/-1.000000.
FAIL: both solved rope grips must remain within the admitted imported forearm reach
FAIL: rescue rig/attachment resolution: Gameplay-authored player Grip basis produced a non-rigid hand target: Held-item socket transform must be rigid and unit scale. determinants=-1.000000/-1.000000.
FAIL: both solved rope grips must remain within the admitted imported forearm reach
FAIL: rescue rig/attachment resolution: Gameplay-authored player Grip basis produced a non-rigid hand target: Held-item socket transform must be rigid and unit scale. determinants=-1.000000/-1.000000.
FAIL: both solved rope grips must remain within the admitted imported forearm reach
FAIL: rescue rig/attachment resolution: Gameplay-authored player Grip basis produced a non-rigid hand target: Held-item socket transform must be rigid and unit scale. determinants=-1.000000/-1.000000.
FAIL: both solved rope grips must remain within the admitted imported forearm reach
FAIL: rescue rig/attachment resolution: Gameplay-authored player Grip basis produced a non-rigid hand target: Held-item socket transform must be rigid and unit scale. determinants=-1.000000/-1.000000.
FAIL: both solved rope grips must remain within the admitted imported forearm reach
FAIL: rescue rig/attachment resolution: Gameplay-authored player Grip basis produced a non-rigid hand target: Held-item socket transform must be rigid and unit scale. determinants=-1.000000/-1.000000.
FAIL: both solved rope grips must remain within the admitted imported forearm reach
FAIL: rescue rig/attachment resolution: Gameplay-authored player Grip basis produced a non-rigid hand target: Held-item socket transform must be rigid and unit scale. determinants=-1.000000/-1.000000.
FAIL: both solved rope grips must remain within the admitted imported forearm reach
FAIL: rescue rig/attachment resolution: Gameplay-authored player Grip basis produced a non-rigid hand target: Held-item socket transform must be rigid and unit scale. determinants=-1.000000/-1.000000.
FAIL: both solved rope grips must remain within the admitted imported forearm reach
FAIL: rescue rig/attachment resolution: Gameplay-authored player Grip basis produced a non-rigid hand target: Held-item socket transform must be rigid and unit scale. determinants=-1.000000/-1.000000.
FAIL: both solved rope grips must remain within the admitted imported forearm reach
FAIL: rescue rig/attachment resolution: Gameplay-authored player Grip basis produced a non-rigid hand target: Held-item socket transform must be rigid and unit scale. determinants=-1.000000/-1.000000.
FAIL: both solved rope grips must remain within the admitted imported forearm reach
FAIL: rescue rig/attachment resolution: Gameplay-authored player Grip basis produced a non-rigid hand target: Held-item socket transform must be rigid and unit scale. determinants=-1.000000/-1.000000.
FAIL: both solved rope grips must remain within the admitted imported forearm reach
FAIL: rescue rig/attachment resolution: Gameplay-authored player Grip basis produced a non-rigid hand target: Held-item socket transform must be rigid and unit scale. determinants=-1.000000/-1.000000.
FAIL: both solved rope grips must remain within the admitted imported forearm reach
FAIL: rescue rig/attachment resolution: Gameplay-authored player Grip basis produced a non-rigid hand target: Held-item socket transform must be rigid and unit scale. determinants=-1.000000/-1.000000.
FAIL: both solved rope grips must remain within the admitted imported forearm reach
FAIL: rescue rig/attachment resolution: Gameplay-authored player Grip basis produced a non-rigid hand target: Held-item socket transform must be rigid and unit scale. determinants=-1.000000/-1.000000.
FAIL: both solved rope grips must remain within the admitted imported forearm reach
FAIL: rescue rig/attachment resolution: Gameplay-authored player Grip basis produced a non-rigid hand target: Held-item socket transform must be rigid and unit scale. determinants=-1.000000/-1.000000.
FAIL: both solved rope grips must remain within the admitted imported forearm reach
FAIL: rescue rig/attachment resolution: Gameplay-authored player Grip basis produced a non-rigid hand target: Held-item socket transform must be rigid and unit scale. determinants=-1.000000/-1.000000.
FAIL: both solved rope grips must remain within the admitted imported forearm reach
FAIL: rescue rig/attachment resolution: Gameplay-authored player Grip basis produced a non-rigid hand target: Held-item socket transform must be rigid and unit scale. determinants=-1.000000/-1.000000.
FAIL: both solved rope grips must remain within the admitted imported forearm reach
FAIL: rescue rig/attachment resolution: Gameplay-authored player Grip basis produced a non-rigid hand target: Held-item socket transform must be rigid and unit scale. determinants=-1.000000/-1.000000.
FAIL: both solved rope grips must remain within the admitted imported forearm reach
FAIL: rescue rig/attachment resolution: Gameplay-authored player Grip basis produced a non-rigid hand target: Held-item socket transform must be rigid and unit scale. determinants=-1.000000/-1.000000.
FAIL: both solved rope grips must remain within the admitted imported forearm reach
FAIL: rescue rig/attachment resolution: Gameplay-authored player Grip basis produced a non-rigid hand target: Held-item socket transform must be rigid and unit scale. determinants=-1.000000/-1.000000.
FAIL: both solved rope grips must remain within the admitted imported forearm reach
FAIL: rescue rig/attachment resolution: Gameplay-authored player Grip basis produced a non-rigid hand target: Held-item socket transform must be rigid and unit scale. determinants=-1.000000/-1.000000.
FAIL: both solved rope grips must remain within the admitted imported forearm reach
FAIL: rescue rig/attachment resolution: Gameplay-authored player Grip basis produced a non-rigid hand target: Held-item socket transform must be rigid and unit scale. determinants=-1.000000/-1.000000.
FAIL: both solved rope grips must remain within the admitted imported forearm reach
FAIL: rescue rig/attachment resolution: Gameplay-authored player Grip basis produced a non-rigid hand target: Held-item socket transform must be rigid and unit scale. determinants=-1.000000/-1.000000.
FAIL: both solved rope grips must remain within the admitted imported forearm reach
FAIL: rescue rig/attachment resolution: Gameplay-authored player Grip basis produced a non-rigid hand target: Held-item socket transform must be rigid and unit scale. determinants=-1.000000/-1.000000.
FAIL: both solved rope grips must remain within the admitted imported forearm reach
FAIL: rescue rig/attachment resolution: Gameplay-authored player Grip basis produced a non-rigid hand target: Held-item socket transform must be rigid and unit scale. determinants=-1.000000/-1.000000.
FAIL: both solved rope grips must remain within the admitted imported forearm reach
FAIL: rescue rig/attachment resolution: Gameplay-authored player Grip basis produced a non-rigid hand target: Held-item socket transform must be rigid and unit scale. determinants=-1.000000/-1.000000.
FAIL: both solved rope grips must remain within the admitted imported forearm reach
FAIL: rescue rig/attachment resolution: Gameplay-authored player Grip basis produced a non-rigid hand target: Held-item socket transform must be rigid and unit scale. determinants=-1.000000/-1.000000.
FAIL: both solved rope grips must remain within the admitted imported forearm reach
FAIL: rescue rig/attachment resolution: Gameplay-authored player Grip basis produced a non-rigid hand target: Held-item socket transform must be rigid and unit scale. determinants=-1.000000/-1.000000.
FAIL: both solved rope grips must remain within the admitted imported forearm reach
FAIL: rescue rig/attachment resolution: Gameplay-authored player Grip basis produced a non-rigid hand target: Held-item socket transform must be rigid and unit scale. determinants=-1.000000/-1.000000.
FAIL: both solved rope grips must remain within the admitted imported forearm reach
FAIL: rescue rig/attachment resolution: Gameplay-authored player Grip basis produced a non-rigid hand target: Held-item socket transform must be rigid and unit scale. determinants=-1.000000/-1.000000.
FAIL: both solved rope grips must remain within the admitted imported forearm reach
FAIL: rescue rig/attachment resolution: Gameplay-authored player Grip basis produced a non-rigid hand target: Held-item socket transform must be rigid and unit scale. determinants=-1.000000/-1.000000.
FAIL: both solved rope grips must remain within the admitted imported forearm reach
FAIL: rescue rig/attachment resolution: Gameplay-authored player Grip basis produced a non-rigid hand target: Held-item socket transform must be rigid and unit scale. determinants=-1.000000/-1.000000.
FAIL: both solved rope grips must remain within the admitted imported forearm reach
FAIL: rescue rig/attachment resolution: Gameplay-authored player Grip basis produced a non-rigid hand target: Held-item socket transform must be rigid and unit scale. determinants=-1.000000/-1.000000.
FAIL: both solved rope grips must remain within the admitted imported forearm reach
FAIL: rescue rig/attachment resolution: Gameplay-authored player Grip basis produced a non-rigid hand target: Held-item socket transform must be rigid and unit scale. determinants=-1.000000/-1.000000.
FAIL: both solved rope grips must remain within the admitted imported forearm reach
FAIL: rescue rig/attachment resolution: Gameplay-authored player Grip basis produced a non-rigid hand target: Held-item socket transform must be rigid and unit scale. determinants=-1.000000/-1.000000.
FAIL: both solved rope grips must remain within the admitted imported forearm reach
FAIL: rescue rig/attachment resolution: Gameplay-authored player Grip basis produced a non-rigid hand target: Held-item socket transform must be rigid and unit scale. determinants=-1.000000/-1.000000.
FAIL: both solved rope grips must remain within the admitted imported forearm reach
FAIL: rescue rig/attachment resolution: Gameplay-authored player Grip basis produced a non-rigid hand target: Held-item socket transform must be rigid and unit scale. determinants=-1.000000/-1.000000.
FAIL: both solved rope grips must remain within the admitted imported forearm reach
FAIL: rescue rig/attachment resolution: Gameplay-authored player Grip basis produced a non-rigid hand target: Held-item socket transform must be rigid and unit scale. determinants=-1.000000/-1.000000.
FAIL: both solved rope grips must remain within the admitted imported forearm reach
FAIL: rescue rig/attachment resolution: Gameplay-authored player Grip basis produced a non-rigid hand target: Held-item socket transform must be rigid and unit scale. determinants=-1.000000/-1.000000.
FAIL: both solved rope grips must remain within the admitted imported forearm reach
FAIL: rescue rig/attachment resolution: Gameplay-authored player Grip basis produced a non-rigid hand target: Held-item socket transform must be rigid and unit scale. determinants=-1.000000/-1.000000.
FAIL: both solved rope grips must remain within the admitted imported forearm reach
FAIL: rescue rig/attachment resolution: Gameplay-authored player Grip basis produced a non-rigid hand target: Held-item socket transform must be rigid and unit scale. determinants=-1.000000/-1.000000.
FAIL: both solved rope grips must remain within the admitted imported forearm reach
FAIL: rescue rig/attachment resolution: Gameplay-authored player Grip basis produced a non-rigid hand target: Held-item socket transform must be rigid and unit scale. determinants=-1.000000/-1.000000.
FAIL: both solved rope grips must remain within the admitted imported forearm reach
FAIL: rescue rig/attachment resolution: Gameplay-authored player Grip basis produced a non-rigid hand target: Held-item socket transform must be rigid and unit scale. determinants=-1.000000/-1.000000.
FAIL: both solved rope grips must remain within the admitted imported forearm reach
FAIL: rescue rig/attachment resolution: Gameplay-authored player Grip basis produced a non-rigid hand target: Held-item socket transform must be rigid and unit scale. determinants=-1.000000/-1.000000.
FAIL: both solved rope grips must remain within the admitted imported forearm reach
FAIL: rescue rig/attachment resolution: Gameplay-authored player Grip basis produced a non-rigid hand target: Held-item socket transform must be rigid and unit scale. determinants=-1.000000/-1.000000.
FAIL: both solved rope grips must remain within the admitted imported forearm reach
FAIL: rescue rig/attachment resolution: Gameplay-authored player Grip basis produced a non-rigid hand target: Held-item socket transform must be rigid and unit scale. determinants=-1.000000/-1.000000.
FAIL: both solved rope grips must remain within the admitted imported forearm reach
FAIL: rescue rig/attachment resolution: Gameplay-authored player Grip basis produced a non-rigid hand target: Held-item socket transform must be rigid and unit scale. determinants=-1.000000/-1.000000.
FAIL: both solved rope grips must remain within the admitted imported forearm reach
FAIL: rescue rig/attachment resolution: Gameplay-authored player Grip basis produced a non-rigid hand target: Held-item socket transform must be rigid and unit scale. determinants=-1.000000/-1.000000.
FAIL: both solved rope grips must remain within the admitted imported forearm reach
FAIL: rescue rig/attachment resolution: Gameplay-authored player Grip basis produced a non-rigid hand target: Held-item socket transform must be rigid and unit scale. determinants=-1.000000/-1.000000.
FAIL: both solved rope grips must remain within the admitted imported forearm reach
FAIL: rescue rig/attachment resolution: Gameplay-authored player Grip basis produced a non-rigid hand target: Held-item socket transform must be rigid and unit scale. determinants=-1.000000/-1.000000.
FAIL: both solved rope grips must remain within the admitted imported forearm reach
FAIL: rescue rig/attachment resolution: Gameplay-authored player Grip basis produced a non-rigid hand target: Held-item socket transform must be rigid and unit scale. determinants=-1.000000/-1.000000.
FAIL: both solved rope grips must remain within the admitted imported forearm reach
FAIL: rescue rig/attachment resolution: Gameplay-authored player Grip basis produced a non-rigid hand target: Held-item socket transform must be rigid and unit scale. determinants=-1.000000/-1.000000.
FAIL: both solved rope grips must remain within the admitted imported forearm reach
FAIL: rescue rig/attachment resolution: Gameplay-authored player Grip basis produced a non-rigid hand target: Held-item socket transform must be rigid and unit scale. determinants=-1.000000/-1.000000.
FAIL: both solved rope grips must remain within the admitted imported forearm reach
FAIL: rescue rig/attachment resolution: Gameplay-authored player Grip basis produced a non-rigid hand target: Held-item socket transform must be rigid and unit scale. determinants=-1.000000/-1.000000.
FAIL: both solved rope grips must remain within the admitted imported forearm reach
FAIL: rescue rig/attachment resolution: Gameplay-authored player Grip basis produced a non-rigid hand target: Held-item socket transform must be rigid and unit scale. determinants=-1.000000/-1.000000.
FAIL: both solved rope grips must remain within the admitted imported forearm reach
FAIL: rescue rig/attachment resolution: Gameplay-authored player Grip basis produced a non-rigid hand target: Held-item socket transform must be rigid and unit scale. determinants=-1.000000/-1.000000.
FAIL: both solved rope grips must remain within the admitted imported forearm reach
FAIL: rescue rig/attachment resolution: Gameplay-authored player Grip basis produced a non-rigid hand target: Held-item socket transform must be rigid and unit scale. determinants=-1.000000/-1.000000.
FAIL: both solved rope grips must remain within the admitted imported forearm reach
FAIL: rescue rig/attachment resolution: Gameplay-authored player Grip basis produced a non-rigid hand target: Held-item socket transform must be rigid and unit scale. determinants=-1.000000/-1.000000.
FAIL: both solved rope grips must remain within the admitted imported forearm reach
FAIL: rescue rig/attachment resolution: Gameplay-authored player Grip basis produced a non-rigid hand target: Held-item socket transform must be rigid and unit scale. determinants=-1.000000/-1.000000.
FAIL: both solved rope grips must remain within the admitted imported forearm reach
FAIL: rescue rig/attachment resolution: Gameplay-authored player Grip basis produced a non-rigid hand target: Held-item socket transform must be rigid and unit scale. determinants=-1.000000/-1.000000.
FAIL: both solved rope grips must remain within the admitted imported forearm reach
FAIL: rescue rig/attachment resolution: Gameplay-authored player Grip basis produced a non-rigid hand target: Held-item socket transform must be rigid and unit scale. determinants=-1.000000/-1.000000.
FAIL: both solved rope grips must remain within the admitted imported forearm reach
FAIL: rescue rig/attachment resolution: Gameplay-authored player Grip basis produced a non-rigid hand target: Held-item socket transform must be rigid and unit scale. determinants=-1.000000/-1.000000.
FAIL: both solved rope grips must remain within the admitted imported forearm reach
FAIL: rescue rig/attachment resolution: Gameplay-authored player Grip basis produced a non-rigid hand target: Held-item socket transform must be rigid and unit scale. determinants=-1.000000/-1.000000.
FAIL: both solved rope grips must remain within the admitted imported forearm reach
FAIL: rescue rig/attachment resolution: Gameplay-authored player Grip basis produced a non-rigid hand target: Held-item socket transform must be rigid and unit scale. determinants=-1.000000/-1.000000.
FAIL: both solved rope grips must remain within the admitted imported forearm reach
FAIL: rescue rig/attachment resolution: Gameplay-authored player Grip basis produced a non-rigid hand target: Held-item socket transform must be rigid and unit scale. determinants=-1.000000/-1.000000.
FAIL: both solved rope grips must remain within the admitted imported forearm reach
FAIL: rescue rig/attachment resolution: Gameplay-authored player Grip basis produced a non-rigid hand target: Held-item socket transform must be rigid and unit scale. determinants=-1.000000/-1.000000.
FAIL: both solved rope grips must remain within the admitted imported forearm reach
FAIL: rescue rig/attachment resolution: Gameplay-authored player Grip basis produced a non-rigid hand target: Held-item socket transform must be rigid and unit scale. determinants=-1.000000/-1.000000.
FAIL: both solved rope grips must remain within the admitted imported forearm reach
FAIL: rescue rig/attachment resolution: Gameplay-authored player Grip basis produced a non-rigid hand target: Held-item socket transform must be rigid and unit scale. determinants=-1.000000/-1.000000.
FAIL: both solved rope grips must remain within the admitted imported forearm reach
FAIL: rescue rig/attachment resolution: Gameplay-authored player Grip basis produced a non-rigid hand target: Held-item socket transform must be rigid and unit scale. determinants=-1.000000/-1.000000.
FAIL: both solved rope grips must remain within the admitted imported forearm reach
FAIL: rescue rig/attachment resolution: Gameplay-authored player Grip basis produced a non-rigid hand target: Held-item socket transform must be rigid and unit scale. determinants=-1.000000/-1.000000.
FAIL: both solved rope grips must remain within the admitted imported forearm reach
FAIL: rescue rig/attachment resolution: Gameplay-authored player Grip basis produced a non-rigid hand target: Held-item socket transform must be rigid and unit scale. determinants=-1.000000/-1.000000.
FAIL: both solved rope grips must remain within the admitted imported forearm reach
FAIL: rescue rig/attachment resolution: Gameplay-authored player Grip basis produced a non-rigid hand target: Held-item socket transform must be rigid and unit scale. determinants=-1.000000/-1.000000.
FAIL: both solved rope grips must remain within the admitted imported forearm reach
FAIL: rescue rig/attachment resolution: Gameplay-authored player Grip basis produced a non-rigid hand target: Held-item socket transform must be rigid and unit scale. determinants=-1.000000/-1.000000.
FAIL: both solved rope grips must remain within the admitted imported forearm reach
FAIL: rescue rig/attachment resolution: Gameplay-authored player Grip basis produced a non-rigid hand target: Held-item socket transform must be rigid and unit scale. determinants=-1.000000/-1.000000.
FAIL: both solved rope grips must remain within the admitted imported forearm reach
FAIL: rescue rig/attachment resolution: Gameplay-authored player Grip basis produced a non-rigid hand target: Held-item socket transform must be rigid and unit scale. determinants=-1.000000/-1.000000.
FAIL: both solved rope grips must remain within the admitted imported forearm reach
FAIL: rescue rig/attachment resolution: Gameplay-authored player Grip basis produced a non-rigid hand target: Held-item socket transform must be rigid and unit scale. determinants=-1.000000/-1.000000.
FAIL: both solved rope grips must remain within the admitted imported forearm reach
FAIL: rescue rig/attachment resolution: Gameplay-authored player Grip basis produced a non-rigid hand target: Held-item socket transform must be rigid and unit scale. determinants=-1.000000/-1.000000.
FAIL: both solved rope grips must remain within the admitted imported forearm reach
FAIL: rescue rig/attachment resolution: Gameplay-authored player Grip basis produced a non-rigid hand target: Held-item socket transform must be rigid and unit scale. determinants=-1.000000/-1.000000.
FAIL: both solved rope grips must remain within the admitted imported forearm reach
FAIL: rescue rig/attachment resolution: Gameplay-authored player Grip basis produced a non-rigid hand target: Held-item socket transform must be rigid and unit scale. determinants=-1.000000/-1.000000.
FAIL: both solved rope grips must remain within the admitted imported forearm reach
FAIL: rescue rig/attachment resolution: Gameplay-authored player Grip basis produced a non-rigid hand target: Held-item socket transform must be rigid and unit scale. determinants=-1.000000/-1.000000.
FAIL: both solved rope grips must remain within the admitted imported forearm reach
FAIL: rescue rig/attachment resolution: Gameplay-authored player Grip basis produced a non-rigid hand target: Held-item socket transform must be rigid and unit scale. determinants=-1.000000/-1.000000.
FAIL: both solved rope grips must remain within the admitted imported forearm reach
FAIL: rescue rig/attachment resolution: Gameplay-authored player Grip basis produced a non-rigid hand target: Held-item socket transform must be rigid and unit scale. determinants=-1.000000/-1.000000.
FAIL: both solved rope grips must remain within the admitted imported forearm reach
FAIL: rescue rig/attachment resolution: Gameplay-authored player Grip basis produced a non-rigid hand target: Held-item socket transform must be rigid and unit scale. determinants=-1.000000/-1.000000.
FAIL: both solved rope grips must remain within the admitted imported forearm reach
FAIL: rescue rig/attachment resolution: Gameplay-authored player Grip basis produced a non-rigid hand target: Held-item socket transform must be rigid and unit scale. determinants=-1.000000/-1.000000.
FAIL: both solved rope grips must remain within the admitted imported forearm reach
FAIL: rescue rig/attachment resolution: Gameplay-authored player Grip basis produced a non-rigid hand target: Held-item socket transform must be rigid and unit scale. determinants=-1.000000/-1.000000.
FAIL: both solved rope grips must remain within the admitted imported forearm reach
FAIL: rescue rig/attachment resolution: Gameplay-authored player Grip basis produced a non-rigid hand target: Held-item socket transform must be rigid and unit scale. determinants=-1.000000/-1.000000.
FAIL: both solved rope grips must remain within the admitted imported forearm reach
FAIL: rescue rig/attachment resolution: Gameplay-authored player Grip basis produced a non-rigid hand target: Held-item socket transform must be rigid and unit scale. determinants=-1.000000/-1.000000.
FAIL: both solved rope grips must remain within the admitted imported forearm reach
FAIL: rescue rig/attachment resolution: Gameplay-authored player Grip basis produced a non-rigid hand target: Held-item socket transform must be rigid and unit scale. determinants=-1.000000/-1.000000.
FAIL: both solved rope grips must remain within the admitted imported forearm reach
FAIL: rescue rig/attachment resolution: Gameplay-authored player Grip basis produced a non-rigid hand target: Held-item socket transform must be rigid and unit scale. determinants=-1.000000/-1.000000.
FAIL: both solved rope grips must remain within the admitted imported forearm reach
FAIL: rescue rig/attachment resolution: Gameplay-authored player Grip basis produced a non-rigid hand target: Held-item socket transform must be rigid and unit scale. determinants=-1.000000/-1.000000.
FAIL: both solved rope grips must remain within the admitted imported forearm reach
FAIL: rescue rig/attachment resolution: Gameplay-authored player Grip basis produced a non-rigid hand target: Held-item socket transform must be rigid and unit scale. determinants=-1.000000/-1.000000.
FAIL: both solved rope grips must remain within the admitted imported forearm reach
FAIL: rescue rig/attachment resolution: Gameplay-authored player Grip basis produced a non-rigid hand target: Held-item socket transform must be rigid and unit scale. determinants=-1.000000/-1.000000.
FAIL: both solved rope grips must remain within the admitted imported forearm reach
FAIL: rescue rig/attachment resolution: Gameplay-authored player Grip basis produced a non-rigid hand target: Held-item socket transform must be rigid and unit scale. determinants=-1.000000/-1.000000.
FAIL: both solved rope grips must remain within the admitted imported forearm reach
FAIL: rescue rig/attachment resolution: Gameplay-authored player Grip basis produced a non-rigid hand target: Held-item socket transform must be rigid and unit scale. determinants=-1.000000/-1.000000.
FAIL: both solved rope grips must remain within the admitted imported forearm reach
FAIL: rescue rig/attachment resolution: Gameplay-authored player Grip basis produced a non-rigid hand target: Held-item socket transform must be rigid and unit scale. determinants=-1.000000/-1.000000.
FAIL: both solved rope grips must remain within the admitted imported forearm reach
FAIL: rescue rig/attachment resolution: Gameplay-authored player Grip basis produced a non-rigid hand target: Held-item socket transform must be rigid and unit scale. determinants=-1.000000/-1.000000.
FAIL: both solved rope grips must remain within the admitted imported forearm reach
FAIL: rescue rig/attachment resolution: Gameplay-authored player Grip basis produced a non-rigid hand target: Held-item socket transform must be rigid and unit scale. determinants=-1.000000/-1.000000.
FAIL: both solved rope grips must remain within the admitted imported forearm reach
FAIL: rescue rig/attachment resolution: Gameplay-authored player Grip basis produced a non-rigid hand target: Held-item socket transform must be rigid and unit scale. determinants=-1.000000/-1.000000.
FAIL: both solved rope grips must remain within the admitted imported forearm reach
FAIL: rescue rig/attachment resolution: Gameplay-authored player Grip basis produced a non-rigid hand target: Held-item socket transform must be rigid and unit scale. determinants=-1.000000/-1.000000.
FAIL: both solved rope grips must remain within the admitted imported forearm reach
FAIL: rescue rig/attachment resolution: Gameplay-authored player Grip basis produced a non-rigid hand target: Held-item socket transform must be rigid and unit scale. determinants=-1.000000/-1.000000.
FAIL: both solved rope grips must remain within the admitted imported forearm reach
FAIL: rescue rig/attachment resolution: Gameplay-authored player Grip basis produced a non-rigid hand target: Held-item socket transform must be rigid and unit scale. determinants=-1.000000/-1.000000.
FAIL: both solved rope grips must remain within the admitted imported forearm reach
FAIL: rescue rig/attachment resolution: Gameplay-authored player Grip basis produced a non-rigid hand target: Held-item socket transform must be rigid and unit scale. determinants=-1.000000/-1.000000.
FAIL: both solved rope grips must remain within the admitted imported forearm reach
FAIL: rescue rig/attachment resolution: Gameplay-authored player Grip basis produced a non-rigid hand target: Held-item socket transform must be rigid and unit scale. determinants=-1.000000/-1.000000.
FAIL: both solved rope grips must remain within the admitted imported forearm reach
FAIL: rescue rig/attachment resolution: Gameplay-authored player Grip basis produced a non-rigid hand target: Held-item socket transform must be rigid and unit scale. determinants=-1.000000/-1.000000.
FAIL: both solved rope grips must remain within the admitted imported forearm reach
FAIL: rescue rig/attachment resolution: Gameplay-authored player Grip basis produced a non-rigid hand target: Held-item socket transform must be rigid and unit scale. determinants=-1.000000/-1.000000.
FAIL: both solved rope grips must remain within the admitted imported forearm reach
FAIL: rescue rig/attachment resolution: Gameplay-authored player Grip basis produced a non-rigid hand target: Held-item socket transform must be rigid and unit scale. determinants=-1.000000/-1.000000.
FAIL: both solved rope grips must remain within the admitted imported forearm reach
FAIL: rescue rig/attachment resolution: Gameplay-authored player Grip basis produced a non-rigid hand target: Held-item socket transform must be rigid and unit scale. determinants=-1.000000/-1.000000.
FAIL: both solved rope grips must remain within the admitted imported forearm reach
FAIL: rescue rig/attachment resolution: Gameplay-authored player Grip basis produced a non-rigid hand target: Held-item socket transform must be rigid and unit scale. determinants=-1.000000/-1.000000.
FAIL: both solved rope grips must remain within the admitted imported forearm reach
FAIL: rescue rig/attachment resolution: Gameplay-authored player Grip basis produced a non-rigid hand target: Held-item socket transform must be rigid and unit scale. determinants=-1.000000/-1.000000.
FAIL: both solved rope grips must remain within the admitted imported forearm reach
FAIL: rescue rig/attachment resolution: Gameplay-authored player Grip basis produced a non-rigid hand target: Held-item socket transform must be rigid and unit scale. determinants=-1.000000/-1.000000.
FAIL: both solved rope grips must remain within the admitted imported forearm reach
FAIL: rescue rig/attachment resolution: Gameplay-authored player Grip basis produced a non-rigid hand target: Held-item socket transform must be rigid and unit scale. determinants=-1.000000/-1.000000.
FAIL: both solved rope grips must remain within the admitted imported forearm reach
FAIL: rescue rig/attachment resolution: Gameplay-authored player Grip basis produced a non-rigid hand target: Held-item socket transform must be rigid and unit scale. determinants=-1.000000/-1.000000.
FAIL: both solved rope grips must remain within the admitted imported forearm reach
FAIL: rescue rig/attachment resolution: Gameplay-authored player Grip basis produced a non-rigid hand target: Held-item socket transform must be rigid and unit scale. determinants=-1.000000/-1.000000.
FAIL: both solved rope grips must remain within the admitted imported forearm reach
FAIL: rescue rig/attachment resolution: Gameplay-authored player Grip basis produced a non-rigid hand target: Held-item socket transform must be rigid and unit scale. determinants=-1.000000/-1.000000.
FAIL: both solved rope grips must remain within the admitted imported forearm reach
FAIL: rescue rig/attachment resolution: Gameplay-authored player Grip basis produced a non-rigid hand target: Held-item socket transform must be rigid and unit scale. determinants=-1.000000/-1.000000.
FAIL: both solved rope grips must remain within the admitted imported forearm reach
FAIL: rescue rig/attachment resolution: Gameplay-authored player Grip basis produced a non-rigid hand target: Held-item socket transform must be rigid and unit scale. determinants=-1.000000/-1.000000.
FAIL: both solved rope grips must remain within the admitted imported forearm reach
FAIL: rescue rig/attachment resolution: Gameplay-authored player Grip basis produced a non-rigid hand target: Held-item socket transform must be rigid and unit scale. determinants=-1.000000/-1.000000.
FAIL: both solved rope grips must remain within the admitted imported forearm reach
FAIL: rescue rig/attachment resolution: Gameplay-authored player Grip basis produced a non-rigid hand target: Held-item socket transform must be rigid and unit scale. determinants=-1.000000/-1.000000.
FAIL: both solved rope grips must remain within the admitted imported forearm reach
FAIL: rescue rig/attachment resolution: Gameplay-authored player Grip basis produced a non-rigid hand target: Held-item socket transform must be rigid and unit scale. determinants=-1.000000/-1.000000.
FAIL: both solved rope grips must remain within the admitted imported forearm reach
FAIL: rescue rig/attachment resolution: Gameplay-authored player Grip basis produced a non-rigid hand target: Held-item socket transform must be rigid and unit scale. determinants=-1.000000/-1.000000.
FAIL: both solved rope grips must remain within the admitted imported forearm reach
FAIL: rescue rig/attachment resolution: Gameplay-authored player Grip basis produced a non-rigid hand target: Held-item socket transform must be rigid and unit scale. determinants=-1.000000/-1.000000.
FAIL: both solved rope grips must remain within the admitted imported forearm reach
FAIL: rescue rig/attachment resolution: Gameplay-authored player Grip basis produced a non-rigid hand target: Held-item socket transform must be rigid and unit scale. determinants=-1.000000/-1.000000.
FAIL: both solved rope grips must remain within the admitted imported forearm reach
FAIL: rescue rig/attachment resolution: Gameplay-authored player Grip basis produced a non-rigid hand target: Held-item socket transform must be rigid and unit scale. determinants=-1.000000/-1.000000.
FAIL: both solved rope grips must remain within the admitted imported forearm reach
FAIL: rescue rig/attachment resolution: Gameplay-authored player Grip basis produced a non-rigid hand target: Held-item socket transform must be rigid and unit scale. determinants=-1.000000/-1.000000.
FAIL: both solved rope grips must remain within the admitted imported forearm reach
FAIL: rescue rig/attachment resolution: Gameplay-authored player Grip basis produced a non-rigid hand target: Held-item socket transform must be rigid and unit scale. determinants=-1.000000/-1.000000.
FAIL: both solved rope grips must remain within the admitted imported forearm reach
FAIL: rescue rig/attachment resolution: Gameplay-authored player Grip basis produced a non-rigid hand target: Held-item socket transform must be rigid and unit scale. determinants=-1.000000/-1.000000.
FAIL: both solved rope grips must remain within the admitted imported forearm reach
FAIL: rescue rig/attachment resolution: Gameplay-authored player Grip basis produced a non-rigid hand target: Held-item socket transform must be rigid and unit scale. determinants=-1.000000/-1.000000.
FAIL: both solved rope grips must remain within the admitted imported forearm reach
FAIL: rescue rig/attachment resolution: Gameplay-authored player Grip basis produced a non-rigid hand target: Held-item socket transform must be rigid and unit scale. determinants=-1.000000/-1.000000.
FAIL: both solved rope grips must remain within the admitted imported forearm reach
FAIL: rescue rig/attachment resolution: Gameplay-authored player Grip basis produced a non-rigid hand target: Held-item socket transform must be rigid and unit scale. determinants=-1.000000/-1.000000.
FAIL: both solved rope grips must remain within the admitted imported forearm reach
FAIL: rescue rig/attachment resolution: Gameplay-authored player Grip basis produced a non-rigid hand target: Held-item socket transform must be rigid and unit scale. determinants=-1.000000/-1.000000.
FAIL: both solved rope grips must remain within the admitted imported forearm reach
FAIL: rescue rig/attachment resolution: Gameplay-authored player Grip basis produced a non-rigid hand target: Held-item socket transform must be rigid and unit scale. determinants=-1.000000/-1.000000.
FAIL: both solved rope grips must remain within the admitted imported forearm reach
FAIL: rescue rig/attachment resolution: Gameplay-authored player Grip basis produced a non-rigid hand target: Held-item socket transform must be rigid and unit scale. determinants=-1.000000/-1.000000.
FAIL: both solved rope grips must remain within the admitted imported forearm reach
FAIL: rescue rig/attachment resolution: Gameplay-authored player Grip basis produced a non-rigid hand target: Held-item socket transform must be rigid and unit scale. determinants=-1.000000/-1.000000.
FAIL: both solved rope grips must remain within the admitted imported forearm reach
FAIL: rescue rig/attachment resolution: Gameplay-authored player Grip basis produced a non-rigid hand target: Held-item socket transform must be rigid and unit scale. determinants=-1.000000/-1.000000.
FAIL: both solved rope grips must remain within the admitted imported forearm reach
FAIL: rescue rig/attachment resolution: Gameplay-authored player Grip basis produced a non-rigid hand target: Held-item socket transform must be rigid and unit scale. determinants=-1.000000/-1.000000.
FAIL: both solved rope grips must remain within the admitted imported forearm reach
FAIL: rescue rig/attachment resolution: Gameplay-authored player Grip basis produced a non-rigid hand target: Held-item socket transform must be rigid and unit scale. determinants=-1.000000/-1.000000.
FAIL: both solved rope grips must remain within the admitted imported forearm reach
FAIL: rescue rig/attachment resolution: Gameplay-authored player Grip basis produced a non-rigid hand target: Held-item socket transform must be rigid and unit scale. determinants=-1.000000/-1.000000.
FAIL: both solved rope grips must remain within the admitted imported forearm reach
FAIL: rescue rig/attachment resolution: Gameplay-authored player Grip basis produced a non-rigid hand target: Held-item socket transform must be rigid and unit scale. determinants=-1.000000/-1.000000.
FAIL: both solved rope grips must remain within the admitted imported forearm reach
FAIL: rescue rig/attachment resolution: Gameplay-authored player Grip basis produced a non-rigid hand target: Held-item socket transform must be rigid and unit scale. determinants=-1.000000/-1.000000.
FAIL: both solved rope grips must remain within the admitted imported forearm reach
FAIL: rescue rig/attachment resolution: Gameplay-authored player Grip basis produced a non-rigid hand target: Held-item socket transform must be rigid and unit scale. determinants=-1.000000/-1.000000.
FAIL: both solved rope grips must remain within the admitted imported forearm reach
FAIL: rescue rig/attachment resolution: Gameplay-authored player Grip basis produced a non-rigid hand target: Held-item socket transform must be rigid and unit scale. determinants=-1.000000/-1.000000.
FAIL: both solved rope grips must remain within the admitted imported forearm reach
FAIL: rescue rig/attachment resolution: Gameplay-authored player Grip basis produced a non-rigid hand target: Held-item socket transform must be rigid and unit scale. determinants=-1.000000/-1.000000.
FAIL: both solved rope grips must remain within the admitted imported forearm reach
FAIL: rescue rig/attachment resolution: Gameplay-authored player Grip basis produced a non-rigid hand target: Held-item socket transform must be rigid and unit scale. determinants=-1.000000/-1.000000.
FAIL: both solved rope grips must remain within the admitted imported forearm reach
FAIL: rescue rig/attachment resolution: Gameplay-authored player Grip basis produced a non-rigid hand target: Held-item socket transform must be rigid and unit scale. determinants=-1.000000/-1.000000.
FAIL: both solved rope grips must remain within the admitted imported forearm reach
FAIL: rescue rig/attachment resolution: Gameplay-authored player Grip basis produced a non-rigid hand target: Held-item socket transform must be rigid and unit scale. determinants=-1.000000/-1.000000.
FAIL: both solved rope grips must remain within the admitted imported forearm reach
FAIL: rescue rig/attachment resolution: Gameplay-authored player Grip basis produced a non-rigid hand target: Held-item socket transform must be rigid and unit scale. determinants=-1.000000/-1.000000.
FAIL: both solved rope grips must remain within the admitted imported forearm reach
FAIL: rescue rig/attachment resolution: Gameplay-authored player Grip basis produced a non-rigid hand target: Held-item socket transform must be rigid and unit scale. determinants=-1.000000/-1.000000.
FAIL: both solved rope grips must remain within the admitted imported forearm reach
FAIL: rescue rig/attachment resolution: Gameplay-authored player Grip basis produced a non-rigid hand target: Held-item socket transform must be rigid and unit scale. determinants=-1.000000/-1.000000.
FAIL: both solved rope grips must remain within the admitted imported forearm reach
FAIL: rescue rig/attachment resolution: Gameplay-authored player Grip basis produced a non-rigid hand target: Held-item socket transform must be rigid and unit scale. determinants=-1.000000/-1.000000.
FAIL: both solved rope grips must remain within the admitted imported forearm reach
FAIL: rescue rig/attachment resolution: Gameplay-authored player Grip basis produced a non-rigid hand target: Held-item socket transform must be rigid and unit scale. determinants=-1.000000/-1.000000.
FAIL: both solved rope grips must remain within the admitted imported forearm reach
FAIL: rescue rig/attachment resolution: Gameplay-authored player Grip basis produced a non-rigid hand target: Held-item socket transform must be rigid and unit scale. determinants=-1.000000/-1.000000.
FAIL: both solved rope grips must remain within the admitted imported forearm reach
FAIL: rescue rig/attachment resolution: Gameplay-authored player Grip basis produced a non-rigid hand target: Held-item socket transform must be rigid and unit scale. determinants=-1.000000/-1.000000.
FAIL: both solved rope grips must remain within the admitted imported forearm reach
FAIL: rescue rig/attachment resolution: Gameplay-authored player Grip basis produced a non-rigid hand target: Held-item socket transform must be rigid and unit scale. determinants=-1.000000/-1.000000.
FAIL: both solved rope grips must remain within the admitted imported forearm reach
FAIL: rescue rig/attachment resolution: Gameplay-authored player Grip basis produced a non-rigid hand target: Held-item socket transform must be rigid and unit scale. determinants=-1.000000/-1.000000.
FAIL: both solved rope grips must remain within the admitted imported forearm reach
FAIL: rescue rig/attachment resolution: Gameplay-authored player Grip basis produced a non-rigid hand target: Held-item socket transform must be rigid and unit scale. determinants=-1.000000/-1.000000.
FAIL: both solved rope grips must remain within the admitted imported forearm reach
FAIL: rescue rig/attachment resolution: Gameplay-authored player Grip basis produced a non-rigid hand target: Held-item socket transform must be rigid and unit scale. determinants=-1.000000/-1.000000.
FAIL: both solved rope grips must remain within the admitted imported forearm reach
FAIL: rescue rig/attachment resolution: Gameplay-authored player Grip basis produced a non-rigid hand target: Held-item socket transform must be rigid and unit scale. determinants=-1.000000/-1.000000.
FAIL: both solved rope grips must remain within the admitted imported forearm reach
FAIL: rescue rig/attachment resolution: Gameplay-authored player Grip basis produced a non-rigid hand target: Held-item socket transform must be rigid and unit scale. determinants=-1.000000/-1.000000.
FAIL: both solved rope grips must remain within the admitted imported forearm reach
FAIL: rescue rig/attachment resolution: Gameplay-authored player Grip basis produced a non-rigid hand target: Held-item socket transform must be rigid and unit scale. determinants=-1.000000/-1.000000.
FAIL: both solved rope grips must remain within the admitted imported forearm reach
FAIL: rescue rig/attachment resolution: Gameplay-authored player Grip basis produced a non-rigid hand target: Held-item socket transform must be rigid and unit scale. determinants=-1.000000/-1.000000.
FAIL: both solved rope grips must remain within the admitted imported forearm reach
FAIL: rescue rig/attachment resolution: Gameplay-authored player Grip basis produced a non-rigid hand target: Held-item socket transform must be rigid and unit scale. determinants=-1.000000/-1.000000.
FAIL: both solved rope grips must remain within the admitted imported forearm reach
FAIL: rescue rig/attachment resolution: Gameplay-authored player Grip basis produced a non-rigid hand target: Held-item socket transform must be rigid and unit scale. determinants=-1.000000/-1.000000.
FAIL: both solved rope grips must remain within the admitted imported forearm reach
FAIL: rescue rig/attachment resolution: Gameplay-authored player Grip basis produced a non-rigid hand target: Held-item socket transform must be rigid and unit scale. determinants=-1.000000/-1.000000.
FAIL: both solved rope grips must remain within the admitted imported forearm reach
FAIL: rescue rig/attachment resolution: Gameplay-authored player Grip basis produced a non-rigid hand target: Held-item socket transform must be rigid and unit scale. determinants=-1.000000/-1.000000.
FAIL: both solved rope grips must remain within the admitted imported forearm reach
FAIL: rescue rig/attachment resolution: Gameplay-authored player Grip basis produced a non-rigid hand target: Held-item socket transform must be rigid and unit scale. determinants=-1.000000/-1.000000.
FAIL: both solved rope grips must remain within the admitted imported forearm reach
FAIL: rescue rig/attachment resolution: Gameplay-authored player Grip basis produced a non-rigid hand target: Held-item socket transform must be rigid and unit scale. determinants=-1.000000/-1.000000.
FAIL: both solved rope grips must remain within the admitted imported forearm reach
FAIL: rescue rig/attachment resolution: Gameplay-authored player Grip basis produced a non-rigid hand target: Held-item socket transform must be rigid and unit scale. determinants=-1.000000/-1.000000.
FAIL: both solved rope grips must remain within the admitted imported forearm reach
FAIL: rescue rig/attachment resolution: Gameplay-authored player Grip basis produced a non-rigid hand target: Held-item socket transform must be rigid and unit scale. determinants=-1.000000/-1.000000.
FAIL: both solved rope grips must remain within the admitted imported forearm reach
FAIL: rescue rig/attachment resolution: Gameplay-authored player Grip basis produced a non-rigid hand target: Held-item socket transform must be rigid and unit scale. determinants=-1.000000/-1.000000.
FAIL: both solved rope grips must remain within the admitted imported forearm reach
FAIL: rescue rig/attachment resolution: Gameplay-authored player Grip basis produced a non-rigid hand target: Held-item socket transform must be rigid and unit scale. determinants=-1.000000/-1.000000.
FAIL: rescue rig/attachment resolution: Gameplay-authored player Grip basis produced a non-rigid hand target: Held-item socket transform must be rigid and unit scale. determinants=-1.000000/-1.000000.
FAIL: rescue rig/attachment resolution: Gameplay-authored player Grip basis produced a non-rigid hand target: Held-item socket transform must be rigid and unit scale. determinants=-1.000000/-1.000000.
FAIL: rescue rig/attachment resolution: Gameplay-authored player Grip basis produced a non-rigid hand target: Held-item socket transform must be rigid and unit scale. determinants=-1.000000/-1.000000.
FAIL: rescue rig/attachment resolution: Gameplay-authored player Grip basis produced a non-rigid hand target: Held-item socket transform must be rigid and unit scale. determinants=-1.000000/-1.000000.
FAIL: rescue rig/attachment resolution: Gameplay-authored player Grip basis produced a non-rigid hand target: Held-item socket transform must be rigid and unit scale. determinants=-1.000000/-1.000000.
FAIL: rescue rig/attachment resolution: Gameplay-authored player Grip basis produced a non-rigid hand target: Held-item socket transform must be rigid and unit scale. determinants=-1.000000/-1.000000.
FAIL: rescue rig/attachment resolution: Gameplay-authored player Grip basis produced a non-rigid hand target: Held-item socket transform must be rigid and unit scale. determinants=-1.000000/-1.000000.
FAIL: rescue rig/attachment resolution: Gameplay-authored player Grip basis produced a non-rigid hand target: Held-item socket transform must be rigid and unit scale. determinants=-1.000000/-1.000000.
FAIL: rescue rig/attachment resolution: Gameplay-authored player Grip basis produced a non-rigid hand target: Held-item socket transform must be rigid and unit scale. determinants=-1.000000/-1.000000.
FAIL: rescue rig/attachment resolution: Gameplay-authored player Grip basis produced a non-rigid hand target: Held-item socket transform must be rigid and unit scale. determinants=-1.000000/-1.000000.
FAIL: rescue rig/attachment resolution: Gameplay-authored player Grip basis produced a non-rigid hand target: Held-item socket transform must be rigid and unit scale. determinants=-1.000000/-1.000000.
FAIL: rescue rig/attachment resolution: Gameplay-authored player Grip basis produced a non-rigid hand target: Held-item socket transform must be rigid and unit scale. determinants=-1.000000/-1.000000.
FAIL: rescue rig/attachment resolution: Gameplay-authored player Grip basis produced a non-rigid hand target: Held-item socket transform must be rigid and unit scale. determinants=-1.000000/-1.000000.
FAIL: rescue rig/attachment resolution: Gameplay-authored player Grip basis produced a non-rigid hand target: Held-item socket transform must be rigid and unit scale. determinants=-1.000000/-1.000000.
FAIL: rescue rig/attachment resolution: Gameplay-authored player Grip basis produced a non-rigid hand target: Held-item socket transform must be rigid and unit scale. determinants=-1.000000/-1.000000.
FAIL: rescue rig/attachment resolution: Gameplay-authored player Grip basis produced a non-rigid hand target: Held-item socket transform must be rigid and unit scale. determinants=-1.000000/-1.000000.
FAIL: rescue rig/attachment resolution: Gameplay-authored player Grip basis produced a non-rigid hand target: Held-item socket transform must be rigid and unit scale. determinants=-1.000000/-1.000000.
FAIL: rescue rig/attachment resolution: Gameplay-authored player Grip basis produced a non-rigid hand target: Held-item socket transform must be rigid and unit scale. determinants=-1.000000/-1.000000.
FAIL: rescue rig/attachment resolution: Gameplay-authored player Grip basis produced a non-rigid hand target: Held-item socket transform must be rigid and unit scale. determinants=-1.000000/-1.000000.
FAIL: rescue rig/attachment resolution: Gameplay-authored player Grip basis produced a non-rigid hand target: Held-item socket transform must be rigid and unit scale. determinants=-1.000000/-1.000000.
FAIL: rescue rig/attachment resolution: Gameplay-authored player Grip basis produced a non-rigid hand target: Held-item socket transform must be rigid and unit scale. determinants=-1.000000/-1.000000.
FAIL: rescue rig/attachment resolution: Gameplay-authored player Grip basis produced a non-rigid hand target: Held-item socket transform must be rigid and unit scale. determinants=-1.000000/-1.000000.
FAIL: rescue rig/attachment resolution: Gameplay-authored player Grip basis produced a non-rigid hand target: Held-item socket transform must be rigid and unit scale. determinants=-1.000000/-1.000000.
FAIL: rescue rig/attachment resolution: Gameplay-authored player Grip basis produced a non-rigid hand target: Held-item socket transform must be rigid and unit scale. determinants=-1.000000/-1.000000.
FAIL: rescue rig/attachment resolution: Gameplay-authored player Grip basis produced a non-rigid hand target: Held-item socket transform must be rigid and unit scale. determinants=-1.000000/-1.000000.
FAIL: rescue rig/attachment resolution: Gameplay-authored player Grip basis produced a non-rigid hand target: Held-item socket transform must be rigid and unit scale. determinants=-1.000000/-1.000000.
FAIL: rescue rig/attachment resolution: Gameplay-authored player Grip basis produced a non-rigid hand target: Held-item socket transform must be rigid and unit scale. determinants=-1.000000/-1.000000.
FAIL: rescue rig/attachment resolution: Gameplay-authored player Grip basis produced a non-rigid hand target: Held-item socket transform must be rigid and unit scale. determinants=-1.000000/-1.000000.
FAIL: rescue rig/attachment resolution: Gameplay-authored player Grip basis produced a non-rigid hand target: Held-item socket transform must be rigid and unit scale. determinants=-1.000000/-1.000000.
FAIL: rescue rig/attachment resolution: Gameplay-authored player Grip basis produced a non-rigid hand target: Held-item socket transform must be rigid and unit scale. determinants=-1.000000/-1.000000.
FAIL: rescue rig/attachment resolution: Gameplay-authored player Grip basis produced a non-rigid hand target: Held-item socket transform must be rigid and unit scale. determinants=-1.000000/-1.000000.
Rescue rig attachment cases=3221 failures=876 sampled_poses=459


The following tests passed:
	horde_rt_rescue_blockout_import_tests
	horde_rt_rescue_journey_integration_tests
	horde_rt_rescue_source_admission_tests

60% tests passed, 2 tests failed out of 5

Total Test time (real) =  19.33 sec

The following tests FAILED:
	152 - horde_rt_rescue_traversal_tests (Failed)
	156 - horde_rt_rescue_rig_attachment_tests (Failed)
Errors while running CTest
