UpdateCTestConfiguration  from :<repo>/DartConfiguration.tcl
UpdateCTestConfiguration  from :<repo>/build/presets/windows-x64-debug/DartConfiguration.tcl
Parse Config file:<repo>/build/presets/windows-x64-debug/DartConfiguration.tcl
Test project <repo>/build/presets/windows-x64-debug
Constructing a list of tests
Done constructing a list of tests
Updating test list for fixtures
Added 0 tests to meet fixture requirements
Checking test dependency graph...
Checking test dependency graph end
test 152
    Start 152: horde_rt_rescue_traversal_tests

152: Test command: "<repo>\build\presets\windows-x64-debug\Debug\horde_rt_rescue_traversal_tests.exe"
152: Working Directory: <repo>/build/presets/windows-x64-debug
152: Test timeout computed to be: 1500
152: Rescue traversal cases=21031 failures=0 max_root_step=0.0245255 max_landing_root_step=0.0243783
1/5 Test #152: horde_rt_rescue_traversal_tests .............   Passed    4.22 sec
test 153
    Start 153: horde_rt_rescue_blockout_import_tests

153: Test command: "<repo>\build\presets\windows-x64-debug\Debug\horde_rt_rescue_blockout_import_tests.exe"
153: Working Directory: <repo>/build/presets/windows-x64-debug
153: Test timeout computed to be: 1500
2/5 Test #153: horde_rt_rescue_blockout_import_tests .......   Passed    3.13 sec
test 154
    Start 154: horde_rt_rescue_journey_integration_tests

154: Test command: "<repo>\build\presets\windows-x64-debug\Debug\horde_rt_rescue_journey_integration_tests.exe"
154: Working Directory: <repo>/build/presets/windows-x64-debug
154: Test timeout computed to be: 1500
154: actual lantern interaction did not deploy exactly one owned rope
154: repeated claim intent deployed twice
154: unprepared forest crossing escaped its last safe side
154: ascent never reached exterior safe side
154: upper landing support incorrect
154: descent lost safe lower landing
154: Rescue journey integration cases=22110 failures=6 retained_triangles=934
3/5 Test #154: horde_rt_rescue_journey_integration_tests ...***Failed    9.24 sec
actual lantern interaction did not deploy exactly one owned rope
repeated claim intent deployed twice
unprepared forest crossing escaped its last safe side
ascent never reached exterior safe side
upper landing support incorrect
descent lost safe lower landing
Rescue journey integration cases=22110 failures=6 retained_triangles=934

test 155
    Start 155: horde_rt_rescue_source_admission_tests

155: Test command: <user-home>\AppData\Local\Programs\Python\Python312\python.exe "<repo>/tests/RescueBlockoutSourceAdmissionTests.py"
155: Working Directory: <repo>/build/presets/windows-x64-debug
155: Test timeout computed to be: 1500
155: Rescue blockout source admission passed: exact existing hashes, missing path, and changed bytes.
4/5 Test #155: horde_rt_rescue_source_admission_tests ......   Passed    0.10 sec
test 156
    Start 156: horde_rt_rescue_rig_attachment_tests

156: Test command: "<repo>\build\presets\windows-x64-debug\Debug\horde_rt_rescue_rig_attachment_tests.exe"
156: Working Directory: <repo>/build/presets/windows-x64-debug
156: Test timeout computed to be: 180
156: FAIL: rescue rig/attachment resolution: Final composed player item Grip exceeded position/orientation tolerance: left=0.526793m/0.049958rad right=0.000000m/0.000000rad.
156: FAIL: rescue rig/attachment resolution: Final composed player item Grip exceeded position/orientation tolerance: left=0.508032m/0.049958rad right=0.000000m/0.000000rad.
156: FAIL: rescue rig/attachment resolution: Final composed player item Grip exceeded position/orientation tolerance: left=0.490527m/0.049958rad right=0.000000m/0.000000rad.
156: FAIL: rescue rig/attachment resolution: Final composed player item Grip exceeded position/orientation tolerance: left=0.481943m/0.049958rad right=0.000000m/0.000000rad.
156: FAIL: rescue rig/attachment resolution: Final composed player item Grip exceeded position/orientation tolerance: left=0.477878m/0.049958rad right=0.000000m/0.000000rad.
156: FAIL: rescue rig/attachment resolution: Final composed player item Grip exceeded position/orientation tolerance: left=0.477890m/0.049958rad right=0.000000m/0.000000rad.
156: FAIL: rescue rig/attachment resolution: Final composed player item Grip exceeded position/orientation tolerance: left=0.480935m/0.049958rad right=0.000000m/0.000000rad.
156: FAIL: rescue rig/attachment resolution: Final composed player item Grip exceeded position/orientation tolerance: left=0.488818m/0.049958rad right=0.000000m/0.000000rad.
156: FAIL: rescue rig/attachment resolution: Final composed player item Grip exceeded position/orientation tolerance: left=0.500133m/0.049958rad right=0.000000m/0.000000rad.
156: FAIL: rescue rig/attachment resolution: Final composed player item Grip exceeded position/orientation tolerance: left=0.513227m/0.049958rad right=0.000000m/0.000000rad.
156: FAIL: rescue rig/attachment resolution: Final composed player item Grip exceeded position/orientation tolerance: left=0.526056m/0.049958rad right=0.000000m/0.000000rad.
156: FAIL: rescue rig/attachment resolution: Final composed player item Grip exceeded position/orientation tolerance: left=0.536235m/0.049958rad right=0.000000m/0.000000rad.
156: FAIL: rescue rig/attachment resolution: Final composed player item Grip exceeded position/orientation tolerance: left=0.541211m/0.049958rad right=0.000000m/0.000000rad.
156: FAIL: rescue rig/attachment resolution: Final composed player item Grip exceeded position/orientation tolerance: left=0.541310m/0.049958rad right=0.000000m/0.000000rad.
156: FAIL: rescue rig/attachment resolution: Final composed player item Grip exceeded position/orientation tolerance: left=0.537556m/0.049958rad right=0.000000m/0.000000rad.
156: FAIL: rescue rig/attachment resolution: Final composed player item Grip exceeded position/orientation tolerance: left=0.528101m/0.049958rad right=0.000000m/0.000000rad.
156: FAIL: rescue rig/attachment resolution: Final composed player item Grip exceeded position/orientation tolerance: left=0.515520m/0.049958rad right=0.000000m/0.000000rad.
156: FAIL: rescue rig/attachment resolution: Final composed player item Grip exceeded position/orientation tolerance: left=0.502261m/0.049958rad right=0.000000m/0.000000rad.
156: FAIL: rescue rig/attachment resolution: Final composed player item Grip exceeded position/orientation tolerance: left=0.490441m/0.049958rad right=0.000000m/0.000000rad.
156: FAIL: rescue rig/attachment resolution: Final composed player item Grip exceeded position/orientation tolerance: left=0.481777m/0.049958rad right=0.000000m/0.000000rad.
156: FAIL: rescue rig/attachment resolution: Final composed player item Grip exceeded position/orientation tolerance: left=0.477685m/0.049958rad right=0.000000m/0.000000rad.
156: FAIL: rescue rig/attachment resolution: Final composed player item Grip exceeded position/orientation tolerance: left=0.477443m/0.049958rad right=0.000000m/0.000000rad.
156: FAIL: rescue rig/attachment resolution: Final composed player item Grip exceeded position/orientation tolerance: left=0.480215m/0.049958rad right=0.000000m/0.000000rad.
156: FAIL: rescue rig/attachment resolution: Final composed player item Grip exceeded position/orientation tolerance: left=0.487827m/0.049958rad right=0.000000m/0.000000rad.
156: FAIL: rescue rig/attachment resolution: Final composed player item Grip exceeded position/orientation tolerance: left=0.498887m/0.049958rad right=0.000000m/0.000000rad.
156: FAIL: rescue rig/attachment resolution: Final composed player item Grip exceeded position/orientation tolerance: left=0.511760m/0.049958rad right=0.000000m/0.000000rad.
156: FAIL: rescue rig/attachment resolution: Final composed player item Grip exceeded position/orientation tolerance: left=0.524511m/0.049958rad right=0.000000m/0.000000rad.
156: FAIL: rescue rig/attachment resolution: Final composed player item Grip exceeded position/orientation tolerance: left=0.534728m/0.049958rad right=0.000000m/0.000000rad.
156: FAIL: rescue rig/attachment resolution: Final composed player item Grip exceeded position/orientation tolerance: left=0.539777m/0.049958rad right=0.000000m/0.000000rad.
156: FAIL: rescue rig/attachment resolution: Final composed player item Grip exceeded position/orientation tolerance: left=0.539972m/0.049958rad right=0.000000m/0.000000rad.
156: FAIL: rescue rig/attachment resolution: Final composed player item Grip exceeded position/orientation tolerance: left=0.536319m/0.049958rad right=0.000000m/0.000000rad.
156: FAIL: rescue rig/attachment resolution: Final composed player item Grip exceeded position/orientation tolerance: left=0.526955m/0.049958rad right=0.000000m/0.000000rad.
156: FAIL: rescue rig/attachment resolution: Final composed player item Grip exceeded position/orientation tolerance: left=0.514453m/0.049958rad right=0.000000m/0.000000rad.
156: FAIL: rescue rig/attachment resolution: Final composed player item Grip exceeded position/orientation tolerance: left=0.501262m/0.049958rad right=0.000000m/0.000000rad.
156: FAIL: rescue rig/attachment resolution: Final composed player item Grip exceeded position/orientation tolerance: left=0.489507m/0.049958rad right=0.000000m/0.000000rad.
156: FAIL: rescue rig/attachment resolution: Final composed player item Grip exceeded position/orientation tolerance: left=0.480913m/0.049958rad right=0.000000m/0.000000rad.
156: FAIL: rescue rig/attachment resolution: Final composed player item Grip exceeded position/orientation tolerance: left=0.476911m/0.049958rad right=0.000000m/0.000000rad.
156: FAIL: rescue rig/attachment resolution: Final composed player item Grip exceeded position/orientation tolerance: left=0.476784m/0.049958rad right=0.000000m/0.000000rad.
156: FAIL: rescue rig/attachment resolution: Final composed player item Grip exceeded position/orientation tolerance: left=0.479698m/0.049958rad right=0.000000m/0.000000rad.
156: FAIL: rescue rig/attachment resolution: Final composed player item Grip exceeded position/orientation tolerance: left=0.487485m/0.049958rad right=0.000000m/0.000000rad.
156: FAIL: rescue rig/attachment resolution: Final composed player item Grip exceeded position/orientation tolerance: left=0.498743m/0.049958rad right=0.000000m/0.000000rad.
156: FAIL: rescue rig/attachment resolution: Final composed player item Grip exceeded position/orientation tolerance: left=0.511823m/0.049958rad right=0.000000m/0.000000rad.
156: FAIL: rescue rig/attachment resolution: Final composed player item Grip exceeded position/orientation tolerance: left=0.524674m/0.049958rad right=0.000000m/0.000000rad.
156: FAIL: rescue rig/attachment resolution: Final composed player item Grip exceeded position/orientation tolerance: left=0.534901m/0.049958rad right=0.000000m/0.000000rad.
156: FAIL: rescue rig/attachment resolution: Final composed player item Grip exceeded position/orientation tolerance: left=0.539930m/0.049958rad right=0.000000m/0.000000rad.
156: FAIL: rescue rig/attachment resolution: Final composed player item Grip exceeded position/orientation tolerance: left=0.540079m/0.049958rad right=0.000000m/0.000000rad.
156: FAIL: rescue rig/attachment resolution: Final composed player item Grip exceeded position/orientation tolerance: left=0.536372m/0.049958rad right=0.000000m/0.000000rad.
156: FAIL: rescue rig/attachment resolution: Final composed player item Grip exceeded position/orientation tolerance: left=0.526956m/0.049958rad right=0.000000m/0.000000rad.
156: FAIL: rescue rig/attachment resolution: Final composed player item Grip exceeded position/orientation tolerance: left=0.514415m/0.049958rad right=0.000000m/0.000000rad.
156: FAIL: rescue rig/attachment resolution: Final composed player item Grip exceeded position/orientation tolerance: left=0.501201m/0.049958rad right=0.000000m/0.000000rad.
156: FAIL: rescue rig/attachment resolution: Final composed player item Grip exceeded position/orientation tolerance: left=0.489442m/0.049958rad right=0.000000m/0.000000rad.
156: FAIL: rescue rig/attachment resolution: Final composed player item Grip exceeded position/orientation tolerance: left=0.480857m/0.049958rad right=0.000000m/0.000000rad.
156: FAIL: rescue rig/attachment resolution: Final composed player item Grip exceeded position/orientation tolerance: left=0.476865m/0.049958rad right=0.000000m/0.000000rad.
156: FAIL: rescue rig/attachment resolution: Final composed player item Grip exceeded position/orientation tolerance: left=0.476739m/0.049958rad right=0.000000m/0.000000rad.
156: FAIL: rescue rig/attachment resolution: Final composed player item Grip exceeded position/orientation tolerance: left=0.479640m/0.049958rad right=0.000000m/0.000000rad.
156: FAIL: rescue rig/attachment resolution: Final composed player item Grip exceeded position/orientation tolerance: left=0.487386m/0.049958rad right=0.000000m/0.000000rad.
156: FAIL: rescue rig/attachment resolution: Final composed player item Grip exceeded position/orientation tolerance: left=0.498613m/0.049958rad right=0.000000m/0.000000rad.
156: FAIL: rescue rig/attachment resolution: Final composed player item Grip exceeded position/orientation tolerance: left=0.511782m/0.049958rad right=0.000000m/0.000000rad.
156: FAIL: rescue rig/attachment resolution: Final composed player item Grip exceeded position/orientation tolerance: left=0.524734m/0.049958rad right=0.000000m/0.000000rad.
156: FAIL: rescue rig/attachment resolution: Final composed player item Grip exceeded position/orientation tolerance: left=0.535074m/0.049958rad right=0.000000m/0.000000rad.
156: FAIL: rescue rig/attachment resolution: Final composed player item Grip exceeded position/orientation tolerance: left=0.540235m/0.049958rad right=0.000000m/0.000000rad.
156: FAIL: rescue rig/attachment resolution: Final composed player item Grip exceeded position/orientation tolerance: left=0.540535m/0.049958rad right=0.000000m/0.000000rad.
156: FAIL: rescue rig/attachment resolution: Final composed player item Grip exceeded position/orientation tolerance: left=0.536984m/0.049958rad right=0.000000m/0.000000rad.
156: FAIL: rescue rig/attachment resolution: Final composed player item Grip exceeded position/orientation tolerance: left=0.527719m/0.049958rad right=0.000000m/0.000000rad.
156: FAIL: rescue rig/attachment resolution: Final composed player item Grip exceeded position/orientation tolerance: left=0.515316m/0.049958rad right=0.000000m/0.000000rad.
156: FAIL: rescue rig/attachment resolution: Final composed player item Grip exceeded position/orientation tolerance: left=0.502220m/0.049958rad right=0.000000m/0.000000rad.
156: FAIL: rescue rig/attachment resolution: Final composed player item Grip exceeded position/orientation tolerance: left=0.490554m/0.049958rad right=0.000000m/0.000000rad.
156: FAIL: rescue rig/attachment resolution: Final composed player item Grip exceeded position/orientation tolerance: left=0.482037m/0.049958rad right=0.000000m/0.000000rad.
156: FAIL: rescue rig/attachment resolution: Final composed player item Grip exceeded position/orientation tolerance: left=0.478091m/0.049958rad right=0.000000m/0.000000rad.
156: FAIL: rescue rig/attachment resolution: Final composed player item Grip exceeded position/orientation tolerance: left=0.478001m/0.049958rad right=0.000000m/0.000000rad.
156: FAIL: rescue rig/attachment resolution: Final composed player item Grip exceeded position/orientation tolerance: left=0.480928m/0.049958rad right=0.000000m/0.000000rad.
156: FAIL: rescue rig/attachment resolution: Final composed player item Grip exceeded position/orientation tolerance: left=0.488702m/0.049958rad right=0.000000m/0.000000rad.
156: FAIL: rescue rig/attachment resolution: Final composed player item Grip exceeded position/orientation tolerance: left=0.499924m/0.049958rad right=0.000000m/0.000000rad.
156: FAIL: rescue rig/attachment resolution: Final composed player item Grip exceeded position/orientation tolerance: left=0.512950m/0.049958rad right=0.000000m/0.000000rad.
156: FAIL: rescue rig/attachment resolution: Final composed player item Grip exceeded position/orientation tolerance: left=0.525740m/0.049958rad right=0.000000m/0.000000rad.
156: FAIL: rescue rig/attachment resolution: Final composed player item Grip exceeded position/orientation tolerance: left=0.535898m/0.049958rad right=0.000000m/0.000000rad.
156: FAIL: rescue rig/attachment resolution: Final composed player item Grip exceeded position/orientation tolerance: left=0.540859m/0.049958rad right=0.000000m/0.000000rad.
156: FAIL: rescue rig/attachment resolution: Final composed player item Grip exceeded position/orientation tolerance: left=0.540939m/0.049958rad right=0.000000m/0.000000rad.
156: FAIL: rescue rig/attachment resolution: Final composed player item Grip exceeded position/orientation tolerance: left=0.537158m/0.049958rad right=0.000000m/0.000000rad.
156: FAIL: rescue rig/attachment resolution: Final composed player item Grip exceeded position/orientation tolerance: left=0.527670m/0.049958rad right=0.000000m/0.000000rad.
156: FAIL: rescue rig/attachment resolution: Final composed player item Grip exceeded position/orientation tolerance: left=0.515050m/0.049958rad right=0.000000m/0.000000rad.
156: FAIL: rescue rig/attachment resolution: Final composed player item Grip exceeded position/orientation tolerance: left=0.501750m/0.049958rad right=0.000000m/0.000000rad.
156: FAIL: rescue rig/attachment resolution: Final composed player item Grip exceeded position/orientation tolerance: left=0.489892m/0.049958rad right=0.000000m/0.000000rad.
156: FAIL: rescue rig/attachment resolution: Final composed player item Grip exceeded position/orientation tolerance: left=0.481196m/0.049958rad right=0.000000m/0.000000rad.
156: FAIL: rescue rig/attachment resolution: Final composed player item Grip exceeded position/orientation tolerance: left=0.477077m/0.049958rad right=0.000000m/0.000000rad.
156: FAIL: rescue rig/attachment resolution: Final composed player item Grip exceeded position/orientation tolerance: left=0.476816m/0.049958rad right=0.000000m/0.000000rad.
156: FAIL: rescue rig/attachment resolution: Final composed player item Grip exceeded position/orientation tolerance: left=0.479577m/0.049958rad right=0.000000m/0.000000rad.
156: FAIL: rescue rig/attachment resolution: Final composed player item Grip exceeded position/orientation tolerance: left=0.487300m/0.049958rad right=0.000000m/0.000000rad.
156: FAIL: rescue rig/attachment resolution: Final composed player item Grip exceeded position/orientation tolerance: left=0.498520m/0.049958rad right=0.000000m/0.000000rad.
156: FAIL: rescue rig/attachment resolution: Final composed player item Grip exceeded position/orientation tolerance: left=0.511574m/0.049958rad right=0.000000m/0.000000rad.
156: FAIL: rescue rig/attachment resolution: Final composed player item Grip exceeded position/orientation tolerance: left=0.524415m/0.049958rad right=0.000000m/0.000000rad.
156: FAIL: rescue rig/attachment resolution: Final composed player item Grip exceeded position/orientation tolerance: left=0.534652m/0.049958rad right=0.000000m/0.000000rad.
156: FAIL: rescue rig/attachment resolution: Final composed player item Grip exceeded position/orientation tolerance: left=0.539705m/0.049958rad right=0.000000m/0.000000rad.
156: FAIL: rescue rig/attachment resolution: Final composed player item Grip exceeded position/orientation tolerance: left=0.539894m/0.049958rad right=0.000000m/0.000000rad.
156: FAIL: rescue rig/attachment resolution: Final composed player item Grip exceeded position/orientation tolerance: left=0.536234m/0.049958rad right=0.000000m/0.000000rad.
156: FAIL: rescue rig/attachment resolution: Final composed player item Grip exceeded position/orientation tolerance: left=0.526854m/0.049958rad right=0.000000m/0.000000rad.
156: FAIL: rescue rig/attachment resolution: Final composed player item Grip exceeded position/orientation tolerance: left=0.514333m/0.049958rad right=0.000000m/0.000000rad.
156: FAIL: rescue rig/attachment resolution: Final composed player item Grip exceeded position/orientation tolerance: left=0.501123m/0.049958rad right=0.000000m/0.000000rad.
156: FAIL: rescue rig/attachment resolution: Final composed player item Grip exceeded position/orientation tolerance: left=0.489354m/0.049958rad right=0.000000m/0.000000rad.
156: FAIL: rescue rig/attachment resolution: Final composed player item Grip exceeded position/orientation tolerance: left=0.480750m/0.049958rad right=0.000000m/0.000000rad.
156: FAIL: rescue rig/attachment resolution: Final composed player item Grip exceeded position/orientation tolerance: left=0.476744m/0.049958rad right=0.000000m/0.000000rad.
156: FAIL: rescue rig/attachment resolution: Final composed player item Grip exceeded position/orientation tolerance: left=0.476616m/0.049958rad right=0.000000m/0.000000rad.
156: FAIL: rescue rig/attachment resolution: Final composed player item Grip exceeded position/orientation tolerance: left=0.479529m/0.049958rad right=0.000000m/0.000000rad.
156: FAIL: rescue rig/attachment resolution: Final composed player item Grip exceeded position/orientation tolerance: left=0.487315m/0.049958rad right=0.000000m/0.000000rad.
156: FAIL: rescue rig/attachment resolution: Final composed player item Grip exceeded position/orientation tolerance: left=0.498571m/0.049958rad right=0.000000m/0.000000rad.
156: FAIL: rescue rig/attachment resolution: Final composed player item Grip exceeded position/orientation tolerance: left=0.511649m/0.049958rad right=0.000000m/0.000000rad.
156: FAIL: rescue rig/attachment resolution: Final composed player item Grip exceeded position/orientation tolerance: left=0.524498m/0.049958rad right=0.000000m/0.000000rad.
156: FAIL: rescue rig/attachment resolution: Final composed player item Grip exceeded position/orientation tolerance: left=0.534720m/0.049958rad right=0.000000m/0.000000rad.
156: FAIL: rescue rig/attachment resolution: Final composed player item Grip exceeded position/orientation tolerance: left=0.539742m/0.049958rad right=0.000000m/0.000000rad.
156: FAIL: rescue rig/attachment resolution: Final composed player item Grip exceeded position/orientation tolerance: left=0.539883m/0.049958rad right=0.000000m/0.000000rad.
156: FAIL: rescue rig/attachment resolution: Final composed player item Grip exceeded position/orientation tolerance: left=0.536169m/0.049958rad right=0.000000m/0.000000rad.
156: FAIL: rescue rig/attachment resolution: Final composed player item Grip exceeded position/orientation tolerance: left=0.526751m/0.049958rad right=0.000000m/0.000000rad.
156: FAIL: rescue rig/attachment resolution: Final composed player item Grip exceeded position/orientation tolerance: left=0.514211m/0.049958rad right=0.000000m/0.000000rad.
156: FAIL: rescue rig/attachment resolution: Final composed player item Grip exceeded position/orientation tolerance: left=0.501005m/0.049958rad right=0.000000m/0.000000rad.
156: FAIL: rescue rig/attachment resolution: Final composed player item Grip exceeded position/orientation tolerance: left=0.489257m/0.049958rad right=0.000000m/0.000000rad.
156: FAIL: rescue rig/attachment resolution: Final composed player item Grip exceeded position/orientation tolerance: left=0.480682m/0.049958rad right=0.000000m/0.000000rad.
156: FAIL: rescue rig/attachment resolution: Final composed player item Grip exceeded position/orientation tolerance: left=0.476696m/0.049958rad right=0.000000m/0.000000rad.
156: FAIL: rescue rig/attachment resolution: Final composed player item Grip exceeded position/orientation tolerance: left=0.476627m/0.049958rad right=0.000000m/0.000000rad.
156: FAIL: rescue rig/attachment resolution: Final composed player item Grip exceeded position/orientation tolerance: left=0.479665m/0.049958rad right=0.000000m/0.000000rad.
156: FAIL: rescue rig/attachment resolution: Final composed player item Grip exceeded position/orientation tolerance: left=0.487554m/0.049958rad right=0.000000m/0.000000rad.
156: FAIL: rescue rig/attachment resolution: Final composed player item Grip exceeded position/orientation tolerance: left=0.498903m/0.049958rad right=0.000000m/0.000000rad.
156: FAIL: rescue rig/attachment resolution: Final composed player item Grip exceeded position/orientation tolerance: left=0.512073m/0.049958rad right=0.000000m/0.000000rad.
156: FAIL: rescue rig/attachment resolution: Final composed player item Grip exceeded position/orientation tolerance: left=0.525021m/0.049958rad right=0.000000m/0.000000rad.
156: FAIL: rescue rig/attachment resolution: Final composed player item Grip exceeded position/orientation tolerance: left=0.535350m/0.049958rad right=0.000000m/0.000000rad.
156: FAIL: rescue rig/attachment resolution: Final composed player item Grip exceeded position/orientation tolerance: left=0.540491m/0.049958rad right=0.000000m/0.000000rad.
156: FAIL: rescue rig/attachment resolution: Final composed player item Grip exceeded position/orientation tolerance: left=0.540760m/0.049958rad right=0.000000m/0.000000rad.
156: FAIL: rescue rig/attachment resolution: Final composed player item Grip exceeded position/orientation tolerance: left=0.537175m/0.049958rad right=0.000000m/0.000000rad.
156: FAIL: rescue rig/attachment resolution: Final composed player item Grip exceeded position/orientation tolerance: left=0.527871m/0.049958rad right=0.000000m/0.000000rad.
156: FAIL: rescue rig/attachment resolution: Final composed player item Grip exceeded position/orientation tolerance: left=0.515425m/0.049958rad right=0.000000m/0.000000rad.
156: FAIL: rescue rig/attachment resolution: Final composed player item Grip exceeded position/orientation tolerance: left=0.502282m/0.049958rad right=0.000000m/0.000000rad.
156: FAIL: rescue rig/attachment resolution: Final composed player item Grip exceeded position/orientation tolerance: left=0.490569m/0.049958rad right=0.000000m/0.000000rad.
156: FAIL: rescue rig/attachment resolution: Final composed player item Grip exceeded position/orientation tolerance: left=0.482004m/0.049958rad right=0.000000m/0.000000rad.
156: FAIL: rescue rig/attachment resolution: Final composed player item Grip exceeded position/orientation tolerance: left=0.478012m/0.049958rad right=0.000000m/0.000000rad.
156: FAIL: rescue rig/attachment resolution: Final composed player item Grip exceeded position/orientation tolerance: left=0.477873m/0.049958rad right=0.000000m/0.000000rad.
156: FAIL: rescue rig/attachment resolution: Final composed player item Grip exceeded position/orientation tolerance: left=0.480753m/0.049958rad right=0.000000m/0.000000rad.
156: FAIL: rescue rig/attachment resolution: Final composed player item Grip exceeded position/orientation tolerance: left=0.488478m/0.049958rad right=0.000000m/0.000000rad.
156: FAIL: rescue rig/attachment resolution: Final composed player item Grip exceeded position/orientation tolerance: left=0.499657m/0.049958rad right=0.000000m/0.000000rad.
156: FAIL: rescue rig/attachment resolution: Final composed player item Grip exceeded position/orientation tolerance: left=0.512641m/0.049958rad right=0.000000m/0.000000rad.
156: FAIL: rescue rig/attachment resolution: Final composed player item Grip exceeded position/orientation tolerance: left=0.525391m/0.049958rad right=0.000000m/0.000000rad.
156: FAIL: rescue rig/attachment resolution: Final composed player item Grip exceeded position/orientation tolerance: left=0.535512m/0.049958rad right=0.000000m/0.000000rad.
156: FAIL: rescue rig/attachment resolution: Final composed player item Grip exceeded position/orientation tolerance: left=0.540436m/0.049958rad right=0.000000m/0.000000rad.
156: FAIL: rescue rig/attachment resolution: Final composed player item Grip exceeded position/orientation tolerance: left=0.540479m/0.049958rad right=0.000000m/0.000000rad.
156: FAIL: rescue rig/attachment resolution: Final composed player item Grip exceeded position/orientation tolerance: left=0.536666m/0.049958rad right=0.000000m/0.000000rad.
156: FAIL: rescue rig/attachment resolution: Final composed player item Grip exceeded position/orientation tolerance: left=0.527145m/0.049958rad right=0.000000m/0.000000rad.
156: FAIL: rescue rig/attachment resolution: Final composed player item Grip exceeded position/orientation tolerance: left=0.514501m/0.049958rad right=0.000000m/0.000000rad.
156: FAIL: rescue rig/attachment resolution: Final composed player item Grip exceeded position/orientation tolerance: left=0.501183m/0.049958rad right=0.000000m/0.000000rad.
156: FAIL: rescue rig/attachment resolution: Final composed player item Grip exceeded position/orientation tolerance: left=0.489316m/0.049958rad right=0.000000m/0.000000rad.
156: FAIL: rescue rig/attachment resolution: Final composed player item Grip exceeded position/orientation tolerance: left=0.480614m/0.049958rad right=0.000000m/0.000000rad.
156: FAIL: rescue rig/attachment resolution: Final composed player item Grip exceeded position/orientation tolerance: left=0.476632m/0.049958rad right=0.000000m/0.000000rad.
156: FAIL: rescue rig/attachment resolution: Final composed player item Grip exceeded position/orientation tolerance: left=0.476509m/0.049958rad right=0.000000m/0.000000rad.
156: FAIL: rescue rig/attachment resolution: Final composed player item Grip exceeded position/orientation tolerance: left=0.479414m/0.049958rad right=0.000000m/0.000000rad.
156: FAIL: rescue rig/attachment resolution: Final composed player item Grip exceeded position/orientation tolerance: left=0.487180m/0.049958rad right=0.000000m/0.000000rad.
156: FAIL: rescue rig/attachment resolution: Final composed player item Grip exceeded position/orientation tolerance: left=0.498418m/0.049958rad right=0.000000m/0.000000rad.
156: FAIL: rescue rig/attachment resolution: Final composed player item Grip exceeded position/orientation tolerance: left=0.511491m/0.049958rad right=0.000000m/0.000000rad.
156: FAIL: rescue rig/attachment resolution: Final composed player item Grip exceeded position/orientation tolerance: left=0.524350m/0.049958rad right=0.000000m/0.000000rad.
156: FAIL: rescue rig/attachment resolution: Final composed player item Grip exceeded position/orientation tolerance: left=0.534596m/0.049958rad right=0.000000m/0.000000rad.
156: FAIL: rescue rig/attachment resolution: Final composed player item Grip exceeded position/orientation tolerance: left=0.539651m/0.049958rad right=0.000000m/0.000000rad.
156: FAIL: rescue rig/attachment resolution: Final composed player item Grip exceeded position/orientation tolerance: left=0.539834m/0.049958rad right=0.000000m/0.000000rad.
156: FAIL: rescue rig/attachment resolution: Final composed player item Grip exceeded position/orientation tolerance: left=0.536163m/0.049958rad right=0.000000m/0.000000rad.
156: FAIL: rescue rig/attachment resolution: Final composed player item Grip exceeded position/orientation tolerance: left=0.526772m/0.049958rad right=0.000000m/0.000000rad.
156: FAIL: rescue rig/attachment resolution: Final composed player item Grip exceeded position/orientation tolerance: left=0.514239m/0.049958rad right=0.000000m/0.000000rad.
156: FAIL: rescue rig/attachment resolution: Final composed player item Grip exceeded position/orientation tolerance: left=0.501020m/0.049958rad right=0.000000m/0.000000rad.
156: FAIL: rescue rig/attachment resolution: Final composed player item Grip exceeded position/orientation tolerance: left=0.489244m/0.049958rad right=0.000000m/0.000000rad.
156: FAIL: rescue rig/attachment resolution: Final composed player item Grip exceeded position/orientation tolerance: left=0.480636m/0.049958rad right=0.000000m/0.000000rad.
156: FAIL: rescue rig/attachment resolution: Final composed player item Grip exceeded position/orientation tolerance: left=0.476628m/0.049958rad right=0.000000m/0.000000rad.
156: FAIL: rescue rig/attachment resolution: Final composed player item Grip exceeded position/orientation tolerance: left=0.476497m/0.049958rad right=0.000000m/0.000000rad.
156: FAIL: rescue rig/attachment resolution: Final composed player item Grip exceeded position/orientation tolerance: left=0.479406m/0.049958rad right=0.000000m/0.000000rad.
156: FAIL: rescue rig/attachment resolution: Final composed player item Grip exceeded position/orientation tolerance: left=0.487186m/0.049958rad right=0.000000m/0.000000rad.
156: FAIL: rescue rig/attachment resolution: Final composed player item Grip exceeded position/orientation tolerance: left=0.498436m/0.049958rad right=0.000000m/0.000000rad.
156: FAIL: rescue rig/attachment resolution: Final composed player item Grip exceeded position/orientation tolerance: left=0.511506m/0.049958rad right=0.000000m/0.000000rad.
156: FAIL: rescue rig/attachment resolution: Final composed player item Grip exceeded position/orientation tolerance: left=0.524347m/0.049958rad right=0.000000m/0.000000rad.
156: FAIL: rescue rig/attachment resolution: Final composed player item Grip exceeded position/orientation tolerance: left=0.534560m/0.049958rad right=0.000000m/0.000000rad.
156: FAIL: rescue rig/attachment resolution: Final composed player item Grip exceeded position/orientation tolerance: left=0.539576m/0.049958rad right=0.000000m/0.000000rad.
156: FAIL: rescue rig/attachment resolution: Final composed player item Grip exceeded position/orientation tolerance: left=0.539713m/0.049958rad right=0.000000m/0.000000rad.
156: FAIL: rescue rig/attachment resolution: Final composed player item Grip exceeded position/orientation tolerance: left=0.535997m/0.049958rad right=0.000000m/0.000000rad.
156: FAIL: rescue rig/attachment resolution: Final composed player item Grip exceeded position/orientation tolerance: left=0.526580m/0.049958rad right=0.000000m/0.000000rad.
156: FAIL: rescue rig/attachment resolution: Final composed player item Grip exceeded position/orientation tolerance: left=0.514049m/0.049958rad right=0.000000m/0.000000rad.
156: FAIL: rescue rig/attachment resolution: Final composed player item Grip exceeded position/orientation tolerance: left=0.500854m/0.049958rad right=0.000000m/0.000000rad.
156: FAIL: rescue rig/attachment resolution: Final composed player item Grip exceeded position/orientation tolerance: left=0.489208m/0.049958rad right=0.000000m/0.000000rad.
156: FAIL: rescue rig/attachment resolution: Final composed player item Grip exceeded position/orientation tolerance: left=0.480785m/0.049958rad right=0.000000m/0.000000rad.
156: FAIL: rescue rig/attachment resolution: Final composed player item Grip exceeded position/orientation tolerance: left=0.476938m/0.049958rad right=0.000000m/0.000000rad.
156: FAIL: rescue rig/attachment resolution: Final composed player item Grip exceeded position/orientation tolerance: left=0.476947m/0.049958rad right=0.000000m/0.000000rad.
156: FAIL: rescue rig/attachment resolution: Final composed player item Grip exceeded position/orientation tolerance: left=0.479977m/0.049958rad right=0.000000m/0.000000rad.
156: FAIL: rescue rig/attachment resolution: Final composed player item Grip exceeded position/orientation tolerance: left=0.487856m/0.049958rad right=0.000000m/0.000000rad.
156: FAIL: rescue rig/attachment resolution: Final composed player item Grip exceeded position/orientation tolerance: left=0.499193m/0.049958rad right=0.000000m/0.000000rad.
156: FAIL: rescue rig/attachment resolution: Final composed player item Grip exceeded position/orientation tolerance: left=0.512348m/0.049958rad right=0.000000m/0.000000rad.
156: FAIL: rescue rig/attachment resolution: Final composed player item Grip exceeded position/orientation tolerance: left=0.525277m/0.049958rad right=0.000000m/0.000000rad.
156: FAIL: rescue rig/attachment resolution: Final composed player item Grip exceeded position/orientation tolerance: left=0.535580m/0.049958rad right=0.000000m/0.000000rad.
156: FAIL: rescue rig/attachment resolution: Final composed player item Grip exceeded position/orientation tolerance: left=0.540685m/0.049958rad right=0.000000m/0.000000rad.
156: FAIL: rescue rig/attachment resolution: Final composed player item Grip exceeded position/orientation tolerance: left=0.540918m/0.049958rad right=0.000000m/0.000000rad.
156: FAIL: rescue rig/attachment resolution: Final composed player item Grip exceeded position/orientation tolerance: left=0.537287m/0.049958rad right=0.000000m/0.000000rad.
156: FAIL: rescue rig/attachment resolution: Final composed player item Grip exceeded position/orientation tolerance: left=0.527938m/0.049958rad right=0.000000m/0.000000rad.
156: FAIL: rescue rig/attachment resolution: Final composed player item Grip exceeded position/orientation tolerance: left=0.515447m/0.049958rad right=0.000000m/0.000000rad.
156: FAIL: rescue rig/attachment resolution: Final composed player item Grip exceeded position/orientation tolerance: left=0.502260m/0.049958rad right=0.000000m/0.000000rad.
156: FAIL: rescue rig/attachment resolution: Final composed player item Grip exceeded position/orientation tolerance: left=0.490502m/0.049958rad right=0.000000m/0.000000rad.
156: FAIL: rescue rig/attachment resolution: Final composed player item Grip exceeded position/orientation tolerance: left=0.481893m/0.049958rad right=0.000000m/0.000000rad.
156: FAIL: rescue rig/attachment resolution: Final composed player item Grip exceeded position/orientation tolerance: left=0.477855m/0.049958rad right=0.000000m/0.000000rad.
156: FAIL: rescue rig/attachment resolution: Final composed player item Grip exceeded position/orientation tolerance: left=0.477669m/0.049958rad right=0.000000m/0.000000rad.
156: FAIL: rescue rig/attachment resolution: Final composed player item Grip exceeded position/orientation tolerance: left=0.480503m/0.049958rad right=0.000000m/0.000000rad.
156: FAIL: rescue rig/attachment resolution: Final composed player item Grip exceeded position/orientation tolerance: left=0.488184m/0.049958rad right=0.000000m/0.000000rad.
156: FAIL: rescue rig/attachment resolution: Final composed player item Grip exceeded position/orientation tolerance: left=0.499318m/0.049958rad right=0.000000m/0.000000rad.
156: FAIL: rescue rig/attachment resolution: Final composed player item Grip exceeded position/orientation tolerance: left=0.512266m/0.049958rad right=0.000000m/0.000000rad.
156: FAIL: rescue rig/attachment resolution: Final composed player item Grip exceeded position/orientation tolerance: left=0.524981m/0.049958rad right=0.000000m/0.000000rad.
156: FAIL: rescue rig/attachment resolution: Final composed player item Grip exceeded position/orientation tolerance: left=0.535071m/0.049958rad right=0.000000m/0.000000rad.
156: FAIL: rescue rig/attachment resolution: Final composed player item Grip exceeded position/orientation tolerance: left=0.539969m/0.049958rad right=0.000000m/0.000000rad.
156: FAIL: rescue rig/attachment resolution: Final composed player item Grip exceeded position/orientation tolerance: left=0.539989m/0.049958rad right=0.000000m/0.000000rad.
156: FAIL: rescue rig/attachment resolution: Final composed player item Grip exceeded position/orientation tolerance: left=0.536157m/0.049958rad right=0.000000m/0.000000rad.
156: FAIL: rescue rig/attachment resolution: Final composed player item Grip exceeded position/orientation tolerance: left=0.526625m/0.049958rad right=0.000000m/0.000000rad.
156: FAIL: rescue rig/attachment resolution: Final composed player item Grip exceeded position/orientation tolerance: left=0.514004m/0.049958rad right=0.000000m/0.000000rad.
156: FAIL: rescue rig/attachment resolution: Final composed player item Grip exceeded position/orientation tolerance: left=0.500841m/0.049958rad right=0.000000m/0.000000rad.
156: FAIL: rescue rig/attachment resolution: Final composed player item Grip exceeded position/orientation tolerance: left=0.489118m/0.049958rad right=0.000000m/0.000000rad.
156: FAIL: rescue rig/attachment resolution: Final composed player item Grip exceeded position/orientation tolerance: left=0.480552m/0.049958rad right=0.000000m/0.000000rad.
156: FAIL: rescue rig/attachment resolution: Final composed player item Grip exceeded position/orientation tolerance: left=0.476567m/0.049958rad right=0.000000m/0.000000rad.
156: FAIL: rescue rig/attachment resolution: Final composed player item Grip exceeded position/orientation tolerance: left=0.476443m/0.049958rad right=0.000000m/0.000000rad.
156: FAIL: rescue rig/attachment resolution: Final composed player item Grip exceeded position/orientation tolerance: left=0.479353m/0.049958rad right=0.000000m/0.000000rad.
156: FAIL: rescue rig/attachment resolution: Final composed player item Grip exceeded position/orientation tolerance: left=0.487131m/0.049958rad right=0.000000m/0.000000rad.
156: FAIL: rescue rig/attachment resolution: Final composed player item Grip exceeded position/orientation tolerance: left=0.498384m/0.049958rad right=0.000000m/0.000000rad.
156: FAIL: rescue rig/attachment resolution: Final composed player item Grip exceeded position/orientation tolerance: left=0.511470m/0.049958rad right=0.000000m/0.000000rad.
156: FAIL: rescue rig/attachment resolution: Final composed player item Grip exceeded position/orientation tolerance: left=0.524339m/0.049958rad right=0.000000m/0.000000rad.
156: FAIL: rescue rig/attachment resolution: Final composed player item Grip exceeded position/orientation tolerance: left=0.534589m/0.049958rad right=0.000000m/0.000000rad.
156: FAIL: rescue rig/attachment resolution: Final composed player item Grip exceeded position/orientation tolerance: left=0.539641m/0.049958rad right=0.000000m/0.000000rad.
156: FAIL: rescue rig/attachment resolution: Final composed player item Grip exceeded position/orientation tolerance: left=0.539819m/0.049958rad right=0.000000m/0.000000rad.
156: FAIL: rescue rig/attachment resolution: Final composed player item Grip exceeded position/orientation tolerance: left=0.536223m/0.049958rad right=0.000000m/0.000000rad.
156: FAIL: rescue rig/attachment resolution: Final composed player item Grip exceeded position/orientation tolerance: left=0.536223m/0.049958rad right=0.000000m/0.000000rad.
156: FAIL: rescue rig/attachment resolution: Final composed player item Grip exceeded position/orientation tolerance: left=0.525947m/0.049958rad right=0.000000m/0.000000rad.
156: FAIL: rescue rig/attachment resolution: Final composed player item Grip exceeded position/orientation tolerance: left=0.515858m/0.049958rad right=0.000000m/0.000000rad.
156: FAIL: rescue rig/attachment resolution: Final composed player item Grip exceeded position/orientation tolerance: left=0.505968m/0.049958rad right=0.000000m/0.000000rad.
156: FAIL: rescue rig/attachment resolution: Final composed player item Grip exceeded position/orientation tolerance: left=0.496290m/0.049958rad right=0.000000m/0.000000rad.
156: FAIL: rescue rig/attachment resolution: Final composed player item Grip exceeded position/orientation tolerance: left=0.486834m/0.049958rad right=0.000000m/0.000000rad.
156: FAIL: rescue rig/attachment resolution: Final composed player item Grip exceeded position/orientation tolerance: left=0.477611m/0.049958rad right=0.000000m/0.000000rad.
156: FAIL: rescue rig/attachment resolution: Final composed player item Grip exceeded position/orientation tolerance: left=0.468632m/0.049958rad right=0.000000m/0.000000rad.
156: FAIL: rescue rig/attachment resolution: Final composed player item Grip exceeded position/orientation tolerance: left=0.459910m/0.049958rad right=0.000000m/0.000000rad.
156: FAIL: rescue rig/attachment resolution: Final composed player item Grip exceeded position/orientation tolerance: left=0.451459m/0.049958rad right=0.000000m/0.000000rad.
156: FAIL: rescue rig/attachment resolution: Final composed player item Grip exceeded position/orientation tolerance: left=0.443294m/0.049958rad right=0.000000m/0.000000rad.
156: FAIL: rescue rig/attachment resolution: Final composed player item Grip exceeded position/orientation tolerance: left=0.435434m/0.049958rad right=0.000000m/0.000000rad.
156: FAIL: rescue rig/attachment resolution: Final composed player item Grip exceeded position/orientation tolerance: left=0.427896m/0.049958rad right=0.000000m/0.000000rad.
156: FAIL: rescue rig/attachment resolution: Final composed player item Grip exceeded position/orientation tolerance: left=0.420700m/0.049958rad right=0.000000m/0.000000rad.
156: FAIL: rescue rig/attachment resolution: Final composed player item Grip exceeded position/orientation tolerance: left=0.413865m/0.049958rad right=0.000000m/0.000000rad.
156: FAIL: rescue rig/attachment resolution: Final composed player item Grip exceeded position/orientation tolerance: left=0.407409m/0.049958rad right=0.000000m/0.000000rad.
156: FAIL: rescue rig/attachment resolution: Skinned player palm Grip socket exceeded the 15 mm grip tolerance: left=0.000000 right=0.016778 leftTarget=0.000000,1.323231,0.526670 leftSocket=0.000000,1.323231,0.526670 leftHandTarget=0.033675,1.323590,0.466985 leftHandSocket=0.033675,1.323590,0.466985 rightHandTarget=0.053845,0.873811,0.508380 rightHandSocket=0.049492,0.885295,0.496949.
156: FAIL: rescue rig/attachment resolution: Skinned player palm Grip socket exceeded the 15 mm grip tolerance: left=0.000000 right=0.026494 leftTarget=0.000000,1.323230,0.540836 leftSocket=0.000000,1.323229,0.540836 leftHandTarget=0.033675,1.323589,0.481152 leftHandSocket=0.033675,1.323589,0.481152 rightHandTarget=0.053845,0.873809,0.522547 rightHandSocket=0.047048,0.891740,0.504266.
156: FAIL: rescue rig/attachment resolution: Skinned player palm Grip socket exceeded the 15 mm grip tolerance: left=0.000000 right=0.036332 leftTarget=0.000000,1.323228,0.555003 leftSocket=0.000000,1.323228,0.555003 leftHandTarget=0.033675,1.323587,0.495319 leftHandSocket=0.033675,1.323587,0.495319 rightHandTarget=0.053845,0.873805,0.536714 rightHandSocket=0.044628,0.898119,0.511339.
156: FAIL: rescue rig/attachment resolution: Gameplay-authored player Grip basis produced a non-rigid hand target: Held-item socket transform must be rigid and unit scale. determinants=-1.000000/-1.000000.
156: FAIL: rescue rig/attachment resolution: Gameplay-authored player Grip basis produced a non-rigid hand target: Held-item socket transform must be rigid and unit scale. determinants=-1.000000/-1.000000.
156: FAIL: rescue rig/attachment resolution: Gameplay-authored player Grip basis produced a non-rigid hand target: Held-item socket transform must be rigid and unit scale. determinants=-1.000000/-1.000000.
156: FAIL: rescue rig/attachment resolution: Gameplay-authored player Grip basis produced a non-rigid hand target: Held-item socket transform must be rigid and unit scale. determinants=-1.000000/-1.000000.
156: FAIL: rescue rig/attachment resolution: Gameplay-authored player Grip basis produced a non-rigid hand target: Held-item socket transform must be rigid and unit scale. determinants=-1.000000/-1.000000.
156: FAIL: rescue rig/attachment resolution: Gameplay-authored player Grip basis produced a non-rigid hand target: Held-item socket transform must be rigid and unit scale. determinants=-1.000000/-1.000000.
156: FAIL: rescue rig/attachment resolution: Gameplay-authored player Grip basis produced a non-rigid hand target: Held-item socket transform must be rigid and unit scale. determinants=-1.000000/-1.000000.
156: FAIL: rescue rig/attachment resolution: Gameplay-authored player Grip basis produced a non-rigid hand target: Held-item socket transform must be rigid and unit scale. determinants=-1.000000/-1.000000.
156: FAIL: rescue rig/attachment resolution: Gameplay-authored player Grip basis produced a non-rigid hand target: Held-item socket transform must be rigid and unit scale. determinants=-1.000000/-1.000000.
156: FAIL: rescue rig/attachment resolution: Gameplay-authored player Grip basis produced a non-rigid hand target: Held-item socket transform must be rigid and unit scale. determinants=-1.000000/-1.000000.
156: FAIL: rescue rig/attachment resolution: Gameplay-authored player Grip basis produced a non-rigid hand target: Held-item socket transform must be rigid and unit scale. determinants=-1.000000/-1.000000.
156: FAIL: rescue rig/attachment resolution: Gameplay-authored player Grip basis produced a non-rigid hand target: Held-item socket transform must be rigid and unit scale. determinants=-1.000000/-1.000000.
156: FAIL: rescue rig/attachment resolution: Gameplay-authored player Grip basis produced a non-rigid hand target: Held-item socket transform must be rigid and unit scale. determinants=-1.000000/-1.000000.
156: FAIL: rescue rig/attachment resolution: Gameplay-authored player Grip basis produced a non-rigid hand target: Held-item socket transform must be rigid and unit scale. determinants=-1.000000/-1.000000.
156: FAIL: rescue rig/attachment resolution: Gameplay-authored player Grip basis produced a non-rigid hand target: Held-item socket transform must be rigid and unit scale. determinants=-1.000000/-1.000000.
156: FAIL: rescue rig/attachment resolution: Gameplay-authored player Grip basis produced a non-rigid hand target: Held-item socket transform must be rigid and unit scale. determinants=-1.000000/-1.000000.
156: FAIL: rescue rig/attachment resolution: Gameplay-authored player Grip basis produced a non-rigid hand target: Held-item socket transform must be rigid and unit scale. determinants=-1.000000/-1.000000.
156: FAIL: rescue rig/attachment resolution: Gameplay-authored player Grip basis produced a non-rigid hand target: Held-item socket transform must be rigid and unit scale. determinants=-1.000000/-1.000000.
156: FAIL: rescue rig/attachment resolution: Gameplay-authored player Grip basis produced a non-rigid hand target: Held-item socket transform must be rigid and unit scale. determinants=-1.000000/-1.000000.
156: FAIL: rescue rig/attachment resolution: Gameplay-authored player Grip basis produced a non-rigid hand target: Held-item socket transform must be rigid and unit scale. determinants=-1.000000/-1.000000.
156: FAIL: rescue rig/attachment resolution: Gameplay-authored player Grip basis produced a non-rigid hand target: Held-item socket transform must be rigid and unit scale. determinants=-1.000000/-1.000000.
156: FAIL: rescue rig/attachment resolution: Gameplay-authored player Grip basis produced a non-rigid hand target: Held-item socket transform must be rigid and unit scale. determinants=-1.000000/-1.000000.
156: FAIL: rescue rig/attachment resolution: Gameplay-authored player Grip basis produced a non-rigid hand target: Held-item socket transform must be rigid and unit scale. determinants=-1.000000/-1.000000.
156: FAIL: rescue rig/attachment resolution: Gameplay-authored player Grip basis produced a non-rigid hand target: Held-item socket transform must be rigid and unit scale. determinants=-1.000000/-1.000000.
156: FAIL: rescue rig/attachment resolution: Gameplay-authored player Grip basis produced a non-rigid hand target: Held-item socket transform must be rigid and unit scale. determinants=-1.000000/-1.000000.
156: FAIL: rescue rig/attachment resolution: Gameplay-authored player Grip basis produced a non-rigid hand target: Held-item socket transform must be rigid and unit scale. determinants=-1.000000/-1.000000.
156: FAIL: rescue rig/attachment resolution: Gameplay-authored player Grip basis produced a non-rigid hand target: Held-item socket transform must be rigid and unit scale. determinants=-1.000000/-1.000000.
156: FAIL: rescue rig/attachment resolution: Gameplay-authored player Grip basis produced a non-rigid hand target: Held-item socket transform must be rigid and unit scale. determinants=-1.000000/-1.000000.
156: FAIL: rescue rig/attachment resolution: Gameplay-authored player Grip basis produced a non-rigid hand target: Held-item socket transform must be rigid and unit scale. determinants=-1.000000/-1.000000.
156: FAIL: rescue rig/attachment resolution: Gameplay-authored player Grip basis produced a non-rigid hand target: Held-item socket transform must be rigid and unit scale. determinants=-1.000000/-1.000000.
156: FAIL: rescue rig/attachment resolution: Gameplay-authored player Grip basis produced a non-rigid hand target: Held-item socket transform must be rigid and unit scale. determinants=-1.000000/-1.000000.
156: FAIL: rescue rig/attachment resolution: Gameplay-authored player Grip basis produced a non-rigid hand target: Held-item socket transform must be rigid and unit scale. determinants=-1.000000/-1.000000.
156: FAIL: rescue rig/attachment resolution: Gameplay-authored player Grip basis produced a non-rigid hand target: Held-item socket transform must be rigid and unit scale. determinants=-1.000000/-1.000000.
156: FAIL: rescue rig/attachment resolution: Gameplay-authored player Grip basis produced a non-rigid hand target: Held-item socket transform must be rigid and unit scale. determinants=-1.000000/-1.000000.
156: FAIL: rescue rig/attachment resolution: Gameplay-authored player Grip basis produced a non-rigid hand target: Held-item socket transform must be rigid and unit scale. determinants=-1.000000/-1.000000.
156: FAIL: rescue rig/attachment resolution: Gameplay-authored player Grip basis produced a non-rigid hand target: Held-item socket transform must be rigid and unit scale. determinants=-1.000000/-1.000000.
156: FAIL: rescue rig/attachment resolution: Gameplay-authored player Grip basis produced a non-rigid hand target: Held-item socket transform must be rigid and unit scale. determinants=-1.000000/-1.000000.
156: FAIL: rescue rig/attachment resolution: Gameplay-authored player Grip basis produced a non-rigid hand target: Held-item socket transform must be rigid and unit scale. determinants=-1.000000/-1.000000.
156: FAIL: rescue rig/attachment resolution: Gameplay-authored player Grip basis produced a non-rigid hand target: Held-item socket transform must be rigid and unit scale. determinants=-1.000000/-1.000000.
156: FAIL: rescue rig/attachment resolution: Gameplay-authored player Grip basis produced a non-rigid hand target: Held-item socket transform must be rigid and unit scale. determinants=-1.000000/-1.000000.
156: FAIL: rescue rig/attachment resolution: Gameplay-authored player Grip basis produced a non-rigid hand target: Held-item socket transform must be rigid and unit scale. determinants=-1.000000/-1.000000.
156: FAIL: rescue rig/attachment resolution: Gameplay-authored player Grip basis produced a non-rigid hand target: Held-item socket transform must be rigid and unit scale. determinants=-1.000000/-1.000000.
156: FAIL: rescue rig/attachment resolution: Gameplay-authored player Grip basis produced a non-rigid hand target: Held-item socket transform must be rigid and unit scale. determinants=-1.000000/-1.000000.
156: FAIL: rescue rig/attachment resolution: Gameplay-authored player Grip basis produced a non-rigid hand target: Held-item socket transform must be rigid and unit scale. determinants=-1.000000/-1.000000.
156: FAIL: rescue rig/attachment resolution: Gameplay-authored player Grip basis produced a non-rigid hand target: Held-item socket transform must be rigid and unit scale. determinants=-1.000000/-1.000000.
156: FAIL: rescue rig/attachment resolution: Gameplay-authored player Grip basis produced a non-rigid hand target: Held-item socket transform must be rigid and unit scale. determinants=-1.000000/-1.000000.
156: FAIL: rescue rig/attachment resolution: Gameplay-authored player Grip basis produced a non-rigid hand target: Held-item socket transform must be rigid and unit scale. determinants=-1.000000/-1.000000.
156: FAIL: rescue rig/attachment resolution: Gameplay-authored player Grip basis produced a non-rigid hand target: Held-item socket transform must be rigid and unit scale. determinants=-1.000000/-1.000000.
156: FAIL: rescue rig/attachment resolution: Gameplay-authored player Grip basis produced a non-rigid hand target: Held-item socket transform must be rigid and unit scale. determinants=-1.000000/-1.000000.
156: FAIL: rescue rig/attachment resolution: Gameplay-authored player Grip basis produced a non-rigid hand target: Held-item socket transform must be rigid and unit scale. determinants=-1.000000/-1.000000.
156: FAIL: rescue rig/attachment resolution: Gameplay-authored player Grip basis produced a non-rigid hand target: Held-item socket transform must be rigid and unit scale. determinants=-1.000000/-1.000000.
156: FAIL: rescue rig/attachment resolution: Gameplay-authored player Grip basis produced a non-rigid hand target: Held-item socket transform must be rigid and unit scale. determinants=-1.000000/-1.000000.
156: FAIL: rescue rig/attachment resolution: Gameplay-authored player Grip basis produced a non-rigid hand target: Held-item socket transform must be rigid and unit scale. determinants=-1.000000/-1.000000.
156: FAIL: rescue rig/attachment resolution: Gameplay-authored player Grip basis produced a non-rigid hand target: Held-item socket transform must be rigid and unit scale. determinants=-1.000000/-1.000000.
156: FAIL: rescue rig/attachment resolution: Gameplay-authored player Grip basis produced a non-rigid hand target: Held-item socket transform must be rigid and unit scale. determinants=-1.000000/-1.000000.
156: FAIL: rescue rig/attachment resolution: Gameplay-authored player Grip basis produced a non-rigid hand target: Held-item socket transform must be rigid and unit scale. determinants=-1.000000/-1.000000.
156: FAIL: rescue rig/attachment resolution: Gameplay-authored player Grip basis produced a non-rigid hand target: Held-item socket transform must be rigid and unit scale. determinants=-1.000000/-1.000000.
156: FAIL: rescue rig/attachment resolution: Gameplay-authored player Grip basis produced a non-rigid hand target: Held-item socket transform must be rigid and unit scale. determinants=-1.000000/-1.000000.
156: FAIL: rescue rig/attachment resolution: Gameplay-authored player Grip basis produced a non-rigid hand target: Held-item socket transform must be rigid and unit scale. determinants=-1.000000/-1.000000.
156: FAIL: rescue rig/attachment resolution: Gameplay-authored player Grip basis produced a non-rigid hand target: Held-item socket transform must be rigid and unit scale. determinants=-1.000000/-1.000000.
156: FAIL: rescue rig/attachment resolution: Gameplay-authored player Grip basis produced a non-rigid hand target: Held-item socket transform must be rigid and unit scale. determinants=-1.000000/-1.000000.
156: FAIL: rescue rig/attachment resolution: Gameplay-authored player Grip basis produced a non-rigid hand target: Held-item socket transform must be rigid and unit scale. determinants=-1.000000/-1.000000.
156: FAIL: rescue rig/attachment resolution: Gameplay-authored player Grip basis produced a non-rigid hand target: Held-item socket transform must be rigid and unit scale. determinants=-1.000000/-1.000000.
156: FAIL: rescue rig/attachment resolution: Gameplay-authored player Grip basis produced a non-rigid hand target: Held-item socket transform must be rigid and unit scale. determinants=-1.000000/-1.000000.
156: FAIL: rescue rig/attachment resolution: Gameplay-authored player Grip basis produced a non-rigid hand target: Held-item socket transform must be rigid and unit scale. determinants=-1.000000/-1.000000.
156: FAIL: rescue rig/attachment resolution: Gameplay-authored player Grip basis produced a non-rigid hand target: Held-item socket transform must be rigid and unit scale. determinants=-1.000000/-1.000000.
156: FAIL: rescue rig/attachment resolution: Gameplay-authored player Grip basis produced a non-rigid hand target: Held-item socket transform must be rigid and unit scale. determinants=-1.000000/-1.000000.
156: FAIL: rescue rig/attachment resolution: Gameplay-authored player Grip basis produced a non-rigid hand target: Held-item socket transform must be rigid and unit scale. determinants=-1.000000/-1.000000.
156: FAIL: rescue rig/attachment resolution: Gameplay-authored player Grip basis produced a non-rigid hand target: Held-item socket transform must be rigid and unit scale. determinants=-1.000000/-1.000000.
156: FAIL: rescue rig/attachment resolution: Gameplay-authored player Grip basis produced a non-rigid hand target: Held-item socket transform must be rigid and unit scale. determinants=-1.000000/-1.000000.
156: FAIL: rescue rig/attachment resolution: Gameplay-authored player Grip basis produced a non-rigid hand target: Held-item socket transform must be rigid and unit scale. determinants=-1.000000/-1.000000.
156: FAIL: rescue rig/attachment resolution: Gameplay-authored player Grip basis produced a non-rigid hand target: Held-item socket transform must be rigid and unit scale. determinants=-1.000000/-1.000000.
156: FAIL: rescue rig/attachment resolution: Gameplay-authored player Grip basis produced a non-rigid hand target: Held-item socket transform must be rigid and unit scale. determinants=-1.000000/-1.000000.
156: FAIL: rescue rig/attachment resolution: Gameplay-authored player Grip basis produced a non-rigid hand target: Held-item socket transform must be rigid and unit scale. determinants=-1.000000/-1.000000.
156: FAIL: rescue rig/attachment resolution: Gameplay-authored player Grip basis produced a non-rigid hand target: Held-item socket transform must be rigid and unit scale. determinants=-1.000000/-1.000000.
156: FAIL: rescue rig/attachment resolution: Gameplay-authored player Grip basis produced a non-rigid hand target: Held-item socket transform must be rigid and unit scale. determinants=-1.000000/-1.000000.
156: FAIL: rescue rig/attachment resolution: Gameplay-authored player Grip basis produced a non-rigid hand target: Held-item socket transform must be rigid and unit scale. determinants=-1.000000/-1.000000.
156: FAIL: rescue rig/attachment resolution: Gameplay-authored player Grip basis produced a non-rigid hand target: Held-item socket transform must be rigid and unit scale. determinants=-1.000000/-1.000000.
156: FAIL: rescue rig/attachment resolution: Gameplay-authored player Grip basis produced a non-rigid hand target: Held-item socket transform must be rigid and unit scale. determinants=-1.000000/-1.000000.
156: FAIL: rescue rig/attachment resolution: Gameplay-authored player Grip basis produced a non-rigid hand target: Held-item socket transform must be rigid and unit scale. determinants=-1.000000/-1.000000.
156: FAIL: rescue rig/attachment resolution: Gameplay-authored player Grip basis produced a non-rigid hand target: Held-item socket transform must be rigid and unit scale. determinants=-1.000000/-1.000000.
156: FAIL: rescue rig/attachment resolution: Gameplay-authored player Grip basis produced a non-rigid hand target: Held-item socket transform must be rigid and unit scale. determinants=-1.000000/-1.000000.
156: FAIL: rescue rig/attachment resolution: Gameplay-authored player Grip basis produced a non-rigid hand target: Held-item socket transform must be rigid and unit scale. determinants=-1.000000/-1.000000.
156: FAIL: rescue rig/attachment resolution: Gameplay-authored player Grip basis produced a non-rigid hand target: Held-item socket transform must be rigid and unit scale. determinants=-1.000000/-1.000000.
156: FAIL: rescue rig/attachment resolution: Gameplay-authored player Grip basis produced a non-rigid hand target: Held-item socket transform must be rigid and unit scale. determinants=-1.000000/-1.000000.
156: FAIL: rescue rig/attachment resolution: Gameplay-authored player Grip basis produced a non-rigid hand target: Held-item socket transform must be rigid and unit scale. determinants=-1.000000/-1.000000.
156: FAIL: rescue rig/attachment resolution: Gameplay-authored player Grip basis produced a non-rigid hand target: Held-item socket transform must be rigid and unit scale. determinants=-1.000000/-1.000000.
156: FAIL: rescue rig/attachment resolution: Gameplay-authored player Grip basis produced a non-rigid hand target: Held-item socket transform must be rigid and unit scale. determinants=-1.000000/-1.000000.
156: FAIL: rescue rig/attachment resolution: Gameplay-authored player Grip basis produced a non-rigid hand target: Held-item socket transform must be rigid and unit scale. determinants=-1.000000/-1.000000.
156: FAIL: rescue rig/attachment resolution: Gameplay-authored player Grip basis produced a non-rigid hand target: Held-item socket transform must be rigid and unit scale. determinants=-1.000000/-1.000000.
156: FAIL: rescue rig/attachment resolution: Gameplay-authored player Grip basis produced a non-rigid hand target: Held-item socket transform must be rigid and unit scale. determinants=-1.000000/-1.000000.
156: FAIL: rescue rig/attachment resolution: Gameplay-authored player Grip basis produced a non-rigid hand target: Held-item socket transform must be rigid and unit scale. determinants=-1.000000/-1.000000.
156: FAIL: rescue rig/attachment resolution: Gameplay-authored player Grip basis produced a non-rigid hand target: Held-item socket transform must be rigid and unit scale. determinants=-1.000000/-1.000000.
156: FAIL: rescue rig/attachment resolution: Gameplay-authored player Grip basis produced a non-rigid hand target: Held-item socket transform must be rigid and unit scale. determinants=-1.000000/-1.000000.
156: FAIL: rescue rig/attachment resolution: Gameplay-authored player Grip basis produced a non-rigid hand target: Held-item socket transform must be rigid and unit scale. determinants=-1.000000/-1.000000.
156: FAIL: rescue rig/attachment resolution: Gameplay-authored player Grip basis produced a non-rigid hand target: Held-item socket transform must be rigid and unit scale. determinants=-1.000000/-1.000000.
156: FAIL: rescue rig/attachment resolution: Gameplay-authored player Grip basis produced a non-rigid hand target: Held-item socket transform must be rigid and unit scale. determinants=-1.000000/-1.000000.
156: FAIL: rescue rig/attachment resolution: Gameplay-authored player Grip basis produced a non-rigid hand target: Held-item socket transform must be rigid and unit scale. determinants=-1.000000/-1.000000.
156: FAIL: rescue rig/attachment resolution: Gameplay-authored player Grip basis produced a non-rigid hand target: Held-item socket transform must be rigid and unit scale. determinants=-1.000000/-1.000000.
156: FAIL: rescue rig/attachment resolution: Gameplay-authored player Grip basis produced a non-rigid hand target: Held-item socket transform must be rigid and unit scale. determinants=-1.000000/-1.000000.
156: FAIL: rescue rig/attachment resolution: Gameplay-authored player Grip basis produced a non-rigid hand target: Held-item socket transform must be rigid and unit scale. determinants=-1.000000/-1.000000.
156: FAIL: rescue rig/attachment resolution: Gameplay-authored player Grip basis produced a non-rigid hand target: Held-item socket transform must be rigid and unit scale. determinants=-1.000000/-1.000000.
156: FAIL: rescue rig/attachment resolution: Gameplay-authored player Grip basis produced a non-rigid hand target: Held-item socket transform must be rigid and unit scale. determinants=-1.000000/-1.000000.
156: FAIL: rescue rig/attachment resolution: Gameplay-authored player Grip basis produced a non-rigid hand target: Held-item socket transform must be rigid and unit scale. determinants=-1.000000/-1.000000.
156: FAIL: rescue rig/attachment resolution: Gameplay-authored player Grip basis produced a non-rigid hand target: Held-item socket transform must be rigid and unit scale. determinants=-1.000000/-1.000000.
156: FAIL: rescue rig/attachment resolution: Gameplay-authored player Grip basis produced a non-rigid hand target: Held-item socket transform must be rigid and unit scale. determinants=-1.000000/-1.000000.
156: FAIL: rescue rig/attachment resolution: Gameplay-authored player Grip basis produced a non-rigid hand target: Held-item socket transform must be rigid and unit scale. determinants=-1.000000/-1.000000.
156: FAIL: rescue rig/attachment resolution: Gameplay-authored player Grip basis produced a non-rigid hand target: Held-item socket transform must be rigid and unit scale. determinants=-1.000000/-1.000000.
156: FAIL: rescue rig/attachment resolution: Gameplay-authored player Grip basis produced a non-rigid hand target: Held-item socket transform must be rigid and unit scale. determinants=-1.000000/-1.000000.
156: FAIL: rescue rig/attachment resolution: Gameplay-authored player Grip basis produced a non-rigid hand target: Held-item socket transform must be rigid and unit scale. determinants=-1.000000/-1.000000.
156: FAIL: rescue rig/attachment resolution: Gameplay-authored player Grip basis produced a non-rigid hand target: Held-item socket transform must be rigid and unit scale. determinants=-1.000000/-1.000000.
156: FAIL: rescue rig/attachment resolution: Gameplay-authored player Grip basis produced a non-rigid hand target: Held-item socket transform must be rigid and unit scale. determinants=-1.000000/-1.000000.
156: FAIL: rescue rig/attachment resolution: Gameplay-authored player Grip basis produced a non-rigid hand target: Held-item socket transform must be rigid and unit scale. determinants=-1.000000/-1.000000.
156: FAIL: rescue rig/attachment resolution: Gameplay-authored player Grip basis produced a non-rigid hand target: Held-item socket transform must be rigid and unit scale. determinants=-1.000000/-1.000000.
156: FAIL: rescue rig/attachment resolution: Gameplay-authored player Grip basis produced a non-rigid hand target: Held-item socket transform must be rigid and unit scale. determinants=-1.000000/-1.000000.
156: FAIL: rescue rig/attachment resolution: Gameplay-authored player Grip basis produced a non-rigid hand target: Held-item socket transform must be rigid and unit scale. determinants=-1.000000/-1.000000.
156: FAIL: rescue rig/attachment resolution: Gameplay-authored player Grip basis produced a non-rigid hand target: Held-item socket transform must be rigid and unit scale. determinants=-1.000000/-1.000000.
156: FAIL: rescue rig/attachment resolution: Gameplay-authored player Grip basis produced a non-rigid hand target: Held-item socket transform must be rigid and unit scale. determinants=-1.000000/-1.000000.
156: FAIL: rescue rig/attachment resolution: Gameplay-authored player Grip basis produced a non-rigid hand target: Held-item socket transform must be rigid and unit scale. determinants=-1.000000/-1.000000.
156: FAIL: rescue rig/attachment resolution: Gameplay-authored player Grip basis produced a non-rigid hand target: Held-item socket transform must be rigid and unit scale. determinants=-1.000000/-1.000000.
156: FAIL: rescue rig/attachment resolution: Gameplay-authored player Grip basis produced a non-rigid hand target: Held-item socket transform must be rigid and unit scale. determinants=-1.000000/-1.000000.
156: FAIL: rescue rig/attachment resolution: Gameplay-authored player Grip basis produced a non-rigid hand target: Held-item socket transform must be rigid and unit scale. determinants=-1.000000/-1.000000.
156: FAIL: rescue rig/attachment resolution: Gameplay-authored player Grip basis produced a non-rigid hand target: Held-item socket transform must be rigid and unit scale. determinants=-1.000000/-1.000000.
156: FAIL: rescue rig/attachment resolution: Gameplay-authored player Grip basis produced a non-rigid hand target: Held-item socket transform must be rigid and unit scale. determinants=-1.000000/-1.000000.
156: FAIL: rescue rig/attachment resolution: Gameplay-authored player Grip basis produced a non-rigid hand target: Held-item socket transform must be rigid and unit scale. determinants=-1.000000/-1.000000.
156: FAIL: rescue rig/attachment resolution: Gameplay-authored player Grip basis produced a non-rigid hand target: Held-item socket transform must be rigid and unit scale. determinants=-1.000000/-1.000000.
156: FAIL: rescue rig/attachment resolution: Gameplay-authored player Grip basis produced a non-rigid hand target: Held-item socket transform must be rigid and unit scale. determinants=-1.000000/-1.000000.
156: FAIL: rescue rig/attachment resolution: Gameplay-authored player Grip basis produced a non-rigid hand target: Held-item socket transform must be rigid and unit scale. determinants=-1.000000/-1.000000.
156: FAIL: rescue rig/attachment resolution: Gameplay-authored player Grip basis produced a non-rigid hand target: Held-item socket transform must be rigid and unit scale. determinants=-1.000000/-1.000000.
156: FAIL: rescue rig/attachment resolution: Gameplay-authored player Grip basis produced a non-rigid hand target: Held-item socket transform must be rigid and unit scale. determinants=-1.000000/-1.000000.
156: FAIL: rescue rig/attachment resolution: Gameplay-authored player Grip basis produced a non-rigid hand target: Held-item socket transform must be rigid and unit scale. determinants=-1.000000/-1.000000.
156: FAIL: rescue rig/attachment resolution: Gameplay-authored player Grip basis produced a non-rigid hand target: Held-item socket transform must be rigid and unit scale. determinants=-1.000000/-1.000000.
156: FAIL: rescue rig/attachment resolution: Gameplay-authored player Grip basis produced a non-rigid hand target: Held-item socket transform must be rigid and unit scale. determinants=-1.000000/-1.000000.
156: FAIL: rescue rig/attachment resolution: Gameplay-authored player Grip basis produced a non-rigid hand target: Held-item socket transform must be rigid and unit scale. determinants=-1.000000/-1.000000.
156: FAIL: rescue rig/attachment resolution: Gameplay-authored player Grip basis produced a non-rigid hand target: Held-item socket transform must be rigid and unit scale. determinants=-1.000000/-1.000000.
156: FAIL: rescue rig/attachment resolution: Gameplay-authored player Grip basis produced a non-rigid hand target: Held-item socket transform must be rigid and unit scale. determinants=-1.000000/-1.000000.
156: FAIL: rescue rig/attachment resolution: Gameplay-authored player Grip basis produced a non-rigid hand target: Held-item socket transform must be rigid and unit scale. determinants=-1.000000/-1.000000.
156: FAIL: rescue rig/attachment resolution: Gameplay-authored player Grip basis produced a non-rigid hand target: Held-item socket transform must be rigid and unit scale. determinants=-1.000000/-1.000000.
156: FAIL: rescue rig/attachment resolution: Gameplay-authored player Grip basis produced a non-rigid hand target: Held-item socket transform must be rigid and unit scale. determinants=-1.000000/-1.000000.
156: FAIL: rescue rig/attachment resolution: Gameplay-authored player Grip basis produced a non-rigid hand target: Held-item socket transform must be rigid and unit scale. determinants=-1.000000/-1.000000.
156: FAIL: rescue rig/attachment resolution: Gameplay-authored player Grip basis produced a non-rigid hand target: Held-item socket transform must be rigid and unit scale. determinants=-1.000000/-1.000000.
156: FAIL: rescue rig/attachment resolution: Gameplay-authored player Grip basis produced a non-rigid hand target: Held-item socket transform must be rigid and unit scale. determinants=-1.000000/-1.000000.
156: FAIL: rescue rig/attachment resolution: Gameplay-authored player Grip basis produced a non-rigid hand target: Held-item socket transform must be rigid and unit scale. determinants=-1.000000/-1.000000.
156: FAIL: rescue rig/attachment resolution: Gameplay-authored player Grip basis produced a non-rigid hand target: Held-item socket transform must be rigid and unit scale. determinants=-1.000000/-1.000000.
156: FAIL: rescue rig/attachment resolution: Gameplay-authored player Grip basis produced a non-rigid hand target: Held-item socket transform must be rigid and unit scale. determinants=-1.000000/-1.000000.
156: FAIL: rescue rig/attachment resolution: Gameplay-authored player Grip basis produced a non-rigid hand target: Held-item socket transform must be rigid and unit scale. determinants=-1.000000/-1.000000.
156: FAIL: rescue rig/attachment resolution: Gameplay-authored player Grip basis produced a non-rigid hand target: Held-item socket transform must be rigid and unit scale. determinants=-1.000000/-1.000000.
156: FAIL: rescue rig/attachment resolution: Gameplay-authored player Grip basis produced a non-rigid hand target: Held-item socket transform must be rigid and unit scale. determinants=-1.000000/-1.000000.
156: FAIL: rescue rig/attachment resolution: Gameplay-authored player Grip basis produced a non-rigid hand target: Held-item socket transform must be rigid and unit scale. determinants=-1.000000/-1.000000.
156: FAIL: rescue rig/attachment resolution: Gameplay-authored player Grip basis produced a non-rigid hand target: Held-item socket transform must be rigid and unit scale. determinants=-1.000000/-1.000000.
156: FAIL: rescue rig/attachment resolution: Gameplay-authored player Grip basis produced a non-rigid hand target: Held-item socket transform must be rigid and unit scale. determinants=-1.000000/-1.000000.
156: FAIL: rescue rig/attachment resolution: Gameplay-authored player Grip basis produced a non-rigid hand target: Held-item socket transform must be rigid and unit scale. determinants=-1.000000/-1.000000.
156: FAIL: rescue rig/attachment resolution: Gameplay-authored player Grip basis produced a non-rigid hand target: Held-item socket transform must be rigid and unit scale. determinants=-1.000000/-1.000000.
156: FAIL: rescue rig/attachment resolution: Gameplay-authored player Grip basis produced a non-rigid hand target: Held-item socket transform must be rigid and unit scale. determinants=-1.000000/-1.000000.
156: FAIL: rescue rig/attachment resolution: Gameplay-authored player Grip basis produced a non-rigid hand target: Held-item socket transform must be rigid and unit scale. determinants=-1.000000/-1.000000.
156: FAIL: rescue rig/attachment resolution: Gameplay-authored player Grip basis produced a non-rigid hand target: Held-item socket transform must be rigid and unit scale. determinants=-1.000000/-1.000000.
156: FAIL: rescue rig/attachment resolution: Gameplay-authored player Grip basis produced a non-rigid hand target: Held-item socket transform must be rigid and unit scale. determinants=-1.000000/-1.000000.
156: FAIL: rescue rig/attachment resolution: Gameplay-authored player Grip basis produced a non-rigid hand target: Held-item socket transform must be rigid and unit scale. determinants=-1.000000/-1.000000.
156: FAIL: rescue rig/attachment resolution: Gameplay-authored player Grip basis produced a non-rigid hand target: Held-item socket transform must be rigid and unit scale. determinants=-1.000000/-1.000000.
156: FAIL: rescue rig/attachment resolution: Gameplay-authored player Grip basis produced a non-rigid hand target: Held-item socket transform must be rigid and unit scale. determinants=-1.000000/-1.000000.
156: FAIL: rescue rig/attachment resolution: Gameplay-authored player Grip basis produced a non-rigid hand target: Held-item socket transform must be rigid and unit scale. determinants=-1.000000/-1.000000.
156: FAIL: rescue rig/attachment resolution: Gameplay-authored player Grip basis produced a non-rigid hand target: Held-item socket transform must be rigid and unit scale. determinants=-1.000000/-1.000000.
156: FAIL: rescue rig/attachment resolution: Gameplay-authored player Grip basis produced a non-rigid hand target: Held-item socket transform must be rigid and unit scale. determinants=-1.000000/-1.000000.
156: FAIL: rescue rig/attachment resolution: Gameplay-authored player Grip basis produced a non-rigid hand target: Held-item socket transform must be rigid and unit scale. determinants=-1.000000/-1.000000.
156: FAIL: rescue rig/attachment resolution: Gameplay-authored player Grip basis produced a non-rigid hand target: Held-item socket transform must be rigid and unit scale. determinants=-1.000000/-1.000000.
156: FAIL: rescue rig/attachment resolution: Gameplay-authored player Grip basis produced a non-rigid hand target: Held-item socket transform must be rigid and unit scale. determinants=-1.000000/-1.000000.
156: FAIL: rescue rig/attachment resolution: Gameplay-authored player Grip basis produced a non-rigid hand target: Held-item socket transform must be rigid and unit scale. determinants=-1.000000/-1.000000.
156: FAIL: rescue rig/attachment resolution: Gameplay-authored player Grip basis produced a non-rigid hand target: Held-item socket transform must be rigid and unit scale. determinants=-1.000000/-1.000000.
156: FAIL: rescue rig/attachment resolution: Gameplay-authored player Grip basis produced a non-rigid hand target: Held-item socket transform must be rigid and unit scale. determinants=-1.000000/-1.000000.
156: FAIL: rescue rig/attachment resolution: Gameplay-authored player Grip basis produced a non-rigid hand target: Held-item socket transform must be rigid and unit scale. determinants=-1.000000/-1.000000.
156: FAIL: rescue rig/attachment resolution: Gameplay-authored player Grip basis produced a non-rigid hand target: Held-item socket transform must be rigid and unit scale. determinants=-1.000000/-1.000000.
156: FAIL: rescue rig/attachment resolution: Gameplay-authored player Grip basis produced a non-rigid hand target: Held-item socket transform must be rigid and unit scale. determinants=-1.000000/-1.000000.
156: FAIL: rescue rig/attachment resolution: Gameplay-authored player Grip basis produced a non-rigid hand target: Held-item socket transform must be rigid and unit scale. determinants=-1.000000/-1.000000.
156: FAIL: rescue rig/attachment resolution: Gameplay-authored player Grip basis produced a non-rigid hand target: Held-item socket transform must be rigid and unit scale. determinants=-1.000000/-1.000000.
156: FAIL: rescue rig/attachment resolution: Gameplay-authored player Grip basis produced a non-rigid hand target: Held-item socket transform must be rigid and unit scale. determinants=-1.000000/-1.000000.
156: FAIL: rescue rig/attachment resolution: Gameplay-authored player Grip basis produced a non-rigid hand target: Held-item socket transform must be rigid and unit scale. determinants=-1.000000/-1.000000.
156: FAIL: rescue rig/attachment resolution: Gameplay-authored player Grip basis produced a non-rigid hand target: Held-item socket transform must be rigid and unit scale. determinants=-1.000000/-1.000000.
156: FAIL: rescue rig/attachment resolution: Gameplay-authored player Grip basis produced a non-rigid hand target: Held-item socket transform must be rigid and unit scale. determinants=-1.000000/-1.000000.
156: FAIL: rescue rig/attachment resolution: Gameplay-authored player Grip basis produced a non-rigid hand target: Held-item socket transform must be rigid and unit scale. determinants=-1.000000/-1.000000.
156: FAIL: rescue rig/attachment resolution: Gameplay-authored player Grip basis produced a non-rigid hand target: Held-item socket transform must be rigid and unit scale. determinants=-1.000000/-1.000000.
156: FAIL: rescue rig/attachment resolution: Gameplay-authored player Grip basis produced a non-rigid hand target: Held-item socket transform must be rigid and unit scale. determinants=-1.000000/-1.000000.
156: FAIL: rescue rig/attachment resolution: Gameplay-authored player Grip basis produced a non-rigid hand target: Held-item socket transform must be rigid and unit scale. determinants=-1.000000/-1.000000.
156: FAIL: rescue rig/attachment resolution: Gameplay-authored player Grip basis produced a non-rigid hand target: Held-item socket transform must be rigid and unit scale. determinants=-1.000000/-1.000000.
156: FAIL: rescue rig/attachment resolution: Gameplay-authored player Grip basis produced a non-rigid hand target: Held-item socket transform must be rigid and unit scale. determinants=-1.000000/-1.000000.
156: FAIL: rescue rig/attachment resolution: Gameplay-authored player Grip basis produced a non-rigid hand target: Held-item socket transform must be rigid and unit scale. determinants=-1.000000/-1.000000.
156: FAIL: rescue rig/attachment resolution: Gameplay-authored player Grip basis produced a non-rigid hand target: Held-item socket transform must be rigid and unit scale. determinants=-1.000000/-1.000000.
156: FAIL: rescue rig/attachment resolution: Gameplay-authored player Grip basis produced a non-rigid hand target: Held-item socket transform must be rigid and unit scale. determinants=-1.000000/-1.000000.
156: FAIL: rescue rig/attachment resolution: Gameplay-authored player Grip basis produced a non-rigid hand target: Held-item socket transform must be rigid and unit scale. determinants=-1.000000/-1.000000.
156: FAIL: rescue rig/attachment resolution: Gameplay-authored player Grip basis produced a non-rigid hand target: Held-item socket transform must be rigid and unit scale. determinants=-1.000000/-1.000000.
156: FAIL: rescue rig/attachment resolution: Gameplay-authored player Grip basis produced a non-rigid hand target: Held-item socket transform must be rigid and unit scale. determinants=-1.000000/-1.000000.
156: FAIL: rescue rig/attachment resolution: Gameplay-authored player Grip basis produced a non-rigid hand target: Held-item socket transform must be rigid and unit scale. determinants=-1.000000/-1.000000.
156: FAIL: rescue rig/attachment resolution: Gameplay-authored player Grip basis produced a non-rigid hand target: Held-item socket transform must be rigid and unit scale. determinants=-1.000000/-1.000000.
156: FAIL: rescue rig/attachment resolution: Gameplay-authored player Grip basis produced a non-rigid hand target: Held-item socket transform must be rigid and unit scale. determinants=-1.000000/-1.000000.
156: FAIL: rescue rig/attachment resolution: Gameplay-authored player Grip basis produced a non-rigid hand target: Held-item socket transform must be rigid and unit scale. determinants=-1.000000/-1.000000.
156: FAIL: rescue rig/attachment resolution: Gameplay-authored player Grip basis produced a non-rigid hand target: Held-item socket transform must be rigid and unit scale. determinants=-1.000000/-1.000000.
156: FAIL: rescue rig/attachment resolution: Gameplay-authored player Grip basis produced a non-rigid hand target: Held-item socket transform must be rigid and unit scale. determinants=-1.000000/-1.000000.
156: FAIL: rescue rig/attachment resolution: Gameplay-authored player Grip basis produced a non-rigid hand target: Held-item socket transform must be rigid and unit scale. determinants=-1.000000/-1.000000.
156: FAIL: rescue rig/attachment resolution: Gameplay-authored player Grip basis produced a non-rigid hand target: Held-item socket transform must be rigid and unit scale. determinants=-1.000000/-1.000000.
156: FAIL: rescue rig/attachment resolution: Gameplay-authored player Grip basis produced a non-rigid hand target: Held-item socket transform must be rigid and unit scale. determinants=-1.000000/-1.000000.
156: FAIL: rescue rig/attachment resolution: Gameplay-authored player Grip basis produced a non-rigid hand target: Held-item socket transform must be rigid and unit scale. determinants=-1.000000/-1.000000.
156: FAIL: rescue rig/attachment resolution: Gameplay-authored player Grip basis produced a non-rigid hand target: Held-item socket transform must be rigid and unit scale. determinants=-1.000000/-1.000000.
156: FAIL: rescue rig/attachment resolution: Gameplay-authored player Grip basis produced a non-rigid hand target: Held-item socket transform must be rigid and unit scale. determinants=-1.000000/-1.000000.
156: FAIL: rescue rig/attachment resolution: Gameplay-authored player Grip basis produced a non-rigid hand target: Held-item socket transform must be rigid and unit scale. determinants=-1.000000/-1.000000.
156: FAIL: rescue rig/attachment resolution: Gameplay-authored player Grip basis produced a non-rigid hand target: Held-item socket transform must be rigid and unit scale. determinants=-1.000000/-1.000000.
156: FAIL: rescue rig/attachment resolution: Gameplay-authored player Grip basis produced a non-rigid hand target: Held-item socket transform must be rigid and unit scale. determinants=-1.000000/-1.000000.
156: FAIL: rescue rig/attachment resolution: Gameplay-authored player Grip basis produced a non-rigid hand target: Held-item socket transform must be rigid and unit scale. determinants=-1.000000/-1.000000.
156: FAIL: rescue rig/attachment resolution: Gameplay-authored player Grip basis produced a non-rigid hand target: Held-item socket transform must be rigid and unit scale. determinants=-1.000000/-1.000000.
156: FAIL: rescue rig/attachment resolution: Gameplay-authored player Grip basis produced a non-rigid hand target: Held-item socket transform must be rigid and unit scale. determinants=-1.000000/-1.000000.
156: FAIL: rescue rig/attachment resolution: Gameplay-authored player Grip basis produced a non-rigid hand target: Held-item socket transform must be rigid and unit scale. determinants=-1.000000/-1.000000.
156: FAIL: rescue rig/attachment resolution: Gameplay-authored player Grip basis produced a non-rigid hand target: Held-item socket transform must be rigid and unit scale. determinants=-1.000000/-1.000000.
156: FAIL: rescue rig/attachment resolution: Gameplay-authored player Grip basis produced a non-rigid hand target: Held-item socket transform must be rigid and unit scale. determinants=-1.000000/-1.000000.
156: FAIL: rescue rig/attachment resolution: Gameplay-authored player Grip basis produced a non-rigid hand target: Held-item socket transform must be rigid and unit scale. determinants=-1.000000/-1.000000.
156: FAIL: rescue rig/attachment resolution: Gameplay-authored player Grip basis produced a non-rigid hand target: Held-item socket transform must be rigid and unit scale. determinants=-1.000000/-1.000000.
156: FAIL: rescue rig/attachment resolution: Gameplay-authored player Grip basis produced a non-rigid hand target: Held-item socket transform must be rigid and unit scale. determinants=-1.000000/-1.000000.
156: FAIL: rescue rig/attachment resolution: Gameplay-authored player Grip basis produced a non-rigid hand target: Held-item socket transform must be rigid and unit scale. determinants=-1.000000/-1.000000.
156: FAIL: rescue rig/attachment resolution: Gameplay-authored player Grip basis produced a non-rigid hand target: Held-item socket transform must be rigid and unit scale. determinants=-1.000000/-1.000000.
156: FAIL: rescue rig/attachment resolution: Gameplay-authored player Grip basis produced a non-rigid hand target: Held-item socket transform must be rigid and unit scale. determinants=-1.000000/-1.000000.
156: FAIL: rescue rig/attachment resolution: Gameplay-authored player Grip basis produced a non-rigid hand target: Held-item socket transform must be rigid and unit scale. determinants=-1.000000/-1.000000.
156: FAIL: rescue rig/attachment resolution: Gameplay-authored player Grip basis produced a non-rigid hand target: Held-item socket transform must be rigid and unit scale. determinants=-1.000000/-1.000000.
156: FAIL: rescue rig/attachment resolution: Gameplay-authored player Grip basis produced a non-rigid hand target: Held-item socket transform must be rigid and unit scale. determinants=-1.000000/-1.000000.
156: FAIL: rescue rig/attachment resolution: Gameplay-authored player Grip basis produced a non-rigid hand target: Held-item socket transform must be rigid and unit scale. determinants=-1.000000/-1.000000.
156: FAIL: rescue rig/attachment resolution: Gameplay-authored player Grip basis produced a non-rigid hand target: Held-item socket transform must be rigid and unit scale. determinants=-1.000000/-1.000000.
156: FAIL: rescue rig/attachment resolution: Gameplay-authored player Grip basis produced a non-rigid hand target: Held-item socket transform must be rigid and unit scale. determinants=-1.000000/-1.000000.
156: FAIL: rescue rig/attachment resolution: Gameplay-authored player Grip basis produced a non-rigid hand target: Held-item socket transform must be rigid and unit scale. determinants=-1.000000/-1.000000.
156: FAIL: rescue rig/attachment resolution: Gameplay-authored player Grip basis produced a non-rigid hand target: Held-item socket transform must be rigid and unit scale. determinants=-1.000000/-1.000000.
156: FAIL: rescue rig/attachment resolution: Gameplay-authored player Grip basis produced a non-rigid hand target: Held-item socket transform must be rigid and unit scale. determinants=-1.000000/-1.000000.
156: FAIL: rescue rig/attachment resolution: Gameplay-authored player Grip basis produced a non-rigid hand target: Held-item socket transform must be rigid and unit scale. determinants=-1.000000/-1.000000.
156: FAIL: rescue rig/attachment resolution: Gameplay-authored player Grip basis produced a non-rigid hand target: Held-item socket transform must be rigid and unit scale. determinants=-1.000000/-1.000000.
156: FAIL: rescue rig/attachment resolution: Gameplay-authored player Grip basis produced a non-rigid hand target: Held-item socket transform must be rigid and unit scale. determinants=-1.000000/-1.000000.
156: FAIL: rescue rig/attachment resolution: Gameplay-authored player Grip basis produced a non-rigid hand target: Held-item socket transform must be rigid and unit scale. determinants=-1.000000/-1.000000.
156: FAIL: rescue rig/attachment resolution: Gameplay-authored player Grip basis produced a non-rigid hand target: Held-item socket transform must be rigid and unit scale. determinants=-1.000000/-1.000000.
156: FAIL: rescue rig/attachment resolution: Gameplay-authored player Grip basis produced a non-rigid hand target: Held-item socket transform must be rigid and unit scale. determinants=-1.000000/-1.000000.
156: FAIL: rescue rig/attachment resolution: Gameplay-authored player Grip basis produced a non-rigid hand target: Held-item socket transform must be rigid and unit scale. determinants=-1.000000/-1.000000.
156: FAIL: rescue rig/attachment resolution: Gameplay-authored player Grip basis produced a non-rigid hand target: Held-item socket transform must be rigid and unit scale. determinants=-1.000000/-1.000000.
156: FAIL: rescue rig/attachment resolution: Gameplay-authored player Grip basis produced a non-rigid hand target: Held-item socket transform must be rigid and unit scale. determinants=-1.000000/-1.000000.
156: FAIL: rescue rig/attachment resolution: Gameplay-authored player Grip basis produced a non-rigid hand target: Held-item socket transform must be rigid and unit scale. determinants=-1.000000/-1.000000.
156: FAIL: rescue rig/attachment resolution: Gameplay-authored player Grip basis produced a non-rigid hand target: Held-item socket transform must be rigid and unit scale. determinants=-1.000000/-1.000000.
156: FAIL: rescue rig/attachment resolution: Gameplay-authored player Grip basis produced a non-rigid hand target: Held-item socket transform must be rigid and unit scale. determinants=-1.000000/-1.000000.
156: FAIL: rescue rig/attachment resolution: Gameplay-authored player Grip basis produced a non-rigid hand target: Held-item socket transform must be rigid and unit scale. determinants=-1.000000/-1.000000.
156: FAIL: rescue rig/attachment resolution: Gameplay-authored player Grip basis produced a non-rigid hand target: Held-item socket transform must be rigid and unit scale. determinants=-1.000000/-1.000000.
156: FAIL: rescue rig/attachment resolution: Gameplay-authored player Grip basis produced a non-rigid hand target: Held-item socket transform must be rigid and unit scale. determinants=-1.000000/-1.000000.
156: FAIL: rescue rig/attachment resolution: Gameplay-authored player Grip basis produced a non-rigid hand target: Held-item socket transform must be rigid and unit scale. determinants=-1.000000/-1.000000.
156: FAIL: rescue rig/attachment resolution: Gameplay-authored player Grip basis produced a non-rigid hand target: Held-item socket transform must be rigid and unit scale. determinants=-1.000000/-1.000000.
156: FAIL: rescue rig/attachment resolution: Gameplay-authored player Grip basis produced a non-rigid hand target: Held-item socket transform must be rigid and unit scale. determinants=-1.000000/-1.000000.
156: FAIL: rescue rig/attachment resolution: Gameplay-authored player Grip basis produced a non-rigid hand target: Held-item socket transform must be rigid and unit scale. determinants=-1.000000/-1.000000.
156: FAIL: rescue rig/attachment resolution: Gameplay-authored player Grip basis produced a non-rigid hand target: Held-item socket transform must be rigid and unit scale. determinants=-1.000000/-1.000000.
156: FAIL: rescue rig/attachment resolution: Gameplay-authored player Grip basis produced a non-rigid hand target: Held-item socket transform must be rigid and unit scale. determinants=-1.000000/-1.000000.
156: FAIL: rescue rig/attachment resolution: Gameplay-authored player Grip basis produced a non-rigid hand target: Held-item socket transform must be rigid and unit scale. determinants=-1.000000/-1.000000.
156: FAIL: rescue rig/attachment resolution: Gameplay-authored player Grip basis produced a non-rigid hand target: Held-item socket transform must be rigid and unit scale. determinants=-1.000000/-1.000000.
156: FAIL: rescue rig/attachment resolution: Gameplay-authored player Grip basis produced a non-rigid hand target: Held-item socket transform must be rigid and unit scale. determinants=-1.000000/-1.000000.
156: FAIL: rescue rig/attachment resolution: Gameplay-authored player Grip basis produced a non-rigid hand target: Held-item socket transform must be rigid and unit scale. determinants=-1.000000/-1.000000.
156: FAIL: rescue rig/attachment resolution: Gameplay-authored player Grip basis produced a non-rigid hand target: Held-item socket transform must be rigid and unit scale. determinants=-1.000000/-1.000000.
156: FAIL: rescue rig/attachment resolution: Gameplay-authored player Grip basis produced a non-rigid hand target: Held-item socket transform must be rigid and unit scale. determinants=-1.000000/-1.000000.
156: FAIL: rescue rig/attachment resolution: Gameplay-authored player Grip basis produced a non-rigid hand target: Held-item socket transform must be rigid and unit scale. determinants=-1.000000/-1.000000.
156: FAIL: rescue rig/attachment resolution: Gameplay-authored player Grip basis produced a non-rigid hand target: Held-item socket transform must be rigid and unit scale. determinants=-1.000000/-1.000000.
156: FAIL: rescue rig/attachment resolution: Gameplay-authored player Grip basis produced a non-rigid hand target: Held-item socket transform must be rigid and unit scale. determinants=-1.000000/-1.000000.
156: FAIL: rescue rig/attachment resolution: Gameplay-authored player Grip basis produced a non-rigid hand target: Held-item socket transform must be rigid and unit scale. determinants=-1.000000/-1.000000.
156: FAIL: rescue rig/attachment resolution: Gameplay-authored player Grip basis produced a non-rigid hand target: Held-item socket transform must be rigid and unit scale. determinants=-1.000000/-1.000000.
156: FAIL: rescue rig/attachment resolution: Gameplay-authored player Grip basis produced a non-rigid hand target: Held-item socket transform must be rigid and unit scale. determinants=-1.000000/-1.000000.
156: FAIL: rescue rig/attachment resolution: Gameplay-authored player Grip basis produced a non-rigid hand target: Held-item socket transform must be rigid and unit scale. determinants=-1.000000/-1.000000.
156: FAIL: rescue rig/attachment resolution: Gameplay-authored player Grip basis produced a non-rigid hand target: Held-item socket transform must be rigid and unit scale. determinants=-1.000000/-1.000000.
156: FAIL: rescue rig/attachment resolution: Gameplay-authored player Grip basis produced a non-rigid hand target: Held-item socket transform must be rigid and unit scale. determinants=-1.000000/-1.000000.
156: FAIL: rescue rig/attachment resolution: Gameplay-authored player Grip basis produced a non-rigid hand target: Held-item socket transform must be rigid and unit scale. determinants=-1.000000/-1.000000.
156: FAIL: rescue rig/attachment resolution: Gameplay-authored player Grip basis produced a non-rigid hand target: Held-item socket transform must be rigid and unit scale. determinants=-1.000000/-1.000000.
156: FAIL: rescue rig/attachment resolution: Gameplay-authored player Grip basis produced a non-rigid hand target: Held-item socket transform must be rigid and unit scale. determinants=-1.000000/-1.000000.
156: FAIL: rescue rig/attachment resolution: Gameplay-authored player Grip basis produced a non-rigid hand target: Held-item socket transform must be rigid and unit scale. determinants=-1.000000/-1.000000.
156: FAIL: rescue rig/attachment resolution: Gameplay-authored player Grip basis produced a non-rigid hand target: Held-item socket transform must be rigid and unit scale. determinants=-1.000000/-1.000000.
156: FAIL: rescue rig/attachment resolution: Gameplay-authored player Grip basis produced a non-rigid hand target: Held-item socket transform must be rigid and unit scale. determinants=-1.000000/-1.000000.
156: FAIL: rescue rig/attachment resolution: Gameplay-authored player Grip basis produced a non-rigid hand target: Held-item socket transform must be rigid and unit scale. determinants=-1.000000/-1.000000.
156: FAIL: rescue rig/attachment resolution: Gameplay-authored player Grip basis produced a non-rigid hand target: Held-item socket transform must be rigid and unit scale. determinants=-1.000000/-1.000000.
156: FAIL: rescue rig/attachment resolution: Gameplay-authored player Grip basis produced a non-rigid hand target: Held-item socket transform must be rigid and unit scale. determinants=-1.000000/-1.000000.
156: FAIL: rescue rig/attachment resolution: Gameplay-authored player Grip basis produced a non-rigid hand target: Held-item socket transform must be rigid and unit scale. determinants=-1.000000/-1.000000.
156: FAIL: rescue rig/attachment resolution: Gameplay-authored player Grip basis produced a non-rigid hand target: Held-item socket transform must be rigid and unit scale. determinants=-1.000000/-1.000000.
156: FAIL: rescue rig/attachment resolution: Gameplay-authored player Grip basis produced a non-rigid hand target: Held-item socket transform must be rigid and unit scale. determinants=-1.000000/-1.000000.
156: FAIL: rescue rig/attachment resolution: Gameplay-authored player Grip basis produced a non-rigid hand target: Held-item socket transform must be rigid and unit scale. determinants=-1.000000/-1.000000.
156: FAIL: rescue rig/attachment resolution: Gameplay-authored player Grip basis produced a non-rigid hand target: Held-item socket transform must be rigid and unit scale. determinants=-1.000000/-1.000000.
156: FAIL: rescue rig/attachment resolution: Gameplay-authored player Grip basis produced a non-rigid hand target: Held-item socket transform must be rigid and unit scale. determinants=-1.000000/-1.000000.
156: FAIL: rescue rig/attachment resolution: Gameplay-authored player Grip basis produced a non-rigid hand target: Held-item socket transform must be rigid and unit scale. determinants=-1.000000/-1.000000.
156: FAIL: rescue rig/attachment resolution: Gameplay-authored player Grip basis produced a non-rigid hand target: Held-item socket transform must be rigid and unit scale. determinants=-1.000000/-1.000000.
156: FAIL: rescue rig/attachment resolution: Gameplay-authored player Grip basis produced a non-rigid hand target: Held-item socket transform must be rigid and unit scale. determinants=-1.000000/-1.000000.
156: FAIL: rescue rig/attachment resolution: Gameplay-authored player Grip basis produced a non-rigid hand target: Held-item socket transform must be rigid and unit scale. determinants=-1.000000/-1.000000.
156: FAIL: rescue rig/attachment resolution: Gameplay-authored player Grip basis produced a non-rigid hand target: Held-item socket transform must be rigid and unit scale. determinants=-1.000000/-1.000000.
156: FAIL: rescue rig/attachment resolution: Gameplay-authored player Grip basis produced a non-rigid hand target: Held-item socket transform must be rigid and unit scale. determinants=-1.000000/-1.000000.
156: FAIL: rescue rig/attachment resolution: Gameplay-authored player Grip basis produced a non-rigid hand target: Held-item socket transform must be rigid and unit scale. determinants=-1.000000/-1.000000.
156: FAIL: rescue rig/attachment resolution: Gameplay-authored player Grip basis produced a non-rigid hand target: Held-item socket transform must be rigid and unit scale. determinants=-1.000000/-1.000000.
156: FAIL: rescue rig/attachment resolution: Gameplay-authored player Grip basis produced a non-rigid hand target: Held-item socket transform must be rigid and unit scale. determinants=-1.000000/-1.000000.
156: FAIL: rescue rig/attachment resolution: Gameplay-authored player Grip basis produced a non-rigid hand target: Held-item socket transform must be rigid and unit scale. determinants=-1.000000/-1.000000.
156: FAIL: rescue rig/attachment resolution: Gameplay-authored player Grip basis produced a non-rigid hand target: Held-item socket transform must be rigid and unit scale. determinants=-1.000000/-1.000000.
156: FAIL: rescue rig/attachment resolution: Gameplay-authored player Grip basis produced a non-rigid hand target: Held-item socket transform must be rigid and unit scale. determinants=-1.000000/-1.000000.
156: FAIL: rescue rig/attachment resolution: Gameplay-authored player Grip basis produced a non-rigid hand target: Held-item socket transform must be rigid and unit scale. determinants=-1.000000/-1.000000.
156: FAIL: rescue rig/attachment resolution: Gameplay-authored player Grip basis produced a non-rigid hand target: Held-item socket transform must be rigid and unit scale. determinants=-1.000000/-1.000000.
156: FAIL: rescue rig/attachment resolution: Gameplay-authored player Grip basis produced a non-rigid hand target: Held-item socket transform must be rigid and unit scale. determinants=-1.000000/-1.000000.
156: FAIL: rescue rig/attachment resolution: Gameplay-authored player Grip basis produced a non-rigid hand target: Held-item socket transform must be rigid and unit scale. determinants=-1.000000/-1.000000.
156: FAIL: rescue rig/attachment resolution: Gameplay-authored player Grip basis produced a non-rigid hand target: Held-item socket transform must be rigid and unit scale. determinants=-1.000000/-1.000000.
156: FAIL: rescue rig/attachment resolution: Gameplay-authored player Grip basis produced a non-rigid hand target: Held-item socket transform must be rigid and unit scale. determinants=-1.000000/-1.000000.
156: FAIL: rescue rig/attachment resolution: Gameplay-authored player Grip basis produced a non-rigid hand target: Held-item socket transform must be rigid and unit scale. determinants=-1.000000/-1.000000.
156: FAIL: rescue rig/attachment resolution: Gameplay-authored player Grip basis produced a non-rigid hand target: Held-item socket transform must be rigid and unit scale. determinants=-1.000000/-1.000000.
156: FAIL: rescue rig/attachment resolution: Gameplay-authored player Grip basis produced a non-rigid hand target: Held-item socket transform must be rigid and unit scale. determinants=-1.000000/-1.000000.
156: FAIL: rescue rig/attachment resolution: Gameplay-authored player Grip basis produced a non-rigid hand target: Held-item socket transform must be rigid and unit scale. determinants=-1.000000/-1.000000.
156: FAIL: rescue rig/attachment resolution: Gameplay-authored player Grip basis produced a non-rigid hand target: Held-item socket transform must be rigid and unit scale. determinants=-1.000000/-1.000000.
156: FAIL: rescue rig/attachment resolution: Gameplay-authored player Grip basis produced a non-rigid hand target: Held-item socket transform must be rigid and unit scale. determinants=-1.000000/-1.000000.
156: FAIL: rescue rig/attachment resolution: Gameplay-authored player Grip basis produced a non-rigid hand target: Held-item socket transform must be rigid and unit scale. determinants=-1.000000/-1.000000.
156: FAIL: rescue rig/attachment resolution: Gameplay-authored player Grip basis produced a non-rigid hand target: Held-item socket transform must be rigid and unit scale. determinants=-1.000000/-1.000000.
156: FAIL: rescue rig/attachment resolution: Gameplay-authored player Grip basis produced a non-rigid hand target: Held-item socket transform must be rigid and unit scale. determinants=-1.000000/-1.000000.
156: FAIL: rescue rig/attachment resolution: Gameplay-authored player Grip basis produced a non-rigid hand target: Held-item socket transform must be rigid and unit scale. determinants=-1.000000/-1.000000.
156: FAIL: rescue rig/attachment resolution: Gameplay-authored player Grip basis produced a non-rigid hand target: Held-item socket transform must be rigid and unit scale. determinants=-1.000000/-1.000000.
156: FAIL: rescue rig/attachment resolution: Gameplay-authored player Grip basis produced a non-rigid hand target: Held-item socket transform must be rigid and unit scale. determinants=-1.000000/-1.000000.
156: FAIL: rescue rig/attachment resolution: Gameplay-authored player Grip basis produced a non-rigid hand target: Held-item socket transform must be rigid and unit scale. determinants=-1.000000/-1.000000.
156: FAIL: rescue rig/attachment resolution: Gameplay-authored player Grip basis produced a non-rigid hand target: Held-item socket transform must be rigid and unit scale. determinants=-1.000000/-1.000000.
156: FAIL: rescue rig/attachment resolution: Gameplay-authored player Grip basis produced a non-rigid hand target: Held-item socket transform must be rigid and unit scale. determinants=-1.000000/-1.000000.
156: FAIL: rescue rig/attachment resolution: Gameplay-authored player Grip basis produced a non-rigid hand target: Held-item socket transform must be rigid and unit scale. determinants=-1.000000/-1.000000.
156: FAIL: rescue rig/attachment resolution: Gameplay-authored player Grip basis produced a non-rigid hand target: Held-item socket transform must be rigid and unit scale. determinants=-1.000000/-1.000000.
156: FAIL: rescue rig/attachment resolution: Gameplay-authored player Grip basis produced a non-rigid hand target: Held-item socket transform must be rigid and unit scale. determinants=-1.000000/-1.000000.
156: FAIL: rescue rig/attachment resolution: Gameplay-authored player Grip basis produced a non-rigid hand target: Held-item socket transform must be rigid and unit scale. determinants=-1.000000/-1.000000.
156: FAIL: rescue rig/attachment resolution: Gameplay-authored player Grip basis produced a non-rigid hand target: Held-item socket transform must be rigid and unit scale. determinants=-1.000000/-1.000000.
156: FAIL: rescue rig/attachment resolution: Gameplay-authored player Grip basis produced a non-rigid hand target: Held-item socket transform must be rigid and unit scale. determinants=-1.000000/-1.000000.
156: FAIL: rescue rig/attachment resolution: Gameplay-authored player Grip basis produced a non-rigid hand target: Held-item socket transform must be rigid and unit scale. determinants=-1.000000/-1.000000.
156: FAIL: rescue rig/attachment resolution: Gameplay-authored player Grip basis produced a non-rigid hand target: Held-item socket transform must be rigid and unit scale. determinants=-1.000000/-1.000000.
156: FAIL: rescue rig/attachment resolution: Gameplay-authored player Grip basis produced a non-rigid hand target: Held-item socket transform must be rigid and unit scale. determinants=-1.000000/-1.000000.
156: FAIL: rescue rig/attachment resolution: Gameplay-authored player Grip basis produced a non-rigid hand target: Held-item socket transform must be rigid and unit scale. determinants=-1.000000/-1.000000.
156: FAIL: rescue rig/attachment resolution: Gameplay-authored player Grip basis produced a non-rigid hand target: Held-item socket transform must be rigid and unit scale. determinants=-1.000000/-1.000000.
156: FAIL: rescue rig/attachment resolution: Gameplay-authored player Grip basis produced a non-rigid hand target: Held-item socket transform must be rigid and unit scale. determinants=-1.000000/-1.000000.
156: FAIL: rescue rig/attachment resolution: Gameplay-authored player Grip basis produced a non-rigid hand target: Held-item socket transform must be rigid and unit scale. determinants=-1.000000/-1.000000.
156: FAIL: rescue rig/attachment resolution: Gameplay-authored player Grip basis produced a non-rigid hand target: Held-item socket transform must be rigid and unit scale. determinants=-1.000000/-1.000000.
156: FAIL: rescue rig/attachment resolution: Gameplay-authored player Grip basis produced a non-rigid hand target: Held-item socket transform must be rigid and unit scale. determinants=-1.000000/-1.000000.
156: FAIL: rescue rig/attachment resolution: Gameplay-authored player Grip basis produced a non-rigid hand target: Held-item socket transform must be rigid and unit scale. determinants=-1.000000/-1.000000.
156: FAIL: rescue rig/attachment resolution: Gameplay-authored player Grip basis produced a non-rigid hand target: Held-item socket transform must be rigid and unit scale. determinants=-1.000000/-1.000000.
156: FAIL: rescue rig/attachment resolution: Gameplay-authored player Grip basis produced a non-rigid hand target: Held-item socket transform must be rigid and unit scale. determinants=-1.000000/-1.000000.
156: FAIL: rescue rig/attachment resolution: Gameplay-authored player Grip basis produced a non-rigid hand target: Held-item socket transform must be rigid and unit scale. determinants=-1.000000/-1.000000.
156: FAIL: rescue rig/attachment resolution: Gameplay-authored player Grip basis produced a non-rigid hand target: Held-item socket transform must be rigid and unit scale. determinants=-1.000000/-1.000000.
156: FAIL: rescue rig/attachment resolution: Gameplay-authored player Grip basis produced a non-rigid hand target: Held-item socket transform must be rigid and unit scale. determinants=-1.000000/-1.000000.
156: FAIL: rescue rig/attachment resolution: Gameplay-authored player Grip basis produced a non-rigid hand target: Held-item socket transform must be rigid and unit scale. determinants=-1.000000/-1.000000.
156: FAIL: rescue rig/attachment resolution: Gameplay-authored player Grip basis produced a non-rigid hand target: Held-item socket transform must be rigid and unit scale. determinants=-1.000000/-1.000000.
156: FAIL: rescue rig/attachment resolution: Gameplay-authored player Grip basis produced a non-rigid hand target: Held-item socket transform must be rigid and unit scale. determinants=-1.000000/-1.000000.
156: FAIL: rescue rig/attachment resolution: Gameplay-authored player Grip basis produced a non-rigid hand target: Held-item socket transform must be rigid and unit scale. determinants=-1.000000/-1.000000.
156: FAIL: rescue rig/attachment resolution: Gameplay-authored player Grip basis produced a non-rigid hand target: Held-item socket transform must be rigid and unit scale. determinants=-1.000000/-1.000000.
156: FAIL: rescue rig/attachment resolution: Gameplay-authored player Grip basis produced a non-rigid hand target: Held-item socket transform must be rigid and unit scale. determinants=-1.000000/-1.000000.
156: FAIL: rescue rig/attachment resolution: Gameplay-authored player Grip basis produced a non-rigid hand target: Held-item socket transform must be rigid and unit scale. determinants=-1.000000/-1.000000.
156: FAIL: rescue rig/attachment resolution: Gameplay-authored player Grip basis produced a non-rigid hand target: Held-item socket transform must be rigid and unit scale. determinants=-1.000000/-1.000000.
156: FAIL: rescue rig/attachment resolution: Gameplay-authored player Grip basis produced a non-rigid hand target: Held-item socket transform must be rigid and unit scale. determinants=-1.000000/-1.000000.
156: FAIL: rescue rig/attachment resolution: Gameplay-authored player Grip basis produced a non-rigid hand target: Held-item socket transform must be rigid and unit scale. determinants=-1.000000/-1.000000.
156: FAIL: rescue rig/attachment resolution: Gameplay-authored player Grip basis produced a non-rigid hand target: Held-item socket transform must be rigid and unit scale. determinants=-1.000000/-1.000000.
156: FAIL: rescue rig/attachment resolution: Gameplay-authored player Grip basis produced a non-rigid hand target: Held-item socket transform must be rigid and unit scale. determinants=-1.000000/-1.000000.
156: FAIL: rescue rig/attachment resolution: Gameplay-authored player Grip basis produced a non-rigid hand target: Held-item socket transform must be rigid and unit scale. determinants=-1.000000/-1.000000.
156: FAIL: rescue rig/attachment resolution: Gameplay-authored player Grip basis produced a non-rigid hand target: Held-item socket transform must be rigid and unit scale. determinants=-1.000000/-1.000000.
156: FAIL: rescue rig/attachment resolution: Gameplay-authored player Grip basis produced a non-rigid hand target: Held-item socket transform must be rigid and unit scale. determinants=-1.000000/-1.000000.
156: FAIL: rescue rig/attachment resolution: Gameplay-authored player Grip basis produced a non-rigid hand target: Held-item socket transform must be rigid and unit scale. determinants=-1.000000/-1.000000.
156: FAIL: rescue rig/attachment resolution: Gameplay-authored player Grip basis produced a non-rigid hand target: Held-item socket transform must be rigid and unit scale. determinants=-1.000000/-1.000000.
156: FAIL: rescue rig/attachment resolution: Gameplay-authored player Grip basis produced a non-rigid hand target: Held-item socket transform must be rigid and unit scale. determinants=-1.000000/-1.000000.
156: FAIL: rescue rig/attachment resolution: Gameplay-authored player Grip basis produced a non-rigid hand target: Held-item socket transform must be rigid and unit scale. determinants=-1.000000/-1.000000.
156: FAIL: rescue rig/attachment resolution: Gameplay-authored player Grip basis produced a non-rigid hand target: Held-item socket transform must be rigid and unit scale. determinants=-1.000000/-1.000000.
156: FAIL: rescue rig/attachment resolution: Gameplay-authored player Grip basis produced a non-rigid hand target: Held-item socket transform must be rigid and unit scale. determinants=-1.000000/-1.000000.
156: FAIL: rescue rig/attachment resolution: Gameplay-authored player Grip basis produced a non-rigid hand target: Held-item socket transform must be rigid and unit scale. determinants=-1.000000/-1.000000.
156: FAIL: rescue rig/attachment resolution: Gameplay-authored player Grip basis produced a non-rigid hand target: Held-item socket transform must be rigid and unit scale. determinants=-1.000000/-1.000000.
156: FAIL: rescue rig/attachment resolution: Gameplay-authored player Grip basis produced a non-rigid hand target: Held-item socket transform must be rigid and unit scale. determinants=-1.000000/-1.000000.
156: FAIL: rescue rig/attachment resolution: Gameplay-authored player Grip basis produced a non-rigid hand target: Held-item socket transform must be rigid and unit scale. determinants=-1.000000/-1.000000.
156: FAIL: rescue rig/attachment resolution: Gameplay-authored player Grip basis produced a non-rigid hand target: Held-item socket transform must be rigid and unit scale. determinants=-1.000000/-1.000000.
156: FAIL: rescue rig/attachment resolution: Gameplay-authored player Grip basis produced a non-rigid hand target: Held-item socket transform must be rigid and unit scale. determinants=-1.000000/-1.000000.
156: FAIL: rescue rig/attachment resolution: Gameplay-authored player Grip basis produced a non-rigid hand target: Held-item socket transform must be rigid and unit scale. determinants=-1.000000/-1.000000.
156: FAIL: rescue rig/attachment resolution: Gameplay-authored player Grip basis produced a non-rigid hand target: Held-item socket transform must be rigid and unit scale. determinants=-1.000000/-1.000000.
156: FAIL: rescue rig/attachment resolution: Gameplay-authored player Grip basis produced a non-rigid hand target: Held-item socket transform must be rigid and unit scale. determinants=-1.000000/-1.000000.
156: FAIL: rescue rig/attachment resolution: Gameplay-authored player Grip basis produced a non-rigid hand target: Held-item socket transform must be rigid and unit scale. determinants=-1.000000/-1.000000.
156: FAIL: rescue rig/attachment resolution: Gameplay-authored player Grip basis produced a non-rigid hand target: Held-item socket transform must be rigid and unit scale. determinants=-1.000000/-1.000000.
156: FAIL: rescue rig/attachment resolution: Gameplay-authored player Grip basis produced a non-rigid hand target: Held-item socket transform must be rigid and unit scale. determinants=-1.000000/-1.000000.
156: FAIL: rescue rig/attachment resolution: Gameplay-authored player Grip basis produced a non-rigid hand target: Held-item socket transform must be rigid and unit scale. determinants=-1.000000/-1.000000.
156: FAIL: rescue rig/attachment resolution: Gameplay-authored player Grip basis produced a non-rigid hand target: Held-item socket transform must be rigid and unit scale. determinants=-1.000000/-1.000000.
156: FAIL: rescue rig/attachment resolution: Gameplay-authored player Grip basis produced a non-rigid hand target: Held-item socket transform must be rigid and unit scale. determinants=-1.000000/-1.000000.
156: FAIL: rescue rig/attachment resolution: Gameplay-authored player Grip basis produced a non-rigid hand target: Held-item socket transform must be rigid and unit scale. determinants=-1.000000/-1.000000.
156: FAIL: rescue rig/attachment resolution: Gameplay-authored player Grip basis produced a non-rigid hand target: Held-item socket transform must be rigid and unit scale. determinants=-1.000000/-1.000000.
156: FAIL: rescue rig/attachment resolution: Gameplay-authored player Grip basis produced a non-rigid hand target: Held-item socket transform must be rigid and unit scale. determinants=-1.000000/-1.000000.
156: FAIL: rescue rig/attachment resolution: Gameplay-authored player Grip basis produced a non-rigid hand target: Held-item socket transform must be rigid and unit scale. determinants=-1.000000/-1.000000.
156: FAIL: rescue rig/attachment resolution: Gameplay-authored player Grip basis produced a non-rigid hand target: Held-item socket transform must be rigid and unit scale. determinants=-1.000000/-1.000000.
156: FAIL: rescue rig/attachment resolution: Gameplay-authored player Grip basis produced a non-rigid hand target: Held-item socket transform must be rigid and unit scale. determinants=-1.000000/-1.000000.
156: FAIL: rescue rig/attachment resolution: Gameplay-authored player Grip basis produced a non-rigid hand target: Held-item socket transform must be rigid and unit scale. determinants=-1.000000/-1.000000.
156: FAIL: rescue rig/attachment resolution: Gameplay-authored player Grip basis produced a non-rigid hand target: Held-item socket transform must be rigid and unit scale. determinants=-1.000000/-1.000000.
156: FAIL: rescue rig/attachment resolution: Gameplay-authored player Grip basis produced a non-rigid hand target: Held-item socket transform must be rigid and unit scale. determinants=-1.000000/-1.000000.
156: FAIL: rescue rig/attachment resolution: Gameplay-authored player Grip basis produced a non-rigid hand target: Held-item socket transform must be rigid and unit scale. determinants=-1.000000/-1.000000.
156: FAIL: rescue rig/attachment resolution: Gameplay-authored player Grip basis produced a non-rigid hand target: Held-item socket transform must be rigid and unit scale. determinants=-1.000000/-1.000000.
156: FAIL: rescue rig/attachment resolution: Gameplay-authored player Grip basis produced a non-rigid hand target: Held-item socket transform must be rigid and unit scale. determinants=-1.000000/-1.000000.
156: FAIL: rescue rig/attachment resolution: Gameplay-authored player Grip basis produced a non-rigid hand target: Held-item socket transform must be rigid and unit scale. determinants=-1.000000/-1.000000.
156: FAIL: rescue rig/attachment resolution: Gameplay-authored player Grip basis produced a non-rigid hand target: Held-item socket transform must be rigid and unit scale. determinants=-1.000000/-1.000000.
156: FAIL: rescue rig/attachment resolution: Gameplay-authored player Grip basis produced a non-rigid hand target: Held-item socket transform must be rigid and unit scale. determinants=-1.000000/-1.000000.
156: FAIL: rescue rig/attachment resolution: Gameplay-authored player Grip basis produced a non-rigid hand target: Held-item socket transform must be rigid and unit scale. determinants=-1.000000/-1.000000.
156: FAIL: rescue rig/attachment resolution: Gameplay-authored player Grip basis produced a non-rigid hand target: Held-item socket transform must be rigid and unit scale. determinants=-1.000000/-1.000000.
156: FAIL: rescue rig/attachment resolution: Gameplay-authored player Grip basis produced a non-rigid hand target: Held-item socket transform must be rigid and unit scale. determinants=-1.000000/-1.000000.
156: FAIL: rescue rig/attachment resolution: Gameplay-authored player Grip basis produced a non-rigid hand target: Held-item socket transform must be rigid and unit scale. determinants=-1.000000/-1.000000.
156: FAIL: rescue rig/attachment resolution: Gameplay-authored player Grip basis produced a non-rigid hand target: Held-item socket transform must be rigid and unit scale. determinants=-1.000000/-1.000000.
156: FAIL: rescue rig/attachment resolution: Gameplay-authored player Grip basis produced a non-rigid hand target: Held-item socket transform must be rigid and unit scale. determinants=-1.000000/-1.000000.
156: FAIL: rescue rig/attachment resolution: Gameplay-authored player Grip basis produced a non-rigid hand target: Held-item socket transform must be rigid and unit scale. determinants=-1.000000/-1.000000.
156: FAIL: rescue rig/attachment resolution: Gameplay-authored player Grip basis produced a non-rigid hand target: Held-item socket transform must be rigid and unit scale. determinants=-1.000000/-1.000000.
156: FAIL: rescue rig/attachment resolution: Gameplay-authored player Grip basis produced a non-rigid hand target: Held-item socket transform must be rigid and unit scale. determinants=-1.000000/-1.000000.
156: FAIL: rescue rig/attachment resolution: Gameplay-authored player Grip basis produced a non-rigid hand target: Held-item socket transform must be rigid and unit scale. determinants=-1.000000/-1.000000.
156: FAIL: rescue rig/attachment resolution: Gameplay-authored player Grip basis produced a non-rigid hand target: Held-item socket transform must be rigid and unit scale. determinants=-1.000000/-1.000000.
156: FAIL: rescue rig/attachment resolution: Gameplay-authored player Grip basis produced a non-rigid hand target: Held-item socket transform must be rigid and unit scale. determinants=-1.000000/-1.000000.
156: FAIL: rescue rig/attachment resolution: Gameplay-authored player Grip basis produced a non-rigid hand target: Held-item socket transform must be rigid and unit scale. determinants=-1.000000/-1.000000.
156: FAIL: rescue rig/attachment resolution: Gameplay-authored player Grip basis produced a non-rigid hand target: Held-item socket transform must be rigid and unit scale. determinants=-1.000000/-1.000000.
156: FAIL: rescue rig/attachment resolution: Gameplay-authored player Grip basis produced a non-rigid hand target: Held-item socket transform must be rigid and unit scale. determinants=-1.000000/-1.000000.
156: FAIL: rescue rig/attachment resolution: Gameplay-authored player Grip basis produced a non-rigid hand target: Held-item socket transform must be rigid and unit scale. determinants=-1.000000/-1.000000.
156: FAIL: rescue rig/attachment resolution: Gameplay-authored player Grip basis produced a non-rigid hand target: Held-item socket transform must be rigid and unit scale. determinants=-1.000000/-1.000000.
156: FAIL: rescue rig/attachment resolution: Gameplay-authored player Grip basis produced a non-rigid hand target: Held-item socket transform must be rigid and unit scale. determinants=-1.000000/-1.000000.
156: FAIL: rescue rig/attachment resolution: Gameplay-authored player Grip basis produced a non-rigid hand target: Held-item socket transform must be rigid and unit scale. determinants=-1.000000/-1.000000.
156: FAIL: rescue rig/attachment resolution: Gameplay-authored player Grip basis produced a non-rigid hand target: Held-item socket transform must be rigid and unit scale. determinants=-1.000000/-1.000000.
156: FAIL: rescue rig/attachment resolution: Gameplay-authored player Grip basis produced a non-rigid hand target: Held-item socket transform must be rigid and unit scale. determinants=-1.000000/-1.000000.
156: FAIL: rescue rig/attachment resolution: Gameplay-authored player Grip basis produced a non-rigid hand target: Held-item socket transform must be rigid and unit scale. determinants=-1.000000/-1.000000.
156: FAIL: rescue rig/attachment resolution: Gameplay-authored player Grip basis produced a non-rigid hand target: Held-item socket transform must be rigid and unit scale. determinants=-1.000000/-1.000000.
156: FAIL: rescue rig/attachment resolution: Gameplay-authored player Grip basis produced a non-rigid hand target: Held-item socket transform must be rigid and unit scale. determinants=-1.000000/-1.000000.
156: FAIL: rescue rig/attachment resolution: Gameplay-authored player Grip basis produced a non-rigid hand target: Held-item socket transform must be rigid and unit scale. determinants=-1.000000/-1.000000.
156: FAIL: rescue rig/attachment resolution: Gameplay-authored player Grip basis produced a non-rigid hand target: Held-item socket transform must be rigid and unit scale. determinants=-1.000000/-1.000000.
156: FAIL: rescue rig/attachment resolution: Gameplay-authored player Grip basis produced a non-rigid hand target: Held-item socket transform must be rigid and unit scale. determinants=-1.000000/-1.000000.
156: FAIL: rescue rig/attachment resolution: Gameplay-authored player Grip basis produced a non-rigid hand target: Held-item socket transform must be rigid and unit scale. determinants=-1.000000/-1.000000.
156: FAIL: rescue rig/attachment resolution: Gameplay-authored player Grip basis produced a non-rigid hand target: Held-item socket transform must be rigid and unit scale. determinants=-1.000000/-1.000000.
156: FAIL: rescue rig/attachment resolution: Gameplay-authored player Grip basis produced a non-rigid hand target: Held-item socket transform must be rigid and unit scale. determinants=-1.000000/-1.000000.
156: FAIL: rescue rig/attachment resolution: Gameplay-authored player Grip basis produced a non-rigid hand target: Held-item socket transform must be rigid and unit scale. determinants=-1.000000/-1.000000.
156: FAIL: rescue rig/attachment resolution: Gameplay-authored player Grip basis produced a non-rigid hand target: Held-item socket transform must be rigid and unit scale. determinants=-1.000000/-1.000000.
156: FAIL: rescue rig/attachment resolution: Gameplay-authored player Grip basis produced a non-rigid hand target: Held-item socket transform must be rigid and unit scale. determinants=-1.000000/-1.000000.
156: FAIL: rescue rig/attachment resolution: Gameplay-authored player Grip basis produced a non-rigid hand target: Held-item socket transform must be rigid and unit scale. determinants=-1.000000/-1.000000.
156: FAIL: rescue rig/attachment resolution: Gameplay-authored player Grip basis produced a non-rigid hand target: Held-item socket transform must be rigid and unit scale. determinants=-1.000000/-1.000000.
156: FAIL: rescue rig/attachment resolution: Final composed player item Grip exceeded position/orientation tolerance: left=0.587009m/0.049958rad right=0.000000m/0.000000rad.
156: FAIL: rescue rig/attachment resolution: Final composed player item Grip exceeded position/orientation tolerance: left=0.588960m/0.049958rad right=0.000000m/0.000000rad.
156: FAIL: rescue rig/attachment resolution: Final composed player item Grip exceeded position/orientation tolerance: left=0.592194m/0.049958rad right=0.000000m/0.000000rad.
156: FAIL: rescue rig/attachment resolution: Final composed player item Grip exceeded position/orientation tolerance: left=0.596545m/0.049958rad right=0.000000m/0.000000rad.
156: FAIL: rescue rig/attachment resolution: Final composed player item Grip exceeded position/orientation tolerance: left=0.601385m/0.049958rad right=0.000000m/0.000000rad.
156: FAIL: rescue rig/attachment resolution: Final composed player item Grip exceeded position/orientation tolerance: left=0.605624m/0.049958rad right=0.000000m/0.000000rad.
156: FAIL: rescue rig/attachment resolution: Final composed player item Grip exceeded position/orientation tolerance: left=0.607963m/0.049958rad right=0.000000m/0.000000rad.
156: FAIL: rescue rig/attachment resolution: Final composed player item Grip exceeded position/orientation tolerance: left=0.608253m/0.049958rad right=0.000000m/0.000000rad.
156: FAIL: rescue rig/attachment resolution: Final composed player item Grip exceeded position/orientation tolerance: left=0.606325m/0.049958rad right=0.000000m/0.000000rad.
156: FAIL: rescue rig/attachment resolution: Final composed player item Grip exceeded position/orientation tolerance: left=0.601198m/0.049958rad right=0.000000m/0.000000rad.
156: FAIL: rescue rig/attachment resolution: Final composed player item Grip exceeded position/orientation tolerance: left=0.594576m/0.049958rad right=0.000000m/0.000000rad.
156: FAIL: rescue rig/attachment resolution: Final composed player item Grip exceeded position/orientation tolerance: left=0.587988m/0.049958rad right=0.000000m/0.000000rad.
156: FAIL: rescue rig/attachment resolution: Final composed player item Grip exceeded position/orientation tolerance: left=0.582537m/0.049958rad right=0.000000m/0.000000rad.
156: FAIL: rescue rig/attachment resolution: Final composed player item Grip exceeded position/orientation tolerance: left=0.578869m/0.049958rad right=0.000000m/0.000000rad.
156: FAIL: rescue rig/attachment resolution: Final composed player item Grip exceeded position/orientation tolerance: left=0.577316m/0.049958rad right=0.000000m/0.000000rad.
156: FAIL: rescue rig/attachment resolution: Final composed player item Grip exceeded position/orientation tolerance: left=0.577381m/0.049958rad right=0.000000m/0.000000rad.
156: FAIL: rescue rig/attachment resolution: Final composed player item Grip exceeded position/orientation tolerance: left=0.578100m/0.049958rad right=0.000000m/0.000000rad.
156: FAIL: rescue rig/attachment resolution: Final composed player item Grip exceeded position/orientation tolerance: left=0.580056m/0.049958rad right=0.000000m/0.000000rad.
156: FAIL: rescue rig/attachment resolution: Final composed player item Grip exceeded position/orientation tolerance: left=0.583323m/0.049958rad right=0.000000m/0.000000rad.
156: FAIL: rescue rig/attachment resolution: Final composed player item Grip exceeded position/orientation tolerance: left=0.587714m/0.049958rad right=0.000000m/0.000000rad.
156: FAIL: rescue rig/attachment resolution: Final composed player item Grip exceeded position/orientation tolerance: left=0.592578m/0.049958rad right=0.000000m/0.000000rad.
156: FAIL: rescue rig/attachment resolution: Final composed player item Grip exceeded position/orientation tolerance: left=0.596782m/0.049958rad right=0.000000m/0.000000rad.
156: FAIL: rescue rig/attachment resolution: Final composed player item Grip exceeded position/orientation tolerance: left=0.598929m/0.049958rad right=0.000000m/0.000000rad.
156: FAIL: rescue rig/attachment resolution: Final composed player item Grip exceeded position/orientation tolerance: left=0.598943m/0.049958rad right=0.000000m/0.000000rad.
156: FAIL: rescue rig/attachment resolution: Final composed player item Grip exceeded position/orientation tolerance: left=0.596690m/0.049958rad right=0.000000m/0.000000rad.
156: FAIL: rescue rig/attachment resolution: Final composed player item Grip exceeded position/orientation tolerance: left=0.591188m/0.049958rad right=0.000000m/0.000000rad.
156: FAIL: rescue rig/attachment resolution: Final composed player item Grip exceeded position/orientation tolerance: left=0.584173m/0.049958rad right=0.000000m/0.000000rad.
156: FAIL: rescue rig/attachment resolution: Final composed player item Grip exceeded position/orientation tolerance: left=0.577188m/0.049958rad right=0.000000m/0.000000rad.
156: FAIL: rescue rig/attachment resolution: Final composed player item Grip exceeded position/orientation tolerance: left=0.571362m/0.049958rad right=0.000000m/0.000000rad.
156: FAIL: rescue rig/attachment resolution: Final composed player item Grip exceeded position/orientation tolerance: left=0.567344m/0.049958rad right=0.000000m/0.000000rad.
156: FAIL: rescue rig/attachment resolution: Final composed player item Grip exceeded position/orientation tolerance: left=0.565468m/0.049958rad right=0.000000m/0.000000rad.
156: FAIL: rescue rig/attachment resolution: Final composed player item Grip exceeded position/orientation tolerance: left=0.565222m/0.049958rad right=0.000000m/0.000000rad.
156: FAIL: rescue rig/attachment resolution: Final composed player item Grip exceeded position/orientation tolerance: left=0.565666m/0.049958rad right=0.000000m/0.000000rad.
156: FAIL: rescue rig/attachment resolution: Final composed player item Grip exceeded position/orientation tolerance: left=0.567395m/0.049958rad right=0.000000m/0.000000rad.
156: FAIL: rescue rig/attachment resolution: Final composed player item Grip exceeded position/orientation tolerance: left=0.570479m/0.049958rad right=0.000000m/0.000000rad.
156: FAIL: rescue rig/attachment resolution: Final composed player item Grip exceeded position/orientation tolerance: left=0.574725m/0.049958rad right=0.000000m/0.000000rad.
156: FAIL: rescue rig/attachment resolution: Final composed player item Grip exceeded position/orientation tolerance: left=0.579516m/0.049958rad right=0.000000m/0.000000rad.
156: FAIL: rescue rig/attachment resolution: Final composed player item Grip exceeded position/orientation tolerance: left=0.583681m/0.049958rad right=0.000000m/0.000000rad.
156: FAIL: rescue rig/attachment resolution: Final composed player item Grip exceeded position/orientation tolerance: left=0.585766m/0.049958rad right=0.000000m/0.000000rad.
156: FAIL: rescue rig/attachment resolution: Final composed player item Grip exceeded position/orientation tolerance: left=0.585695m/0.049958rad right=0.000000m/0.000000rad.
156: FAIL: rescue rig/attachment resolution: Final composed player item Grip exceeded position/orientation tolerance: left=0.583356m/0.049958rad right=0.000000m/0.000000rad.
156: FAIL: rescue rig/attachment resolution: Final composed player item Grip exceeded position/orientation tolerance: left=0.577752m/0.049958rad right=0.000000m/0.000000rad.
156: FAIL: rescue rig/attachment resolution: Final composed player item Grip exceeded position/orientation tolerance: left=0.570635m/0.049958rad right=0.000000m/0.000000rad.
156: FAIL: rescue rig/attachment resolution: Final composed player item Grip exceeded position/orientation tolerance: left=0.563573m/0.049958rad right=0.000000m/0.000000rad.
156: FAIL: rescue rig/attachment resolution: Final composed player item Grip exceeded position/orientation tolerance: left=0.557709m/0.049958rad right=0.000000m/0.000000rad.
156: FAIL: rescue rig/attachment resolution: Final composed player item Grip exceeded position/orientation tolerance: left=0.553705m/0.049958rad right=0.000000m/0.000000rad.
156: FAIL: rescue rig/attachment resolution: Final composed player item Grip exceeded position/orientation tolerance: left=0.551897m/0.049958rad right=0.000000m/0.000000rad.
156: FAIL: rescue rig/attachment resolution: Final composed player item Grip exceeded position/orientation tolerance: left=0.551767m/0.049958rad right=0.000000m/0.000000rad.
156: FAIL: rescue rig/attachment resolution: Final composed player item Grip exceeded position/orientation tolerance: left=0.552397m/0.049958rad right=0.000000m/0.000000rad.
156: FAIL: rescue rig/attachment resolution: Final composed player item Grip exceeded position/orientation tolerance: left=0.554415m/0.049958rad right=0.000000m/0.000000rad.
156: FAIL: rescue rig/attachment resolution: Final composed player item Grip exceeded position/orientation tolerance: left=0.557873m/0.049958rad right=0.000000m/0.000000rad.
156: FAIL: rescue rig/attachment resolution: Final composed player item Grip exceeded position/orientation tolerance: left=0.562563m/0.049958rad right=0.000000m/0.000000rad.
156: FAIL: rescue rig/attachment resolution: Final composed player item Grip exceeded position/orientation tolerance: left=0.567767m/0.049958rad right=0.000000m/0.000000rad.
156: FAIL: rescue rig/attachment resolution: Final composed player item Grip exceeded position/orientation tolerance: left=0.572291m/0.049958rad right=0.000000m/0.000000rad.
156: FAIL: rescue rig/attachment resolution: Final composed player item Grip exceeded position/orientation tolerance: left=0.574656m/0.049958rad right=0.000000m/0.000000rad.
156: FAIL: rescue rig/attachment resolution: Final composed player item Grip exceeded position/orientation tolerance: left=0.574795m/0.049958rad right=0.000000m/0.000000rad.
156: FAIL: rescue rig/attachment resolution: Final composed player item Grip exceeded position/orientation tolerance: left=0.572645m/0.049958rad right=0.000000m/0.000000rad.
156: FAIL: rescue rig/attachment resolution: Final composed player item Grip exceeded position/orientation tolerance: left=0.567200m/0.049958rad right=0.000000m/0.000000rad.
156: FAIL: rescue rig/attachment resolution: Final composed player item Grip exceeded position/orientation tolerance: left=0.560248m/0.049958rad right=0.000000m/0.000000rad.
156: FAIL: rescue rig/attachment resolution: Final composed player item Grip exceeded position/orientation tolerance: left=0.553378m/0.049958rad right=0.000000m/0.000000rad.
156: FAIL: rescue rig/attachment resolution: Final composed player item Grip exceeded position/orientation tolerance: left=0.547740m/0.049958rad right=0.000000m/0.000000rad.
156: FAIL: rescue rig/attachment resolution: Final composed player item Grip exceeded position/orientation tolerance: left=0.543990m/0.049958rad right=0.000000m/0.000000rad.
156: FAIL: rescue rig/attachment resolution: Final composed player item Grip exceeded position/orientation tolerance: left=0.542449m/0.049958rad right=0.000000m/0.000000rad.
156: FAIL: rescue rig/attachment resolution: Final composed player item Grip exceeded position/orientation tolerance: left=0.542576m/0.049958rad right=0.000000m/0.000000rad.
156: FAIL: rescue rig/attachment resolution: Final composed player item Grip exceeded position/orientation tolerance: left=0.543469m/0.049958rad right=0.000000m/0.000000rad.
156: FAIL: rescue rig/attachment resolution: Final composed player item Grip exceeded position/orientation tolerance: left=0.545760m/0.049958rad right=0.000000m/0.000000rad.
156: FAIL: rescue rig/attachment resolution: Final composed player item Grip exceeded position/orientation tolerance: left=0.549508m/0.049958rad right=0.000000m/0.000000rad.
156: FAIL: rescue rig/attachment resolution: Final composed player item Grip exceeded position/orientation tolerance: left=0.554515m/0.049958rad right=0.000000m/0.000000rad.
156: FAIL: rescue rig/attachment resolution: Final composed player item Grip exceeded position/orientation tolerance: left=0.560032m/0.049958rad right=0.000000m/0.000000rad.
156: FAIL: rescue rig/attachment resolution: Final composed player item Grip exceeded position/orientation tolerance: left=0.564829m/0.049958rad right=0.000000m/0.000000rad.
156: FAIL: rescue rig/attachment resolution: Final composed player item Grip exceeded position/orientation tolerance: left=0.567411m/0.049958rad right=0.000000m/0.000000rad.
156: FAIL: rescue rig/attachment resolution: Final composed player item Grip exceeded position/orientation tolerance: left=0.567698m/0.049958rad right=0.000000m/0.000000rad.
156: FAIL: rescue rig/attachment resolution: Final composed player item Grip exceeded position/orientation tolerance: left=0.565665m/0.049958rad right=0.000000m/0.000000rad.
156: FAIL: rescue rig/attachment resolution: Final composed player item Grip exceeded position/orientation tolerance: left=0.560293m/0.049958rad right=0.000000m/0.000000rad.
156: FAIL: rescue rig/attachment resolution: Final composed player item Grip exceeded position/orientation tolerance: left=0.553375m/0.049958rad right=0.000000m/0.000000rad.
156: FAIL: rescue rig/attachment resolution: Final composed player item Grip exceeded position/orientation tolerance: left=0.546501m/0.049958rad right=0.000000m/0.000000rad.
156: FAIL: rescue rig/attachment resolution: Final composed player item Grip exceeded position/orientation tolerance: left=0.540826m/0.049958rad right=0.000000m/0.000000rad.
156: FAIL: rescue rig/attachment resolution: Final composed player item Grip exceeded position/orientation tolerance: left=0.537005m/0.049958rad right=0.000000m/0.000000rad.
156: FAIL: rescue rig/attachment resolution: Final composed player item Grip exceeded position/orientation tolerance: left=0.535359m/0.049958rad right=0.000000m/0.000000rad.
156: FAIL: rescue rig/attachment resolution: Final composed player item Grip exceeded position/orientation tolerance: left=0.535361m/0.049958rad right=0.000000m/0.000000rad.
156: FAIL: rescue rig/attachment resolution: Final composed player item Grip exceeded position/orientation tolerance: left=0.536138m/0.049958rad right=0.000000m/0.000000rad.
156: FAIL: rescue rig/attachment resolution: Final composed player item Grip exceeded position/orientation tolerance: left=0.538354m/0.049958rad right=0.000000m/0.000000rad.
156: FAIL: rescue rig/attachment resolution: Final composed player item Grip exceeded position/orientation tolerance: left=0.542043m/0.049958rad right=0.000000m/0.000000rad.
156: FAIL: rescue rig/attachment resolution: Final composed player item Grip exceeded position/orientation tolerance: left=0.546956m/0.049958rad right=0.000000m/0.000000rad.
156: FAIL: rescue rig/attachment resolution: Final composed player item Grip exceeded position/orientation tolerance: left=0.552351m/0.049958rad right=0.000000m/0.000000rad.
156: FAIL: rescue rig/attachment resolution: Final composed player item Grip exceeded position/orientation tolerance: left=0.556966m/0.049958rad right=0.000000m/0.000000rad.
156: FAIL: rescue rig/attachment resolution: Final composed player item Grip exceeded position/orientation tolerance: left=0.559280m/0.049958rad right=0.000000m/0.000000rad.
156: FAIL: rescue rig/attachment resolution: Final composed player item Grip exceeded position/orientation tolerance: left=0.559222m/0.049958rad right=0.000000m/0.000000rad.
156: FAIL: rescue rig/attachment resolution: Final composed player item Grip exceeded position/orientation tolerance: left=0.556810m/0.049958rad right=0.000000m/0.000000rad.
156: FAIL: rescue rig/attachment resolution: Final composed player item Grip exceeded position/orientation tolerance: left=0.551031m/0.049958rad right=0.000000m/0.000000rad.
156: FAIL: rescue rig/attachment resolution: Final composed player item Grip exceeded position/orientation tolerance: left=0.543696m/0.049958rad right=0.000000m/0.000000rad.
156: FAIL: rescue rig/attachment resolution: Final composed player item Grip exceeded position/orientation tolerance: left=0.536425m/0.049958rad right=0.000000m/0.000000rad.
156: FAIL: rescue rig/attachment resolution: Final composed player item Grip exceeded position/orientation tolerance: left=0.530383m/0.049958rad right=0.000000m/0.000000rad.
156: FAIL: rescue rig/attachment resolution: Final composed player item Grip exceeded position/orientation tolerance: left=0.526227m/0.049958rad right=0.000000m/0.000000rad.
156: FAIL: rescue rig/attachment resolution: Final composed player item Grip exceeded position/orientation tolerance: left=0.524276m/0.049958rad right=0.000000m/0.000000rad.
156: FAIL: rescue rig/attachment resolution: Final composed player item Grip exceeded position/orientation tolerance: left=0.523989m/0.049958rad right=0.000000m/0.000000rad.
156: FAIL: rescue rig/attachment resolution: Final composed player item Grip exceeded position/orientation tolerance: left=0.524518m/0.049958rad right=0.000000m/0.000000rad.
156: FAIL: rescue rig/attachment resolution: Final composed player item Grip exceeded position/orientation tolerance: left=0.526592m/0.049958rad right=0.000000m/0.000000rad.
156: FAIL: rescue rig/attachment resolution: Final composed player item Grip exceeded position/orientation tolerance: left=0.530214m/0.049958rad right=0.000000m/0.000000rad.
156: FAIL: rescue rig/attachment resolution: Final composed player item Grip exceeded position/orientation tolerance: left=0.535132m/0.049958rad right=0.000000m/0.000000rad.
156: FAIL: rescue rig/attachment resolution: Final composed player item Grip exceeded position/orientation tolerance: left=0.540572m/0.049958rad right=0.000000m/0.000000rad.
156: FAIL: rescue rig/attachment resolution: Final composed player item Grip exceeded position/orientation tolerance: left=0.545254m/0.049958rad right=0.000000m/0.000000rad.
156: FAIL: rescue rig/attachment resolution: Final composed player item Grip exceeded position/orientation tolerance: left=0.547606m/0.049958rad right=0.000000m/0.000000rad.
156: FAIL: rescue rig/attachment resolution: Final composed player item Grip exceeded position/orientation tolerance: left=0.547558m/0.049958rad right=0.000000m/0.000000rad.
156: FAIL: rescue rig/attachment resolution: Final composed player item Grip exceeded position/orientation tolerance: left=0.545155m/0.049958rad right=0.000000m/0.000000rad.
156: FAIL: rescue rig/attachment resolution: Final composed player item Grip exceeded position/orientation tolerance: left=0.539371m/0.049958rad right=0.000000m/0.000000rad.
156: FAIL: rescue rig/attachment resolution: Final composed player item Grip exceeded position/orientation tolerance: left=0.532030m/0.049958rad right=0.000000m/0.000000rad.
156: FAIL: rescue rig/attachment resolution: Final composed player item Grip exceeded position/orientation tolerance: left=0.524778m/0.049958rad right=0.000000m/0.000000rad.
156: FAIL: rescue rig/attachment resolution: Final composed player item Grip exceeded position/orientation tolerance: left=0.518795m/0.049958rad right=0.000000m/0.000000rad.
156: FAIL: rescue rig/attachment resolution: Final composed player item Grip exceeded position/orientation tolerance: left=0.514750m/0.049958rad right=0.000000m/0.000000rad.
156: FAIL: rescue rig/attachment resolution: Final composed player item Grip exceeded position/orientation tolerance: left=0.512965m/0.049958rad right=0.000000m/0.000000rad.
156: FAIL: rescue rig/attachment resolution: Final composed player item Grip exceeded position/orientation tolerance: left=0.512896m/0.049958rad right=0.000000m/0.000000rad.
156: FAIL: rescue rig/attachment resolution: Final composed player item Grip exceeded position/orientation tolerance: left=0.513710m/0.049958rad right=0.000000m/0.000000rad.
156: FAIL: rescue rig/attachment resolution: Final composed player item Grip exceeded position/orientation tolerance: left=0.516135m/0.049958rad right=0.000000m/0.000000rad.
156: FAIL: rescue rig/attachment resolution: Final composed player item Grip exceeded position/orientation tolerance: left=0.520168m/0.049958rad right=0.000000m/0.000000rad.
156: FAIL: rescue rig/attachment resolution: Final composed player item Grip exceeded position/orientation tolerance: left=0.525529m/0.049958rad right=0.000000m/0.000000rad.
156: FAIL: rescue rig/attachment resolution: Final composed player item Grip exceeded position/orientation tolerance: left=0.531407m/0.049958rad right=0.000000m/0.000000rad.
156: FAIL: rescue rig/attachment resolution: Final composed player item Grip exceeded position/orientation tolerance: left=0.536480m/0.049958rad right=0.000000m/0.000000rad.
156: FAIL: rescue rig/attachment resolution: Final composed player item Grip exceeded position/orientation tolerance: left=0.539143m/0.049958rad right=0.000000m/0.000000rad.
156: FAIL: rescue rig/attachment resolution: Final composed player item Grip exceeded position/orientation tolerance: left=0.539339m/0.049958rad right=0.000000m/0.000000rad.
156: FAIL: rescue rig/attachment resolution: Final composed player item Grip exceeded position/orientation tolerance: left=0.537165m/0.049958rad right=0.000000m/0.000000rad.
156: FAIL: rescue rig/attachment resolution: Final composed player item Grip exceeded position/orientation tolerance: left=0.531592m/0.049958rad right=0.000000m/0.000000rad.
156: FAIL: rescue rig/attachment resolution: Final composed player item Grip exceeded position/orientation tolerance: left=0.524480m/0.049958rad right=0.000000m/0.000000rad.
156: FAIL: rescue rig/attachment resolution: Final composed player item Grip exceeded position/orientation tolerance: left=0.517475m/0.049958rad right=0.000000m/0.000000rad.
156: FAIL: rescue rig/attachment resolution: Final composed player item Grip exceeded position/orientation tolerance: left=0.511763m/0.049958rad right=0.000000m/0.000000rad.
156: FAIL: rescue rig/attachment resolution: Final composed player item Grip exceeded position/orientation tolerance: left=0.507996m/0.049958rad right=0.000000m/0.000000rad.
156: FAIL: rescue rig/attachment resolution: Final composed player item Grip exceeded position/orientation tolerance: left=0.506470m/0.049958rad right=0.000000m/0.000000rad.
156: FAIL: rescue rig/attachment resolution: Final composed player item Grip exceeded position/orientation tolerance: left=0.506642m/0.049958rad right=0.000000m/0.000000rad.
156: FAIL: rescue rig/attachment resolution: Final composed player item Grip exceeded position/orientation tolerance: left=0.507714m/0.049958rad right=0.000000m/0.000000rad.
156: FAIL: rescue rig/attachment resolution: Final composed player item Grip exceeded position/orientation tolerance: left=0.510402m/0.049958rad right=0.000000m/0.000000rad.
156: FAIL: rescue rig/attachment resolution: Final composed player item Grip exceeded position/orientation tolerance: left=0.514706m/0.049958rad right=0.000000m/0.000000rad.
156: FAIL: rescue rig/attachment resolution: Final composed player item Grip exceeded position/orientation tolerance: left=0.520332m/0.049958rad right=0.000000m/0.000000rad.
156: FAIL: rescue rig/attachment resolution: Final composed player item Grip exceeded position/orientation tolerance: left=0.526450m/0.049958rad right=0.000000m/0.000000rad.
156: FAIL: rescue rig/attachment resolution: Final composed player item Grip exceeded position/orientation tolerance: left=0.531725m/0.049958rad right=0.000000m/0.000000rad.
156: FAIL: rescue rig/attachment resolution: Final composed player item Grip exceeded position/orientation tolerance: left=0.534523m/0.049958rad right=0.000000m/0.000000rad.
156: FAIL: rescue rig/attachment resolution: Final composed player item Grip exceeded position/orientation tolerance: left=0.534782m/0.049958rad right=0.000000m/0.000000rad.
156: FAIL: rescue rig/attachment resolution: Final composed player item Grip exceeded position/orientation tolerance: left=0.532632m/0.049958rad right=0.000000m/0.000000rad.
156: FAIL: rescue rig/attachment resolution: Final composed player item Grip exceeded position/orientation tolerance: left=0.527045m/0.049958rad right=0.000000m/0.000000rad.
156: FAIL: rescue rig/attachment resolution: Final composed player item Grip exceeded position/orientation tolerance: left=0.519868m/0.049958rad right=0.000000m/0.000000rad.
156: FAIL: rescue rig/attachment resolution: Final composed player item Grip exceeded position/orientation tolerance: left=0.512761m/0.049958rad right=0.000000m/0.000000rad.
156: FAIL: rescue rig/attachment resolution: Final composed player item Grip exceeded position/orientation tolerance: left=0.506905m/0.049958rad right=0.000000m/0.000000rad.
156: FAIL: rescue rig/attachment resolution: Final composed player item Grip exceeded position/orientation tolerance: left=0.502958m/0.049958rad right=0.000000m/0.000000rad.
156: FAIL: rescue rig/attachment resolution: Final composed player item Grip exceeded position/orientation tolerance: left=0.501224m/0.049958rad right=0.000000m/0.000000rad.
156: FAIL: rescue rig/attachment resolution: Final composed player item Grip exceeded position/orientation tolerance: left=0.501147m/0.049958rad right=0.000000m/0.000000rad.
156: FAIL: rescue rig/attachment resolution: Final composed player item Grip exceeded position/orientation tolerance: left=0.501970m/0.049958rad right=0.000000m/0.000000rad.
156: FAIL: rescue rig/attachment resolution: Final composed player item Grip exceeded position/orientation tolerance: left=0.504444m/0.049958rad right=0.000000m/0.000000rad.
156: FAIL: rescue rig/attachment resolution: Final composed player item Grip exceeded position/orientation tolerance: left=0.508559m/0.049958rad right=0.000000m/0.000000rad.
156: FAIL: rescue rig/attachment resolution: Final composed player item Grip exceeded position/orientation tolerance: left=0.513994m/0.049958rad right=0.000000m/0.000000rad.
156: FAIL: rescue rig/attachment resolution: Final composed player item Grip exceeded position/orientation tolerance: left=0.519906m/0.049958rad right=0.000000m/0.000000rad.
156: FAIL: rescue rig/attachment resolution: Final composed player item Grip exceeded position/orientation tolerance: left=0.524928m/0.049958rad right=0.000000m/0.000000rad.
156: FAIL: rescue rig/attachment resolution: Final composed player item Grip exceeded position/orientation tolerance: left=0.527402m/0.049958rad right=0.000000m/0.000000rad.
156: FAIL: rescue rig/attachment resolution: Final composed player item Grip exceeded position/orientation tolerance: left=0.527282m/0.049958rad right=0.000000m/0.000000rad.
156: FAIL: rescue rig/attachment resolution: Final composed player item Grip exceeded position/orientation tolerance: left=0.524746m/0.049958rad right=0.000000m/0.000000rad.
156: FAIL: rescue rig/attachment resolution: Final composed player item Grip exceeded position/orientation tolerance: left=0.518762m/0.049958rad right=0.000000m/0.000000rad.
156: FAIL: rescue rig/attachment resolution: Final composed player item Grip exceeded position/orientation tolerance: left=0.511205m/0.049958rad right=0.000000m/0.000000rad.
156: FAIL: rescue rig/attachment resolution: Final composed player item Grip exceeded position/orientation tolerance: left=0.503748m/0.049958rad right=0.000000m/0.000000rad.
156: FAIL: rescue rig/attachment resolution: Final composed player item Grip exceeded position/orientation tolerance: left=0.497582m/0.049958rad right=0.000000m/0.000000rad.
156: FAIL: rescue rig/attachment resolution: Final composed player item Grip exceeded position/orientation tolerance: left=0.493373m/0.049958rad right=0.000000m/0.000000rad.
156: FAIL: rescue rig/attachment resolution: Final composed player item Grip exceeded position/orientation tolerance: left=0.491438m/0.049958rad right=0.000000m/0.000000rad.
156: FAIL: rescue rig/attachment resolution: Final composed player item Grip exceeded position/orientation tolerance: left=0.491179m/0.049958rad right=0.000000m/0.000000rad.
156: FAIL: rescue rig/attachment resolution: Final composed player item Grip exceeded position/orientation tolerance: left=0.491872m/0.049958rad right=0.000000m/0.000000rad.
156: FAIL: rescue rig/attachment resolution: Final composed player item Grip exceeded position/orientation tolerance: left=0.494309m/0.049958rad right=0.000000m/0.000000rad.
156: FAIL: rescue rig/attachment resolution: Final composed player item Grip exceeded position/orientation tolerance: left=0.498472m/0.049958rad right=0.000000m/0.000000rad.
156: FAIL: rescue rig/attachment resolution: Final composed player item Grip exceeded position/orientation tolerance: left=0.504036m/0.049958rad right=0.000000m/0.000000rad.
156: FAIL: rescue rig/attachment resolution: Final composed player item Grip exceeded position/orientation tolerance: left=0.510120m/0.049958rad right=0.000000m/0.000000rad.
156: FAIL: rescue rig/attachment resolution: Final composed player item Grip exceeded position/orientation tolerance: left=0.515332m/0.049958rad right=0.000000m/0.000000rad.
156: FAIL: rescue rig/attachment resolution: Final composed player item Grip exceeded position/orientation tolerance: left=0.517959m/0.049958rad right=0.000000m/0.000000rad.
156: FAIL: rescue rig/attachment resolution: Final composed player item Grip exceeded position/orientation tolerance: left=0.517954m/0.049958rad right=0.000000m/0.000000rad.
156: FAIL: rescue rig/attachment resolution: Final composed player item Grip exceeded position/orientation tolerance: left=0.515534m/0.049958rad right=0.000000m/0.000000rad.
156: FAIL: rescue rig/attachment resolution: Final composed player item Grip exceeded position/orientation tolerance: left=0.509654m/0.049958rad right=0.000000m/0.000000rad.
156: FAIL: rescue rig/attachment resolution: Final composed player item Grip exceeded position/orientation tolerance: left=0.502205m/0.049958rad right=0.000000m/0.000000rad.
156: FAIL: rescue rig/attachment resolution: Final composed player item Grip exceeded position/orientation tolerance: left=0.494875m/0.049958rad right=0.000000m/0.000000rad.
156: FAIL: rescue rig/attachment resolution: Final composed player item Grip exceeded position/orientation tolerance: left=0.488880m/0.049958rad right=0.000000m/0.000000rad.
156: FAIL: rescue rig/attachment resolution: Final composed player item Grip exceeded position/orientation tolerance: left=0.484872m/0.049958rad right=0.000000m/0.000000rad.
156: FAIL: rescue rig/attachment resolution: Final composed player item Grip exceeded position/orientation tolerance: left=0.483155m/0.049958rad right=0.000000m/0.000000rad.
156: FAIL: rescue rig/attachment resolution: Final composed player item Grip exceeded position/orientation tolerance: left=0.483156m/0.049958rad right=0.000000m/0.000000rad.
156: FAIL: rescue rig/attachment resolution: Final composed player item Grip exceeded position/orientation tolerance: left=0.484167m/0.049958rad right=0.000000m/0.000000rad.
156: FAIL: rescue rig/attachment resolution: Final composed player item Grip exceeded position/orientation tolerance: left=0.486998m/0.049958rad right=0.000000m/0.000000rad.
156: FAIL: rescue rig/attachment resolution: Final composed player item Grip exceeded position/orientation tolerance: left=0.491596m/0.049958rad right=0.000000m/0.000000rad.
156: FAIL: rescue rig/attachment resolution: Final composed player item Grip exceeded position/orientation tolerance: left=0.497605m/0.049958rad right=0.000000m/0.000000rad.
156: FAIL: rescue rig/attachment resolution: Final composed player item Grip exceeded position/orientation tolerance: left=0.504119m/0.049958rad right=0.000000m/0.000000rad.
156: FAIL: rescue rig/attachment resolution: Final composed player item Grip exceeded position/orientation tolerance: left=0.509705m/0.049958rad right=0.000000m/0.000000rad.
156: FAIL: rescue rig/attachment resolution: Final composed player item Grip exceeded position/orientation tolerance: left=0.512638m/0.049958rad right=0.000000m/0.000000rad.
156: FAIL: rescue rig/attachment resolution: Final composed player item Grip exceeded position/orientation tolerance: left=0.512880m/0.049958rad right=0.000000m/0.000000rad.
156: FAIL: rescue rig/attachment resolution: Final composed player item Grip exceeded position/orientation tolerance: left=0.510706m/0.049958rad right=0.000000m/0.000000rad.
156: FAIL: rescue rig/attachment resolution: Final composed player item Grip exceeded position/orientation tolerance: left=0.505076m/0.049958rad right=0.000000m/0.000000rad.
156: FAIL: rescue rig/attachment resolution: Final composed player item Grip exceeded position/orientation tolerance: left=0.497902m/0.049958rad right=0.000000m/0.000000rad.
156: FAIL: rescue rig/attachment resolution: Final composed player item Grip exceeded position/orientation tolerance: left=0.490861m/0.049958rad right=0.000000m/0.000000rad.
156: FAIL: rescue rig/attachment resolution: Final composed player item Grip exceeded position/orientation tolerance: left=0.485195m/0.049958rad right=0.000000m/0.000000rad.
156: FAIL: rescue rig/attachment resolution: Final composed player item Grip exceeded position/orientation tolerance: left=0.481504m/0.049958rad right=0.000000m/0.000000rad.
156: FAIL: rescue rig/attachment resolution: Final composed player item Grip exceeded position/orientation tolerance: left=0.480036m/0.049958rad right=0.000000m/0.000000rad.
156: FAIL: rescue rig/attachment resolution: Final composed player item Grip exceeded position/orientation tolerance: left=0.480230m/0.049958rad right=0.000000m/0.000000rad.
156: FAIL: rescue rig/attachment resolution: Final composed player item Grip exceeded position/orientation tolerance: left=0.481422m/0.049958rad right=0.000000m/0.000000rad.
156: FAIL: rescue rig/attachment resolution: Final composed player item Grip exceeded position/orientation tolerance: left=0.484439m/0.049958rad right=0.000000m/0.000000rad.
156: FAIL: rescue rig/attachment resolution: Final composed player item Grip exceeded position/orientation tolerance: left=0.489220m/0.049958rad right=0.000000m/0.000000rad.
156: FAIL: rescue rig/attachment resolution: Final composed player item Grip exceeded position/orientation tolerance: left=0.495400m/0.049958rad right=0.000000m/0.000000rad.
156: FAIL: rescue rig/attachment resolution: Final composed player item Grip exceeded position/orientation tolerance: left=0.502056m/0.049958rad right=0.000000m/0.000000rad.
156: FAIL: rescue rig/attachment resolution: Final composed player item Grip exceeded position/orientation tolerance: left=0.507735m/0.049958rad right=0.000000m/0.000000rad.
156: FAIL: rescue rig/attachment resolution: Final composed player item Grip exceeded position/orientation tolerance: left=0.510698m/0.049958rad right=0.000000m/0.000000rad.
156: FAIL: rescue rig/attachment resolution: Final composed player item Grip exceeded position/orientation tolerance: left=0.510896m/0.049958rad right=0.000000m/0.000000rad.
156: FAIL: rescue rig/attachment resolution: Final composed player item Grip exceeded position/orientation tolerance: left=0.508643m/0.049958rad right=0.000000m/0.000000rad.
156: FAIL: rescue rig/attachment resolution: Final composed player item Grip exceeded position/orientation tolerance: left=0.502904m/0.049958rad right=0.000000m/0.000000rad.
156: FAIL: rescue rig/attachment resolution: Final composed player item Grip exceeded position/orientation tolerance: left=0.495568m/0.049958rad right=0.000000m/0.000000rad.
156: FAIL: rescue rig/attachment resolution: Final composed player item Grip exceeded position/orientation tolerance: left=0.488326m/0.049958rad right=0.000000m/0.000000rad.
156: FAIL: rescue rig/attachment resolution: Final composed player item Grip exceeded position/orientation tolerance: left=0.482377m/0.049958rad right=0.000000m/0.000000rad.
156: FAIL: rescue rig/attachment resolution: Final composed player item Grip exceeded position/orientation tolerance: left=0.478366m/0.049958rad right=0.000000m/0.000000rad.
156: FAIL: rescue rig/attachment resolution: Final composed player item Grip exceeded position/orientation tolerance: left=0.476569m/0.049958rad right=0.000000m/0.000000rad.
156: FAIL: rescue rig/attachment resolution: Final composed player item Grip exceeded position/orientation tolerance: left=0.476409m/0.049958rad right=0.000000m/0.000000rad.
156: FAIL: rescue rig/attachment resolution: Final composed player item Grip exceeded position/orientation tolerance: left=0.477268m/0.049958rad right=0.000000m/0.000000rad.
156: FAIL: rescue rig/attachment resolution: Final composed player item Grip exceeded position/orientation tolerance: left=0.479991m/0.049958rad right=0.000000m/0.000000rad.
156: FAIL: rescue rig/attachment resolution: Final composed player item Grip exceeded position/orientation tolerance: left=0.484502m/0.049958rad right=0.000000m/0.000000rad.
156: FAIL: rescue rig/attachment resolution: Final composed player item Grip exceeded position/orientation tolerance: left=0.490424m/0.049958rad right=0.000000m/0.000000rad.
156: FAIL: rescue rig/attachment resolution: Final composed player item Grip exceeded position/orientation tolerance: left=0.496811m/0.049958rad right=0.000000m/0.000000rad.
156: FAIL: rescue rig/attachment resolution: Final composed player item Grip exceeded position/orientation tolerance: left=0.502201m/0.049958rad right=0.000000m/0.000000rad.
156: FAIL: rescue rig/attachment resolution: Final composed player item Grip exceeded position/orientation tolerance: left=0.504830m/0.049958rad right=0.000000m/0.000000rad.
156: FAIL: rescue rig/attachment resolution: Final composed player item Grip exceeded position/orientation tolerance: left=0.504662m/0.049958rad right=0.000000m/0.000000rad.
156: FAIL: rescue rig/attachment resolution: Final composed player item Grip exceeded position/orientation tolerance: left=0.502057m/0.049958rad right=0.000000m/0.000000rad.
156: FAIL: rescue rig/attachment resolution: Final composed player item Grip exceeded position/orientation tolerance: left=0.495993m/0.049958rad right=0.000000m/0.000000rad.
156: Rescue rig attachment cases=5770 failures=877 sampled_poses=877 max_left_reach=0.591965@phase=6 max_right_reach=0.774667@phase=3
5/5 Test #156: horde_rt_rescue_rig_attachment_tests ........***Failed   11.81 sec
FAIL: rescue rig/attachment resolution: Final composed player item Grip exceeded position/orientation tolerance: left=0.526793m/0.049958rad right=0.000000m/0.000000rad.
FAIL: rescue rig/attachment resolution: Final composed player item Grip exceeded position/orientation tolerance: left=0.508032m/0.049958rad right=0.000000m/0.000000rad.
FAIL: rescue rig/attachment resolution: Final composed player item Grip exceeded position/orientation tolerance: left=0.490527m/0.049958rad right=0.000000m/0.000000rad.
FAIL: rescue rig/attachment resolution: Final composed player item Grip exceeded position/orientation tolerance: left=0.481943m/0.049958rad right=0.000000m/0.000000rad.
FAIL: rescue rig/attachment resolution: Final composed player item Grip exceeded position/orientation tolerance: left=0.477878m/0.049958rad right=0.000000m/0.000000rad.
FAIL: rescue rig/attachment resolution: Final composed player item Grip exceeded position/orientation tolerance: left=0.477890m/0.049958rad right=0.000000m/0.000000rad.
FAIL: rescue rig/attachment resolution: Final composed player item Grip exceeded position/orientation tolerance: left=0.480935m/0.049958rad right=0.000000m/0.000000rad.
FAIL: rescue rig/attachment resolution: Final composed player item Grip exceeded position/orientation tolerance: left=0.488818m/0.049958rad right=0.000000m/0.000000rad.
FAIL: rescue rig/attachment resolution: Final composed player item Grip exceeded position/orientation tolerance: left=0.500133m/0.049958rad right=0.000000m/0.000000rad.
FAIL: rescue rig/attachment resolution: Final composed player item Grip exceeded position/orientation tolerance: left=0.513227m/0.049958rad right=0.000000m/0.000000rad.
FAIL: rescue rig/attachment resolution: Final composed player item Grip exceeded position/orientation tolerance: left=0.526056m/0.049958rad right=0.000000m/0.000000rad.
FAIL: rescue rig/attachment resolution: Final composed player item Grip exceeded position/orientation tolerance: left=0.536235m/0.049958rad right=0.000000m/0.000000rad.
FAIL: rescue rig/attachment resolution: Final composed player item Grip exceeded position/orientation tolerance: left=0.541211m/0.049958rad right=0.000000m/0.000000rad.
FAIL: rescue rig/attachment resolution: Final composed player item Grip exceeded position/orientation tolerance: left=0.541310m/0.049958rad right=0.000000m/0.000000rad.
FAIL: rescue rig/attachment resolution: Final composed player item Grip exceeded position/orientation tolerance: left=0.537556m/0.049958rad right=0.000000m/0.000000rad.
FAIL: rescue rig/attachment resolution: Final composed player item Grip exceeded position/orientation tolerance: left=0.528101m/0.049958rad right=0.000000m/0.000000rad.
FAIL: rescue rig/attachment resolution: Final composed player item Grip exceeded position/orientation tolerance: left=0.515520m/0.049958rad right=0.000000m/0.000000rad.
FAIL: rescue rig/attachment resolution: Final composed player item Grip exceeded position/orientation tolerance: left=0.502261m/0.049958rad right=0.000000m/0.000000rad.
FAIL: rescue rig/attachment resolution: Final composed player item Grip exceeded position/orientation tolerance: left=0.490441m/0.049958rad right=0.000000m/0.000000rad.
FAIL: rescue rig/attachment resolution: Final composed player item Grip exceeded position/orientation tolerance: left=0.481777m/0.049958rad right=0.000000m/0.000000rad.
FAIL: rescue rig/attachment resolution: Final composed player item Grip exceeded position/orientation tolerance: left=0.477685m/0.049958rad right=0.000000m/0.000000rad.
FAIL: rescue rig/attachment resolution: Final composed player item Grip exceeded position/orientation tolerance: left=0.477443m/0.049958rad right=0.000000m/0.000000rad.
FAIL: rescue rig/attachment resolution: Final composed player item Grip exceeded position/orientation tolerance: left=0.480215m/0.049958rad right=0.000000m/0.000000rad.
FAIL: rescue rig/attachment resolution: Final composed player item Grip exceeded position/orientation tolerance: left=0.487827m/0.049958rad right=0.000000m/0.000000rad.
FAIL: rescue rig/attachment resolution: Final composed player item Grip exceeded position/orientation tolerance: left=0.498887m/0.049958rad right=0.000000m/0.000000rad.
FAIL: rescue rig/attachment resolution: Final composed player item Grip exceeded position/orientation tolerance: left=0.511760m/0.049958rad right=0.000000m/0.000000rad.
FAIL: rescue rig/attachment resolution: Final composed player item Grip exceeded position/orientation tolerance: left=0.524511m/0.049958rad right=0.000000m/0.000000rad.
FAIL: rescue rig/attachment resolution: Final composed player item Grip exceeded position/orientation tolerance: left=0.534728m/0.049958rad right=0.000000m/0.000000rad.
FAIL: rescue rig/attachment resolution: Final composed player item Grip exceeded position/orientation tolerance: left=0.539777m/0.049958rad right=0.000000m/0.000000rad.
FAIL: rescue rig/attachment resolution: Final composed player item Grip exceeded position/orientation tolerance: left=0.539972m/0.049958rad right=0.000000m/0.000000rad.
FAIL: rescue rig/attachment resolution: Final composed player item Grip exceeded position/orientation tolerance: left=0.536319m/0.049958rad right=0.000000m/0.000000rad.
FAIL: rescue rig/attachment resolution: Final composed player item Grip exceeded position/orientation tolerance: left=0.526955m/0.049958rad right=0.000000m/0.000000rad.
FAIL: rescue rig/attachment resolution: Final composed player item Grip exceeded position/orientation tolerance: left=0.514453m/0.049958rad right=0.000000m/0.000000rad.
FAIL: rescue rig/attachment resolution: Final composed player item Grip exceeded position/orientation tolerance: left=0.501262m/0.049958rad right=0.000000m/0.000000rad.
FAIL: rescue rig/attachment resolution: Final composed player item Grip exceeded position/orientation tolerance: left=0.489507m/0.049958rad right=0.000000m/0.000000rad.
FAIL: rescue rig/attachment resolution: Final composed player item Grip exceeded position/orientation tolerance: left=0.480913m/0.049958rad right=0.000000m/0.000000rad.
FAIL: rescue rig/attachment resolution: Final composed player item Grip exceeded position/orientation tolerance: left=0.476911m/0.049958rad right=0.000000m/0.000000rad.
FAIL: rescue rig/attachment resolution: Final composed player item Grip exceeded position/orientation tolerance: left=0.476784m/0.049958rad right=0.000000m/0.000000rad.
FAIL: rescue rig/attachment resolution: Final composed player item Grip exceeded position/orientation tolerance: left=0.479698m/0.049958rad right=0.000000m/0.000000rad.
FAIL: rescue rig/attachment resolution: Final composed player item Grip exceeded position/orientation tolerance: left=0.487485m/0.049958rad right=0.000000m/0.000000rad.
FAIL: rescue rig/attachment resolution: Final composed player item Grip exceeded position/orientation tolerance: left=0.498743m/0.049958rad right=0.000000m/0.000000rad.
FAIL: rescue rig/attachment resolution: Final composed player item Grip exceeded position/orientation tolerance: left=0.511823m/0.049958rad right=0.000000m/0.000000rad.
FAIL: rescue rig/attachment resolution: Final composed player item Grip exceeded position/orientation tolerance: left=0.524674m/0.049958rad right=0.000000m/0.000000rad.
FAIL: rescue rig/attachment resolution: Final composed player item Grip exceeded position/orientation tolerance: left=0.534901m/0.049958rad right=0.000000m/0.000000rad.
FAIL: rescue rig/attachment resolution: Final composed player item Grip exceeded position/orientation tolerance: left=0.539930m/0.049958rad right=0.000000m/0.000000rad.
FAIL: rescue rig/attachment resolution: Final composed player item Grip exceeded position/orientation tolerance: left=0.540079m/0.049958rad right=0.000000m/0.000000rad.
FAIL: rescue rig/attachment resolution: Final composed player item Grip exceeded position/orientation tolerance: left=0.536372m/0.049958rad right=0.000000m/0.000000rad.
FAIL: rescue rig/attachment resolution: Final composed player item Grip exceeded position/orientation tolerance: left=0.526956m/0.049958rad right=0.000000m/0.000000rad.
FAIL: rescue rig/attachment resolution: Final composed player item Grip exceeded position/orientation tolerance: left=0.514415m/0.049958rad right=0.000000m/0.000000rad.
FAIL: rescue rig/attachment resolution: Final composed player item Grip exceeded position/orientation tolerance: left=0.501201m/0.049958rad right=0.000000m/0.000000rad.
FAIL: rescue rig/attachment resolution: Final composed player item Grip exceeded position/orientation tolerance: left=0.489442m/0.049958rad right=0.000000m/0.000000rad.
FAIL: rescue rig/attachment resolution: Final composed player item Grip exceeded position/orientation tolerance: left=0.480857m/0.049958rad right=0.000000m/0.000000rad.
FAIL: rescue rig/attachment resolution: Final composed player item Grip exceeded position/orientation tolerance: left=0.476865m/0.049958rad right=0.000000m/0.000000rad.
FAIL: rescue rig/attachment resolution: Final composed player item Grip exceeded position/orientation tolerance: left=0.476739m/0.049958rad right=0.000000m/0.000000rad.
FAIL: rescue rig/attachment resolution: Final composed player item Grip exceeded position/orientation tolerance: left=0.479640m/0.049958rad right=0.000000m/0.000000rad.
FAIL: rescue rig/attachment resolution: Final composed player item Grip exceeded position/orientation tolerance: left=0.487386m/0.049958rad right=0.000000m/0.000000rad.
FAIL: rescue rig/attachment resolution: Final composed player item Grip exceeded position/orientation tolerance: left=0.498613m/0.049958rad right=0.000000m/0.000000rad.
FAIL: rescue rig/attachment resolution: Final composed player item Grip exceeded position/orientation tolerance: left=0.511782m/0.049958rad right=0.000000m/0.000000rad.
FAIL: rescue rig/attachment resolution: Final composed player item Grip exceeded position/orientation tolerance: left=0.524734m/0.049958rad right=0.000000m/0.000000rad.
FAIL: rescue rig/attachment resolution: Final composed player item Grip exceeded position/orientation tolerance: left=0.535074m/0.049958rad right=0.000000m/0.000000rad.
FAIL: rescue rig/attachment resolution: Final composed player item Grip exceeded position/orientation tolerance: left=0.540235m/0.049958rad right=0.000000m/0.000000rad.
FAIL: rescue rig/attachment resolution: Final composed player item Grip exceeded position/orientation tolerance: left=0.540535m/0.049958rad right=0.000000m/0.000000rad.
FAIL: rescue rig/attachment resolution: Final composed player item Grip exceeded position/orientation tolerance: left=0.536984m/0.049958rad right=0.000000m/0.000000rad.
FAIL: rescue rig/attachment resolution: Final composed player item Grip exceeded position/orientation tolerance: left=0.527719m/0.049958rad right=0.000000m/0.000000rad.
FAIL: rescue rig/attachment resolution: Final composed player item Grip exceeded position/orientation tolerance: left=0.515316m/0.049958rad right=0.000000m/0.000000rad.
FAIL: rescue rig/attachment resolution: Final composed player item Grip exceeded position/orientation tolerance: left=0.502220m/0.049958rad right=0.000000m/0.000000rad.
FAIL: rescue rig/attachment resolution: Final composed player item Grip exceeded position/orientation tolerance: left=0.490554m/0.049958rad right=0.000000m/0.000000rad.
FAIL: rescue rig/attachment resolution: Final composed player item Grip exceeded position/orientation tolerance: left=0.482037m/0.049958rad right=0.000000m/0.000000rad.
FAIL: rescue rig/attachment resolution: Final composed player item Grip exceeded position/orientation tolerance: left=0.478091m/0.049958rad right=0.000000m/0.000000rad.
FAIL: rescue rig/attachment resolution: Final composed player item Grip exceeded position/orientation tolerance: left=0.478001m/0.049958rad right=0.000000m/0.000000rad.
FAIL: rescue rig/attachment resolution: Final composed player item Grip exceeded position/orientation tolerance: left=0.480928m/0.049958rad right=0.000000m/0.000000rad.
FAIL: rescue rig/attachment resolution: Final composed player item Grip exceeded position/orientation tolerance: left=0.488702m/0.049958rad right=0.000000m/0.000000rad.
FAIL: rescue rig/attachment resolution: Final composed player item Grip exceeded position/orientation tolerance: left=0.499924m/0.049958rad right=0.000000m/0.000000rad.
FAIL: rescue rig/attachment resolution: Final composed player item Grip exceeded position/orientation tolerance: left=0.512950m/0.049958rad right=0.000000m/0.000000rad.
FAIL: rescue rig/attachment resolution: Final composed player item Grip exceeded position/orientation tolerance: left=0.525740m/0.049958rad right=0.000000m/0.000000rad.
FAIL: rescue rig/attachment resolution: Final composed player item Grip exceeded position/orientation tolerance: left=0.535898m/0.049958rad right=0.000000m/0.000000rad.
FAIL: rescue rig/attachment resolution: Final composed player item Grip exceeded position/orientation tolerance: left=0.540859m/0.049958rad right=0.000000m/0.000000rad.
FAIL: rescue rig/attachment resolution: Final composed player item Grip exceeded position/orientation tolerance: left=0.540939m/0.049958rad right=0.000000m/0.000000rad.
FAIL: rescue rig/attachment resolution: Final composed player item Grip exceeded position/orientation tolerance: left=0.537158m/0.049958rad right=0.000000m/0.000000rad.
FAIL: rescue rig/attachment resolution: Final composed player item Grip exceeded position/orientation tolerance: left=0.527670m/0.049958rad right=0.000000m/0.000000rad.
FAIL: rescue rig/attachment resolution: Final composed player item Grip exceeded position/orientation tolerance: left=0.515050m/0.049958rad right=0.000000m/0.000000rad.
FAIL: rescue rig/attachment resolution: Final composed player item Grip exceeded position/orientation tolerance: left=0.501750m/0.049958rad right=0.000000m/0.000000rad.
FAIL: rescue rig/attachment resolution: Final composed player item Grip exceeded position/orientation tolerance: left=0.489892m/0.049958rad right=0.000000m/0.000000rad.
FAIL: rescue rig/attachment resolution: Final composed player item Grip exceeded position/orientation tolerance: left=0.481196m/0.049958rad right=0.000000m/0.000000rad.
FAIL: rescue rig/attachment resolution: Final composed player item Grip exceeded position/orientation tolerance: left=0.477077m/0.049958rad right=0.000000m/0.000000rad.
FAIL: rescue rig/attachment resolution: Final composed player item Grip exceeded position/orientation tolerance: left=0.476816m/0.049958rad right=0.000000m/0.000000rad.
FAIL: rescue rig/attachment resolution: Final composed player item Grip exceeded position/orientation tolerance: left=0.479577m/0.049958rad right=0.000000m/0.000000rad.
FAIL: rescue rig/attachment resolution: Final composed player item Grip exceeded position/orientation tolerance: left=0.487300m/0.049958rad right=0.000000m/0.000000rad.
FAIL: rescue rig/attachment resolution: Final composed player item Grip exceeded position/orientation tolerance: left=0.498520m/0.049958rad right=0.000000m/0.000000rad.
FAIL: rescue rig/attachment resolution: Final composed player item Grip exceeded position/orientation tolerance: left=0.511574m/0.049958rad right=0.000000m/0.000000rad.
FAIL: rescue rig/attachment resolution: Final composed player item Grip exceeded position/orientation tolerance: left=0.524415m/0.049958rad right=0.000000m/0.000000rad.
FAIL: rescue rig/attachment resolution: Final composed player item Grip exceeded position/orientation tolerance: left=0.534652m/0.049958rad right=0.000000m/0.000000rad.
FAIL: rescue rig/attachment resolution: Final composed player item Grip exceeded position/orientation tolerance: left=0.539705m/0.049958rad right=0.000000m/0.000000rad.
FAIL: rescue rig/attachment resolution: Final composed player item Grip exceeded position/orientation tolerance: left=0.539894m/0.049958rad right=0.000000m/0.000000rad.
FAIL: rescue rig/attachment resolution: Final composed player item Grip exceeded position/orientation tolerance: left=0.536234m/0.049958rad right=0.000000m/0.000000rad.
FAIL: rescue rig/attachment resolution: Final composed player item Grip exceeded position/orientation tolerance: left=0.526854m/0.049958rad right=0.000000m/0.000000rad.
FAIL: rescue rig/attachment resolution: Final composed player item Grip exceeded position/orientation tolerance: left=0.514333m/0.049958rad right=0.000000m/0.000000rad.
FAIL: rescue rig/attachment resolution: Final composed player item Grip exceeded position/orientation tolerance: left=0.501123m/0.049958rad right=0.000000m/0.000000rad.
FAIL: rescue rig/attachment resolution: Final composed player item Grip exceeded position/orientation tolerance: left=0.489354m/0.049958rad right=0.000000m/0.000000rad.
FAIL: rescue rig/attachment resolution: Final composed player item Grip exceeded position/orientation tolerance: left=0.480750m/0.049958rad right=0.000000m/0.000000rad.
FAIL: rescue rig/attachment resolution: Final composed player item Grip exceeded position/orientation tolerance: left=0.476744m/0.049958rad right=0.000000m/0.000000rad.
FAIL: rescue rig/attachment resolution: Final composed player item Grip exceeded position/orientation tolerance: left=0.476616m/0.049958rad right=0.000000m/0.000000rad.
FAIL: rescue rig/attachment resolution: Final composed player item Grip exceeded position/orientation tolerance: left=0.479529m/0.049958rad right=0.000000m/0.000000rad.
FAIL: rescue rig/attachment resolution: Final composed player item Grip exceeded position/orientation tolerance: left=0.487315m/0.049958rad right=0.000000m/0.000000rad.
FAIL: rescue rig/attachment resolution: Final composed player item Grip exceeded position/orientation tolerance: left=0.498571m/0.049958rad right=0.000000m/0.000000rad.
FAIL: rescue rig/attachment resolution: Final composed player item Grip exceeded position/orientation tolerance: left=0.511649m/0.049958rad right=0.000000m/0.000000rad.
FAIL: rescue rig/attachment resolution: Final composed player item Grip exceeded position/orientation tolerance: left=0.524498m/0.049958rad right=0.000000m/0.000000rad.
FAIL: rescue rig/attachment resolution: Final composed player item Grip exceeded position/orientation tolerance: left=0.534720m/0.049958rad right=0.000000m/0.000000rad.
FAIL: rescue rig/attachment resolution: Final composed player item Grip exceeded position/orientation tolerance: left=0.539742m/0.049958rad right=0.000000m/0.000000rad.
FAIL: rescue rig/attachment resolution: Final composed player item Grip exceeded position/orientation tolerance: left=0.539883m/0.049958rad right=0.000000m/0.000000rad.
FAIL: rescue rig/attachment resolution: Final composed player item Grip exceeded position/orientation tolerance: left=0.536169m/0.049958rad right=0.000000m/0.000000rad.
FAIL: rescue rig/attachment resolution: Final composed player item Grip exceeded position/orientation tolerance: left=0.526751m/0.049958rad right=0.000000m/0.000000rad.
FAIL: rescue rig/attachment resolution: Final composed player item Grip exceeded position/orientation tolerance: left=0.514211m/0.049958rad right=0.000000m/0.000000rad.
FAIL: rescue rig/attachment resolution: Final composed player item Grip exceeded position/orientation tolerance: left=0.501005m/0.049958rad right=0.000000m/0.000000rad.
FAIL: rescue rig/attachment resolution: Final composed player item Grip exceeded position/orientation tolerance: left=0.489257m/0.049958rad right=0.000000m/0.000000rad.
FAIL: rescue rig/attachment resolution: Final composed player item Grip exceeded position/orientation tolerance: left=0.480682m/0.049958rad right=0.000000m/0.000000rad.
FAIL: rescue rig/attachment resolution: Final composed player item Grip exceeded position/orientation tolerance: left=0.476696m/0.049958rad right=0.000000m/0.000000rad.
FAIL: rescue rig/attachment resolution: Final composed player item Grip exceeded position/orientation tolerance: left=0.476627m/0.049958rad right=0.000000m/0.000000rad.
FAIL: rescue rig/attachment resolution: Final composed player item Grip exceeded position/orientation tolerance: left=0.479665m/0.049958rad right=0.000000m/0.000000rad.
FAIL: rescue rig/attachment resolution: Final composed player item Grip exceeded position/orientation tolerance: left=0.487554m/0.049958rad right=0.000000m/0.000000rad.
FAIL: rescue rig/attachment resolution: Final composed player item Grip exceeded position/orientation tolerance: left=0.498903m/0.049958rad right=0.000000m/0.000000rad.
FAIL: rescue rig/attachment resolution: Final composed player item Grip exceeded position/orientation tolerance: left=0.512073m/0.049958rad right=0.000000m/0.000000rad.
FAIL: rescue rig/attachment resolution: Final composed player item Grip exceeded position/orientation tolerance: left=0.525021m/0.049958rad right=0.000000m/0.000000rad.
FAIL: rescue rig/attachment resolution: Final composed player item Grip exceeded position/orientation tolerance: left=0.535350m/0.049958rad right=0.000000m/0.000000rad.
FAIL: rescue rig/attachment resolution: Final composed player item Grip exceeded position/orientation tolerance: left=0.540491m/0.049958rad right=0.000000m/0.000000rad.
FAIL: rescue rig/attachment resolution: Final composed player item Grip exceeded position/orientation tolerance: left=0.540760m/0.049958rad right=0.000000m/0.000000rad.
FAIL: rescue rig/attachment resolution: Final composed player item Grip exceeded position/orientation tolerance: left=0.537175m/0.049958rad right=0.000000m/0.000000rad.
FAIL: rescue rig/attachment resolution: Final composed player item Grip exceeded position/orientation tolerance: left=0.527871m/0.049958rad right=0.000000m/0.000000rad.
FAIL: rescue rig/attachment resolution: Final composed player item Grip exceeded position/orientation tolerance: left=0.515425m/0.049958rad right=0.000000m/0.000000rad.
FAIL: rescue rig/attachment resolution: Final composed player item Grip exceeded position/orientation tolerance: left=0.502282m/0.049958rad right=0.000000m/0.000000rad.
FAIL: rescue rig/attachment resolution: Final composed player item Grip exceeded position/orientation tolerance: left=0.490569m/0.049958rad right=0.000000m/0.000000rad.
FAIL: rescue rig/attachment resolution: Final composed player item Grip exceeded position/orientation tolerance: left=0.482004m/0.049958rad right=0.000000m/0.000000rad.
FAIL: rescue rig/attachment resolution: Final composed player item Grip exceeded position/orientation tolerance: left=0.478012m/0.049958rad right=0.000000m/0.000000rad.
FAIL: rescue rig/attachment resolution: Final composed player item Grip exceeded position/orientation tolerance: left=0.477873m/0.049958rad right=0.000000m/0.000000rad.
FAIL: rescue rig/attachment resolution: Final composed player item Grip exceeded position/orientation tolerance: left=0.480753m/0.049958rad right=0.000000m/0.000000rad.
FAIL: rescue rig/attachment resolution: Final composed player item Grip exceeded position/orientation tolerance: left=0.488478m/0.049958rad right=0.000000m/0.000000rad.
FAIL: rescue rig/attachment resolution: Final composed player item Grip exceeded position/orientation tolerance: left=0.499657m/0.049958rad right=0.000000m/0.000000rad.
FAIL: rescue rig/attachment resolution: Final composed player item Grip exceeded position/orientation tolerance: left=0.512641m/0.049958rad right=0.000000m/0.000000rad.
FAIL: rescue rig/attachment resolution: Final composed player item Grip exceeded position/orientation tolerance: left=0.525391m/0.049958rad right=0.000000m/0.000000rad.
FAIL: rescue rig/attachment resolution: Final composed player item Grip exceeded position/orientation tolerance: left=0.535512m/0.049958rad right=0.000000m/0.000000rad.
FAIL: rescue rig/attachment resolution: Final composed player item Grip exceeded position/orientation tolerance: left=0.540436m/0.049958rad right=0.000000m/0.000000rad.
FAIL: rescue rig/attachment resolution: Final composed player item Grip exceeded position/orientation tolerance: left=0.540479m/0.049958rad right=0.000000m/0.000000rad.
FAIL: rescue rig/attachment resolution: Final composed player item Grip exceeded position/orientation tolerance: left=0.536666m/0.049958rad right=0.000000m/0.000000rad.
FAIL: rescue rig/attachment resolution: Final composed player item Grip exceeded position/orientation tolerance: left=0.527145m/0.049958rad right=0.000000m/0.000000rad.
FAIL: rescue rig/attachment resolution: Final composed player item Grip exceeded position/orientation tolerance: left=0.514501m/0.049958rad right=0.000000m/0.000000rad.
FAIL: rescue rig/attachment resolution: Final composed player item Grip exceeded position/orientation tolerance: left=0.501183m/0.049958rad right=0.000000m/0.000000rad.
FAIL: rescue rig/attachment resolution: Final composed player item Grip exceeded position/orientation tolerance: left=0.489316m/0.049958rad right=0.000000m/0.000000rad.
FAIL: rescue rig/attachment resolution: Final composed player item Grip exceeded position/orientation tolerance: left=0.480614m/0.049958rad right=0.000000m/0.000000rad.
FAIL: rescue rig/attachment resolution: Final composed player item Grip exceeded position/orientation tolerance: left=0.476632m/0.049958rad right=0.000000m/0.000000rad.
FAIL: rescue rig/attachment resolution: Final composed player item Grip exceeded position/orientation tolerance: left=0.476509m/0.049958rad right=0.000000m/0.000000rad.
FAIL: rescue rig/attachment resolution: Final composed player item Grip exceeded position/orientation tolerance: left=0.479414m/0.049958rad right=0.000000m/0.000000rad.
FAIL: rescue rig/attachment resolution: Final composed player item Grip exceeded position/orientation tolerance: left=0.487180m/0.049958rad right=0.000000m/0.000000rad.
FAIL: rescue rig/attachment resolution: Final composed player item Grip exceeded position/orientation tolerance: left=0.498418m/0.049958rad right=0.000000m/0.000000rad.
FAIL: rescue rig/attachment resolution: Final composed player item Grip exceeded position/orientation tolerance: left=0.511491m/0.049958rad right=0.000000m/0.000000rad.
FAIL: rescue rig/attachment resolution: Final composed player item Grip exceeded position/orientation tolerance: left=0.524350m/0.049958rad right=0.000000m/0.000000rad.
FAIL: rescue rig/attachment resolution: Final composed player item Grip exceeded position/orientation tolerance: left=0.534596m/0.049958rad right=0.000000m/0.000000rad.
FAIL: rescue rig/attachment resolution: Final composed player item Grip exceeded position/orientation tolerance: left=0.539651m/0.049958rad right=0.000000m/0.000000rad.
FAIL: rescue rig/attachment resolution: Final composed player item Grip exceeded position/orientation tolerance: left=0.539834m/0.049958rad right=0.000000m/0.000000rad.
FAIL: rescue rig/attachment resolution: Final composed player item Grip exceeded position/orientation tolerance: left=0.536163m/0.049958rad right=0.000000m/0.000000rad.
FAIL: rescue rig/attachment resolution: Final composed player item Grip exceeded position/orientation tolerance: left=0.526772m/0.049958rad right=0.000000m/0.000000rad.
FAIL: rescue rig/attachment resolution: Final composed player item Grip exceeded position/orientation tolerance: left=0.514239m/0.049958rad right=0.000000m/0.000000rad.
FAIL: rescue rig/attachment resolution: Final composed player item Grip exceeded position/orientation tolerance: left=0.501020m/0.049958rad right=0.000000m/0.000000rad.
FAIL: rescue rig/attachment resolution: Final composed player item Grip exceeded position/orientation tolerance: left=0.489244m/0.049958rad right=0.000000m/0.000000rad.
FAIL: rescue rig/attachment resolution: Final composed player item Grip exceeded position/orientation tolerance: left=0.480636m/0.049958rad right=0.000000m/0.000000rad.
FAIL: rescue rig/attachment resolution: Final composed player item Grip exceeded position/orientation tolerance: left=0.476628m/0.049958rad right=0.000000m/0.000000rad.
FAIL: rescue rig/attachment resolution: Final composed player item Grip exceeded position/orientation tolerance: left=0.476497m/0.049958rad right=0.000000m/0.000000rad.
FAIL: rescue rig/attachment resolution: Final composed player item Grip exceeded position/orientation tolerance: left=0.479406m/0.049958rad right=0.000000m/0.000000rad.
FAIL: rescue rig/attachment resolution: Final composed player item Grip exceeded position/orientation tolerance: left=0.487186m/0.049958rad right=0.000000m/0.000000rad.
FAIL: rescue rig/attachment resolution: Final composed player item Grip exceeded position/orientation tolerance: left=0.498436m/0.049958rad right=0.000000m/0.000000rad.
FAIL: rescue rig/attachment resolution: Final composed player item Grip exceeded position/orientation tolerance: left=0.511506m/0.049958rad right=0.000000m/0.000000rad.
FAIL: rescue rig/attachment resolution: Final composed player item Grip exceeded position/orientation tolerance: left=0.524347m/0.049958rad right=0.000000m/0.000000rad.
FAIL: rescue rig/attachment resolution: Final composed player item Grip exceeded position/orientation tolerance: left=0.534560m/0.049958rad right=0.000000m/0.000000rad.
FAIL: rescue rig/attachment resolution: Final composed player item Grip exceeded position/orientation tolerance: left=0.539576m/0.049958rad right=0.000000m/0.000000rad.
FAIL: rescue rig/attachment resolution: Final composed player item Grip exceeded position/orientation tolerance: left=0.539713m/0.049958rad right=0.000000m/0.000000rad.
FAIL: rescue rig/attachment resolution: Final composed player item Grip exceeded position/orientation tolerance: left=0.535997m/0.049958rad right=0.000000m/0.000000rad.
FAIL: rescue rig/attachment resolution: Final composed player item Grip exceeded position/orientation tolerance: left=0.526580m/0.049958rad right=0.000000m/0.000000rad.
FAIL: rescue rig/attachment resolution: Final composed player item Grip exceeded position/orientation tolerance: left=0.514049m/0.049958rad right=0.000000m/0.000000rad.
FAIL: rescue rig/attachment resolution: Final composed player item Grip exceeded position/orientation tolerance: left=0.500854m/0.049958rad right=0.000000m/0.000000rad.
FAIL: rescue rig/attachment resolution: Final composed player item Grip exceeded position/orientation tolerance: left=0.489208m/0.049958rad right=0.000000m/0.000000rad.
FAIL: rescue rig/attachment resolution: Final composed player item Grip exceeded position/orientation tolerance: left=0.480785m/0.049958rad right=0.000000m/0.000000rad.
FAIL: rescue rig/attachment resolution: Final composed player item Grip exceeded position/orientation tolerance: left=0.476938m/0.049958rad right=0.000000m/0.000000rad.
FAIL: rescue rig/attachment resolution: Final composed player item Grip exceeded position/orientation tolerance: left=0.476947m/0.049958rad right=0.000000m/0.000000rad.
FAIL: rescue rig/attachment resolution: Final composed player item Grip exceeded position/orientation tolerance: left=0.479977m/0.049958rad right=0.000000m/0.000000rad.
FAIL: rescue rig/attachment resolution: Final composed player item Grip exceeded position/orientation tolerance: left=0.487856m/0.049958rad right=0.000000m/0.000000rad.
FAIL: rescue rig/attachment resolution: Final composed player item Grip exceeded position/orientation tolerance: left=0.499193m/0.049958rad right=0.000000m/0.000000rad.
FAIL: rescue rig/attachment resolution: Final composed player item Grip exceeded position/orientation tolerance: left=0.512348m/0.049958rad right=0.000000m/0.000000rad.
FAIL: rescue rig/attachment resolution: Final composed player item Grip exceeded position/orientation tolerance: left=0.525277m/0.049958rad right=0.000000m/0.000000rad.
FAIL: rescue rig/attachment resolution: Final composed player item Grip exceeded position/orientation tolerance: left=0.535580m/0.049958rad right=0.000000m/0.000000rad.
FAIL: rescue rig/attachment resolution: Final composed player item Grip exceeded position/orientation tolerance: left=0.540685m/0.049958rad right=0.000000m/0.000000rad.
FAIL: rescue rig/attachment resolution: Final composed player item Grip exceeded position/orientation tolerance: left=0.540918m/0.049958rad right=0.000000m/0.000000rad.
FAIL: rescue rig/attachment resolution: Final composed player item Grip exceeded position/orientation tolerance: left=0.537287m/0.049958rad right=0.000000m/0.000000rad.
FAIL: rescue rig/attachment resolution: Final composed player item Grip exceeded position/orientation tolerance: left=0.527938m/0.049958rad right=0.000000m/0.000000rad.
FAIL: rescue rig/attachment resolution: Final composed player item Grip exceeded position/orientation tolerance: left=0.515447m/0.049958rad right=0.000000m/0.000000rad.
FAIL: rescue rig/attachment resolution: Final composed player item Grip exceeded position/orientation tolerance: left=0.502260m/0.049958rad right=0.000000m/0.000000rad.
FAIL: rescue rig/attachment resolution: Final composed player item Grip exceeded position/orientation tolerance: left=0.490502m/0.049958rad right=0.000000m/0.000000rad.
FAIL: rescue rig/attachment resolution: Final composed player item Grip exceeded position/orientation tolerance: left=0.481893m/0.049958rad right=0.000000m/0.000000rad.
FAIL: rescue rig/attachment resolution: Final composed player item Grip exceeded position/orientation tolerance: left=0.477855m/0.049958rad right=0.000000m/0.000000rad.
FAIL: rescue rig/attachment resolution: Final composed player item Grip exceeded position/orientation tolerance: left=0.477669m/0.049958rad right=0.000000m/0.000000rad.
FAIL: rescue rig/attachment resolution: Final composed player item Grip exceeded position/orientation tolerance: left=0.480503m/0.049958rad right=0.000000m/0.000000rad.
FAIL: rescue rig/attachment resolution: Final composed player item Grip exceeded position/orientation tolerance: left=0.488184m/0.049958rad right=0.000000m/0.000000rad.
FAIL: rescue rig/attachment resolution: Final composed player item Grip exceeded position/orientation tolerance: left=0.499318m/0.049958rad right=0.000000m/0.000000rad.
FAIL: rescue rig/attachment resolution: Final composed player item Grip exceeded position/orientation tolerance: left=0.512266m/0.049958rad right=0.000000m/0.000000rad.
FAIL: rescue rig/attachment resolution: Final composed player item Grip exceeded position/orientation tolerance: left=0.524981m/0.049958rad right=0.000000m/0.000000rad.
FAIL: rescue rig/attachment resolution: Final composed player item Grip exceeded position/orientation tolerance: left=0.535071m/0.049958rad right=0.000000m/0.000000rad.
FAIL: rescue rig/attachment resolution: Final composed player item Grip exceeded position/orientation tolerance: left=0.539969m/0.049958rad right=0.000000m/0.000000rad.
FAIL: rescue rig/attachment resolution: Final composed player item Grip exceeded position/orientation tolerance: left=0.539989m/0.049958rad right=0.000000m/0.000000rad.
FAIL: rescue rig/attachment resolution: Final composed player item Grip exceeded position/orientation tolerance: left=0.536157m/0.049958rad right=0.000000m/0.000000rad.
FAIL: rescue rig/attachment resolution: Final composed player item Grip exceeded position/orientation tolerance: left=0.526625m/0.049958rad right=0.000000m/0.000000rad.
FAIL: rescue rig/attachment resolution: Final composed player item Grip exceeded position/orientation tolerance: left=0.514004m/0.049958rad right=0.000000m/0.000000rad.
FAIL: rescue rig/attachment resolution: Final composed player item Grip exceeded position/orientation tolerance: left=0.500841m/0.049958rad right=0.000000m/0.000000rad.
FAIL: rescue rig/attachment resolution: Final composed player item Grip exceeded position/orientation tolerance: left=0.489118m/0.049958rad right=0.000000m/0.000000rad.
FAIL: rescue rig/attachment resolution: Final composed player item Grip exceeded position/orientation tolerance: left=0.480552m/0.049958rad right=0.000000m/0.000000rad.
FAIL: rescue rig/attachment resolution: Final composed player item Grip exceeded position/orientation tolerance: left=0.476567m/0.049958rad right=0.000000m/0.000000rad.
FAIL: rescue rig/attachment resolution: Final composed player item Grip exceeded position/orientation tolerance: left=0.476443m/0.049958rad right=0.000000m/0.000000rad.
FAIL: rescue rig/attachment resolution: Final composed player item Grip exceeded position/orientation tolerance: left=0.479353m/0.049958rad right=0.000000m/0.000000rad.
FAIL: rescue rig/attachment resolution: Final composed player item Grip exceeded position/orientation tolerance: left=0.487131m/0.049958rad right=0.000000m/0.000000rad.
FAIL: rescue rig/attachment resolution: Final composed player item Grip exceeded position/orientation tolerance: left=0.498384m/0.049958rad right=0.000000m/0.000000rad.
FAIL: rescue rig/attachment resolution: Final composed player item Grip exceeded position/orientation tolerance: left=0.511470m/0.049958rad right=0.000000m/0.000000rad.
FAIL: rescue rig/attachment resolution: Final composed player item Grip exceeded position/orientation tolerance: left=0.524339m/0.049958rad right=0.000000m/0.000000rad.
FAIL: rescue rig/attachment resolution: Final composed player item Grip exceeded position/orientation tolerance: left=0.534589m/0.049958rad right=0.000000m/0.000000rad.
FAIL: rescue rig/attachment resolution: Final composed player item Grip exceeded position/orientation tolerance: left=0.539641m/0.049958rad right=0.000000m/0.000000rad.
FAIL: rescue rig/attachment resolution: Final composed player item Grip exceeded position/orientation tolerance: left=0.539819m/0.049958rad right=0.000000m/0.000000rad.
FAIL: rescue rig/attachment resolution: Final composed player item Grip exceeded position/orientation tolerance: left=0.536223m/0.049958rad right=0.000000m/0.000000rad.
FAIL: rescue rig/attachment resolution: Final composed player item Grip exceeded position/orientation tolerance: left=0.536223m/0.049958rad right=0.000000m/0.000000rad.
FAIL: rescue rig/attachment resolution: Final composed player item Grip exceeded position/orientation tolerance: left=0.525947m/0.049958rad right=0.000000m/0.000000rad.
FAIL: rescue rig/attachment resolution: Final composed player item Grip exceeded position/orientation tolerance: left=0.515858m/0.049958rad right=0.000000m/0.000000rad.
FAIL: rescue rig/attachment resolution: Final composed player item Grip exceeded position/orientation tolerance: left=0.505968m/0.049958rad right=0.000000m/0.000000rad.
FAIL: rescue rig/attachment resolution: Final composed player item Grip exceeded position/orientation tolerance: left=0.496290m/0.049958rad right=0.000000m/0.000000rad.
FAIL: rescue rig/attachment resolution: Final composed player item Grip exceeded position/orientation tolerance: left=0.486834m/0.049958rad right=0.000000m/0.000000rad.
FAIL: rescue rig/attachment resolution: Final composed player item Grip exceeded position/orientation tolerance: left=0.477611m/0.049958rad right=0.000000m/0.000000rad.
FAIL: rescue rig/attachment resolution: Final composed player item Grip exceeded position/orientation tolerance: left=0.468632m/0.049958rad right=0.000000m/0.000000rad.
FAIL: rescue rig/attachment resolution: Final composed player item Grip exceeded position/orientation tolerance: left=0.459910m/0.049958rad right=0.000000m/0.000000rad.
FAIL: rescue rig/attachment resolution: Final composed player item Grip exceeded position/orientation tolerance: left=0.451459m/0.049958rad right=0.000000m/0.000000rad.
FAIL: rescue rig/attachment resolution: Final composed player item Grip exceeded position/orientation tolerance: left=0.443294m/0.049958rad right=0.000000m/0.000000rad.
FAIL: rescue rig/attachment resolution: Final composed player item Grip exceeded position/orientation tolerance: left=0.435434m/0.049958rad right=0.000000m/0.000000rad.
FAIL: rescue rig/attachment resolution: Final composed player item Grip exceeded position/orientation tolerance: left=0.427896m/0.049958rad right=0.000000m/0.000000rad.
FAIL: rescue rig/attachment resolution: Final composed player item Grip exceeded position/orientation tolerance: left=0.420700m/0.049958rad right=0.000000m/0.000000rad.
FAIL: rescue rig/attachment resolution: Final composed player item Grip exceeded position/orientation tolerance: left=0.413865m/0.049958rad right=0.000000m/0.000000rad.
FAIL: rescue rig/attachment resolution: Final composed player item Grip exceeded position/orientation tolerance: left=0.407409m/0.049958rad right=0.000000m/0.000000rad.
FAIL: rescue rig/attachment resolution: Skinned player palm Grip socket exceeded the 15 mm grip tolerance: left=0.000000 right=0.016778 leftTarget=0.000000,1.323231,0.526670 leftSocket=0.000000,1.323231,0.526670 leftHandTarget=0.033675,1.323590,0.466985 leftHandSocket=0.033675,1.323590,0.466985 rightHandTarget=0.053845,0.873811,0.508380 rightHandSocket=0.049492,0.885295,0.496949.
FAIL: rescue rig/attachment resolution: Skinned player palm Grip socket exceeded the 15 mm grip tolerance: left=0.000000 right=0.026494 leftTarget=0.000000,1.323230,0.540836 leftSocket=0.000000,1.323229,0.540836 leftHandTarget=0.033675,1.323589,0.481152 leftHandSocket=0.033675,1.323589,0.481152 rightHandTarget=0.053845,0.873809,0.522547 rightHandSocket=0.047048,0.891740,0.504266.
FAIL: rescue rig/attachment resolution: Skinned player palm Grip socket exceeded the 15 mm grip tolerance: left=0.000000 right=0.036332 leftTarget=0.000000,1.323228,0.555003 leftSocket=0.000000,1.323228,0.555003 leftHandTarget=0.033675,1.323587,0.495319 leftHandSocket=0.033675,1.323587,0.495319 rightHandTarget=0.053845,0.873805,0.536714 rightHandSocket=0.044628,0.898119,0.511339.
FAIL: rescue rig/attachment resolution: Gameplay-authored player Grip basis produced a non-rigid hand target: Held-item socket transform must be rigid and unit scale. determinants=-1.000000/-1.000000.
FAIL: rescue rig/attachment resolution: Gameplay-authored player Grip basis produced a non-rigid hand target: Held-item socket transform must be rigid and unit scale. determinants=-1.000000/-1.000000.
FAIL: rescue rig/attachment resolution: Gameplay-authored player Grip basis produced a non-rigid hand target: Held-item socket transform must be rigid and unit scale. determinants=-1.000000/-1.000000.
FAIL: rescue rig/attachment resolution: Gameplay-authored player Grip basis produced a non-rigid hand target: Held-item socket transform must be rigid and unit scale. determinants=-1.000000/-1.000000.
FAIL: rescue rig/attachment resolution: Gameplay-authored player Grip basis produced a non-rigid hand target: Held-item socket transform must be rigid and unit scale. determinants=-1.000000/-1.000000.
FAIL: rescue rig/attachment resolution: Gameplay-authored player Grip basis produced a non-rigid hand target: Held-item socket transform must be rigid and unit scale. determinants=-1.000000/-1.000000.
FAIL: rescue rig/attachment resolution: Gameplay-authored player Grip basis produced a non-rigid hand target: Held-item socket transform must be rigid and unit scale. determinants=-1.000000/-1.000000.
FAIL: rescue rig/attachment resolution: Gameplay-authored player Grip basis produced a non-rigid hand target: Held-item socket transform must be rigid and unit scale. determinants=-1.000000/-1.000000.
FAIL: rescue rig/attachment resolution: Gameplay-authored player Grip basis produced a non-rigid hand target: Held-item socket transform must be rigid and unit scale. determinants=-1.000000/-1.000000.
FAIL: rescue rig/attachment resolution: Gameplay-authored player Grip basis produced a non-rigid hand target: Held-item socket transform must be rigid and unit scale. determinants=-1.000000/-1.000000.
FAIL: rescue rig/attachment resolution: Gameplay-authored player Grip basis produced a non-rigid hand target: Held-item socket transform must be rigid and unit scale. determinants=-1.000000/-1.000000.
FAIL: rescue rig/attachment resolution: Gameplay-authored player Grip basis produced a non-rigid hand target: Held-item socket transform must be rigid and unit scale. determinants=-1.000000/-1.000000.
FAIL: rescue rig/attachment resolution: Gameplay-authored player Grip basis produced a non-rigid hand target: Held-item socket transform must be rigid and unit scale. determinants=-1.000000/-1.000000.
FAIL: rescue rig/attachment resolution: Gameplay-authored player Grip basis produced a non-rigid hand target: Held-item socket transform must be rigid and unit scale. determinants=-1.000000/-1.000000.
FAIL: rescue rig/attachment resolution: Gameplay-authored player Grip basis produced a non-rigid hand target: Held-item socket transform must be rigid and unit scale. determinants=-1.000000/-1.000000.
FAIL: rescue rig/attachment resolution: Gameplay-authored player Grip basis produced a non-rigid hand target: Held-item socket transform must be rigid and unit scale. determinants=-1.000000/-1.000000.
FAIL: rescue rig/attachment resolution: Gameplay-authored player Grip basis produced a non-rigid hand target: Held-item socket transform must be rigid and unit scale. determinants=-1.000000/-1.000000.
FAIL: rescue rig/attachment resolution: Gameplay-authored player Grip basis produced a non-rigid hand target: Held-item socket transform must be rigid and unit scale. determinants=-1.000000/-1.000000.
FAIL: rescue rig/attachment resolution: Gameplay-authored player Grip basis produced a non-rigid hand target: Held-item socket transform must be rigid and unit scale. determinants=-1.000000/-1.000000.
FAIL: rescue rig/attachment resolution: Gameplay-authored player Grip basis produced a non-rigid hand target: Held-item socket transform must be rigid and unit scale. determinants=-1.000000/-1.000000.
FAIL: rescue rig/attachment resolution: Gameplay-authored player Grip basis produced a non-rigid hand target: Held-item socket transform must be rigid and unit scale. determinants=-1.000000/-1.000000.
FAIL: rescue rig/attachment resolution: Gameplay-authored player Grip basis produced a non-rigid hand target: Held-item socket transform must be rigid and unit scale. determinants=-1.000000/-1.000000.
FAIL: rescue rig/attachment resolution: Gameplay-authored player Grip basis produced a non-rigid hand target: Held-item socket transform must be rigid and unit scale. determinants=-1.000000/-1.000000.
FAIL: rescue rig/attachment resolution: Gameplay-authored player Grip basis produced a non-rigid hand target: Held-item socket transform must be rigid and unit scale. determinants=-1.000000/-1.000000.
FAIL: rescue rig/attachment resolution: Gameplay-authored player Grip basis produced a non-rigid hand target: Held-item socket transform must be rigid and unit scale. determinants=-1.000000/-1.000000.
FAIL: rescue rig/attachment resolution: Gameplay-authored player Grip basis produced a non-rigid hand target: Held-item socket transform must be rigid and unit scale. determinants=-1.000000/-1.000000.
FAIL: rescue rig/attachment resolution: Gameplay-authored player Grip basis produced a non-rigid hand target: Held-item socket transform must be rigid and unit scale. determinants=-1.000000/-1.000000.
FAIL: rescue rig/attachment resolution: Gameplay-authored player Grip basis produced a non-rigid hand target: Held-item socket transform must be rigid and unit scale. determinants=-1.000000/-1.000000.
FAIL: rescue rig/attachment resolution: Gameplay-authored player Grip basis produced a non-rigid hand target: Held-item socket transform must be rigid and unit scale. determinants=-1.000000/-1.000000.
FAIL: rescue rig/attachment resolution: Gameplay-authored player Grip basis produced a non-rigid hand target: Held-item socket transform must be rigid and unit scale. determinants=-1.000000/-1.000000.
FAIL: rescue rig/attachment resolution: Gameplay-authored player Grip basis produced a non-rigid hand target: Held-item socket transform must be rigid and unit scale. determinants=-1.000000/-1.000000.
FAIL: rescue rig/attachment resolution: Gameplay-authored player Grip basis produced a non-rigid hand target: Held-item socket transform must be rigid and unit scale. determinants=-1.000000/-1.000000.
FAIL: rescue rig/attachment resolution: Gameplay-authored player Grip basis produced a non-rigid hand target: Held-item socket transform must be rigid and unit scale. determinants=-1.000000/-1.000000.
FAIL: rescue rig/attachment resolution: Gameplay-authored player Grip basis produced a non-rigid hand target: Held-item socket transform must be rigid and unit scale. determinants=-1.000000/-1.000000.
FAIL: rescue rig/attachment resolution: Gameplay-authored player Grip basis produced a non-rigid hand target: Held-item socket transform must be rigid and unit scale. determinants=-1.000000/-1.000000.
FAIL: rescue rig/attachment resolution: Gameplay-authored player Grip basis produced a non-rigid hand target: Held-item socket transform must be rigid and unit scale. determinants=-1.000000/-1.000000.
FAIL: rescue rig/attachment resolution: Gameplay-authored player Grip basis produced a non-rigid hand target: Held-item socket transform must be rigid and unit scale. determinants=-1.000000/-1.000000.
FAIL: rescue rig/attachment resolution: Gameplay-authored player Grip basis produced a non-rigid hand target: Held-item socket transform must be rigid and unit scale. determinants=-1.000000/-1.000000.
FAIL: rescue rig/attachment resolution: Gameplay-authored player Grip basis produced a non-rigid hand target: Held-item socket transform must be rigid and unit scale. determinants=-1.000000/-1.000000.
FAIL: rescue rig/attachment resolution: Gameplay-authored player Grip basis produced a non-rigid hand target: Held-item socket transform must be rigid and unit scale. determinants=-1.000000/-1.000000.
FAIL: rescue rig/attachment resolution: Gameplay-authored player Grip basis produced a non-rigid hand target: Held-item socket transform must be rigid and unit scale. determinants=-1.000000/-1.000000.
FAIL: rescue rig/attachment resolution: Gameplay-authored player Grip basis produced a non-rigid hand target: Held-item socket transform must be rigid and unit scale. determinants=-1.000000/-1.000000.
FAIL: rescue rig/attachment resolution: Gameplay-authored player Grip basis produced a non-rigid hand target: Held-item socket transform must be rigid and unit scale. determinants=-1.000000/-1.000000.
FAIL: rescue rig/attachment resolution: Gameplay-authored player Grip basis produced a non-rigid hand target: Held-item socket transform must be rigid and unit scale. determinants=-1.000000/-1.000000.
FAIL: rescue rig/attachment resolution: Gameplay-authored player Grip basis produced a non-rigid hand target: Held-item socket transform must be rigid and unit scale. determinants=-1.000000/-1.000000.
FAIL: rescue rig/attachment resolution: Gameplay-authored player Grip basis produced a non-rigid hand target: Held-item socket transform must be rigid and unit scale. determinants=-1.000000/-1.000000.
FAIL: rescue rig/attachment resolution: Gameplay-authored player Grip basis produced a non-rigid hand target: Held-item socket transform must be rigid and unit scale. determinants=-1.000000/-1.000000.
FAIL: rescue rig/attachment resolution: Gameplay-authored player Grip basis produced a non-rigid hand target: Held-item socket transform must be rigid and unit scale. determinants=-1.000000/-1.000000.
FAIL: rescue rig/attachment resolution: Gameplay-authored player Grip basis produced a non-rigid hand target: Held-item socket transform must be rigid and unit scale. determinants=-1.000000/-1.000000.
FAIL: rescue rig/attachment resolution: Gameplay-authored player Grip basis produced a non-rigid hand target: Held-item socket transform must be rigid and unit scale. determinants=-1.000000/-1.000000.
FAIL: rescue rig/attachment resolution: Gameplay-authored player Grip basis produced a non-rigid hand target: Held-item socket transform must be rigid and unit scale. determinants=-1.000000/-1.000000.
FAIL: rescue rig/attachment resolution: Gameplay-authored player Grip basis produced a non-rigid hand target: Held-item socket transform must be rigid and unit scale. determinants=-1.000000/-1.000000.
FAIL: rescue rig/attachment resolution: Gameplay-authored player Grip basis produced a non-rigid hand target: Held-item socket transform must be rigid and unit scale. determinants=-1.000000/-1.000000.
FAIL: rescue rig/attachment resolution: Gameplay-authored player Grip basis produced a non-rigid hand target: Held-item socket transform must be rigid and unit scale. determinants=-1.000000/-1.000000.
FAIL: rescue rig/attachment resolution: Gameplay-authored player Grip basis produced a non-rigid hand target: Held-item socket transform must be rigid and unit scale. determinants=-1.000000/-1.000000.
FAIL: rescue rig/attachment resolution: Gameplay-authored player Grip basis produced a non-rigid hand target: Held-item socket transform must be rigid and unit scale. determinants=-1.000000/-1.000000.
FAIL: rescue rig/attachment resolution: Gameplay-authored player Grip basis produced a non-rigid hand target: Held-item socket transform must be rigid and unit scale. determinants=-1.000000/-1.000000.
FAIL: rescue rig/attachment resolution: Gameplay-authored player Grip basis produced a non-rigid hand target: Held-item socket transform must be rigid and unit scale. determinants=-1.000000/-1.000000.
FAIL: rescue rig/attachment resolution: Gameplay-authored player Grip basis produced a non-rigid hand target: Held-item socket transform must be rigid and unit scale. determinants=-1.000000/-1.000000.
FAIL: rescue rig/attachment resolution: Gameplay-authored player Grip basis produced a non-rigid hand target: Held-item socket transform must be rigid and unit scale. determinants=-1.000000/-1.000000.
FAIL: rescue rig/attachment resolution: Gameplay-authored player Grip basis produced a non-rigid hand target: Held-item socket transform must be rigid and unit scale. determinants=-1.000000/-1.000000.
FAIL: rescue rig/attachment resolution: Gameplay-authored player Grip basis produced a non-rigid hand target: Held-item socket transform must be rigid and unit scale. determinants=-1.000000/-1.000000.
FAIL: rescue rig/attachment resolution: Gameplay-authored player Grip basis produced a non-rigid hand target: Held-item socket transform must be rigid and unit scale. determinants=-1.000000/-1.000000.
FAIL: rescue rig/attachment resolution: Gameplay-authored player Grip basis produced a non-rigid hand target: Held-item socket transform must be rigid and unit scale. determinants=-1.000000/-1.000000.
FAIL: rescue rig/attachment resolution: Gameplay-authored player Grip basis produced a non-rigid hand target: Held-item socket transform must be rigid and unit scale. determinants=-1.000000/-1.000000.
FAIL: rescue rig/attachment resolution: Gameplay-authored player Grip basis produced a non-rigid hand target: Held-item socket transform must be rigid and unit scale. determinants=-1.000000/-1.000000.
FAIL: rescue rig/attachment resolution: Gameplay-authored player Grip basis produced a non-rigid hand target: Held-item socket transform must be rigid and unit scale. determinants=-1.000000/-1.000000.
FAIL: rescue rig/attachment resolution: Gameplay-authored player Grip basis produced a non-rigid hand target: Held-item socket transform must be rigid and unit scale. determinants=-1.000000/-1.000000.
FAIL: rescue rig/attachment resolution: Gameplay-authored player Grip basis produced a non-rigid hand target: Held-item socket transform must be rigid and unit scale. determinants=-1.000000/-1.000000.
FAIL: rescue rig/attachment resolution: Gameplay-authored player Grip basis produced a non-rigid hand target: Held-item socket transform must be rigid and unit scale. determinants=-1.000000/-1.000000.
FAIL: rescue rig/attachment resolution: Gameplay-authored player Grip basis produced a non-rigid hand target: Held-item socket transform must be rigid and unit scale. determinants=-1.000000/-1.000000.
FAIL: rescue rig/attachment resolution: Gameplay-authored player Grip basis produced a non-rigid hand target: Held-item socket transform must be rigid and unit scale. determinants=-1.000000/-1.000000.
FAIL: rescue rig/attachment resolution: Gameplay-authored player Grip basis produced a non-rigid hand target: Held-item socket transform must be rigid and unit scale. determinants=-1.000000/-1.000000.
FAIL: rescue rig/attachment resolution: Gameplay-authored player Grip basis produced a non-rigid hand target: Held-item socket transform must be rigid and unit scale. determinants=-1.000000/-1.000000.
FAIL: rescue rig/attachment resolution: Gameplay-authored player Grip basis produced a non-rigid hand target: Held-item socket transform must be rigid and unit scale. determinants=-1.000000/-1.000000.
FAIL: rescue rig/attachment resolution: Gameplay-authored player Grip basis produced a non-rigid hand target: Held-item socket transform must be rigid and unit scale. determinants=-1.000000/-1.000000.
FAIL: rescue rig/attachment resolution: Gameplay-authored player Grip basis produced a non-rigid hand target: Held-item socket transform must be rigid and unit scale. determinants=-1.000000/-1.000000.
FAIL: rescue rig/attachment resolution: Gameplay-authored player Grip basis produced a non-rigid hand target: Held-item socket transform must be rigid and unit scale. determinants=-1.000000/-1.000000.
FAIL: rescue rig/attachment resolution: Gameplay-authored player Grip basis produced a non-rigid hand target: Held-item socket transform must be rigid and unit scale. determinants=-1.000000/-1.000000.
FAIL: rescue rig/attachment resolution: Gameplay-authored player Grip basis produced a non-rigid hand target: Held-item socket transform must be rigid and unit scale. determinants=-1.000000/-1.000000.
FAIL: rescue rig/attachment resolution: Gameplay-authored player Grip basis produced a non-rigid hand target: Held-item socket transform must be rigid and unit scale. determinants=-1.000000/-1.000000.
FAIL: rescue rig/attachment resolution: Gameplay-authored player Grip basis produced a non-rigid hand target: Held-item socket transform must be rigid and unit scale. determinants=-1.000000/-1.000000.
FAIL: rescue rig/attachment resolution: Gameplay-authored player Grip basis produced a non-rigid hand target: Held-item socket transform must be rigid and unit scale. determinants=-1.000000/-1.000000.
FAIL: rescue rig/attachment resolution: Gameplay-authored player Grip basis produced a non-rigid hand target: Held-item socket transform must be rigid and unit scale. determinants=-1.000000/-1.000000.
FAIL: rescue rig/attachment resolution: Gameplay-authored player Grip basis produced a non-rigid hand target: Held-item socket transform must be rigid and unit scale. determinants=-1.000000/-1.000000.
FAIL: rescue rig/attachment resolution: Gameplay-authored player Grip basis produced a non-rigid hand target: Held-item socket transform must be rigid and unit scale. determinants=-1.000000/-1.000000.
FAIL: rescue rig/attachment resolution: Gameplay-authored player Grip basis produced a non-rigid hand target: Held-item socket transform must be rigid and unit scale. determinants=-1.000000/-1.000000.
FAIL: rescue rig/attachment resolution: Gameplay-authored player Grip basis produced a non-rigid hand target: Held-item socket transform must be rigid and unit scale. determinants=-1.000000/-1.000000.
FAIL: rescue rig/attachment resolution: Gameplay-authored player Grip basis produced a non-rigid hand target: Held-item socket transform must be rigid and unit scale. determinants=-1.000000/-1.000000.
FAIL: rescue rig/attachment resolution: Gameplay-authored player Grip basis produced a non-rigid hand target: Held-item socket transform must be rigid and unit scale. determinants=-1.000000/-1.000000.
FAIL: rescue rig/attachment resolution: Gameplay-authored player Grip basis produced a non-rigid hand target: Held-item socket transform must be rigid and unit scale. determinants=-1.000000/-1.000000.
FAIL: rescue rig/attachment resolution: Gameplay-authored player Grip basis produced a non-rigid hand target: Held-item socket transform must be rigid and unit scale. determinants=-1.000000/-1.000000.
FAIL: rescue rig/attachment resolution: Gameplay-authored player Grip basis produced a non-rigid hand target: Held-item socket transform must be rigid and unit scale. determinants=-1.000000/-1.000000.
FAIL: rescue rig/attachment resolution: Gameplay-authored player Grip basis produced a non-rigid hand target: Held-item socket transform must be rigid and unit scale. determinants=-1.000000/-1.000000.
FAIL: rescue rig/attachment resolution: Gameplay-authored player Grip basis produced a non-rigid hand target: Held-item socket transform must be rigid and unit scale. determinants=-1.000000/-1.000000.
FAIL: rescue rig/attachment resolution: Gameplay-authored player Grip basis produced a non-rigid hand target: Held-item socket transform must be rigid and unit scale. determinants=-1.000000/-1.000000.
FAIL: rescue rig/attachment resolution: Gameplay-authored player Grip basis produced a non-rigid hand target: Held-item socket transform must be rigid and unit scale. determinants=-1.000000/-1.000000.
FAIL: rescue rig/attachment resolution: Gameplay-authored player Grip basis produced a non-rigid hand target: Held-item socket transform must be rigid and unit scale. determinants=-1.000000/-1.000000.
FAIL: rescue rig/attachment resolution: Gameplay-authored player Grip basis produced a non-rigid hand target: Held-item socket transform must be rigid and unit scale. determinants=-1.000000/-1.000000.
FAIL: rescue rig/attachment resolution: Gameplay-authored player Grip basis produced a non-rigid hand target: Held-item socket transform must be rigid and unit scale. determinants=-1.000000/-1.000000.
FAIL: rescue rig/attachment resolution: Gameplay-authored player Grip basis produced a non-rigid hand target: Held-item socket transform must be rigid and unit scale. determinants=-1.000000/-1.000000.
FAIL: rescue rig/attachment resolution: Gameplay-authored player Grip basis produced a non-rigid hand target: Held-item socket transform must be rigid and unit scale. determinants=-1.000000/-1.000000.
FAIL: rescue rig/attachment resolution: Gameplay-authored player Grip basis produced a non-rigid hand target: Held-item socket transform must be rigid and unit scale. determinants=-1.000000/-1.000000.
FAIL: rescue rig/attachment resolution: Gameplay-authored player Grip basis produced a non-rigid hand target: Held-item socket transform must be rigid and unit scale. determinants=-1.000000/-1.000000.
FAIL: rescue rig/attachment resolution: Gameplay-authored player Grip basis produced a non-rigid hand target: Held-item socket transform must be rigid and unit scale. determinants=-1.000000/-1.000000.
FAIL: rescue rig/attachment resolution: Gameplay-authored player Grip basis produced a non-rigid hand target: Held-item socket transform must be rigid and unit scale. determinants=-1.000000/-1.000000.
FAIL: rescue rig/attachment resolution: Gameplay-authored player Grip basis produced a non-rigid hand target: Held-item socket transform must be rigid and unit scale. determinants=-1.000000/-1.000000.
FAIL: rescue rig/attachment resolution: Gameplay-authored player Grip basis produced a non-rigid hand target: Held-item socket transform must be rigid and unit scale. determinants=-1.000000/-1.000000.
FAIL: rescue rig/attachment resolution: Gameplay-authored player Grip basis produced a non-rigid hand target: Held-item socket transform must be rigid and unit scale. determinants=-1.000000/-1.000000.
FAIL: rescue rig/attachment resolution: Gameplay-authored player Grip basis produced a non-rigid hand target: Held-item socket transform must be rigid and unit scale. determinants=-1.000000/-1.000000.
FAIL: rescue rig/attachment resolution: Gameplay-authored player Grip basis produced a non-rigid hand target: Held-item socket transform must be rigid and unit scale. determinants=-1.000000/-1.000000.
FAIL: rescue rig/attachment resolution: Gameplay-authored player Grip basis produced a non-rigid hand target: Held-item socket transform must be rigid and unit scale. determinants=-1.000000/-1.000000.
FAIL: rescue rig/attachment resolution: Gameplay-authored player Grip basis produced a non-rigid hand target: Held-item socket transform must be rigid and unit scale. determinants=-1.000000/-1.000000.
FAIL: rescue rig/attachment resolution: Gameplay-authored player Grip basis produced a non-rigid hand target: Held-item socket transform must be rigid and unit scale. determinants=-1.000000/-1.000000.
FAIL: rescue rig/attachment resolution: Gameplay-authored player Grip basis produced a non-rigid hand target: Held-item socket transform must be rigid and unit scale. determinants=-1.000000/-1.000000.
FAIL: rescue rig/attachment resolution: Gameplay-authored player Grip basis produced a non-rigid hand target: Held-item socket transform must be rigid and unit scale. determinants=-1.000000/-1.000000.
FAIL: rescue rig/attachment resolution: Gameplay-authored player Grip basis produced a non-rigid hand target: Held-item socket transform must be rigid and unit scale. determinants=-1.000000/-1.000000.
FAIL: rescue rig/attachment resolution: Gameplay-authored player Grip basis produced a non-rigid hand target: Held-item socket transform must be rigid and unit scale. determinants=-1.000000/-1.000000.
FAIL: rescue rig/attachment resolution: Gameplay-authored player Grip basis produced a non-rigid hand target: Held-item socket transform must be rigid and unit scale. determinants=-1.000000/-1.000000.
FAIL: rescue rig/attachment resolution: Gameplay-authored player Grip basis produced a non-rigid hand target: Held-item socket transform must be rigid and unit scale. determinants=-1.000000/-1.000000.
FAIL: rescue rig/attachment resolution: Gameplay-authored player Grip basis produced a non-rigid hand target: Held-item socket transform must be rigid and unit scale. determinants=-1.000000/-1.000000.
FAIL: rescue rig/attachment resolution: Gameplay-authored player Grip basis produced a non-rigid hand target: Held-item socket transform must be rigid and unit scale. determinants=-1.000000/-1.000000.
FAIL: rescue rig/attachment resolution: Gameplay-authored player Grip basis produced a non-rigid hand target: Held-item socket transform must be rigid and unit scale. determinants=-1.000000/-1.000000.
FAIL: rescue rig/attachment resolution: Gameplay-authored player Grip basis produced a non-rigid hand target: Held-item socket transform must be rigid and unit scale. determinants=-1.000000/-1.000000.
FAIL: rescue rig/attachment resolution: Gameplay-authored player Grip basis produced a non-rigid hand target: Held-item socket transform must be rigid and unit scale. determinants=-1.000000/-1.000000.
FAIL: rescue rig/attachment resolution: Gameplay-authored player Grip basis produced a non-rigid hand target: Held-item socket transform must be rigid and unit scale. determinants=-1.000000/-1.000000.
FAIL: rescue rig/attachment resolution: Gameplay-authored player Grip basis produced a non-rigid hand target: Held-item socket transform must be rigid and unit scale. determinants=-1.000000/-1.000000.
FAIL: rescue rig/attachment resolution: Gameplay-authored player Grip basis produced a non-rigid hand target: Held-item socket transform must be rigid and unit scale. determinants=-1.000000/-1.000000.
FAIL: rescue rig/attachment resolution: Gameplay-authored player Grip basis produced a non-rigid hand target: Held-item socket transform must be rigid and unit scale. determinants=-1.000000/-1.000000.
FAIL: rescue rig/attachment resolution: Gameplay-authored player Grip basis produced a non-rigid hand target: Held-item socket transform must be rigid and unit scale. determinants=-1.000000/-1.000000.
FAIL: rescue rig/attachment resolution: Gameplay-authored player Grip basis produced a non-rigid hand target: Held-item socket transform must be rigid and unit scale. determinants=-1.000000/-1.000000.
FAIL: rescue rig/attachment resolution: Gameplay-authored player Grip basis produced a non-rigid hand target: Held-item socket transform must be rigid and unit scale. determinants=-1.000000/-1.000000.
FAIL: rescue rig/attachment resolution: Gameplay-authored player Grip basis produced a non-rigid hand target: Held-item socket transform must be rigid and unit scale. determinants=-1.000000/-1.000000.
FAIL: rescue rig/attachment resolution: Gameplay-authored player Grip basis produced a non-rigid hand target: Held-item socket transform must be rigid and unit scale. determinants=-1.000000/-1.000000.
FAIL: rescue rig/attachment resolution: Gameplay-authored player Grip basis produced a non-rigid hand target: Held-item socket transform must be rigid and unit scale. determinants=-1.000000/-1.000000.
FAIL: rescue rig/attachment resolution: Gameplay-authored player Grip basis produced a non-rigid hand target: Held-item socket transform must be rigid and unit scale. determinants=-1.000000/-1.000000.
FAIL: rescue rig/attachment resolution: Gameplay-authored player Grip basis produced a non-rigid hand target: Held-item socket transform must be rigid and unit scale. determinants=-1.000000/-1.000000.
FAIL: rescue rig/attachment resolution: Gameplay-authored player Grip basis produced a non-rigid hand target: Held-item socket transform must be rigid and unit scale. determinants=-1.000000/-1.000000.
FAIL: rescue rig/attachment resolution: Gameplay-authored player Grip basis produced a non-rigid hand target: Held-item socket transform must be rigid and unit scale. determinants=-1.000000/-1.000000.
FAIL: rescue rig/attachment resolution: Gameplay-authored player Grip basis produced a non-rigid hand target: Held-item socket transform must be rigid and unit scale. determinants=-1.000000/-1.000000.
FAIL: rescue rig/attachment resolution: Gameplay-authored player Grip basis produced a non-rigid hand target: Held-item socket transform must be rigid and unit scale. determinants=-1.000000/-1.000000.
FAIL: rescue rig/attachment resolution: Gameplay-authored player Grip basis produced a non-rigid hand target: Held-item socket transform must be rigid and unit scale. determinants=-1.000000/-1.000000.
FAIL: rescue rig/attachment resolution: Gameplay-authored player Grip basis produced a non-rigid hand target: Held-item socket transform must be rigid and unit scale. determinants=-1.000000/-1.000000.
FAIL: rescue rig/attachment resolution: Gameplay-authored player Grip basis produced a non-rigid hand target: Held-item socket transform must be rigid and unit scale. determinants=-1.000000/-1.000000.
FAIL: rescue rig/attachment resolution: Gameplay-authored player Grip basis produced a non-rigid hand target: Held-item socket transform must be rigid and unit scale. determinants=-1.000000/-1.000000.
FAIL: rescue rig/attachment resolution: Gameplay-authored player Grip basis produced a non-rigid hand target: Held-item socket transform must be rigid and unit scale. determinants=-1.000000/-1.000000.
FAIL: rescue rig/attachment resolution: Gameplay-authored player Grip basis produced a non-rigid hand target: Held-item socket transform must be rigid and unit scale. determinants=-1.000000/-1.000000.
FAIL: rescue rig/attachment resolution: Gameplay-authored player Grip basis produced a non-rigid hand target: Held-item socket transform must be rigid and unit scale. determinants=-1.000000/-1.000000.
FAIL: rescue rig/attachment resolution: Gameplay-authored player Grip basis produced a non-rigid hand target: Held-item socket transform must be rigid and unit scale. determinants=-1.000000/-1.000000.
FAIL: rescue rig/attachment resolution: Gameplay-authored player Grip basis produced a non-rigid hand target: Held-item socket transform must be rigid and unit scale. determinants=-1.000000/-1.000000.
FAIL: rescue rig/attachment resolution: Gameplay-authored player Grip basis produced a non-rigid hand target: Held-item socket transform must be rigid and unit scale. determinants=-1.000000/-1.000000.
FAIL: rescue rig/attachment resolution: Gameplay-authored player Grip basis produced a non-rigid hand target: Held-item socket transform must be rigid and unit scale. determinants=-1.000000/-1.000000.
FAIL: rescue rig/attachment resolution: Gameplay-authored player Grip basis produced a non-rigid hand target: Held-item socket transform must be rigid and unit scale. determinants=-1.000000/-1.000000.
FAIL: rescue rig/attachment resolution: Gameplay-authored player Grip basis produced a non-rigid hand target: Held-item socket transform must be rigid and unit scale. determinants=-1.000000/-1.000000.
FAIL: rescue rig/attachment resolution: Gameplay-authored player Grip basis produced a non-rigid hand target: Held-item socket transform must be rigid and unit scale. determinants=-1.000000/-1.000000.
FAIL: rescue rig/attachment resolution: Gameplay-authored player Grip basis produced a non-rigid hand target: Held-item socket transform must be rigid and unit scale. determinants=-1.000000/-1.000000.
FAIL: rescue rig/attachment resolution: Gameplay-authored player Grip basis produced a non-rigid hand target: Held-item socket transform must be rigid and unit scale. determinants=-1.000000/-1.000000.
FAIL: rescue rig/attachment resolution: Gameplay-authored player Grip basis produced a non-rigid hand target: Held-item socket transform must be rigid and unit scale. determinants=-1.000000/-1.000000.
FAIL: rescue rig/attachment resolution: Gameplay-authored player Grip basis produced a non-rigid hand target: Held-item socket transform must be rigid and unit scale. determinants=-1.000000/-1.000000.
FAIL: rescue rig/attachment resolution: Gameplay-authored player Grip basis produced a non-rigid hand target: Held-item socket transform must be rigid and unit scale. determinants=-1.000000/-1.000000.
FAIL: rescue rig/attachment resolution: Gameplay-authored player Grip basis produced a non-rigid hand target: Held-item socket transform must be rigid and unit scale. determinants=-1.000000/-1.000000.
FAIL: rescue rig/attachment resolution: Gameplay-authored player Grip basis produced a non-rigid hand target: Held-item socket transform must be rigid and unit scale. determinants=-1.000000/-1.000000.
FAIL: rescue rig/attachment resolution: Gameplay-authored player Grip basis produced a non-rigid hand target: Held-item socket transform must be rigid and unit scale. determinants=-1.000000/-1.000000.
FAIL: rescue rig/attachment resolution: Gameplay-authored player Grip basis produced a non-rigid hand target: Held-item socket transform must be rigid and unit scale. determinants=-1.000000/-1.000000.
FAIL: rescue rig/attachment resolution: Gameplay-authored player Grip basis produced a non-rigid hand target: Held-item socket transform must be rigid and unit scale. determinants=-1.000000/-1.000000.
FAIL: rescue rig/attachment resolution: Gameplay-authored player Grip basis produced a non-rigid hand target: Held-item socket transform must be rigid and unit scale. determinants=-1.000000/-1.000000.
FAIL: rescue rig/attachment resolution: Gameplay-authored player Grip basis produced a non-rigid hand target: Held-item socket transform must be rigid and unit scale. determinants=-1.000000/-1.000000.
FAIL: rescue rig/attachment resolution: Gameplay-authored player Grip basis produced a non-rigid hand target: Held-item socket transform must be rigid and unit scale. determinants=-1.000000/-1.000000.
FAIL: rescue rig/attachment resolution: Gameplay-authored player Grip basis produced a non-rigid hand target: Held-item socket transform must be rigid and unit scale. determinants=-1.000000/-1.000000.
FAIL: rescue rig/attachment resolution: Gameplay-authored player Grip basis produced a non-rigid hand target: Held-item socket transform must be rigid and unit scale. determinants=-1.000000/-1.000000.
FAIL: rescue rig/attachment resolution: Gameplay-authored player Grip basis produced a non-rigid hand target: Held-item socket transform must be rigid and unit scale. determinants=-1.000000/-1.000000.
FAIL: rescue rig/attachment resolution: Gameplay-authored player Grip basis produced a non-rigid hand target: Held-item socket transform must be rigid and unit scale. determinants=-1.000000/-1.000000.
FAIL: rescue rig/attachment resolution: Gameplay-authored player Grip basis produced a non-rigid hand target: Held-item socket transform must be rigid and unit scale. determinants=-1.000000/-1.000000.
FAIL: rescue rig/attachment resolution: Gameplay-authored player Grip basis produced a non-rigid hand target: Held-item socket transform must be rigid and unit scale. determinants=-1.000000/-1.000000.
FAIL: rescue rig/attachment resolution: Gameplay-authored player Grip basis produced a non-rigid hand target: Held-item socket transform must be rigid and unit scale. determinants=-1.000000/-1.000000.
FAIL: rescue rig/attachment resolution: Gameplay-authored player Grip basis produced a non-rigid hand target: Held-item socket transform must be rigid and unit scale. determinants=-1.000000/-1.000000.
FAIL: rescue rig/attachment resolution: Gameplay-authored player Grip basis produced a non-rigid hand target: Held-item socket transform must be rigid and unit scale. determinants=-1.000000/-1.000000.
FAIL: rescue rig/attachment resolution: Gameplay-authored player Grip basis produced a non-rigid hand target: Held-item socket transform must be rigid and unit scale. determinants=-1.000000/-1.000000.
FAIL: rescue rig/attachment resolution: Gameplay-authored player Grip basis produced a non-rigid hand target: Held-item socket transform must be rigid and unit scale. determinants=-1.000000/-1.000000.
FAIL: rescue rig/attachment resolution: Gameplay-authored player Grip basis produced a non-rigid hand target: Held-item socket transform must be rigid and unit scale. determinants=-1.000000/-1.000000.
FAIL: rescue rig/attachment resolution: Gameplay-authored player Grip basis produced a non-rigid hand target: Held-item socket transform must be rigid and unit scale. determinants=-1.000000/-1.000000.
FAIL: rescue rig/attachment resolution: Gameplay-authored player Grip basis produced a non-rigid hand target: Held-item socket transform must be rigid and unit scale. determinants=-1.000000/-1.000000.
FAIL: rescue rig/attachment resolution: Gameplay-authored player Grip basis produced a non-rigid hand target: Held-item socket transform must be rigid and unit scale. determinants=-1.000000/-1.000000.
FAIL: rescue rig/attachment resolution: Gameplay-authored player Grip basis produced a non-rigid hand target: Held-item socket transform must be rigid and unit scale. determinants=-1.000000/-1.000000.
FAIL: rescue rig/attachment resolution: Gameplay-authored player Grip basis produced a non-rigid hand target: Held-item socket transform must be rigid and unit scale. determinants=-1.000000/-1.000000.
FAIL: rescue rig/attachment resolution: Gameplay-authored player Grip basis produced a non-rigid hand target: Held-item socket transform must be rigid and unit scale. determinants=-1.000000/-1.000000.
FAIL: rescue rig/attachment resolution: Gameplay-authored player Grip basis produced a non-rigid hand target: Held-item socket transform must be rigid and unit scale. determinants=-1.000000/-1.000000.
FAIL: rescue rig/attachment resolution: Gameplay-authored player Grip basis produced a non-rigid hand target: Held-item socket transform must be rigid and unit scale. determinants=-1.000000/-1.000000.
FAIL: rescue rig/attachment resolution: Gameplay-authored player Grip basis produced a non-rigid hand target: Held-item socket transform must be rigid and unit scale. determinants=-1.000000/-1.000000.
FAIL: rescue rig/attachment resolution: Gameplay-authored player Grip basis produced a non-rigid hand target: Held-item socket transform must be rigid and unit scale. determinants=-1.000000/-1.000000.
FAIL: rescue rig/attachment resolution: Gameplay-authored player Grip basis produced a non-rigid hand target: Held-item socket transform must be rigid and unit scale. determinants=-1.000000/-1.000000.
FAIL: rescue rig/attachment resolution: Gameplay-authored player Grip basis produced a non-rigid hand target: Held-item socket transform must be rigid and unit scale. determinants=-1.000000/-1.000000.
FAIL: rescue rig/attachment resolution: Gameplay-authored player Grip basis produced a non-rigid hand target: Held-item socket transform must be rigid and unit scale. determinants=-1.000000/-1.000000.
FAIL: rescue rig/attachment resolution: Gameplay-authored player Grip basis produced a non-rigid hand target: Held-item socket transform must be rigid and unit scale. determinants=-1.000000/-1.000000.
FAIL: rescue rig/attachment resolution: Gameplay-authored player Grip basis produced a non-rigid hand target: Held-item socket transform must be rigid and unit scale. determinants=-1.000000/-1.000000.
FAIL: rescue rig/attachment resolution: Gameplay-authored player Grip basis produced a non-rigid hand target: Held-item socket transform must be rigid and unit scale. determinants=-1.000000/-1.000000.
FAIL: rescue rig/attachment resolution: Gameplay-authored player Grip basis produced a non-rigid hand target: Held-item socket transform must be rigid and unit scale. determinants=-1.000000/-1.000000.
FAIL: rescue rig/attachment resolution: Gameplay-authored player Grip basis produced a non-rigid hand target: Held-item socket transform must be rigid and unit scale. determinants=-1.000000/-1.000000.
FAIL: rescue rig/attachment resolution: Gameplay-authored player Grip basis produced a non-rigid hand target: Held-item socket transform must be rigid and unit scale. determinants=-1.000000/-1.000000.
FAIL: rescue rig/attachment resolution: Gameplay-authored player Grip basis produced a non-rigid hand target: Held-item socket transform must be rigid and unit scale. determinants=-1.000000/-1.000000.
FAIL: rescue rig/attachment resolution: Gameplay-authored player Grip basis produced a non-rigid hand target: Held-item socket transform must be rigid and unit scale. determinants=-1.000000/-1.000000.
FAIL: rescue rig/attachment resolution: Gameplay-authored player Grip basis produced a non-rigid hand target: Held-item socket transform must be rigid and unit scale. determinants=-1.000000/-1.000000.
FAIL: rescue rig/attachment resolution: Gameplay-authored player Grip basis produced a non-rigid hand target: Held-item socket transform must be rigid and unit scale. determinants=-1.000000/-1.000000.
FAIL: rescue rig/attachment resolution: Gameplay-authored player Grip basis produced a non-rigid hand target: Held-item socket transform must be rigid and unit scale. determinants=-1.000000/-1.000000.
FAIL: rescue rig/attachment resolution: Gameplay-authored player Grip basis produced a non-rigid hand target: Held-item socket transform must be rigid and unit scale. determinants=-1.000000/-1.000000.
FAIL: rescue rig/attachment resolution: Gameplay-authored player Grip basis produced a non-rigid hand target: Held-item socket transform must be rigid and unit scale. determinants=-1.000000/-1.000000.
FAIL: rescue rig/attachment resolution: Gameplay-authored player Grip basis produced a non-rigid hand target: Held-item socket transform must be rigid and unit scale. determinants=-1.000000/-1.000000.
FAIL: rescue rig/attachment resolution: Gameplay-authored player Grip basis produced a non-rigid hand target: Held-item socket transform must be rigid and unit scale. determinants=-1.000000/-1.000000.
FAIL: rescue rig/attachment resolution: Gameplay-authored player Grip basis produced a non-rigid hand target: Held-item socket transform must be rigid and unit scale. determinants=-1.000000/-1.000000.
FAIL: rescue rig/attachment resolution: Gameplay-authored player Grip basis produced a non-rigid hand target: Held-item socket transform must be rigid and unit scale. determinants=-1.000000/-1.000000.
FAIL: rescue rig/attachment resolution: Gameplay-authored player Grip basis produced a non-rigid hand target: Held-item socket transform must be rigid and unit scale. determinants=-1.000000/-1.000000.
FAIL: rescue rig/attachment resolution: Gameplay-authored player Grip basis produced a non-rigid hand target: Held-item socket transform must be rigid and unit scale. determinants=-1.000000/-1.000000.
FAIL: rescue rig/attachment resolution: Gameplay-authored player Grip basis produced a non-rigid hand target: Held-item socket transform must be rigid and unit scale. determinants=-1.000000/-1.000000.
FAIL: rescue rig/attachment resolution: Gameplay-authored player Grip basis produced a non-rigid hand target: Held-item socket transform must be rigid and unit scale. determinants=-1.000000/-1.000000.
FAIL: rescue rig/attachment resolution: Gameplay-authored player Grip basis produced a non-rigid hand target: Held-item socket transform must be rigid and unit scale. determinants=-1.000000/-1.000000.
FAIL: rescue rig/attachment resolution: Gameplay-authored player Grip basis produced a non-rigid hand target: Held-item socket transform must be rigid and unit scale. determinants=-1.000000/-1.000000.
FAIL: rescue rig/attachment resolution: Gameplay-authored player Grip basis produced a non-rigid hand target: Held-item socket transform must be rigid and unit scale. determinants=-1.000000/-1.000000.
FAIL: rescue rig/attachment resolution: Gameplay-authored player Grip basis produced a non-rigid hand target: Held-item socket transform must be rigid and unit scale. determinants=-1.000000/-1.000000.
FAIL: rescue rig/attachment resolution: Gameplay-authored player Grip basis produced a non-rigid hand target: Held-item socket transform must be rigid and unit scale. determinants=-1.000000/-1.000000.
FAIL: rescue rig/attachment resolution: Gameplay-authored player Grip basis produced a non-rigid hand target: Held-item socket transform must be rigid and unit scale. determinants=-1.000000/-1.000000.
FAIL: rescue rig/attachment resolution: Gameplay-authored player Grip basis produced a non-rigid hand target: Held-item socket transform must be rigid and unit scale. determinants=-1.000000/-1.000000.
FAIL: rescue rig/attachment resolution: Gameplay-authored player Grip basis produced a non-rigid hand target: Held-item socket transform must be rigid and unit scale. determinants=-1.000000/-1.000000.
FAIL: rescue rig/attachment resolution: Gameplay-authored player Grip basis produced a non-rigid hand target: Held-item socket transform must be rigid and unit scale. determinants=-1.000000/-1.000000.
FAIL: rescue rig/attachment resolution: Gameplay-authored player Grip basis produced a non-rigid hand target: Held-item socket transform must be rigid and unit scale. determinants=-1.000000/-1.000000.
FAIL: rescue rig/attachment resolution: Gameplay-authored player Grip basis produced a non-rigid hand target: Held-item socket transform must be rigid and unit scale. determinants=-1.000000/-1.000000.
FAIL: rescue rig/attachment resolution: Gameplay-authored player Grip basis produced a non-rigid hand target: Held-item socket transform must be rigid and unit scale. determinants=-1.000000/-1.000000.
FAIL: rescue rig/attachment resolution: Gameplay-authored player Grip basis produced a non-rigid hand target: Held-item socket transform must be rigid and unit scale. determinants=-1.000000/-1.000000.
FAIL: rescue rig/attachment resolution: Gameplay-authored player Grip basis produced a non-rigid hand target: Held-item socket transform must be rigid and unit scale. determinants=-1.000000/-1.000000.
FAIL: rescue rig/attachment resolution: Gameplay-authored player Grip basis produced a non-rigid hand target: Held-item socket transform must be rigid and unit scale. determinants=-1.000000/-1.000000.
FAIL: rescue rig/attachment resolution: Gameplay-authored player Grip basis produced a non-rigid hand target: Held-item socket transform must be rigid and unit scale. determinants=-1.000000/-1.000000.
FAIL: rescue rig/attachment resolution: Gameplay-authored player Grip basis produced a non-rigid hand target: Held-item socket transform must be rigid and unit scale. determinants=-1.000000/-1.000000.
FAIL: rescue rig/attachment resolution: Gameplay-authored player Grip basis produced a non-rigid hand target: Held-item socket transform must be rigid and unit scale. determinants=-1.000000/-1.000000.
FAIL: rescue rig/attachment resolution: Gameplay-authored player Grip basis produced a non-rigid hand target: Held-item socket transform must be rigid and unit scale. determinants=-1.000000/-1.000000.
FAIL: rescue rig/attachment resolution: Gameplay-authored player Grip basis produced a non-rigid hand target: Held-item socket transform must be rigid and unit scale. determinants=-1.000000/-1.000000.
FAIL: rescue rig/attachment resolution: Gameplay-authored player Grip basis produced a non-rigid hand target: Held-item socket transform must be rigid and unit scale. determinants=-1.000000/-1.000000.
FAIL: rescue rig/attachment resolution: Gameplay-authored player Grip basis produced a non-rigid hand target: Held-item socket transform must be rigid and unit scale. determinants=-1.000000/-1.000000.
FAIL: rescue rig/attachment resolution: Gameplay-authored player Grip basis produced a non-rigid hand target: Held-item socket transform must be rigid and unit scale. determinants=-1.000000/-1.000000.
FAIL: rescue rig/attachment resolution: Gameplay-authored player Grip basis produced a non-rigid hand target: Held-item socket transform must be rigid and unit scale. determinants=-1.000000/-1.000000.
FAIL: rescue rig/attachment resolution: Gameplay-authored player Grip basis produced a non-rigid hand target: Held-item socket transform must be rigid and unit scale. determinants=-1.000000/-1.000000.
FAIL: rescue rig/attachment resolution: Gameplay-authored player Grip basis produced a non-rigid hand target: Held-item socket transform must be rigid and unit scale. determinants=-1.000000/-1.000000.
FAIL: rescue rig/attachment resolution: Gameplay-authored player Grip basis produced a non-rigid hand target: Held-item socket transform must be rigid and unit scale. determinants=-1.000000/-1.000000.
FAIL: rescue rig/attachment resolution: Gameplay-authored player Grip basis produced a non-rigid hand target: Held-item socket transform must be rigid and unit scale. determinants=-1.000000/-1.000000.
FAIL: rescue rig/attachment resolution: Gameplay-authored player Grip basis produced a non-rigid hand target: Held-item socket transform must be rigid and unit scale. determinants=-1.000000/-1.000000.
FAIL: rescue rig/attachment resolution: Gameplay-authored player Grip basis produced a non-rigid hand target: Held-item socket transform must be rigid and unit scale. determinants=-1.000000/-1.000000.
FAIL: rescue rig/attachment resolution: Gameplay-authored player Grip basis produced a non-rigid hand target: Held-item socket transform must be rigid and unit scale. determinants=-1.000000/-1.000000.
FAIL: rescue rig/attachment resolution: Gameplay-authored player Grip basis produced a non-rigid hand target: Held-item socket transform must be rigid and unit scale. determinants=-1.000000/-1.000000.
FAIL: rescue rig/attachment resolution: Gameplay-authored player Grip basis produced a non-rigid hand target: Held-item socket transform must be rigid and unit scale. determinants=-1.000000/-1.000000.
FAIL: rescue rig/attachment resolution: Gameplay-authored player Grip basis produced a non-rigid hand target: Held-item socket transform must be rigid and unit scale. determinants=-1.000000/-1.000000.
FAIL: rescue rig/attachment resolution: Gameplay-authored player Grip basis produced a non-rigid hand target: Held-item socket transform must be rigid and unit scale. determinants=-1.000000/-1.000000.
FAIL: rescue rig/attachment resolution: Gameplay-authored player Grip basis produced a non-rigid hand target: Held-item socket transform must be rigid and unit scale. determinants=-1.000000/-1.000000.
FAIL: rescue rig/attachment resolution: Gameplay-authored player Grip basis produced a non-rigid hand target: Held-item socket transform must be rigid and unit scale. determinants=-1.000000/-1.000000.
FAIL: rescue rig/attachment resolution: Gameplay-authored player Grip basis produced a non-rigid hand target: Held-item socket transform must be rigid and unit scale. determinants=-1.000000/-1.000000.
FAIL: rescue rig/attachment resolution: Gameplay-authored player Grip basis produced a non-rigid hand target: Held-item socket transform must be rigid and unit scale. determinants=-1.000000/-1.000000.
FAIL: rescue rig/attachment resolution: Gameplay-authored player Grip basis produced a non-rigid hand target: Held-item socket transform must be rigid and unit scale. determinants=-1.000000/-1.000000.
FAIL: rescue rig/attachment resolution: Gameplay-authored player Grip basis produced a non-rigid hand target: Held-item socket transform must be rigid and unit scale. determinants=-1.000000/-1.000000.
FAIL: rescue rig/attachment resolution: Gameplay-authored player Grip basis produced a non-rigid hand target: Held-item socket transform must be rigid and unit scale. determinants=-1.000000/-1.000000.
FAIL: rescue rig/attachment resolution: Gameplay-authored player Grip basis produced a non-rigid hand target: Held-item socket transform must be rigid and unit scale. determinants=-1.000000/-1.000000.
FAIL: rescue rig/attachment resolution: Gameplay-authored player Grip basis produced a non-rigid hand target: Held-item socket transform must be rigid and unit scale. determinants=-1.000000/-1.000000.
FAIL: rescue rig/attachment resolution: Gameplay-authored player Grip basis produced a non-rigid hand target: Held-item socket transform must be rigid and unit scale. determinants=-1.000000/-1.000000.
FAIL: rescue rig/attachment resolution: Gameplay-authored player Grip basis produced a non-rigid hand target: Held-item socket transform must be rigid and unit scale. determinants=-1.000000/-1.000000.
FAIL: rescue rig/attachment resolution: Gameplay-authored player Grip basis produced a non-rigid hand target: Held-item socket transform must be rigid and unit scale. determinants=-1.000000/-1.000000.
FAIL: rescue rig/attachment resolution: Gameplay-authored player Grip basis produced a non-rigid hand target: Held-item socket transform must be rigid and unit scale. determinants=-1.000000/-1.000000.
FAIL: rescue rig/attachment resolution: Gameplay-authored player Grip basis produced a non-rigid hand target: Held-item socket transform must be rigid and unit scale. determinants=-1.000000/-1.000000.
FAIL: rescue rig/attachment resolution: Gameplay-authored player Grip basis produced a non-rigid hand target: Held-item socket transform must be rigid and unit scale. determinants=-1.000000/-1.000000.
FAIL: rescue rig/attachment resolution: Gameplay-authored player Grip basis produced a non-rigid hand target: Held-item socket transform must be rigid and unit scale. determinants=-1.000000/-1.000000.
FAIL: rescue rig/attachment resolution: Gameplay-authored player Grip basis produced a non-rigid hand target: Held-item socket transform must be rigid and unit scale. determinants=-1.000000/-1.000000.
FAIL: rescue rig/attachment resolution: Gameplay-authored player Grip basis produced a non-rigid hand target: Held-item socket transform must be rigid and unit scale. determinants=-1.000000/-1.000000.
FAIL: rescue rig/attachment resolution: Gameplay-authored player Grip basis produced a non-rigid hand target: Held-item socket transform must be rigid and unit scale. determinants=-1.000000/-1.000000.
FAIL: rescue rig/attachment resolution: Gameplay-authored player Grip basis produced a non-rigid hand target: Held-item socket transform must be rigid and unit scale. determinants=-1.000000/-1.000000.
FAIL: rescue rig/attachment resolution: Gameplay-authored player Grip basis produced a non-rigid hand target: Held-item socket transform must be rigid and unit scale. determinants=-1.000000/-1.000000.
FAIL: rescue rig/attachment resolution: Gameplay-authored player Grip basis produced a non-rigid hand target: Held-item socket transform must be rigid and unit scale. determinants=-1.000000/-1.000000.
FAIL: rescue rig/attachment resolution: Gameplay-authored player Grip basis produced a non-rigid hand target: Held-item socket transform must be rigid and unit scale. determinants=-1.000000/-1.000000.
FAIL: rescue rig/attachment resolution: Gameplay-authored player Grip basis produced a non-rigid hand target: Held-item socket transform must be rigid and unit scale. determinants=-1.000000/-1.000000.
FAIL: rescue rig/attachment resolution: Gameplay-authored player Grip basis produced a non-rigid hand target: Held-item socket transform must be rigid and unit scale. determinants=-1.000000/-1.000000.
FAIL: rescue rig/attachment resolution: Gameplay-authored player Grip basis produced a non-rigid hand target: Held-item socket transform must be rigid and unit scale. determinants=-1.000000/-1.000000.
FAIL: rescue rig/attachment resolution: Gameplay-authored player Grip basis produced a non-rigid hand target: Held-item socket transform must be rigid and unit scale. determinants=-1.000000/-1.000000.
FAIL: rescue rig/attachment resolution: Gameplay-authored player Grip basis produced a non-rigid hand target: Held-item socket transform must be rigid and unit scale. determinants=-1.000000/-1.000000.
FAIL: rescue rig/attachment resolution: Gameplay-authored player Grip basis produced a non-rigid hand target: Held-item socket transform must be rigid and unit scale. determinants=-1.000000/-1.000000.
FAIL: rescue rig/attachment resolution: Gameplay-authored player Grip basis produced a non-rigid hand target: Held-item socket transform must be rigid and unit scale. determinants=-1.000000/-1.000000.
FAIL: rescue rig/attachment resolution: Gameplay-authored player Grip basis produced a non-rigid hand target: Held-item socket transform must be rigid and unit scale. determinants=-1.000000/-1.000000.
FAIL: rescue rig/attachment resolution: Gameplay-authored player Grip basis produced a non-rigid hand target: Held-item socket transform must be rigid and unit scale. determinants=-1.000000/-1.000000.
FAIL: rescue rig/attachment resolution: Gameplay-authored player Grip basis produced a non-rigid hand target: Held-item socket transform must be rigid and unit scale. determinants=-1.000000/-1.000000.
FAIL: rescue rig/attachment resolution: Gameplay-authored player Grip basis produced a non-rigid hand target: Held-item socket transform must be rigid and unit scale. determinants=-1.000000/-1.000000.
FAIL: rescue rig/attachment resolution: Gameplay-authored player Grip basis produced a non-rigid hand target: Held-item socket transform must be rigid and unit scale. determinants=-1.000000/-1.000000.
FAIL: rescue rig/attachment resolution: Gameplay-authored player Grip basis produced a non-rigid hand target: Held-item socket transform must be rigid and unit scale. determinants=-1.000000/-1.000000.
FAIL: rescue rig/attachment resolution: Gameplay-authored player Grip basis produced a non-rigid hand target: Held-item socket transform must be rigid and unit scale. determinants=-1.000000/-1.000000.
FAIL: rescue rig/attachment resolution: Gameplay-authored player Grip basis produced a non-rigid hand target: Held-item socket transform must be rigid and unit scale. determinants=-1.000000/-1.000000.
FAIL: rescue rig/attachment resolution: Gameplay-authored player Grip basis produced a non-rigid hand target: Held-item socket transform must be rigid and unit scale. determinants=-1.000000/-1.000000.
FAIL: rescue rig/attachment resolution: Gameplay-authored player Grip basis produced a non-rigid hand target: Held-item socket transform must be rigid and unit scale. determinants=-1.000000/-1.000000.
FAIL: rescue rig/attachment resolution: Gameplay-authored player Grip basis produced a non-rigid hand target: Held-item socket transform must be rigid and unit scale. determinants=-1.000000/-1.000000.
FAIL: rescue rig/attachment resolution: Gameplay-authored player Grip basis produced a non-rigid hand target: Held-item socket transform must be rigid and unit scale. determinants=-1.000000/-1.000000.
FAIL: rescue rig/attachment resolution: Gameplay-authored player Grip basis produced a non-rigid hand target: Held-item socket transform must be rigid and unit scale. determinants=-1.000000/-1.000000.
FAIL: rescue rig/attachment resolution: Gameplay-authored player Grip basis produced a non-rigid hand target: Held-item socket transform must be rigid and unit scale. determinants=-1.000000/-1.000000.
FAIL: rescue rig/attachment resolution: Gameplay-authored player Grip basis produced a non-rigid hand target: Held-item socket transform must be rigid and unit scale. determinants=-1.000000/-1.000000.
FAIL: rescue rig/attachment resolution: Gameplay-authored player Grip basis produced a non-rigid hand target: Held-item socket transform must be rigid and unit scale. determinants=-1.000000/-1.000000.
FAIL: rescue rig/attachment resolution: Gameplay-authored player Grip basis produced a non-rigid hand target: Held-item socket transform must be rigid and unit scale. determinants=-1.000000/-1.000000.
FAIL: rescue rig/attachment resolution: Gameplay-authored player Grip basis produced a non-rigid hand target: Held-item socket transform must be rigid and unit scale. determinants=-1.000000/-1.000000.
FAIL: rescue rig/attachment resolution: Gameplay-authored player Grip basis produced a non-rigid hand target: Held-item socket transform must be rigid and unit scale. determinants=-1.000000/-1.000000.
FAIL: rescue rig/attachment resolution: Gameplay-authored player Grip basis produced a non-rigid hand target: Held-item socket transform must be rigid and unit scale. determinants=-1.000000/-1.000000.
FAIL: rescue rig/attachment resolution: Gameplay-authored player Grip basis produced a non-rigid hand target: Held-item socket transform must be rigid and unit scale. determinants=-1.000000/-1.000000.
FAIL: rescue rig/attachment resolution: Gameplay-authored player Grip basis produced a non-rigid hand target: Held-item socket transform must be rigid and unit scale. determinants=-1.000000/-1.000000.
FAIL: rescue rig/attachment resolution: Gameplay-authored player Grip basis produced a non-rigid hand target: Held-item socket transform must be rigid and unit scale. determinants=-1.000000/-1.000000.
FAIL: rescue rig/attachment resolution: Gameplay-authored player Grip basis produced a non-rigid hand target: Held-item socket transform must be rigid and unit scale. determinants=-1.000000/-1.000000.
FAIL: rescue rig/attachment resolution: Gameplay-authored player Grip basis produced a non-rigid hand target: Held-item socket transform must be rigid and unit scale. determinants=-1.000000/-1.000000.
FAIL: rescue rig/attachment resolution: Gameplay-authored player Grip basis produced a non-rigid hand target: Held-item socket transform must be rigid and unit scale. determinants=-1.000000/-1.000000.
FAIL: rescue rig/attachment resolution: Gameplay-authored player Grip basis produced a non-rigid hand target: Held-item socket transform must be rigid and unit scale. determinants=-1.000000/-1.000000.
FAIL: rescue rig/attachment resolution: Gameplay-authored player Grip basis produced a non-rigid hand target: Held-item socket transform must be rigid and unit scale. determinants=-1.000000/-1.000000.
FAIL: rescue rig/attachment resolution: Gameplay-authored player Grip basis produced a non-rigid hand target: Held-item socket transform must be rigid and unit scale. determinants=-1.000000/-1.000000.
FAIL: rescue rig/attachment resolution: Gameplay-authored player Grip basis produced a non-rigid hand target: Held-item socket transform must be rigid and unit scale. determinants=-1.000000/-1.000000.
FAIL: rescue rig/attachment resolution: Gameplay-authored player Grip basis produced a non-rigid hand target: Held-item socket transform must be rigid and unit scale. determinants=-1.000000/-1.000000.
FAIL: rescue rig/attachment resolution: Gameplay-authored player Grip basis produced a non-rigid hand target: Held-item socket transform must be rigid and unit scale. determinants=-1.000000/-1.000000.
FAIL: rescue rig/attachment resolution: Gameplay-authored player Grip basis produced a non-rigid hand target: Held-item socket transform must be rigid and unit scale. determinants=-1.000000/-1.000000.
FAIL: rescue rig/attachment resolution: Gameplay-authored player Grip basis produced a non-rigid hand target: Held-item socket transform must be rigid and unit scale. determinants=-1.000000/-1.000000.
FAIL: rescue rig/attachment resolution: Gameplay-authored player Grip basis produced a non-rigid hand target: Held-item socket transform must be rigid and unit scale. determinants=-1.000000/-1.000000.
FAIL: rescue rig/attachment resolution: Gameplay-authored player Grip basis produced a non-rigid hand target: Held-item socket transform must be rigid and unit scale. determinants=-1.000000/-1.000000.
FAIL: rescue rig/attachment resolution: Gameplay-authored player Grip basis produced a non-rigid hand target: Held-item socket transform must be rigid and unit scale. determinants=-1.000000/-1.000000.
FAIL: rescue rig/attachment resolution: Gameplay-authored player Grip basis produced a non-rigid hand target: Held-item socket transform must be rigid and unit scale. determinants=-1.000000/-1.000000.
FAIL: rescue rig/attachment resolution: Gameplay-authored player Grip basis produced a non-rigid hand target: Held-item socket transform must be rigid and unit scale. determinants=-1.000000/-1.000000.
FAIL: rescue rig/attachment resolution: Gameplay-authored player Grip basis produced a non-rigid hand target: Held-item socket transform must be rigid and unit scale. determinants=-1.000000/-1.000000.
FAIL: rescue rig/attachment resolution: Gameplay-authored player Grip basis produced a non-rigid hand target: Held-item socket transform must be rigid and unit scale. determinants=-1.000000/-1.000000.
FAIL: rescue rig/attachment resolution: Gameplay-authored player Grip basis produced a non-rigid hand target: Held-item socket transform must be rigid and unit scale. determinants=-1.000000/-1.000000.
FAIL: rescue rig/attachment resolution: Gameplay-authored player Grip basis produced a non-rigid hand target: Held-item socket transform must be rigid and unit scale. determinants=-1.000000/-1.000000.
FAIL: rescue rig/attachment resolution: Gameplay-authored player Grip basis produced a non-rigid hand target: Held-item socket transform must be rigid and unit scale. determinants=-1.000000/-1.000000.
FAIL: rescue rig/attachment resolution: Gameplay-authored player Grip basis produced a non-rigid hand target: Held-item socket transform must be rigid and unit scale. determinants=-1.000000/-1.000000.
FAIL: rescue rig/attachment resolution: Gameplay-authored player Grip basis produced a non-rigid hand target: Held-item socket transform must be rigid and unit scale. determinants=-1.000000/-1.000000.
FAIL: rescue rig/attachment resolution: Gameplay-authored player Grip basis produced a non-rigid hand target: Held-item socket transform must be rigid and unit scale. determinants=-1.000000/-1.000000.
FAIL: rescue rig/attachment resolution: Gameplay-authored player Grip basis produced a non-rigid hand target: Held-item socket transform must be rigid and unit scale. determinants=-1.000000/-1.000000.
FAIL: rescue rig/attachment resolution: Gameplay-authored player Grip basis produced a non-rigid hand target: Held-item socket transform must be rigid and unit scale. determinants=-1.000000/-1.000000.
FAIL: rescue rig/attachment resolution: Gameplay-authored player Grip basis produced a non-rigid hand target: Held-item socket transform must be rigid and unit scale. determinants=-1.000000/-1.000000.
FAIL: rescue rig/attachment resolution: Gameplay-authored player Grip basis produced a non-rigid hand target: Held-item socket transform must be rigid and unit scale. determinants=-1.000000/-1.000000.
FAIL: rescue rig/attachment resolution: Gameplay-authored player Grip basis produced a non-rigid hand target: Held-item socket transform must be rigid and unit scale. determinants=-1.000000/-1.000000.
FAIL: rescue rig/attachment resolution: Gameplay-authored player Grip basis produced a non-rigid hand target: Held-item socket transform must be rigid and unit scale. determinants=-1.000000/-1.000000.
FAIL: rescue rig/attachment resolution: Gameplay-authored player Grip basis produced a non-rigid hand target: Held-item socket transform must be rigid and unit scale. determinants=-1.000000/-1.000000.
FAIL: rescue rig/attachment resolution: Gameplay-authored player Grip basis produced a non-rigid hand target: Held-item socket transform must be rigid and unit scale. determinants=-1.000000/-1.000000.
FAIL: rescue rig/attachment resolution: Gameplay-authored player Grip basis produced a non-rigid hand target: Held-item socket transform must be rigid and unit scale. determinants=-1.000000/-1.000000.
FAIL: rescue rig/attachment resolution: Gameplay-authored player Grip basis produced a non-rigid hand target: Held-item socket transform must be rigid and unit scale. determinants=-1.000000/-1.000000.
FAIL: rescue rig/attachment resolution: Gameplay-authored player Grip basis produced a non-rigid hand target: Held-item socket transform must be rigid and unit scale. determinants=-1.000000/-1.000000.
FAIL: rescue rig/attachment resolution: Gameplay-authored player Grip basis produced a non-rigid hand target: Held-item socket transform must be rigid and unit scale. determinants=-1.000000/-1.000000.
FAIL: rescue rig/attachment resolution: Gameplay-authored player Grip basis produced a non-rigid hand target: Held-item socket transform must be rigid and unit scale. determinants=-1.000000/-1.000000.
FAIL: rescue rig/attachment resolution: Gameplay-authored player Grip basis produced a non-rigid hand target: Held-item socket transform must be rigid and unit scale. determinants=-1.000000/-1.000000.
FAIL: rescue rig/attachment resolution: Gameplay-authored player Grip basis produced a non-rigid hand target: Held-item socket transform must be rigid and unit scale. determinants=-1.000000/-1.000000.
FAIL: rescue rig/attachment resolution: Gameplay-authored player Grip basis produced a non-rigid hand target: Held-item socket transform must be rigid and unit scale. determinants=-1.000000/-1.000000.
FAIL: rescue rig/attachment resolution: Gameplay-authored player Grip basis produced a non-rigid hand target: Held-item socket transform must be rigid and unit scale. determinants=-1.000000/-1.000000.
FAIL: rescue rig/attachment resolution: Gameplay-authored player Grip basis produced a non-rigid hand target: Held-item socket transform must be rigid and unit scale. determinants=-1.000000/-1.000000.
FAIL: rescue rig/attachment resolution: Gameplay-authored player Grip basis produced a non-rigid hand target: Held-item socket transform must be rigid and unit scale. determinants=-1.000000/-1.000000.
FAIL: rescue rig/attachment resolution: Gameplay-authored player Grip basis produced a non-rigid hand target: Held-item socket transform must be rigid and unit scale. determinants=-1.000000/-1.000000.
FAIL: rescue rig/attachment resolution: Gameplay-authored player Grip basis produced a non-rigid hand target: Held-item socket transform must be rigid and unit scale. determinants=-1.000000/-1.000000.
FAIL: rescue rig/attachment resolution: Gameplay-authored player Grip basis produced a non-rigid hand target: Held-item socket transform must be rigid and unit scale. determinants=-1.000000/-1.000000.
FAIL: rescue rig/attachment resolution: Gameplay-authored player Grip basis produced a non-rigid hand target: Held-item socket transform must be rigid and unit scale. determinants=-1.000000/-1.000000.
FAIL: rescue rig/attachment resolution: Gameplay-authored player Grip basis produced a non-rigid hand target: Held-item socket transform must be rigid and unit scale. determinants=-1.000000/-1.000000.
FAIL: rescue rig/attachment resolution: Gameplay-authored player Grip basis produced a non-rigid hand target: Held-item socket transform must be rigid and unit scale. determinants=-1.000000/-1.000000.
FAIL: rescue rig/attachment resolution: Gameplay-authored player Grip basis produced a non-rigid hand target: Held-item socket transform must be rigid and unit scale. determinants=-1.000000/-1.000000.
FAIL: rescue rig/attachment resolution: Gameplay-authored player Grip basis produced a non-rigid hand target: Held-item socket transform must be rigid and unit scale. determinants=-1.000000/-1.000000.
FAIL: rescue rig/attachment resolution: Gameplay-authored player Grip basis produced a non-rigid hand target: Held-item socket transform must be rigid and unit scale. determinants=-1.000000/-1.000000.
FAIL: rescue rig/attachment resolution: Gameplay-authored player Grip basis produced a non-rigid hand target: Held-item socket transform must be rigid and unit scale. determinants=-1.000000/-1.000000.
FAIL: rescue rig/attachment resolution: Gameplay-authored player Grip basis produced a non-rigid hand target: Held-item socket transform must be rigid and unit scale. determinants=-1.000000/-1.000000.
FAIL: rescue rig/attachment resolution: Gameplay-authored player Grip basis produced a non-rigid hand target: Held-item socket transform must be rigid and unit scale. determinants=-1.000000/-1.000000.
FAIL: rescue rig/attachment resolution: Gameplay-authored player Grip basis produced a non-rigid hand target: Held-item socket transform must be rigid and unit scale. determinants=-1.000000/-1.000000.
FAIL: rescue rig/attachment resolution: Gameplay-authored player Grip basis produced a non-rigid hand target: Held-item socket transform must be rigid and unit scale. determinants=-1.000000/-1.000000.
FAIL: rescue rig/attachment resolution: Gameplay-authored player Grip basis produced a non-rigid hand target: Held-item socket transform must be rigid and unit scale. determinants=-1.000000/-1.000000.
FAIL: rescue rig/attachment resolution: Gameplay-authored player Grip basis produced a non-rigid hand target: Held-item socket transform must be rigid and unit scale. determinants=-1.000000/-1.000000.
FAIL: rescue rig/attachment resolution: Gameplay-authored player Grip basis produced a non-rigid hand target: Held-item socket transform must be rigid and unit scale. determinants=-1.000000/-1.000000.
FAIL: rescue rig/attachment resolution: Gameplay-authored player Grip basis produced a non-rigid hand target: Held-item socket transform must be rigid and unit scale. determinants=-1.000000/-1.000000.
FAIL: rescue rig/attachment resolution: Gameplay-authored player Grip basis produced a non-rigid hand target: Held-item socket transform must be rigid and unit scale. determinants=-1.000000/-1.000000.
FAIL: rescue rig/attachment resolution: Gameplay-authored player Grip basis produced a non-rigid hand target: Held-item socket transform must be rigid and unit scale. determinants=-1.000000/-1.000000.
FAIL: rescue rig/attachment resolution: Gameplay-authored player Grip basis produced a non-rigid hand target: Held-item socket transform must be rigid and unit scale. determinants=-1.000000/-1.000000.
FAIL: rescue rig/attachment resolution: Gameplay-authored player Grip basis produced a non-rigid hand target: Held-item socket transform must be rigid and unit scale. determinants=-1.000000/-1.000000.
FAIL: rescue rig/attachment resolution: Gameplay-authored player Grip basis produced a non-rigid hand target: Held-item socket transform must be rigid and unit scale. determinants=-1.000000/-1.000000.
FAIL: rescue rig/attachment resolution: Gameplay-authored player Grip basis produced a non-rigid hand target: Held-item socket transform must be rigid and unit scale. determinants=-1.000000/-1.000000.
FAIL: rescue rig/attachment resolution: Gameplay-authored player Grip basis produced a non-rigid hand target: Held-item socket transform must be rigid and unit scale. determinants=-1.000000/-1.000000.
FAIL: rescue rig/attachment resolution: Gameplay-authored player Grip basis produced a non-rigid hand target: Held-item socket transform must be rigid and unit scale. determinants=-1.000000/-1.000000.
FAIL: rescue rig/attachment resolution: Gameplay-authored player Grip basis produced a non-rigid hand target: Held-item socket transform must be rigid and unit scale. determinants=-1.000000/-1.000000.
FAIL: rescue rig/attachment resolution: Gameplay-authored player Grip basis produced a non-rigid hand target: Held-item socket transform must be rigid and unit scale. determinants=-1.000000/-1.000000.
FAIL: rescue rig/attachment resolution: Gameplay-authored player Grip basis produced a non-rigid hand target: Held-item socket transform must be rigid and unit scale. determinants=-1.000000/-1.000000.
FAIL: rescue rig/attachment resolution: Gameplay-authored player Grip basis produced a non-rigid hand target: Held-item socket transform must be rigid and unit scale. determinants=-1.000000/-1.000000.
FAIL: rescue rig/attachment resolution: Gameplay-authored player Grip basis produced a non-rigid hand target: Held-item socket transform must be rigid and unit scale. determinants=-1.000000/-1.000000.
FAIL: rescue rig/attachment resolution: Gameplay-authored player Grip basis produced a non-rigid hand target: Held-item socket transform must be rigid and unit scale. determinants=-1.000000/-1.000000.
FAIL: rescue rig/attachment resolution: Gameplay-authored player Grip basis produced a non-rigid hand target: Held-item socket transform must be rigid and unit scale. determinants=-1.000000/-1.000000.
FAIL: rescue rig/attachment resolution: Gameplay-authored player Grip basis produced a non-rigid hand target: Held-item socket transform must be rigid and unit scale. determinants=-1.000000/-1.000000.
FAIL: rescue rig/attachment resolution: Gameplay-authored player Grip basis produced a non-rigid hand target: Held-item socket transform must be rigid and unit scale. determinants=-1.000000/-1.000000.
FAIL: rescue rig/attachment resolution: Gameplay-authored player Grip basis produced a non-rigid hand target: Held-item socket transform must be rigid and unit scale. determinants=-1.000000/-1.000000.
FAIL: rescue rig/attachment resolution: Gameplay-authored player Grip basis produced a non-rigid hand target: Held-item socket transform must be rigid and unit scale. determinants=-1.000000/-1.000000.
FAIL: rescue rig/attachment resolution: Gameplay-authored player Grip basis produced a non-rigid hand target: Held-item socket transform must be rigid and unit scale. determinants=-1.000000/-1.000000.
FAIL: rescue rig/attachment resolution: Gameplay-authored player Grip basis produced a non-rigid hand target: Held-item socket transform must be rigid and unit scale. determinants=-1.000000/-1.000000.
FAIL: rescue rig/attachment resolution: Gameplay-authored player Grip basis produced a non-rigid hand target: Held-item socket transform must be rigid and unit scale. determinants=-1.000000/-1.000000.
FAIL: rescue rig/attachment resolution: Gameplay-authored player Grip basis produced a non-rigid hand target: Held-item socket transform must be rigid and unit scale. determinants=-1.000000/-1.000000.
FAIL: rescue rig/attachment resolution: Gameplay-authored player Grip basis produced a non-rigid hand target: Held-item socket transform must be rigid and unit scale. determinants=-1.000000/-1.000000.
FAIL: rescue rig/attachment resolution: Gameplay-authored player Grip basis produced a non-rigid hand target: Held-item socket transform must be rigid and unit scale. determinants=-1.000000/-1.000000.
FAIL: rescue rig/attachment resolution: Gameplay-authored player Grip basis produced a non-rigid hand target: Held-item socket transform must be rigid and unit scale. determinants=-1.000000/-1.000000.
FAIL: rescue rig/attachment resolution: Gameplay-authored player Grip basis produced a non-rigid hand target: Held-item socket transform must be rigid and unit scale. determinants=-1.000000/-1.000000.
FAIL: rescue rig/attachment resolution: Gameplay-authored player Grip basis produced a non-rigid hand target: Held-item socket transform must be rigid and unit scale. determinants=-1.000000/-1.000000.
FAIL: rescue rig/attachment resolution: Gameplay-authored player Grip basis produced a non-rigid hand target: Held-item socket transform must be rigid and unit scale. determinants=-1.000000/-1.000000.
FAIL: rescue rig/attachment resolution: Gameplay-authored player Grip basis produced a non-rigid hand target: Held-item socket transform must be rigid and unit scale. determinants=-1.000000/-1.000000.
FAIL: rescue rig/attachment resolution: Gameplay-authored player Grip basis produced a non-rigid hand target: Held-item socket transform must be rigid and unit scale. determinants=-1.000000/-1.000000.
FAIL: rescue rig/attachment resolution: Gameplay-authored player Grip basis produced a non-rigid hand target: Held-item socket transform must be rigid and unit scale. determinants=-1.000000/-1.000000.
FAIL: rescue rig/attachment resolution: Gameplay-authored player Grip basis produced a non-rigid hand target: Held-item socket transform must be rigid and unit scale. determinants=-1.000000/-1.000000.
FAIL: rescue rig/attachment resolution: Gameplay-authored player Grip basis produced a non-rigid hand target: Held-item socket transform must be rigid and unit scale. determinants=-1.000000/-1.000000.
FAIL: rescue rig/attachment resolution: Gameplay-authored player Grip basis produced a non-rigid hand target: Held-item socket transform must be rigid and unit scale. determinants=-1.000000/-1.000000.
FAIL: rescue rig/attachment resolution: Gameplay-authored player Grip basis produced a non-rigid hand target: Held-item socket transform must be rigid and unit scale. determinants=-1.000000/-1.000000.
FAIL: rescue rig/attachment resolution: Gameplay-authored player Grip basis produced a non-rigid hand target: Held-item socket transform must be rigid and unit scale. determinants=-1.000000/-1.000000.
FAIL: rescue rig/attachment resolution: Gameplay-authored player Grip basis produced a non-rigid hand target: Held-item socket transform must be rigid and unit scale. determinants=-1.000000/-1.000000.
FAIL: rescue rig/attachment resolution: Gameplay-authored player Grip basis produced a non-rigid hand target: Held-item socket transform must be rigid and unit scale. determinants=-1.000000/-1.000000.
FAIL: rescue rig/attachment resolution: Gameplay-authored player Grip basis produced a non-rigid hand target: Held-item socket transform must be rigid and unit scale. determinants=-1.000000/-1.000000.
FAIL: rescue rig/attachment resolution: Gameplay-authored player Grip basis produced a non-rigid hand target: Held-item socket transform must be rigid and unit scale. determinants=-1.000000/-1.000000.
FAIL: rescue rig/attachment resolution: Gameplay-authored player Grip basis produced a non-rigid hand target: Held-item socket transform must be rigid and unit scale. determinants=-1.000000/-1.000000.
FAIL: rescue rig/attachment resolution: Gameplay-authored player Grip basis produced a non-rigid hand target: Held-item socket transform must be rigid and unit scale. determinants=-1.000000/-1.000000.
FAIL: rescue rig/attachment resolution: Gameplay-authored player Grip basis produced a non-rigid hand target: Held-item socket transform must be rigid and unit scale. determinants=-1.000000/-1.000000.
FAIL: rescue rig/attachment resolution: Gameplay-authored player Grip basis produced a non-rigid hand target: Held-item socket transform must be rigid and unit scale. determinants=-1.000000/-1.000000.
FAIL: rescue rig/attachment resolution: Gameplay-authored player Grip basis produced a non-rigid hand target: Held-item socket transform must be rigid and unit scale. determinants=-1.000000/-1.000000.
FAIL: rescue rig/attachment resolution: Gameplay-authored player Grip basis produced a non-rigid hand target: Held-item socket transform must be rigid and unit scale. determinants=-1.000000/-1.000000.
FAIL: rescue rig/attachment resolution: Gameplay-authored player Grip basis produced a non-rigid hand target: Held-item socket transform must be rigid and unit scale. determinants=-1.000000/-1.000000.
FAIL: rescue rig/attachment resolution: Gameplay-authored player Grip basis produced a non-rigid hand target: Held-item socket transform must be rigid and unit scale. determinants=-1.000000/-1.000000.
FAIL: rescue rig/attachment resolution: Gameplay-authored player Grip basis produced a non-rigid hand target: Held-item socket transform must be rigid and unit scale. determinants=-1.000000/-1.000000.
FAIL: rescue rig/attachment resolution: Gameplay-authored player Grip basis produced a non-rigid hand target: Held-item socket transform must be rigid and unit scale. determinants=-1.000000/-1.000000.
FAIL: rescue rig/attachment resolution: Gameplay-authored player Grip basis produced a non-rigid hand target: Held-item socket transform must be rigid and unit scale. determinants=-1.000000/-1.000000.
FAIL: rescue rig/attachment resolution: Gameplay-authored player Grip basis produced a non-rigid hand target: Held-item socket transform must be rigid and unit scale. determinants=-1.000000/-1.000000.
FAIL: rescue rig/attachment resolution: Gameplay-authored player Grip basis produced a non-rigid hand target: Held-item socket transform must be rigid and unit scale. determinants=-1.000000/-1.000000.
FAIL: rescue rig/attachment resolution: Final composed player item Grip exceeded position/orientation tolerance: left=0.587009m/0.049958rad right=0.000000m/0.000000rad.
FAIL: rescue rig/attachment resolution: Final composed player item Grip exceeded position/orientation tolerance: left=0.588960m/0.049958rad right=0.000000m/0.000000rad.
FAIL: rescue rig/attachment resolution: Final composed player item Grip exceeded position/orientation tolerance: left=0.592194m/0.049958rad right=0.000000m/0.000000rad.
FAIL: rescue rig/attachment resolution: Final composed player item Grip exceeded position/orientation tolerance: left=0.596545m/0.049958rad right=0.000000m/0.000000rad.
FAIL: rescue rig/attachment resolution: Final composed player item Grip exceeded position/orientation tolerance: left=0.601385m/0.049958rad right=0.000000m/0.000000rad.
FAIL: rescue rig/attachment resolution: Final composed player item Grip exceeded position/orientation tolerance: left=0.605624m/0.049958rad right=0.000000m/0.000000rad.
FAIL: rescue rig/attachment resolution: Final composed player item Grip exceeded position/orientation tolerance: left=0.607963m/0.049958rad right=0.000000m/0.000000rad.
FAIL: rescue rig/attachment resolution: Final composed player item Grip exceeded position/orientation tolerance: left=0.608253m/0.049958rad right=0.000000m/0.000000rad.
FAIL: rescue rig/attachment resolution: Final composed player item Grip exceeded position/orientation tolerance: left=0.606325m/0.049958rad right=0.000000m/0.000000rad.
FAIL: rescue rig/attachment resolution: Final composed player item Grip exceeded position/orientation tolerance: left=0.601198m/0.049958rad right=0.000000m/0.000000rad.
FAIL: rescue rig/attachment resolution: Final composed player item Grip exceeded position/orientation tolerance: left=0.594576m/0.049958rad right=0.000000m/0.000000rad.
FAIL: rescue rig/attachment resolution: Final composed player item Grip exceeded position/orientation tolerance: left=0.587988m/0.049958rad right=0.000000m/0.000000rad.
FAIL: rescue rig/attachment resolution: Final composed player item Grip exceeded position/orientation tolerance: left=0.582537m/0.049958rad right=0.000000m/0.000000rad.
FAIL: rescue rig/attachment resolution: Final composed player item Grip exceeded position/orientation tolerance: left=0.578869m/0.049958rad right=0.000000m/0.000000rad.
FAIL: rescue rig/attachment resolution: Final composed player item Grip exceeded position/orientation tolerance: left=0.577316m/0.049958rad right=0.000000m/0.000000rad.
FAIL: rescue rig/attachment resolution: Final composed player item Grip exceeded position/orientation tolerance: left=0.577381m/0.049958rad right=0.000000m/0.000000rad.
FAIL: rescue rig/attachment resolution: Final composed player item Grip exceeded position/orientation tolerance: left=0.578100m/0.049958rad right=0.000000m/0.000000rad.
FAIL: rescue rig/attachment resolution: Final composed player item Grip exceeded position/orientation tolerance: left=0.580056m/0.049958rad right=0.000000m/0.000000rad.
FAIL: rescue rig/attachment resolution: Final composed player item Grip exceeded position/orientation tolerance: left=0.583323m/0.049958rad right=0.000000m/0.000000rad.
FAIL: rescue rig/attachment resolution: Final composed player item Grip exceeded position/orientation tolerance: left=0.587714m/0.049958rad right=0.000000m/0.000000rad.
FAIL: rescue rig/attachment resolution: Final composed player item Grip exceeded position/orientation tolerance: left=0.592578m/0.049958rad right=0.000000m/0.000000rad.
FAIL: rescue rig/attachment resolution: Final composed player item Grip exceeded position/orientation tolerance: left=0.596782m/0.049958rad right=0.000000m/0.000000rad.
FAIL: rescue rig/attachment resolution: Final composed player item Grip exceeded position/orientation tolerance: left=0.598929m/0.049958rad right=0.000000m/0.000000rad.
FAIL: rescue rig/attachment resolution: Final composed player item Grip exceeded position/orientation tolerance: left=0.598943m/0.049958rad right=0.000000m/0.000000rad.
FAIL: rescue rig/attachment resolution: Final composed player item Grip exceeded position/orientation tolerance: left=0.596690m/0.049958rad right=0.000000m/0.000000rad.
FAIL: rescue rig/attachment resolution: Final composed player item Grip exceeded position/orientation tolerance: left=0.591188m/0.049958rad right=0.000000m/0.000000rad.
FAIL: rescue rig/attachment resolution: Final composed player item Grip exceeded position/orientation tolerance: left=0.584173m/0.049958rad right=0.000000m/0.000000rad.
FAIL: rescue rig/attachment resolution: Final composed player item Grip exceeded position/orientation tolerance: left=0.577188m/0.049958rad right=0.000000m/0.000000rad.
FAIL: rescue rig/attachment resolution: Final composed player item Grip exceeded position/orientation tolerance: left=0.571362m/0.049958rad right=0.000000m/0.000000rad.
FAIL: rescue rig/attachment resolution: Final composed player item Grip exceeded position/orientation tolerance: left=0.567344m/0.049958rad right=0.000000m/0.000000rad.
FAIL: rescue rig/attachment resolution: Final composed player item Grip exceeded position/orientation tolerance: left=0.565468m/0.049958rad right=0.000000m/0.000000rad.
FAIL: rescue rig/attachment resolution: Final composed player item Grip exceeded position/orientation tolerance: left=0.565222m/0.049958rad right=0.000000m/0.000000rad.
FAIL: rescue rig/attachment resolution: Final composed player item Grip exceeded position/orientation tolerance: left=0.565666m/0.049958rad right=0.000000m/0.000000rad.
FAIL: rescue rig/attachment resolution: Final composed player item Grip exceeded position/orientation tolerance: left=0.567395m/0.049958rad right=0.000000m/0.000000rad.
FAIL: rescue rig/attachment resolution: Final composed player item Grip exceeded position/orientation tolerance: left=0.570479m/0.049958rad right=0.000000m/0.000000rad.
FAIL: rescue rig/attachment resolution: Final composed player item Grip exceeded position/orientation tolerance: left=0.574725m/0.049958rad right=0.000000m/0.000000rad.
FAIL: rescue rig/attachment resolution: Final composed player item Grip exceeded position/orientation tolerance: left=0.579516m/0.049958rad right=0.000000m/0.000000rad.
FAIL: rescue rig/attachment resolution: Final composed player item Grip exceeded position/orientation tolerance: left=0.583681m/0.049958rad right=0.000000m/0.000000rad.
FAIL: rescue rig/attachment resolution: Final composed player item Grip exceeded position/orientation tolerance: left=0.585766m/0.049958rad right=0.000000m/0.000000rad.
FAIL: rescue rig/attachment resolution: Final composed player item Grip exceeded position/orientation tolerance: left=0.585695m/0.049958rad right=0.000000m/0.000000rad.
FAIL: rescue rig/attachment resolution: Final composed player item Grip exceeded position/orientation tolerance: left=0.583356m/0.049958rad right=0.000000m/0.000000rad.
FAIL: rescue rig/attachment resolution: Final composed player item Grip exceeded position/orientation tolerance: left=0.577752m/0.049958rad right=0.000000m/0.000000rad.
FAIL: rescue rig/attachment resolution: Final composed player item Grip exceeded position/orientation tolerance: left=0.570635m/0.049958rad right=0.000000m/0.000000rad.
FAIL: rescue rig/attachment resolution: Final composed player item Grip exceeded position/orientation tolerance: left=0.563573m/0.049958rad right=0.000000m/0.000000rad.
FAIL: rescue rig/attachment resolution: Final composed player item Grip exceeded position/orientation tolerance: left=0.557709m/0.049958rad right=0.000000m/0.000000rad.
FAIL: rescue rig/attachment resolution: Final composed player item Grip exceeded position/orientation tolerance: left=0.553705m/0.049958rad right=0.000000m/0.000000rad.
FAIL: rescue rig/attachment resolution: Final composed player item Grip exceeded position/orientation tolerance: left=0.551897m/0.049958rad right=0.000000m/0.000000rad.
FAIL: rescue rig/attachment resolution: Final composed player item Grip exceeded position/orientation tolerance: left=0.551767m/0.049958rad right=0.000000m/0.000000rad.
FAIL: rescue rig/attachment resolution: Final composed player item Grip exceeded position/orientation tolerance: left=0.552397m/0.049958rad right=0.000000m/0.000000rad.
FAIL: rescue rig/attachment resolution: Final composed player item Grip exceeded position/orientation tolerance: left=0.554415m/0.049958rad right=0.000000m/0.000000rad.
FAIL: rescue rig/attachment resolution: Final composed player item Grip exceeded position/orientation tolerance: left=0.557873m/0.049958rad right=0.000000m/0.000000rad.
FAIL: rescue rig/attachment resolution: Final composed player item Grip exceeded position/orientation tolerance: left=0.562563m/0.049958rad right=0.000000m/0.000000rad.
FAIL: rescue rig/attachment resolution: Final composed player item Grip exceeded position/orientation tolerance: left=0.567767m/0.049958rad right=0.000000m/0.000000rad.
FAIL: rescue rig/attachment resolution: Final composed player item Grip exceeded position/orientation tolerance: left=0.572291m/0.049958rad right=0.000000m/0.000000rad.
FAIL: rescue rig/attachment resolution: Final composed player item Grip exceeded position/orientation tolerance: left=0.574656m/0.049958rad right=0.000000m/0.000000rad.
FAIL: rescue rig/attachment resolution: Final composed player item Grip exceeded position/orientation tolerance: left=0.574795m/0.049958rad right=0.000000m/0.000000rad.
FAIL: rescue rig/attachment resolution: Final composed player item Grip exceeded position/orientation tolerance: left=0.572645m/0.049958rad right=0.000000m/0.000000rad.
FAIL: rescue rig/attachment resolution: Final composed player item Grip exceeded position/orientation tolerance: left=0.567200m/0.049958rad right=0.000000m/0.000000rad.
FAIL: rescue rig/attachment resolution: Final composed player item Grip exceeded position/orientation tolerance: left=0.560248m/0.049958rad right=0.000000m/0.000000rad.
FAIL: rescue rig/attachment resolution: Final composed player item Grip exceeded position/orientation tolerance: left=0.553378m/0.049958rad right=0.000000m/0.000000rad.
FAIL: rescue rig/attachment resolution: Final composed player item Grip exceeded position/orientation tolerance: left=0.547740m/0.049958rad right=0.000000m/0.000000rad.
FAIL: rescue rig/attachment resolution: Final composed player item Grip exceeded position/orientation tolerance: left=0.543990m/0.049958rad right=0.000000m/0.000000rad.
FAIL: rescue rig/attachment resolution: Final composed player item Grip exceeded position/orientation tolerance: left=0.542449m/0.049958rad right=0.000000m/0.000000rad.
FAIL: rescue rig/attachment resolution: Final composed player item Grip exceeded position/orientation tolerance: left=0.542576m/0.049958rad right=0.000000m/0.000000rad.
FAIL: rescue rig/attachment resolution: Final composed player item Grip exceeded position/orientation tolerance: left=0.543469m/0.049958rad right=0.000000m/0.000000rad.
FAIL: rescue rig/attachment resolution: Final composed player item Grip exceeded position/orientation tolerance: left=0.545760m/0.049958rad right=0.000000m/0.000000rad.
FAIL: rescue rig/attachment resolution: Final composed player item Grip exceeded position/orientation tolerance: left=0.549508m/0.049958rad right=0.000000m/0.000000rad.
FAIL: rescue rig/attachment resolution: Final composed player item Grip exceeded position/orientation tolerance: left=0.554515m/0.049958rad right=0.000000m/0.000000rad.
FAIL: rescue rig/attachment resolution: Final composed player item Grip exceeded position/orientation tolerance: left=0.560032m/0.049958rad right=0.000000m/0.000000rad.
FAIL: rescue rig/attachment resolution: Final composed player item Grip exceeded position/orientation tolerance: left=0.564829m/0.049958rad right=0.000000m/0.000000rad.
FAIL: rescue rig/attachment resolution: Final composed player item Grip exceeded position/orientation tolerance: left=0.567411m/0.049958rad right=0.000000m/0.000000rad.
FAIL: rescue rig/attachment resolution: Final composed player item Grip exceeded position/orientation tolerance: left=0.567698m/0.049958rad right=0.000000m/0.000000rad.
FAIL: rescue rig/attachment resolution: Final composed player item Grip exceeded position/orientation tolerance: left=0.565665m/0.049958rad right=0.000000m/0.000000rad.
FAIL: rescue rig/attachment resolution: Final composed player item Grip exceeded position/orientation tolerance: left=0.560293m/0.049958rad right=0.000000m/0.000000rad.
FAIL: rescue rig/attachment resolution: Final composed player item Grip exceeded position/orientation tolerance: left=0.553375m/0.049958rad right=0.000000m/0.000000rad.
FAIL: rescue rig/attachment resolution: Final composed player item Grip exceeded position/orientation tolerance: left=0.546501m/0.049958rad right=0.000000m/0.000000rad.
FAIL: rescue rig/attachment resolution: Final composed player item Grip exceeded position/orientation tolerance: left=0.540826m/0.049958rad right=0.000000m/0.000000rad.
FAIL: rescue rig/attachment resolution: Final composed player item Grip exceeded position/orientation tolerance: left=0.537005m/0.049958rad right=0.000000m/0.000000rad.
FAIL: rescue rig/attachment resolution: Final composed player item Grip exceeded position/orientation tolerance: left=0.535359m/0.049958rad right=0.000000m/0.000000rad.
FAIL: rescue rig/attachment resolution: Final composed player item Grip exceeded position/orientation tolerance: left=0.535361m/0.049958rad right=0.000000m/0.000000rad.
FAIL: rescue rig/attachment resolution: Final composed player item Grip exceeded position/orientation tolerance: left=0.536138m/0.049958rad right=0.000000m/0.000000rad.
FAIL: rescue rig/attachment resolution: Final composed player item Grip exceeded position/orientation tolerance: left=0.538354m/0.049958rad right=0.000000m/0.000000rad.
FAIL: rescue rig/attachment resolution: Final composed player item Grip exceeded position/orientation tolerance: left=0.542043m/0.049958rad right=0.000000m/0.000000rad.
FAIL: rescue rig/attachment resolution: Final composed player item Grip exceeded position/orientation tolerance: left=0.546956m/0.049958rad right=0.000000m/0.000000rad.
FAIL: rescue rig/attachment resolution: Final composed player item Grip exceeded position/orientation tolerance: left=0.552351m/0.049958rad right=0.000000m/0.000000rad.
FAIL: rescue rig/attachment resolution: Final composed player item Grip exceeded position/orientation tolerance: left=0.556966m/0.049958rad right=0.000000m/0.000000rad.
FAIL: rescue rig/attachment resolution: Final composed player item Grip exceeded position/orientation tolerance: left=0.559280m/0.049958rad right=0.000000m/0.000000rad.
FAIL: rescue rig/attachment resolution: Final composed player item Grip exceeded position/orientation tolerance: left=0.559222m/0.049958rad right=0.000000m/0.000000rad.
FAIL: rescue rig/attachment resolution: Final composed player item Grip exceeded position/orientation tolerance: left=0.556810m/0.049958rad right=0.000000m/0.000000rad.
FAIL: rescue rig/attachment resolution: Final composed player item Grip exceeded position/orientation tolerance: left=0.551031m/0.049958rad right=0.000000m/0.000000rad.
FAIL: rescue rig/attachment resolution: Final composed player item Grip exceeded position/orientation tolerance: left=0.543696m/0.049958rad right=0.000000m/0.000000rad.
FAIL: rescue rig/attachment resolution: Final composed player item Grip exceeded position/orientation tolerance: left=0.536425m/0.049958rad right=0.000000m/0.000000rad.
FAIL: rescue rig/attachment resolution: Final composed player item Grip exceeded position/orientation tolerance: left=0.530383m/0.049958rad right=0.000000m/0.000000rad.
FAIL: rescue rig/attachment resolution: Final composed player item Grip exceeded position/orientation tolerance: left=0.526227m/0.049958rad right=0.000000m/0.000000rad.
FAIL: rescue rig/attachment resolution: Final composed player item Grip exceeded position/orientation tolerance: left=0.524276m/0.049958rad right=0.000000m/0.000000rad.
FAIL: rescue rig/attachment resolution: Final composed player item Grip exceeded position/orientation tolerance: left=0.523989m/0.049958rad right=0.000000m/0.000000rad.
FAIL: rescue rig/attachment resolution: Final composed player item Grip exceeded position/orientation tolerance: left=0.524518m/0.049958rad right=0.000000m/0.000000rad.
FAIL: rescue rig/attachment resolution: Final composed player item Grip exceeded position/orientation tolerance: left=0.526592m/0.049958rad right=0.000000m/0.000000rad.
FAIL: rescue rig/attachment resolution: Final composed player item Grip exceeded position/orientation tolerance: left=0.530214m/0.049958rad right=0.000000m/0.000000rad.
FAIL: rescue rig/attachment resolution: Final composed player item Grip exceeded position/orientation tolerance: left=0.535132m/0.049958rad right=0.000000m/0.000000rad.
FAIL: rescue rig/attachment resolution: Final composed player item Grip exceeded position/orientation tolerance: left=0.540572m/0.049958rad right=0.000000m/0.000000rad.
FAIL: rescue rig/attachment resolution: Final composed player item Grip exceeded position/orientation tolerance: left=0.545254m/0.049958rad right=0.000000m/0.000000rad.
FAIL: rescue rig/attachment resolution: Final composed player item Grip exceeded position/orientation tolerance: left=0.547606m/0.049958rad right=0.000000m/0.000000rad.
FAIL: rescue rig/attachment resolution: Final composed player item Grip exceeded position/orientation tolerance: left=0.547558m/0.049958rad right=0.000000m/0.000000rad.
FAIL: rescue rig/attachment resolution: Final composed player item Grip exceeded position/orientation tolerance: left=0.545155m/0.049958rad right=0.000000m/0.000000rad.
FAIL: rescue rig/attachment resolution: Final composed player item Grip exceeded position/orientation tolerance: left=0.539371m/0.049958rad right=0.000000m/0.000000rad.
FAIL: rescue rig/attachment resolution: Final composed player item Grip exceeded position/orientation tolerance: left=0.532030m/0.049958rad right=0.000000m/0.000000rad.
FAIL: rescue rig/attachment resolution: Final composed player item Grip exceeded position/orientation tolerance: left=0.524778m/0.049958rad right=0.000000m/0.000000rad.
FAIL: rescue rig/attachment resolution: Final composed player item Grip exceeded position/orientation tolerance: left=0.518795m/0.049958rad right=0.000000m/0.000000rad.
FAIL: rescue rig/attachment resolution: Final composed player item Grip exceeded position/orientation tolerance: left=0.514750m/0.049958rad right=0.000000m/0.000000rad.
FAIL: rescue rig/attachment resolution: Final composed player item Grip exceeded position/orientation tolerance: left=0.512965m/0.049958rad right=0.000000m/0.000000rad.
FAIL: rescue rig/attachment resolution: Final composed player item Grip exceeded position/orientation tolerance: left=0.512896m/0.049958rad right=0.000000m/0.000000rad.
FAIL: rescue rig/attachment resolution: Final composed player item Grip exceeded position/orientation tolerance: left=0.513710m/0.049958rad right=0.000000m/0.000000rad.
FAIL: rescue rig/attachment resolution: Final composed player item Grip exceeded position/orientation tolerance: left=0.516135m/0.049958rad right=0.000000m/0.000000rad.
FAIL: rescue rig/attachment resolution: Final composed player item Grip exceeded position/orientation tolerance: left=0.520168m/0.049958rad right=0.000000m/0.000000rad.
FAIL: rescue rig/attachment resolution: Final composed player item Grip exceeded position/orientation tolerance: left=0.525529m/0.049958rad right=0.000000m/0.000000rad.
FAIL: rescue rig/attachment resolution: Final composed player item Grip exceeded position/orientation tolerance: left=0.531407m/0.049958rad right=0.000000m/0.000000rad.
FAIL: rescue rig/attachment resolution: Final composed player item Grip exceeded position/orientation tolerance: left=0.536480m/0.049958rad right=0.000000m/0.000000rad.
FAIL: rescue rig/attachment resolution: Final composed player item Grip exceeded position/orientation tolerance: left=0.539143m/0.049958rad right=0.000000m/0.000000rad.
FAIL: rescue rig/attachment resolution: Final composed player item Grip exceeded position/orientation tolerance: left=0.539339m/0.049958rad right=0.000000m/0.000000rad.
FAIL: rescue rig/attachment resolution: Final composed player item Grip exceeded position/orientation tolerance: left=0.537165m/0.049958rad right=0.000000m/0.000000rad.
FAIL: rescue rig/attachment resolution: Final composed player item Grip exceeded position/orientation tolerance: left=0.531592m/0.049958rad right=0.000000m/0.000000rad.
FAIL: rescue rig/attachment resolution: Final composed player item Grip exceeded position/orientation tolerance: left=0.524480m/0.049958rad right=0.000000m/0.000000rad.
FAIL: rescue rig/attachment resolution: Final composed player item Grip exceeded position/orientation tolerance: left=0.517475m/0.049958rad right=0.000000m/0.000000rad.
FAIL: rescue rig/attachment resolution: Final composed player item Grip exceeded position/orientation tolerance: left=0.511763m/0.049958rad right=0.000000m/0.000000rad.
FAIL: rescue rig/attachment resolution: Final composed player item Grip exceeded position/orientation tolerance: left=0.507996m/0.049958rad right=0.000000m/0.000000rad.
FAIL: rescue rig/attachment resolution: Final composed player item Grip exceeded position/orientation tolerance: left=0.506470m/0.049958rad right=0.000000m/0.000000rad.
FAIL: rescue rig/attachment resolution: Final composed player item Grip exceeded position/orientation tolerance: left=0.506642m/0.049958rad right=0.000000m/0.000000rad.
FAIL: rescue rig/attachment resolution: Final composed player item Grip exceeded position/orientation tolerance: left=0.507714m/0.049958rad right=0.000000m/0.000000rad.
FAIL: rescue rig/attachment resolution: Final composed player item Grip exceeded position/orientation tolerance: left=0.510402m/0.049958rad right=0.000000m/0.000000rad.
FAIL: rescue rig/attachment resolution: Final composed player item Grip exceeded position/orientation tolerance: left=0.514706m/0.049958rad right=0.000000m/0.000000rad.
FAIL: rescue rig/attachment resolution: Final composed player item Grip exceeded position/orientation tolerance: left=0.520332m/0.049958rad right=0.000000m/0.000000rad.
FAIL: rescue rig/attachment resolution: Final composed player item Grip exceeded position/orientation tolerance: left=0.526450m/0.049958rad right=0.000000m/0.000000rad.
FAIL: rescue rig/attachment resolution: Final composed player item Grip exceeded position/orientation tolerance: left=0.531725m/0.049958rad right=0.000000m/0.000000rad.
FAIL: rescue rig/attachment resolution: Final composed player item Grip exceeded position/orientation tolerance: left=0.534523m/0.049958rad right=0.000000m/0.000000rad.
FAIL: rescue rig/attachment resolution: Final composed player item Grip exceeded position/orientation tolerance: left=0.534782m/0.049958rad right=0.000000m/0.000000rad.
FAIL: rescue rig/attachment resolution: Final composed player item Grip exceeded position/orientation tolerance: left=0.532632m/0.049958rad right=0.000000m/0.000000rad.
FAIL: rescue rig/attachment resolution: Final composed player item Grip exceeded position/orientation tolerance: left=0.527045m/0.049958rad right=0.000000m/0.000000rad.
FAIL: rescue rig/attachment resolution: Final composed player item Grip exceeded position/orientation tolerance: left=0.519868m/0.049958rad right=0.000000m/0.000000rad.
FAIL: rescue rig/attachment resolution: Final composed player item Grip exceeded position/orientation tolerance: left=0.512761m/0.049958rad right=0.000000m/0.000000rad.
FAIL: rescue rig/attachment resolution: Final composed player item Grip exceeded position/orientation tolerance: left=0.506905m/0.049958rad right=0.000000m/0.000000rad.
FAIL: rescue rig/attachment resolution: Final composed player item Grip exceeded position/orientation tolerance: left=0.502958m/0.049958rad right=0.000000m/0.000000rad.
FAIL: rescue rig/attachment resolution: Final composed player item Grip exceeded position/orientation tolerance: left=0.501224m/0.049958rad right=0.000000m/0.000000rad.
FAIL: rescue rig/attachment resolution: Final composed player item Grip exceeded position/orientation tolerance: left=0.501147m/0.049958rad right=0.000000m/0.000000rad.
FAIL: rescue rig/attachment resolution: Final composed player item Grip exceeded position/orientation tolerance: left=0.501970m/0.049958rad right=0.000000m/0.000000rad.
FAIL: rescue rig/attachment resolution: Final composed player item Grip exceeded position/orientation tolerance: left=0.504444m/0.049958rad right=0.000000m/0.000000rad.
FAIL: rescue rig/attachment resolution: Final composed player item Grip exceeded position/orientation tolerance: left=0.508559m/0.049958rad right=0.000000m/0.000000rad.
FAIL: rescue rig/attachment resolution: Final composed player item Grip exceeded position/orientation tolerance: left=0.513994m/0.049958rad right=0.000000m/0.000000rad.
FAIL: rescue rig/attachment resolution: Final composed player item Grip exceeded position/orientation tolerance: left=0.519906m/0.049958rad right=0.000000m/0.000000rad.
FAIL: rescue rig/attachment resolution: Final composed player item Grip exceeded position/orientation tolerance: left=0.524928m/0.049958rad right=0.000000m/0.000000rad.
FAIL: rescue rig/attachment resolution: Final composed player item Grip exceeded position/orientation tolerance: left=0.527402m/0.049958rad right=0.000000m/0.000000rad.
FAIL: rescue rig/attachment resolution: Final composed player item Grip exceeded position/orientation tolerance: left=0.527282m/0.049958rad right=0.000000m/0.000000rad.
FAIL: rescue rig/attachment resolution: Final composed player item Grip exceeded position/orientation tolerance: left=0.524746m/0.049958rad right=0.000000m/0.000000rad.
FAIL: rescue rig/attachment resolution: Final composed player item Grip exceeded position/orientation tolerance: left=0.518762m/0.049958rad right=0.000000m/0.000000rad.
FAIL: rescue rig/attachment resolution: Final composed player item Grip exceeded position/orientation tolerance: left=0.511205m/0.049958rad right=0.000000m/0.000000rad.
FAIL: rescue rig/attachment resolution: Final composed player item Grip exceeded position/orientation tolerance: left=0.503748m/0.049958rad right=0.000000m/0.000000rad.
FAIL: rescue rig/attachment resolution: Final composed player item Grip exceeded position/orientation tolerance: left=0.497582m/0.049958rad right=0.000000m/0.000000rad.
FAIL: rescue rig/attachment resolution: Final composed player item Grip exceeded position/orientation tolerance: left=0.493373m/0.049958rad right=0.000000m/0.000000rad.
FAIL: rescue rig/attachment resolution: Final composed player item Grip exceeded position/orientation tolerance: left=0.491438m/0.049958rad right=0.000000m/0.000000rad.
FAIL: rescue rig/attachment resolution: Final composed player item Grip exceeded position/orientation tolerance: left=0.491179m/0.049958rad right=0.000000m/0.000000rad.
FAIL: rescue rig/attachment resolution: Final composed player item Grip exceeded position/orientation tolerance: left=0.491872m/0.049958rad right=0.000000m/0.000000rad.
FAIL: rescue rig/attachment resolution: Final composed player item Grip exceeded position/orientation tolerance: left=0.494309m/0.049958rad right=0.000000m/0.000000rad.
FAIL: rescue rig/attachment resolution: Final composed player item Grip exceeded position/orientation tolerance: left=0.498472m/0.049958rad right=0.000000m/0.000000rad.
FAIL: rescue rig/attachment resolution: Final composed player item Grip exceeded position/orientation tolerance: left=0.504036m/0.049958rad right=0.000000m/0.000000rad.
FAIL: rescue rig/attachment resolution: Final composed player item Grip exceeded position/orientation tolerance: left=0.510120m/0.049958rad right=0.000000m/0.000000rad.
FAIL: rescue rig/attachment resolution: Final composed player item Grip exceeded position/orientation tolerance: left=0.515332m/0.049958rad right=0.000000m/0.000000rad.
FAIL: rescue rig/attachment resolution: Final composed player item Grip exceeded position/orientation tolerance: left=0.517959m/0.049958rad right=0.000000m/0.000000rad.
FAIL: rescue rig/attachment resolution: Final composed player item Grip exceeded position/orientation tolerance: left=0.517954m/0.049958rad right=0.000000m/0.000000rad.
FAIL: rescue rig/attachment resolution: Final composed player item Grip exceeded position/orientation tolerance: left=0.515534m/0.049958rad right=0.000000m/0.000000rad.
FAIL: rescue rig/attachment resolution: Final composed player item Grip exceeded position/orientation tolerance: left=0.509654m/0.049958rad right=0.000000m/0.000000rad.
FAIL: rescue rig/attachment resolution: Final composed player item Grip exceeded position/orientation tolerance: left=0.502205m/0.049958rad right=0.000000m/0.000000rad.
FAIL: rescue rig/attachment resolution: Final composed player item Grip exceeded position/orientation tolerance: left=0.494875m/0.049958rad right=0.000000m/0.000000rad.
FAIL: rescue rig/attachment resolution: Final composed player item Grip exceeded position/orientation tolerance: left=0.488880m/0.049958rad right=0.000000m/0.000000rad.
FAIL: rescue rig/attachment resolution: Final composed player item Grip exceeded position/orientation tolerance: left=0.484872m/0.049958rad right=0.000000m/0.000000rad.
FAIL: rescue rig/attachment resolution: Final composed player item Grip exceeded position/orientation tolerance: left=0.483155m/0.049958rad right=0.000000m/0.000000rad.
FAIL: rescue rig/attachment resolution: Final composed player item Grip exceeded position/orientation tolerance: left=0.483156m/0.049958rad right=0.000000m/0.000000rad.
FAIL: rescue rig/attachment resolution: Final composed player item Grip exceeded position/orientation tolerance: left=0.484167m/0.049958rad right=0.000000m/0.000000rad.
FAIL: rescue rig/attachment resolution: Final composed player item Grip exceeded position/orientation tolerance: left=0.486998m/0.049958rad right=0.000000m/0.000000rad.
FAIL: rescue rig/attachment resolution: Final composed player item Grip exceeded position/orientation tolerance: left=0.491596m/0.049958rad right=0.000000m/0.000000rad.
FAIL: rescue rig/attachment resolution: Final composed player item Grip exceeded position/orientation tolerance: left=0.497605m/0.049958rad right=0.000000m/0.000000rad.
FAIL: rescue rig/attachment resolution: Final composed player item Grip exceeded position/orientation tolerance: left=0.504119m/0.049958rad right=0.000000m/0.000000rad.
FAIL: rescue rig/attachment resolution: Final composed player item Grip exceeded position/orientation tolerance: left=0.509705m/0.049958rad right=0.000000m/0.000000rad.
FAIL: rescue rig/attachment resolution: Final composed player item Grip exceeded position/orientation tolerance: left=0.512638m/0.049958rad right=0.000000m/0.000000rad.
FAIL: rescue rig/attachment resolution: Final composed player item Grip exceeded position/orientation tolerance: left=0.512880m/0.049958rad right=0.000000m/0.000000rad.
FAIL: rescue rig/attachment resolution: Final composed player item Grip exceeded position/orientation tolerance: left=0.510706m/0.049958rad right=0.000000m/0.000000rad.
FAIL: rescue rig/attachment resolution: Final composed player item Grip exceeded position/orientation tolerance: left=0.505076m/0.049958rad right=0.000000m/0.000000rad.
FAIL: rescue rig/attachment resolution: Final composed player item Grip exceeded position/orientation tolerance: left=0.497902m/0.049958rad right=0.000000m/0.000000rad.
FAIL: rescue rig/attachment resolution: Final composed player item Grip exceeded position/orientation tolerance: left=0.490861m/0.049958rad right=0.000000m/0.000000rad.
FAIL: rescue rig/attachment resolution: Final composed player item Grip exceeded position/orientation tolerance: left=0.485195m/0.049958rad right=0.000000m/0.000000rad.
FAIL: rescue rig/attachment resolution: Final composed player item Grip exceeded position/orientation tolerance: left=0.481504m/0.049958rad right=0.000000m/0.000000rad.
FAIL: rescue rig/attachment resolution: Final composed player item Grip exceeded position/orientation tolerance: left=0.480036m/0.049958rad right=0.000000m/0.000000rad.
FAIL: rescue rig/attachment resolution: Final composed player item Grip exceeded position/orientation tolerance: left=0.480230m/0.049958rad right=0.000000m/0.000000rad.
FAIL: rescue rig/attachment resolution: Final composed player item Grip exceeded position/orientation tolerance: left=0.481422m/0.049958rad right=0.000000m/0.000000rad.
FAIL: rescue rig/attachment resolution: Final composed player item Grip exceeded position/orientation tolerance: left=0.484439m/0.049958rad right=0.000000m/0.000000rad.
FAIL: rescue rig/attachment resolution: Final composed player item Grip exceeded position/orientation tolerance: left=0.489220m/0.049958rad right=0.000000m/0.000000rad.
FAIL: rescue rig/attachment resolution: Final composed player item Grip exceeded position/orientation tolerance: left=0.495400m/0.049958rad right=0.000000m/0.000000rad.
FAIL: rescue rig/attachment resolution: Final composed player item Grip exceeded position/orientation tolerance: left=0.502056m/0.049958rad right=0.000000m/0.000000rad.
FAIL: rescue rig/attachment resolution: Final composed player item Grip exceeded position/orientation tolerance: left=0.507735m/0.049958rad right=0.000000m/0.000000rad.
FAIL: rescue rig/attachment resolution: Final composed player item Grip exceeded position/orientation tolerance: left=0.510698m/0.049958rad right=0.000000m/0.000000rad.
FAIL: rescue rig/attachment resolution: Final composed player item Grip exceeded position/orientation tolerance: left=0.510896m/0.049958rad right=0.000000m/0.000000rad.
FAIL: rescue rig/attachment resolution: Final composed player item Grip exceeded position/orientation tolerance: left=0.508643m/0.049958rad right=0.000000m/0.000000rad.
FAIL: rescue rig/attachment resolution: Final composed player item Grip exceeded position/orientation tolerance: left=0.502904m/0.049958rad right=0.000000m/0.000000rad.
FAIL: rescue rig/attachment resolution: Final composed player item Grip exceeded position/orientation tolerance: left=0.495568m/0.049958rad right=0.000000m/0.000000rad.
FAIL: rescue rig/attachment resolution: Final composed player item Grip exceeded position/orientation tolerance: left=0.488326m/0.049958rad right=0.000000m/0.000000rad.
FAIL: rescue rig/attachment resolution: Final composed player item Grip exceeded position/orientation tolerance: left=0.482377m/0.049958rad right=0.000000m/0.000000rad.
FAIL: rescue rig/attachment resolution: Final composed player item Grip exceeded position/orientation tolerance: left=0.478366m/0.049958rad right=0.000000m/0.000000rad.
FAIL: rescue rig/attachment resolution: Final composed player item Grip exceeded position/orientation tolerance: left=0.476569m/0.049958rad right=0.000000m/0.000000rad.
FAIL: rescue rig/attachment resolution: Final composed player item Grip exceeded position/orientation tolerance: left=0.476409m/0.049958rad right=0.000000m/0.000000rad.
FAIL: rescue rig/attachment resolution: Final composed player item Grip exceeded position/orientation tolerance: left=0.477268m/0.049958rad right=0.000000m/0.000000rad.
FAIL: rescue rig/attachment resolution: Final composed player item Grip exceeded position/orientation tolerance: left=0.479991m/0.049958rad right=0.000000m/0.000000rad.
FAIL: rescue rig/attachment resolution: Final composed player item Grip exceeded position/orientation tolerance: left=0.484502m/0.049958rad right=0.000000m/0.000000rad.
FAIL: rescue rig/attachment resolution: Final composed player item Grip exceeded position/orientation tolerance: left=0.490424m/0.049958rad right=0.000000m/0.000000rad.
FAIL: rescue rig/attachment resolution: Final composed player item Grip exceeded position/orientation tolerance: left=0.496811m/0.049958rad right=0.000000m/0.000000rad.
FAIL: rescue rig/attachment resolution: Final composed player item Grip exceeded position/orientation tolerance: left=0.502201m/0.049958rad right=0.000000m/0.000000rad.
FAIL: rescue rig/attachment resolution: Final composed player item Grip exceeded position/orientation tolerance: left=0.504830m/0.049958rad right=0.000000m/0.000000rad.
FAIL: rescue rig/attachment resolution: Final composed player item Grip exceeded position/orientation tolerance: left=0.504662m/0.049958rad right=0.000000m/0.000000rad.
FAIL: rescue rig/attachment resolution: Final composed player item Grip exceeded position/orientation tolerance: left=0.502057m/0.049958rad right=0.000000m/0.000000rad.
FAIL: rescue rig/attachment resolution: Final composed player item Grip exceeded position/orientation tolerance: left=0.495993m/0.049958rad right=0.000000m/0.000000rad.
Rescue rig attachment cases=5770 failures=877 sampled_poses=877 max_left_reach=0.591965@phase=6 max_right_reach=0.774667@phase=3


The following tests passed:
	horde_rt_rescue_traversal_tests
	horde_rt_rescue_blockout_import_tests
	horde_rt_rescue_source_admission_tests

60% tests passed, 2 tests failed out of 5

Total Test time (real) =  28.53 sec

The following tests FAILED:
	154 - horde_rt_rescue_journey_integration_tests (Failed)
	156 - horde_rt_rescue_rig_attachment_tests (Failed)
Errors while running CTest
